Date,QLD,QQQ,SPY
2006-06-21,0.9827169179916382,33.073482513427734,86.56275177001953
2006-06-22,0.9595947861671448,32.65450668334961,86.18186950683594
2006-06-23,0.9567385315895081,32.62030029296875,86.16803741455078
2006-06-26,0.9602745175361633,32.70579528808594,86.54885864257812
2006-06-27,0.924366295337677,32.09016418457031,85.8010482788086
2006-06-28,0.9356561303138733,32.329593658447266,86.38270568847656
2006-06-29,0.992238461971283,33.312889099121094,88.1276626586914
2006-06-30,0.9827169179916382,33.15044403076172,88.13459014892578
2006-07-03,0.9941422939300537,33.34710693359375,88.49466705322266
2006-07-05,0.9549697637557983,32.62030029296875,87.98916625976562
2006-07-06,0.9493932127952576,32.58609390258789,88.24536895751953
2006-07-07,0.9285829067230225,32.22697067260742,87.67064666748047
2006-07-10,0.9132131934165955,31.94482421875,87.8368148803711
2006-07-11,0.9281746745109558,32.1842155456543,88.22459411621094
2006-07-12,0.8914507627487183,31.577144622802734,87.28290557861328
2006-07-13,0.8630228638648987,31.0469970703125,85.86335754394531
2006-07-14,0.8453410267829895,30.730627059936523,85.53097534179688
2006-07-17,0.8494210243225098,30.807586669921875,85.4063491821289
2006-07-18,0.854181706905365,30.910192489624023,85.84261322021484
2006-07-19,0.8726800680160522,31.31207275390625,87.03361511230469
2006-07-20,0.8488770723342896,30.850345611572266,86.4381332397461
2006-07-21,0.829698920249939,30.52541160583496,85.82872772216797
2006-07-24,0.8603020906448364,31.13249397277832,87.3936767578125
2006-07-25,0.8687359094619751,31.31207275390625,87.70526123046875
2006-07-26,0.8705037236213684,31.286405563354492,87.8229751586914
2006-07-27,0.8616629242897034,31.08120346069336,87.7398910522461
2006-07-28,0.8960747122764587,31.73104476928711,88.61927032470703
2006-07-31,0.8943067193031311,31.722492218017578,88.529296875
2006-08-01,0.8637033104896545,31.192363739013672,88.09303283691406
2006-08-02,0.8796171545982361,31.54294204711914,88.68852996826172
2006-08-03,0.8943067193031311,31.73959732055664,88.9239730834961
2006-08-04,0.8861460089683533,31.594228744506836,88.77164459228516
2006-08-07,0.8754001259803772,31.389013290405273,88.56390380859375
2006-08-08,0.8643833994865417,31.192363739013672,88.22459411621094
2006-08-09,0.8639750480651855,31.235109329223633,87.92689514160156
2006-08-10,0.8749920725822449,31.457427978515625,88.19692993164062
2006-08-11,0.8664235472679138,31.235109329223633,87.94761657714844
2006-08-14,0.8743120431900024,31.440336227416992,88.01685333251953
2006-08-15,0.9198780655860901,32.23552703857422,89.06938171386719
2006-08-16,0.9636746644973755,32.99652862548828,89.810302734375
2006-08-17,0.9697962403297424,33.11621856689453,90.03881072998047
2006-08-18,0.9684353470802307,33.167545318603516,90.495849609375
2006-08-21,0.9507538676261902,32.851165771484375,90.10807800292969
2006-08-22,0.9532017707824707,32.85969543457031,90.10111236572266
2006-08-23,0.9371520280838013,32.61172866821289,89.85188293457031
2006-08-24,0.9443607926368713,32.70579528808594,89.77569580078125
2006-08-25,0.9480336308479309,32.765655517578125,89.88648986816406
2006-08-28,0.9616354703903198,33.01362991333008,90.31578063964844
2006-08-29,0.9677553772926331,33.11621856689453,90.41962432861328
2006-08-30,0.9763249754905701,33.2701530456543,90.47504425048828
2006-08-31,0.9752368927001953,33.23593521118164,90.46122741699219
2006-09-01,0.9840776324272156,33.415504455566406,91.00131225585938
2006-09-05,1.0017590522766113,33.74040985107422,91.17443084716797
2006-09-06,0.9627231955528259,33.06494140625,90.37118530273438
2006-09-07,0.954153835773468,32.91102981567383,89.95572662353516
2006-09-08,0.9636746644973755,33.10768127441406,90.21192932128906
2006-09-11,0.9765966534614563,33.312889099121094,90.30194091796875
2006-09-12,1.014545202255249,33.92853927612305,91.18824005126953
2006-09-13,1.0262422561645508,34.15939712524414,91.55524444580078
2006-09-14,1.0251543521881104,34.1936149597168,91.56219482421875
2006-09-15,1.0350837707519531,34.315940856933594,91.77709197998047
2006-09-18,1.0342671871185303,34.324493408203125,91.90229797363281
2006-09-19,1.0217539072036743,34.09349060058594,91.6727523803711
2006-09-20,1.052085518836975,34.589725494384766,92.15961456298828
2006-09-21,1.0384840965270996,34.375831604003906,91.71448516845703
2006-09-22,1.0205302238464355,34.11061096191406,91.43634796142578
2006-09-25,1.0582059621810913,34.70948791503906,92.13874053955078
2006-09-26,1.0669111013412476,34.880615234375,92.90380096435547
2006-09-27,1.0614705085754395,34.837825775146484,93.01510620117188
2006-09-28,1.0677276849746704,34.93192672729492,92.9803237915039
2006-09-29,1.0595664978027344,34.77792739868164,92.90380096435547
2006-10-02,1.0337233543395996,34.34159469604492,92.55603790283203
2006-10-03,1.0410685539245605,34.4870491027832,92.75077056884766
2006-10-04,1.0888093709945679,35.33403396606445,93.83576202392578
2006-10-05,1.103091835975647,35.505157470703125,94.01659393310547
2006-10-06,1.0969704389572144,35.42814254760742,93.89834594726562
2006-10-09,1.102411150932312,35.547935485839844,93.95401000976562
2006-10-10,1.1085325479507446,35.60780334472656,94.07917022705078
2006-10-11,1.1044515371322632,35.53935241699219,93.96791076660156
2006-10-12,1.141176462173462,36.10403060913086,94.78164672851562
2006-10-13,1.1498814821243286,36.300804138183594,95.02503967285156
2006-10-16,1.1520580053329468,36.335044860839844,95.17108154296875
2006-10-17,1.1296144723892212,35.93291473388672,94.87200927734375
2006-10-18,1.1139731407165527,35.76182174682617,94.99723815917969
2006-10-19,1.1234939098358154,35.847354888916016,95.15026092529297
2006-10-20,1.1262141466140747,35.93291473388672,95.17108154296875
2006-10-23,1.146344542503357,36.300804138183594,95.60926818847656
2006-10-24,1.1354637145996094,36.05268859863281,95.89444732666016
2006-10-25,1.149337649345398,36.300804138183594,96.22130584716797
2006-10-26,1.1676990985870361,36.63447189331055,96.52034759521484
2006-10-27,1.1346477270126343,36.11260223388672,95.91527557373047
2006-10-30,1.1479771137237549,36.34359359741211,95.84574890136719
2006-10-31,1.154778242111206,36.42913818359375,95.83183288574219
2006-11-01,1.1234939098358154,35.93291473388672,95.18505096435547
2006-11-02,1.1245819330215454,35.967159271240234,95.12937927246094
2006-11-03,1.1180533170700073,35.87303161621094,94.96243286132812
2006-11-06,1.1432160139083862,36.39492416381836,96.03351593017578
2006-11-07,1.1663395166397095,36.64302444458008,96.4021224975586
2006-11-08,1.1821171045303345,36.81414031982422,96.61075592041016
2006-11-09,1.1656593084335327,36.64302444458008,96.10308837890625
2006-11-10,1.1785801649093628,36.81414031982422,96.14478302001953
2006-11-13,1.197622537612915,37.19056701660156,96.38126373291016
2006-11-14,1.228226900100708,37.584136962890625,97.10459899902344
2006-11-15,1.235979437828064,37.738128662109375,97.3827896118164
2006-11-16,1.2486289739608765,37.90066909790039,97.63314819335938
2006-11-17,1.2459086179733276,37.90066909790039,97.66097259521484
2006-11-20,1.2506694793701172,37.97767639160156,97.71663665771484
2006-11-21,1.2540695667266846,38.02901077270508,97.81397247314453
2006-11-22,1.2698476314544678,38.268558502197266,98.00871276855469
2006-11-24,1.26182222366333,38.20012664794922,97.61231994628906
2006-11-27,1.2049682140350342,37.33600997924805,96.27000427246094
2006-11-28,1.2085040807724,37.44723892211914,96.68730163574219
2006-11-29,1.228226900100708,37.70390319824219,97.69577026367188
2006-11-30,1.2244181632995605,37.6782341003418,97.73746490478516
2006-12-01,1.2080968618392944,37.353118896484375,97.52186584472656
2006-12-04,1.2384275197982788,37.866458892822266,98.26603698730469
2006-12-05,1.2444120645523071,38.00334167480469,98.69027709960938
2006-12-06,1.2352997064590454,37.866458892822266,98.60680389404297
2006-12-07,1.2051033973693848,37.38735580444336,98.17561340332031
2006-12-08,1.2173454761505127,37.55845260620117,98.35649871826172
2006-12-11,1.226866364479065,37.695343017578125,98.64159393310547
2006-12-12,1.210816740989685,37.47290802001953,98.56513977050781
2006-12-13,1.2139443159103394,37.54135513305664,98.66939544677734
2006-12-14,1.2397879362106323,37.96056365966797,99.53876495361328
2006-12-15,1.2479490041732788,38.05821990966797,99.54788970947266
2006-12-18,1.2193851470947266,37.68132019042969,99.2751235961914
2006-12-19,1.2146252393722534,37.561405181884766,99.46395874023438
2006-12-20,1.2062406539916992,37.42435073852539,99.40802001953125
2006-12-21,1.189587950706482,37.15877914428711,99.04434204101562
2006-12-22,1.167142391204834,36.773338317871094,98.4358901977539
2006-12-26,1.1729347705841064,36.927520751953125,99.01637268066406
2006-12-27,1.1843745708465576,37.11597442626953,99.66675567626953
2006-12-28,1.174383282661438,36.936100006103516,99.45699310302734
2006-12-29,1.1735137701034546,36.97035598754883,99.04434204101562
2007-01-03,1.1772793531417847,37.03887176513672,98.86949920654297
2007-01-04,1.2195631265640259,37.74127960205078,99.07931518554688
2007-01-05,1.2018961906433105,37.561405181884766,98.2890396118164
2007-01-08,1.2094260454177856,37.587074279785156,98.74357604980469
2007-01-09,1.2241967916488647,37.775543212890625,98.65971374511719
2007-01-10,1.2561988830566406,38.22097396850586,98.9884033203125
2007-01-11,1.2771958112716675,38.61500549316406,99.42198944091797
2007-01-12,1.2902287244796753,38.81201934814453,100.17729949951172
2007-01-16,1.2902287244796753,38.78632736206055,99.98149108886719
2007-01-17,1.2667694091796875,38.46938705444336,100.02342224121094
2007-01-18,1.2149293422698975,37.75838851928711,99.68772888183594
2007-01-19,1.218549370765686,37.835506439208984,99.88355255126953
2007-01-22,1.194656252861023,37.42435073852539,99.57586669921875
2007-01-23,1.1890088319778442,37.33012008666992,99.86958312988281
2007-01-24,1.2250651121139526,37.94686508178711,100.67388153076172
2007-01-25,1.1917599439620972,37.45859146118164,99.49195861816406
2007-01-26,1.183505654335022,37.321556091308594,99.40103912353516
2007-01-29,1.1904563903808594,37.35581588745117,99.34507751464844
2007-01-30,1.1936421394348145,37.372955322265625,99.86262512207031
2007-01-31,1.2084119319915771,37.749839782714844,100.53399658203125
2007-02-01,1.2098606824874878,37.68989562988281,101.13543701171875
2007-02-02,1.2202868461608887,37.82693862915039,101.27531433105469
2007-02-05,1.2160875797271729,37.792667388916016,101.30333709716797
2007-02-06,1.2105846405029297,37.74127960205078,101.3312759399414
2007-02-07,1.2394015789031982,38.08390808105469,101.5550765991211
2007-02-08,1.2398360967636108,38.075355529785156,101.42212677001953
2007-02-09,1.201172113418579,37.587074279785156,100.66688537597656
2007-02-12,1.1916143894195557,37.44147872924805,100.32416534423828
2007-02-13,1.2046476602554321,37.5699462890625,101.17044067382812
2007-02-14,1.2407046556472778,38.20383834838867,101.83482360839844
2007-02-15,1.2538820505142212,38.426544189453125,101.96770477294922
2007-02-16,1.249682903289795,38.29804992675781,101.91874694824219
2007-02-20,1.264163613319397,38.58929443359375,102.13554382324219
2007-02-21,1.2724171876907349,38.7092170715332,102.09357452392578
2007-02-22,1.2858837842941284,38.906253814697266,102.01665496826172
2007-02-23,1.2742995023727417,38.76919937133789,101.61803436279297
2007-02-26,1.2627151012420654,38.58076095581055,101.52710723876953
2007-02-27,1.1410773992538452,36.99605941772461,97.56169891357422
2007-02-28,1.1655495166778564,37.11597442626953,98.56175231933594
2007-03-01,1.1533855199813843,36.94464111328125,98.26805877685547
2007-03-02,1.1129851341247559,36.38788604736328,96.98123168945312
2007-03-05,1.0976355075836182,36.10520553588867,96.05805206298828
2007-03-06,1.1377466917037964,36.704830169677734,97.70155334472656
2007-03-07,1.127320647239685,36.559181213378906,97.6036376953125
2007-03-08,1.1483180522918701,36.8076057434082,98.42890167236328
2007-03-09,1.1442638635635376,36.773338317871094,98.45690155029297
2007-03-12,1.1548341512680054,37.013187408447266,98.60367584228516
2007-03-13,1.1111021041870117,36.29364776611328,96.68745422363281
2007-03-14,1.1419466733932495,36.824729919433594,97.4078369140625
2007-03-15,1.1387603282928467,36.73905944824219,97.54072570800781
2007-03-16,1.13456130027771,36.71079635620117,97.26759338378906
2007-03-19,1.1574403047561646,37.087913513183594,98.44015502929688
2007-03-20,1.1729347705841064,37.353641510009766,98.98076629638672
2007-03-21,1.2163769006729126,38.07361602783203,100.60974884033203
2007-03-22,1.2091368436813354,37.93647766113281,100.53253936767578
2007-03-23,1.1985654830932617,37.816497802734375,100.67997741699219
2007-03-26,1.207832932472229,37.97076416015625,100.54657745361328
2007-03-27,1.1949734687805176,37.705055236816406,100.30782318115234
2007-03-28,1.1702073812484741,37.302223205566406,99.57762908935547
2007-03-29,1.1687599420547485,37.34504318237305,99.68295288085938
2007-03-30,1.1728148460388184,37.310768127441406,99.70399475097656
2007-04-02,1.1684694290161133,37.36220169067383,99.81632232666016
2007-04-03,1.202214241027832,37.85076141357422,100.89060974121094
2007-04-04,1.2093113660812378,38.00504684448242,101.0029296875
2007-04-05,1.2223454713821411,38.193626403808594,101.27679443359375
2007-04-09,1.2164074182510376,38.099342346191406,101.417236328125
2007-04-10,1.2258212566375732,38.29645538330078,101.53654479980469
2007-04-11,1.2007663249969482,37.89362716674805,101.12228393554688
2007-04-12,1.2216216325759888,38.193626403808594,101.57170104980469
2007-04-13,1.2259658575057983,38.270751953125,102.03511810302734
2007-04-16,1.2474004030227661,38.6221809387207,103.00411987304688
2007-04-17,1.2524694204330444,38.7078857421875,103.27788543701172
2007-04-18,1.2476905584335327,38.57933807373047,103.4042739868164
2007-04-19,1.2487045526504517,38.699317932128906,103.37619018554688
2007-04-20,1.2675315141677856,38.913612365722656,104.35218811035156
2007-04-23,1.2681108713150024,38.97361755371094,103.958984375
2007-04-24,1.2782495021820068,39.170738220214844,104.00106811523438
2007-04-25,1.3150348663330078,39.693599700927734,104.9560317993164
2007-04-26,1.3287936449050903,39.899295806884766,105.07535552978516
2007-04-27,1.3302414417266846,39.916439056396484,104.99109649658203
2007-04-30,1.2954832315444946,39.39360427856445,104.12046813964844
2007-05-01,1.3034489154815674,39.35929489135742,104.38726806640625
2007-05-02,1.3201041221618652,39.78787612915039,104.99811553955078
2007-05-03,1.3302414417266846,39.933589935302734,105.56684112548828
2007-05-04,1.3334285020828247,39.96787643432617,105.96715545654297
2007-05-07,1.3303872346878052,39.96787643432617,105.98815155029297
2007-05-08,1.3296624422073364,40.05356979370117,105.84770202636719
2007-05-09,1.3395109176635742,40.139312744140625,106.13561248779297
2007-05-10,1.305910587310791,39.590736389160156,105.02620697021484
2007-05-11,1.3366138935089111,40.0964469909668,105.92491912841797
2007-05-14,1.317352294921875,39.82215881347656,105.69329833984375
2007-05-15,1.2983794212341309,39.51360321044922,105.72138977050781
2007-05-16,1.322566270828247,39.899295806884766,106.4445571899414
2007-05-17,1.3083735704421997,39.71074676513672,106.23389434814453
2007-05-18,1.3298078775405884,40.036441802978516,107.16073608398438
2007-05-21,1.3483458757400513,40.29359817504883,107.10456085205078
2007-05-22,1.3499382734298706,40.32786178588867,107.02031707763672
2007-05-23,1.33806312084198,40.139312744140625,107.03435516357422
2007-05-24,1.3002628087997437,39.56501770019531,106.06536102294922
2007-05-25,1.3141666650772095,39.8135986328125,106.50778198242188
2007-05-29,1.330966830253601,40.12215042114258,106.89391326904297
2007-05-30,1.3545728921890259,40.447872161865234,107.76458740234375
2007-05-31,1.3716624975204468,40.636436462402344,107.65223693847656
2007-06-01,1.3705041408538818,40.66214370727539,108.18579864501953
2007-06-04,1.3744150400161743,40.78214645385742,108.19992065429688
2007-06-05,1.3762978315353394,40.78214645385742,107.77159118652344
2007-06-06,1.34486985206604,40.34500503540039,106.61309051513672
2007-06-07,1.2999731302261353,39.71929931640625,104.68919372558594
2007-06-08,1.334876298904419,40.20786666870117,106.0513687133789
2007-06-11,1.3295179605484009,40.13072967529297,106.23389434814453
2007-06-12,1.3115588426589966,39.89073944091797,105.07535552978516
2007-06-13,1.337483525276184,40.32786178588867,106.64816284179688
2007-06-14,1.361090898513794,40.59356689453125,107.32925415039062
2007-06-15,1.3867254257202148,40.96845626831055,107.93990325927734
2007-06-18,1.385276198387146,40.977027893066406,107.81297302246094
2007-06-19,1.3835381269454956,40.96845626831055,108.0809555053711
2007-06-20,1.3587737083435059,40.58243179321289,106.57894897460938
2007-06-21,1.3842629194259644,40.95127868652344,107.17127990722656
2007-06-22,1.3571802377700806,40.56525421142578,106.16290283203125
2007-06-25,1.3505178689956665,40.393699645996094,105.65520477294922
2007-06-26,1.3353108167648315,40.1620979309082,104.56922912597656
2007-06-27,1.3657252788543701,40.77971267700195,106.05712127685547
2007-06-28,1.3692011833190918,40.76258087158203,106.04301452636719
2007-06-29,1.3777453899383545,40.8311882019043,106.07830810546875
2007-07-02,1.3952702283859253,41.200035095214844,107.03729248046875
2007-07-03,1.4113452434539795,41.44023513793945,107.42516326904297
2007-07-05,1.4274214506149292,41.74046325683594,107.31234741210938
2007-07-06,1.4446558952331543,41.91201400756836,107.87646484375
2007-07-09,1.4459590911865234,41.937747955322266,107.96109771728516
2007-07-10,1.4223521947860718,41.58603286743164,106.42387390136719
2007-07-11,1.4463939666748047,41.869136810302734,107.17832946777344
2007-07-12,1.4837589263916016,42.512489318847656,108.87068939208984
2007-07-13,1.5056283473968506,42.80413055419922,109.19508361816406
2007-07-16,1.5040349960327148,42.76123046875,109.1810531616211
2007-07-17,1.5190972089767456,43.087188720703125,109.12462615966797
2007-07-18,1.5206902027130127,43.03573226928711,108.9271469116211
2007-07-19,1.5273528099060059,43.16438674926758,109.3502426147461
2007-07-20,1.5144625902175903,42.93278503417969,108.24312591552734
2007-07-23,1.5120004415512085,42.949947357177734,108.57453918457031
2007-07-24,1.4708691835403442,42.3151741027832,106.69176483154297
2007-07-25,1.4728978872299194,42.375221252441406,106.91035461425781
2007-07-26,1.4403108358383179,42.01494598388672,104.37881469726562
2007-07-27,1.382959008216858,41.16572952270508,102.3267593383789
2007-07-30,1.4219183921813965,41.646095275878906,103.92752838134766
2007-07-31,1.361379861831665,40.77113342285156,102.7569351196289
2007-08-01,1.377890706062317,41.088523864746094,103.25761413574219
2007-08-02,1.405118465423584,41.465965270996094,104.08269500732422
2007-08-03,1.3493589162826538,40.676788330078125,101.40301513671875
2007-08-06,1.3758625984191895,41.14857864379883,103.10248565673828
2007-08-07,1.3928072452545166,41.44023513793945,104.2025375366211
2007-08-08,1.4336490631103516,41.89485168457031,105.65520477294922
2007-08-09,1.3621039390563965,40.92552947998047,102.52423095703125
2007-08-10,1.3364696502685547,40.556697845458984,102.04473114013672
2007-08-13,1.353848934173584,40.8311882019043,102.41143035888672
2007-08-14,1.3106908798217773,40.13637924194336,100.84591674804688
2007-08-15,1.2621731758117676,39.372928619384766,99.45671844482422
2007-08-16,1.2332072257995605,38.986915588378906,100.20423126220703
2007-08-17,1.2770905494689941,39.72465133666992,102.04473114013672
2007-08-20,1.2853460311889648,39.9133415222168,101.99536895751953
2007-08-21,1.3215523958206177,40.33366012573242,102.19989776611328
2007-08-22,1.3524010181427002,40.882667541503906,103.41273498535156
2007-08-23,1.3468971252441406,40.77113342285156,103.3210678100586
2007-08-24,1.3867254257202148,41.345855712890625,104.597412109375
2007-08-27,1.359497308731079,41.071372985839844,103.62427520751953
2007-08-28,1.3012763261795044,40.09348678588867,101.34660339355469
2007-08-29,1.3728214502334595,41.24293899536133,103.3351821899414
2007-08-30,1.3939661979675293,41.457366943359375,103.06016540527344
2007-08-31,1.4182970523834229,41.92060089111328,104.07561492919922
2007-09-04,1.4678282737731934,42.61540222167969,105.12629699707031
2007-09-05,1.4375598430633545,42.18650817871094,104.21663665771484
2007-09-06,1.433793544769287,42.15220260620117,104.4563980102539
2007-09-07,1.3864346742630005,41.37159729003906,103.0037612915039
2007-09-10,1.3842629194259644,41.345855712890625,102.80631256103516
2007-09-11,1.419311285018921,41.972068786621094,104.00506591796875
2007-09-12,1.4255387783050537,41.980628967285156,104.27306365966797
2007-09-13,1.4317667484283447,42.18650817871094,105.00643920898438
2007-09-14,1.4316210746765137,42.2208137512207,104.99939727783203
2007-09-17,1.407580018043518,41.869136810302734,104.43524169921875
2007-09-18,1.4810080528259277,42.924217224121094,107.50975036621094
2007-09-19,1.4898422956466675,43.03573226928711,108.14441680908203
2007-09-20,1.4802829027175903,42.91563034057617,107.38285827636719
2007-09-21,1.4982420206069946,43.22117614746094,107.6725845336914
2007-09-24,1.5144625902175903,43.41856384277344,107.4742431640625
2007-09-25,1.5408215522766113,43.83052444458008,107.2616958618164
2007-09-26,1.554580807685852,44.04509353637695,107.82854461669922
2007-09-27,1.5750012397766113,44.26823425292969,108.46612548828125
2007-09-28,1.5655874013900757,44.12233352661133,108.10485076904297
2007-10-01,1.5923800468444824,44.62868881225586,109.3233871459961
2007-10-02,1.5960004329681396,44.63728332519531,109.17462158203125
2007-10-03,1.571380376815796,44.328311920166016,108.95503234863281
2007-10-04,1.5786216259002686,44.43128967285156,109.12509155273438
2007-10-05,1.6516145467758179,45.33244323730469,110.42164611816406
2007-10-08,1.6640701293945312,45.61566925048828,109.83358764648438
2007-10-09,1.6828973293304443,45.81306838989258,110.86801147460938
2007-10-10,1.6923110485076904,45.924644470214844,110.68377685546875
2007-10-11,1.6430697441101074,45.19513702392578,110.15240478515625
2007-10-12,1.6905732154846191,45.94179153442383,110.76171875
2007-10-15,1.66233229637146,45.58991622924805,109.82647705078125
2007-10-16,1.6546558141708374,45.3753776550293,108.95503234863281
2007-10-17,1.6899937391281128,45.95896911621094,109.28797149658203
2007-10-18,1.7014350891113281,46.1563606262207,108.89119720458984
2007-10-19,1.6200424432754517,45.00630569458008,106.04306030273438
2007-10-22,1.6542216539382935,45.54701614379883,106.65946960449219
2007-10-23,1.711573600769043,46.49966812133789,107.52385711669922
2007-10-24,1.7010003328323364,46.14778518676758,107.32540130615234
2007-10-25,1.6817386150360107,45.52985763549805,107.58056640625
2007-10-26,1.7028839588165283,46.28511047363281,108.8416748046875
2007-10-29,1.7195383310317993,46.47391891479492,109.20299530029297
2007-10-30,1.719828724861145,46.56834030151367,108.44490051269531
2007-10-31,1.7737047672271729,47.229183197021484,109.57144165039062
2007-11-01,1.7205525636672974,46.34518814086914,107.00659942626953
2007-11-02,1.738801121711731,46.70565414428711,107.12702941894531
2007-11-05,1.717655897140503,46.40525436401367,106.31227111816406
2007-11-06,1.7458974123001099,46.92879104614258,107.74346923828125
2007-11-07,1.6642147302627563,45.78731155395508,104.79605102539062
2007-11-08,1.545311450958252,44.396949768066406,104.26464080810547
2007-11-09,1.457400918006897,42.91218566894531,102.8334732055664
2007-11-12,1.3809317350387573,41.822235107421875,101.81322479248047
2007-11-13,1.4927390813827515,43.54730987548828,104.91650390625
2007-11-14,1.472462773323059,42.98945617675781,104.62603759765625
2007-11-15,1.4446558952331543,42.75772476196289,103.11689758300781
2007-11-16,1.4730422496795654,43.15251541137695,103.29401397705078
2007-11-19,1.4355318546295166,42.65473175048828,101.85575103759766
2007-11-20,1.4462494850158691,42.826385498046875,102.47924041748047
2007-11-21,1.401931643486023,42.32001876831055,100.38201904296875
2007-11-23,1.4361112117767334,42.774898529052734,102.11787414550781
2007-11-26,1.3975870609283447,42.03678894042969,99.86481475830078
2007-11-27,1.4407453536987305,42.87788391113281,101.01258850097656
2007-11-28,1.5272070169448853,44.18242263793945,104.2434310913086
2007-11-29,1.5387934446334839,44.3712158203125,104.27882385253906
2007-11-30,1.5273528099060059,44.0365104675293,105.32744598388672
2007-12-03,1.4994009733200073,43.66745376586914,104.63311767578125
2007-12-04,1.485063076019287,43.48722839355469,103.69786071777344
2007-12-05,1.537635087966919,44.26823425292969,105.4337158203125
2007-12-06,1.5719597339630127,44.90333938598633,106.94287109375
2007-12-07,1.5825319290161133,44.91189956665039,106.92159271240234
2007-12-10,1.5918012857437134,45.09212112426758,107.75051879882812
2007-12-11,1.5231518745422363,44.04509353637695,104.79605102539062
2007-12-12,1.5435734987258911,44.439857482910156,105.83045959472656
2007-12-13,1.5208349227905273,44.19956970214844,105.6108627319336
2007-12-14,1.497517704963684,43.74471664428711,104.27173614501953
2007-12-17,1.4288702011108398,42.68048095703125,102.78386688232422
2007-12-18,1.4314764738082886,42.817779541015625,103.35779571533203
2007-12-19,1.4446558952331543,42.80921936035156,103.35779571533203
2007-12-20,1.504449486732483,43.68461990356445,104.00961303710938
2007-12-21,1.5566424131393433,44.54633331298828,105.50895690917969
2007-12-24,1.5749558210372925,44.881404876708984,106.29244232177734
2007-12-26,1.5909796953201294,45.104774475097656,106.5204086303711
2007-12-27,1.546722650527954,44.56352233886719,105.18132019042969
2007-12-28,1.5424494743347168,44.52056121826172,104.91783142089844
2007-12-31,1.5142167806625366,44.00508117675781,104.14137268066406
2008-01-02,1.4658381938934326,43.30917739868164,103.22968292236328
2008-01-03,1.4742321968078613,43.48958969116211,103.1798095703125
2008-01-04,1.3466482162475586,41.582313537597656,100.65127563476562
2008-01-07,1.3292509317398071,41.384700775146484,100.56575012207031
2008-01-08,1.2680528163909912,40.31079864501953,98.94176483154297
2008-01-09,1.3086483478546143,41.169918060302734,99.9817123413086
2008-01-10,1.3094111680984497,41.23006057739258,100.63695526123047
2008-01-11,1.2732418775558472,40.4224739074707,99.82500457763672
2008-01-14,1.3065110445022583,41.126976013183594,100.62985229492188
2008-01-15,1.2468407154083252,39.99290084838867,98.41473388671875
2008-01-16,1.2102137804031372,39.5633430480957,97.56710052490234
2008-01-17,1.1769435405731201,39.013492584228516,95.0385513305664
2008-01-18,1.1705350875854492,38.961936950683594,94.06273651123047
2008-01-22,1.106894612312317,37.956748962402344,93.10828399658203
2008-01-23,1.1166616678237915,37.810691833496094,95.34484100341797
2008-01-24,1.149168610572815,38.58391189575195,96.14969635009766
2008-01-25,1.098806381225586,37.79351806640625,94.76077270507812
2008-01-28,1.1155940294265747,38.08562469482422,96.32779693603516
2008-01-29,1.120782494544983,38.15434265136719,96.80498504638672
2008-01-30,1.1194093227386475,38.1199836730957,96.09272003173828
2008-01-31,1.1453531980514526,38.77293014526367,97.84489440917969
2008-02-01,1.1827433109283447,39.16812515258789,99.41901397705078
2008-02-04,1.1413856744766235,38.6182861328125,98.16543579101562
2008-02-05,1.0870559215545654,37.51858139038086,95.53711700439453
2008-02-06,1.0408138036727905,36.779720306396484,94.76789093017578
2008-02-07,1.062179446220398,37.037452697753906,95.39470672607422
2008-02-08,1.075914978981018,37.458457946777344,94.78213500976562
2008-02-11,1.100027322769165,37.86223602294922,95.26647186279297
2008-02-12,1.0919389724731445,37.64744186401367,96.14969635009766
2008-02-13,1.1308554410934448,38.47222900390625,97.13259887695312
2008-02-14,1.0951437950134277,37.77633285522461,96.27788543701172
2008-02-15,1.0911762714385986,37.64744186401367,96.25654602050781
2008-02-19,1.080798625946045,37.578739166259766,96.52722930908203
2008-02-20,1.090718388557434,37.75056076049805,96.81211853027344
2008-02-21,1.074083924293518,37.389713287353516,96.00724792480469
2008-02-22,1.0835456848144531,37.52717208862305,96.598388671875
2008-02-25,1.0879706144332886,37.7161750793457,97.81640625
2008-02-26,1.0980435609817505,37.86223602294922,98.550048828125
2008-02-27,1.1050631999969482,38.05126190185547,98.45032501220703
2008-02-28,1.0812556743621826,37.905189514160156,97.48876953125
2008-02-29,1.0490554571151733,36.89998245239258,95.31631469726562
2008-03-03,1.0263158082962036,36.659427642822266,95.08840942382812
2008-03-04,1.0347093343734741,36.86564636230469,94.72515106201172
2008-03-05,1.0545495748519897,37.04607009887695,95.32345581054688
2008-03-06,1.0008301734924316,36.22987747192383,93.35045623779297
2008-03-07,0.9954882860183716,36.14395523071289,92.38890075683594
2008-03-10,0.9558092951774597,35.44805908203125,91.17090606689453
2008-03-11,1.0424927473068237,36.79690933227539,94.44732666015625
2008-03-12,1.022195816040039,36.69379425048828,93.56415557861328
2008-03-13,1.0386778116226196,36.97734451293945,93.77071380615234
2008-03-14,0.9968616962432861,36.29861831665039,92.31766510009766
2008-03-17,0.9712227582931519,35.6370735168457,91.38458251953125
2008-03-18,1.0553122758865356,37.22649002075195,95.18103790283203
2008-03-19,1.0026613473892212,36.30720138549805,92.82337188720703
2008-03-20,1.0310468673706055,37.04922866821289,94.542724609375
2008-03-24,1.1155940294265747,38.33034133911133,96.43242645263672
2008-03-25,1.1239871978759766,38.545284271240234,96.52549743652344
2008-03-26,1.1018586158752441,38.43349838256836,95.3443832397461
2008-03-27,1.079271912574768,37.582313537597656,95.04379272460938
2008-03-28,1.062942624092102,37.39313888549805,94.13470458984375
2008-03-31,1.0675214529037476,37.59090805053711,94.4639663696289
2008-04-01,1.1572574377059937,39.198753356933594,97.78528594970703
2008-04-02,1.1651928424835205,39.112762451171875,97.84970092773438
2008-04-03,1.1671768426895142,39.198753356933594,98.09310150146484
2008-04-04,1.1729762554168701,39.43087387084961,97.98568725585938
2008-04-07,1.16641366481781,39.344913482666016,98.03582000732422
2008-04-08,1.1560362577438354,39.04398727416992,97.93562316894531
2008-04-09,1.1308554410934448,38.60547637939453,97.22695922851562
2008-04-10,1.1577153205871582,39.15575408935547,97.36294555664062
2008-04-11,1.0956017971038818,38.07240676879883,95.47322845458984
2008-04-14,1.0797301530838013,37.90041732788086,95.15113830566406
2008-04-15,1.0812556743621826,37.95201110839844,95.37305450439453
2008-04-16,1.161224365234375,39.009578704833984,97.95704650878906
2008-04-17,1.1636664867401123,38.923587799072266,98.10025024414062
2008-04-18,1.210060715675354,40.161712646484375,99.12384033203125
2008-04-21,1.2262375354766846,40.44544982910156,99.1739730834961
2008-04-22,1.2025824785232544,39.84359359741211,98.73731994628906
2008-04-23,1.2154017686843872,40.28209686279297,98.57984161376953
2008-04-24,1.2318840026855469,40.64320755004883,99.00927734375
2008-04-25,1.2331053018569946,40.540069580078125,99.92552947998047
2008-04-28,1.2373783588409424,40.61741256713867,99.94702911376953
2008-04-29,1.2526391744613647,40.926971435546875,99.55329132080078
2008-04-30,1.2338675260543823,40.59163284301758,98.96637725830078
2008-05-01,1.3110902309417725,41.87275314331055,101.01358032226562
2008-05-02,1.3254351615905762,41.93292236328125,101.29269409179688
2008-05-05,1.308342695236206,41.81256866455078,100.80595397949219
2008-05-06,1.3370338678359985,42.070499420166016,101.67921447753906
2008-05-07,1.2849929332733154,41.30526351928711,99.86827850341797
2008-05-08,1.2866718769073486,41.61479949951172,99.61056518554688
2008-05-09,1.2859094142913818,41.45143127441406,99.42442321777344
2008-05-12,1.3339813947677612,42.208091735839844,100.54107666015625
2008-05-13,1.3417646884918213,42.31985855102539,100.55542755126953
2008-05-14,1.3306242227554321,42.225284576416016,100.76304626464844
2008-05-15,1.382664680480957,42.9647102355957,102.02287292480469
2008-05-16,1.382664680480957,42.999107360839844,102.11585998535156
2008-05-19,1.369234561920166,42.689571380615234,102.39502716064453
2008-05-20,1.3443591594696045,42.36283493041992,101.564697265625
2008-05-21,1.289113998413086,41.425636291503906,99.84675598144531
2008-05-22,1.2865198850631714,41.57181167602539,99.86109924316406
2008-05-23,1.282246708869934,41.442848205566406,98.52254486083984
2008-05-27,1.325588345527649,42.1737060546875,99.252685546875
2008-05-28,1.3410019874572754,42.34564208984375,99.7108154296875
2008-05-29,1.3654199838638306,42.723960876464844,100.21186828613281
2008-05-30,1.3811391592025757,42.999107360839844,100.46239471435547
2008-06-02,1.35015869140625,42.4746208190918,99.42442321777344
2008-06-03,1.3336764574050903,42.242454528808594,98.84467315673828
2008-06-04,1.356415867805481,42.784149169921875,98.7945556640625
2008-06-05,1.4076933860778809,43.463382720947266,100.77019500732422
2008-06-06,1.314447045326233,42.15646743774414,97.55625915527344
2008-06-09,1.3118531703948975,41.93292236328125,97.79246520996094
2008-06-10,1.2947603464126587,41.73517608642578,97.30574798583984
2008-06-11,1.2353943586349487,40.72920608520508,95.8741226196289
2008-06-12,1.2376840114593506,40.77219772338867,96.23918151855469
2008-06-13,1.2840778827667236,41.589012145996094,97.45601654052734
2008-06-16,1.3025437593460083,41.958736419677734,97.51329040527344
2008-06-17,1.2961338758468628,41.73517608642578,97.04084014892578
2008-06-18,1.2674427032470703,41.28807830810547,96.09597778320312
2008-06-19,1.3033063411712646,41.93292236328125,96.21765899658203
2008-06-20,1.2392096519470215,40.800628662109375,94.65592193603516
2008-06-23,1.211586833000183,40.482303619384766,94.56240844726562
2008-06-24,1.2039998769760132,40.27577590942383,94.3753433227539
2008-06-25,1.2299540042877197,40.92969512939453,94.82135772705078
2008-06-26,1.1429293155670166,39.27772521972656,92.24601745605469
2008-06-27,1.1461353302001953,39.27772521972656,91.74242401123047
2008-06-30,1.1198753118515015,38.864715576171875,92.06614685058594
2008-07-01,1.149188756942749,39.415374755859375,92.35391235351562
2008-07-02,1.0928515195846558,38.468936920166016,90.77128601074219
2008-07-03,1.0870498418807983,38.40010070800781,90.86479187011719
2008-07-07,1.1035386323928833,38.63240432739258,89.9367904663086
2008-07-08,1.142623782157898,39.553043365478516,91.53380584716797
2008-07-09,1.0991110801696777,38.50334167480469,89.77132415771484
2008-07-10,1.1180429458618164,38.95936965942383,90.1382064819336
2008-07-11,1.083538293838501,38.33987045288086,89.0879135131836
2008-07-14,1.0678132772445679,38.0559196472168,88.28221893310547
2008-07-15,1.0632323026657104,38.06453323364258,87.0376968383789
2008-07-16,1.1140729188919067,39.01100540161133,89.17424774169922
2008-07-17,1.1093411445617676,39.26911163330078,90.06625366210938
2008-07-18,1.095294713973999,38.36568832397461,90.62737274169922
2008-07-21,1.0962101221084595,38.52915954589844,90.67774963378906
2008-07-22,1.095294713973999,38.52915954589844,91.70643615722656
2008-07-23,1.1203334331512451,39.036800384521484,92.20284271240234
2008-07-24,1.0820115804672241,38.451725006103516,90.28929901123047
2008-07-25,1.1110196113586426,38.950748443603516,90.26770782470703
2008-07-28,1.0772783756256104,38.219398498535156,88.94402313232422
2008-07-29,1.109493374824524,39.01100540161133,90.84321594238281
2008-07-30,1.1285773515701294,39.20888137817383,92.4618148803711
2008-07-31,1.124760627746582,39.11423110961914,91.2388687133789
2008-08-01,1.0975838899612427,38.61520004272461,90.75689697265625
2008-08-04,1.0755985975265503,38.22801208496094,89.91520690917969
2008-08-05,1.1417080163955688,39.51863479614258,92.3395004272461
2008-08-06,1.1759072542190552,40.120933532714844,92.74957275390625
2008-08-07,1.1636933088302612,39.811161041259766,91.36836242675781
2008-08-08,1.2093429565429688,40.714595794677734,93.06607818603516
2008-08-11,1.2320917844772339,41.08457946777344,94.03007507324219
2008-08-12,1.236977458000183,41.12759780883789,93.05172729492188
2008-08-13,1.2310227155685425,41.04155731201172,92.49059295654297
2008-08-14,1.2604891061782837,41.51478958129883,93.18836975097656
2008-08-15,1.2612524032592773,41.437339782714844,93.64156341552734
2008-08-18,1.233924150466919,40.95552062988281,92.36107635498047
2008-08-19,1.2030831575393677,40.447872161865234,91.35394287109375
2008-08-20,1.1962131261825562,40.51670455932617,91.7784194946289
2008-08-21,1.1820144653320312,40.32741928100586,91.93666076660156
2008-08-22,1.2152971029281616,40.86085891723633,93.26752471923828
2008-08-25,1.17010498046875,40.00046920776367,91.37555694580078
2008-08-26,1.1653718948364258,39.94881820678711,91.64173126220703
2008-08-27,1.1769750118255615,40.206932067871094,92.53376007080078
2008-08-28,1.1833882331848145,40.533912658691406,93.6559829711914
2008-08-29,1.1462880373001099,39.68211364746094,92.64883422851562
2008-09-02,1.1174323558807373,39.19166946411133,92.07331848144531
2008-09-03,1.0969734191894531,38.82168197631836,91.99423217773438
2008-09-04,1.0262856483459473,37.56549835205078,89.22462463378906
2008-09-05,1.0227735042572021,37.38483428955078,89.50518035888672
2008-09-08,1.011170506477356,37.31597900390625,91.35394287109375
2008-09-09,0.9731543064117432,36.52440643310547,88.64190673828125
2008-09-10,0.9820088744163513,36.8255500793457,89.00157165527344
2008-09-11,1.0217047929763794,37.513885498046875,90.28929901123047
2008-09-12,1.0256744623184204,37.36760330200195,90.70650482177734
2008-09-15,0.958649754524231,36.20604705810547,86.39024353027344
2008-09-16,0.9649091362953186,36.48997497558594,87.83621215820312
2008-09-17,0.8687242269515991,34.59707260131836,83.8868179321289
2008-09-18,0.9314730763435364,35.767250061035156,86.3758316040039
2008-09-19,0.9670472145080566,36.93647003173828,89.8061752319336
2008-09-22,0.8939154148101807,35.197265625,87.77301788330078
2008-09-23,0.8763574957847595,34.930362701416016,85.77606201171875
2008-09-24,0.8945261836051941,35.17143249511719,86.05097961425781
2008-09-25,0.9036869406700134,35.731075286865234,87.39677429199219
2008-09-26,0.897732138633728,35.36946487426758,87.440185546875
2008-09-29,0.7244450449943542,32.562660217285156,80.58821868896484
2008-09-30,0.7997148036956787,33.50110626220703,83.92375183105469
2008-10-01,0.7787976264953613,33.14811706542969,83.97441864013672
2008-10-02,0.7160486578941345,31.64137077331543,80.92829895019531
2008-10-03,0.6832232475280762,31.150609970092773,79.83574676513672
2008-10-06,0.6192519068717957,30.01410484313965,75.76944732666016
2008-10-07,0.5572662353515625,28.111328125,72.37603759765625
2008-10-08,0.5430664420127869,27.887468338012695,70.55268096923828
2008-10-09,0.5010815262794495,27.138395309448242,65.6253662109375
2008-10-10,0.5085625648498535,26.966197967529297,64.03355407714844
2008-10-13,0.6336038112640381,30.24656867980957,73.33109283447266
2008-10-14,0.5748229622840881,28.937868118286133,72.24575805664062
2008-10-15,0.4697823226451874,26.34627914428711,65.13333892822266
2008-10-16,0.5232192277908325,27.77553367614746,67.8466567993164
2008-10-17,0.5221503973007202,27.809968948364258,67.44144439697266
2008-10-20,0.5572662353515625,28.584875106811523,71.49330139160156
2008-10-21,0.5012341141700745,27.103961944580078,69.35885620117188
2008-10-22,0.46733957529067993,26.354900360107422,65.58195495605469
2008-10-23,0.4630645513534546,26.25157928466797,66.3416748046875
2008-10-24,0.4363470673561096,25.407804489135742,62.97718811035156
2008-10-27,0.4108499586582184,24.70180320739746,60.74146270751953
2008-10-28,0.49680662155151367,27.431137084960938,67.83940887451172
2008-10-29,0.5021495223045349,27.362262725830078,67.3473892211914
2008-10-30,0.5282573103904724,28.274913787841797,69.67719268798828
2008-10-31,0.5310057997703552,28.317956924438477,70.06067657470703
2008-11-03,0.5334488153457642,28.257692337036133,70.26327514648438
2008-11-04,0.5638303160667419,29.058406829833984,72.65093231201172
2008-11-05,0.5023030042648315,27.543060302734375,69.5976333618164
2008-11-06,0.45482057332992554,26.311843872070312,65.74112701416016
2008-11-07,0.4746679365634918,26.85427474975586,67.91177368164062
2008-11-10,0.4667288661003113,26.492658615112305,67.02178955078125
2008-11-11,0.4482553005218506,25.915790557861328,64.95243835449219
2008-11-12,0.40291091799736023,24.719017028808594,62.094459533691406
2008-11-13,0.4500874876976013,26.225751876831055,65.96543884277344
2008-11-14,0.40581202507019043,24.95148277282715,62.6733512878418
2008-11-17,0.39008629322052,24.426280975341797,61.841224670410156
2008-11-18,0.386574387550354,24.400449752807617,63.006141662597656
2008-11-19,0.34657397866249084,23.126184463500977,58.968746185302734
2008-11-20,0.31496986746788025,22.00690269470215,54.591331481933594
2008-11-21,0.33970287442207336,22.962602615356445,57.53614044189453
2008-11-24,0.3801625370979309,24.366012573242188,61.522891998291016
2008-11-25,0.3775663673877716,24.254085540771484,61.97871398925781
2008-11-26,0.4087120294570923,25.270048141479492,64.37364959716797
2008-11-28,0.4036741256713867,25.0720157623291,65.18399047851562
2008-12-01,0.34367281198501587,23.18645668029785,59.410125732421875
2008-12-02,0.36565810441970825,23.96134376525879,61.696537017822266
2008-12-03,0.38397926092147827,24.641525268554688,63.17978286743164
2008-12-04,0.3633677661418915,23.944128036499023,61.71820831298828
2008-12-05,0.3925289809703827,24.91703987121582,63.621150970458984
2008-12-08,0.4236748516559601,25.898576736450195,65.84242248535156
2008-12-09,0.42031553387641907,25.838300704956055,64.75712585449219
2008-12-10,0.4198581874370575,25.75221061706543,65.1984634399414
2008-12-11,0.39665141701698303,25.046201705932617,63.628395080566406
2008-12-12,0.4120715260505676,25.554180145263672,64.38811492919922
2008-12-15,0.39771944284439087,25.10645866394043,63.49089431762695
2008-12-16,0.4351257383823395,26.311843872070312,66.47913360595703
2008-12-17,0.42489609122276306,25.993276596069336,65.83521270751953
2008-12-18,0.4111548960208893,25.536956787109375,64.60515594482422
2008-12-19,0.41573575139045715,25.746479034423828,64.3272476196289
2008-12-22,0.3995516002178192,25.1860294342041,63.503021240234375
2008-12-23,0.3945135176181793,25.056682586669922,62.84657287597656
2008-12-24,0.3955824673175812,25.125675201416016,63.21125030517578
2008-12-26,0.3958873748779297,25.117050170898438,63.575984954833984
2008-12-29,0.3858112692832947,24.91010284423828,63.39361572265625
2008-12-30,0.40336915850639343,25.427457809448242,64.8962173461914
2008-12-31,0.4105442762374878,25.64301300048828,65.82256317138672
2009-01-02,0.4467290937900543,26.75530242919922,67.80657958984375
2009-01-05,0.4467290937900543,26.746686935424805,67.7263412475586
2009-01-06,0.45588958263397217,27.013973236083984,68.17858123779297
2009-01-07,0.4303925633430481,26.246583938598633,66.13622283935547
2009-01-08,0.4397055208683014,26.522497177124023,66.4061050415039
2009-01-09,0.42016300559043884,25.92755889892578,64.98371124267578
2009-01-12,0.4045906364917755,25.45332145690918,63.422794342041016
2009-01-13,0.4041323661804199,25.461944580078125,63.539466857910156
2009-01-14,0.3798566162586212,24.685922622680664,61.540889739990234
2009-01-15,0.39100179076194763,25.091176986694336,61.56277084350586
2009-01-16,0.4007730782032013,25.367097854614258,62.0442008972168
2009-01-20,0.36260464787483215,24.108226776123047,58.76909637451172
2009-01-21,0.39039114117622375,25.134296417236328,61.30748748779297
2009-01-22,0.38214707374572754,24.798017501831055,60.35921096801758
2009-01-23,0.3836733102798462,24.91872787475586,60.621826171875
2009-01-26,0.3894755244255066,25.09981346130371,61.037593841552734
2009-01-27,0.3958873748779297,25.28087615966797,61.657596588134766
2009-01-28,0.4223009943962097,26.168977737426758,63.74373245239258
2009-01-29,0.4019944965839386,25.50505256652832,61.67219161987305
2009-01-30,0.38672691583633423,25.056682586669922,60.4176025390625
2009-02-02,0.39680394530296326,25.358476638793945,60.235260009765625
2009-02-03,0.40947631001472473,25.755104064941406,61.081363677978516
2009-02-04,0.40978100895881653,25.789596557617188,60.782310485839844
2009-02-05,0.4284079968929291,26.358671188354492,61.686771392822266
2009-02-06,0.4502398669719696,27.048465728759766,63.444664001464844
2009-02-09,0.4552789330482483,27.160551071166992,63.53218460083008
2009-02-10,0.4210795760154724,26.160350799560547,60.621826171875
2009-02-11,0.41802605986595154,26.039642333984375,60.9792366027832
2009-02-12,0.4274913966655731,26.358671188354492,61.02301788330078
2009-02-13,0.4229116439819336,26.23795509338379,60.36651611328125
2009-02-17,0.3908492624759674,25.194644927978516,57.78438186645508
2009-02-18,0.38978034257888794,25.21189308166504,57.64580535888672
2009-02-19,0.3786352574825287,24.82388687133789,57.02579116821289
2009-02-20,0.37970423698425293,24.892873764038086,56.47145080566406
2009-02-23,0.35359641909599304,24.022003173828125,54.45097732543945
2009-02-24,0.37558186054229736,24.815261840820312,56.51520919799805
2009-02-25,0.371306836605072,24.651439666748047,56.070274353027344
2009-02-26,0.3511536121368408,23.961647033691406,55.15848922729492
2009-02-27,0.3438252806663513,23.73746109008789,53.925785064697266
2009-03-02,0.322145938873291,22.970060348510742,51.496826171875
2009-03-03,0.3215351402759552,22.952821731567383,51.110225677490234
2009-03-04,0.33787062764167786,23.565017700195312,52.32106018066406
2009-03-05,0.31832829117774963,22.85798454284668,50.183868408203125
2009-03-06,0.3134426176548004,22.676908493041992,50.271419525146484
2009-03-09,0.29924389719963074,22.194055557250977,49.68057632446289
2009-03-10,0.33573371171951294,23.565017700195312,52.64200210571289
2009-03-11,0.34580981731414795,23.927156448364258,52.984832763671875
2009-03-12,0.3691699802875519,24.720422744750977,55.070945739746094
2009-03-13,0.37191757559776306,24.780765533447266,55.50131607055664
2009-03-16,0.3583296537399292,24.366899490356445,55.33354568481445
2009-03-17,0.38535305857658386,25.28949546813965,57.02579116821289
2009-03-18,0.395124226808548,25.60852813720703,58.30226135253906
2009-03-19,0.3949717879295349,25.59128189086914,57.580142974853516
2009-03-20,0.3835209310054779,25.20177459716797,56.354034423828125
2009-03-23,0.4287129342556,26.68727684020996,60.40188980102539
2009-03-24,0.4135977029800415,26.194992065429688,59.21177673339844
2009-03-25,0.41634634137153625,26.315895080566406,59.83623123168945
2009-03-26,0.44245418906211853,27.12774085998535,61.05573654174805
2009-03-27,0.42474380135536194,26.61817169189453,59.95378112792969
2009-03-30,0.4032158851623535,25.9617919921875,57.88208770751953
2009-03-31,0.41237640380859375,26.18634605407715,58.41836166381836
2009-04-01,0.423827201128006,26.574995040893555,59.54971694946289
2009-04-02,0.4510039985179901,27.430021286010742,61.29081726074219
2009-04-03,0.467492938041687,27.939584732055664,61.900569915771484
2009-04-06,0.46474432945251465,27.870494842529297,61.41568374633789
2009-04-07,0.4392472803592682,27.136383056640625,59.98313903808594
2009-04-08,0.45588958263397217,27.594118118286133,60.629600524902344
2009-04-09,0.48321783542633057,28.449148178100586,63.03924560546875
2009-04-13,0.4819962680339813,28.405963897705078,63.05394744873047
2009-04-14,0.4696298837661743,28.06049919128418,61.96665954589844
2009-04-15,0.46901917457580566,27.982769012451172,62.627838134765625
2009-04-16,0.49222585558891296,28.7082576751709,63.54616928100586
2009-04-17,0.49253177642822266,28.768695831298828,63.97224807739258
2009-04-20,0.4607751965522766,27.844579696655273,61.29081726074219
2009-04-21,0.47405731678009033,28.233226776123047,62.488285064697266
2009-04-22,0.4783320426940918,28.319599151611328,62.10623550415039
2009-04-23,0.4882567226886749,28.59598159790039,62.715980529785156
2009-04-24,0.5044400691986084,29.096900939941406,63.6636962890625
2009-04-27,0.5048983097076416,29.13144302368164,63.06130599975586
2009-04-28,0.4978746771812439,28.915538787841797,62.862937927246094
2009-04-29,0.5111576914787292,29.312814712524414,64.20001220703125
2009-04-30,0.5209288597106934,29.606460571289062,64.22200012207031
2009-05-01,0.5236774682998657,29.68418312072754,64.56731414794922
2009-05-04,0.5458154082298279,30.271472930908203,66.76383972167969
2009-05-05,0.544135570526123,30.24558448791504,66.5361557006836
2009-05-06,0.5439830422401428,30.25420570373535,67.68951416015625
2009-05-07,0.5180278420448303,29.545997619628906,66.74916076660156
2009-05-08,0.5198598504066467,29.563274383544922,68.30658721923828
2009-05-11,0.5230669379234314,29.666913986206055,67.0282974243164
2009-05-12,0.5100886821746826,29.304174423217773,66.83000946044922
2009-05-13,0.4818439483642578,28.51824378967285,65.14763641357422
2009-05-14,0.49222585558891296,28.83779525756836,65.70598602294922
2009-05-15,0.4911568760871887,28.820518493652344,65.16964721679688
2009-05-18,0.517264723777771,29.571914672851562,67.02098083496094
2009-05-19,0.5232192277908325,29.710105895996094,66.940185546875
2009-05-20,0.518944263458252,29.606460571289062,66.49202728271484
2009-05-21,0.5000125169754028,29.06235122680664,65.53704071044922
2009-05-22,0.49619588255882263,28.967350006103516,65.39740753173828
2009-05-26,0.5340595245361328,30.04692268371582,67.07239532470703
2009-05-27,0.5252037048339844,29.839643478393555,65.87493133544922
2009-05-28,0.5394023656845093,30.185117721557617,66.7932357788086
2009-05-29,0.551159143447876,30.556499481201172,67.97601318359375
2009-06-01,0.5844419002532959,31.428796768188477,69.62161254882812
2009-06-02,0.5844419002532959,31.471986770629883,69.68037414550781
2009-06-03,0.5829156041145325,31.376981735229492,68.79879760742188
2009-06-04,0.594671368598938,31.7310848236084,69.44526672363281
2009-06-05,0.5961976647377014,31.76561737060547,69.45997619628906
2009-06-08,0.5916178822517395,31.670610427856445,69.1734619140625
2009-06-09,0.6015415787696838,31.912450790405273,69.5261001586914
2009-06-10,0.5968083739280701,31.800174713134766,69.34978485107422
2009-06-11,0.5961976647377014,31.800174713134766,69.6583480834961
2009-06-12,0.5919227004051208,31.65336036682129,69.8493423461914
2009-06-15,0.5664268136024475,31.005603790283203,68.2478256225586
2009-06-16,0.5565019845962524,30.703332901000977,67.32217407226562
2009-06-17,0.5658158659934998,30.99696159362793,67.25606536865234
2009-06-18,0.5629146695137024,30.93651008605957,67.74827575683594
2009-06-19,0.5755870938301086,31.268566131591797,67.99800872802734
2009-06-22,0.5430664420127869,30.334653854370117,65.95893096923828
2009-06-23,0.5400130152702332,30.265478134155273,66.01065063476562
2009-06-24,0.5575710535049438,30.77565574645996,66.57952117919922
2009-06-25,0.5803194642066956,31.3809814453125,68.02753448486328
2009-06-26,0.5824572443962097,31.450162887573242,67.85020446777344
2009-06-29,0.5841370820999146,31.519330978393555,68.48558044433594
2009-06-30,0.5816940665245056,31.458797454833984,67.9314956665039
2009-07-01,0.5826097726821899,31.476106643676758,68.21224212646484
2009-07-02,0.5575710535049438,30.784313201904297,66.35047149658203
2009-07-06,0.5523804426193237,30.620006561279297,66.34310150146484
2009-07-07,0.5247455835342407,29.859060287475586,65.05760192871094
2009-07-08,0.5294787883758545,30.014705657958984,65.0132827758789
2009-07-09,0.5305477380752563,30.06658363342285,65.13886260986328
2009-07-10,0.5358917117118835,30.196306228637695,64.98372650146484
2009-07-13,0.5557389259338379,30.77565574645996,66.56477355957031
2009-07-14,0.5597090125083923,30.888071060180664,66.94153594970703
2009-07-15,0.5969619154930115,31.925765991210938,68.8993148803711
2009-07-16,0.6113128066062927,32.30624008178711,68.78849792480469
2009-07-17,0.6178780794143677,32.479190826416016,69.54204559326172
2009-07-20,0.6299397349357605,32.79048538208008,70.28082275390625
2009-07-21,0.6397108435630798,33.01531219482422,70.60588836669922
2009-07-22,0.6488712430000305,33.292030334472656,70.59113311767578
2009-07-23,0.6781851649284363,34.02704620361328,72.14996337890625
2009-07-24,0.6775744557380676,33.767635345458984,72.44548034667969
2009-07-27,0.6786424517631531,34.02704620361328,72.65974426269531
2009-07-28,0.6830708384513855,33.79356002807617,72.31986999511719
2009-07-29,0.6775744557380676,34.01839828491211,72.14258575439453
2009-07-30,0.6853601932525635,34.21727752685547,72.89614868164062
2009-07-31,0.6806279420852661,34.113525390625,72.99959564208984
2009-08-03,0.7012383937835693,34.62370300292969,74.20379638671875
2009-08-04,0.7007810473442078,34.62370300292969,74.39588165283203
2009-08-05,0.6911623477935791,34.35564041137695,74.18162536621094
2009-08-06,0.6791008114814758,34.052982330322266,73.7974624633789
2009-08-07,0.6946741938591003,34.48534393310547,74.7652587890625
2009-08-10,0.6871921420097351,34.243221282958984,74.61012268066406
2009-08-11,0.6748257279396057,33.949222564697266,73.67926025390625
2009-08-12,0.6955897808074951,34.47669982910156,74.46977996826172
2009-08-13,0.7026132345199585,34.66693878173828,75.03863525390625
2009-08-14,0.6865817308425903,34.269168853759766,74.46238708496094
2009-08-17,0.64658123254776,33.27473831176758,72.63021087646484
2009-08-18,0.6647497415542603,33.75031280517578,73.20646667480469
2009-08-19,0.6740627288818359,33.983795166015625,73.84917449951172
2009-08-20,0.6903990507125854,34.381587982177734,74.61012268066406
2009-08-21,0.7074988484382629,34.83987808227539,76.07293701171875
2009-08-24,0.7064297795295715,34.805301666259766,76.06555938720703
2009-08-25,0.7111630439758301,34.909080505371094,76.21331024169922
2009-08-26,0.7093311548233032,34.84852600097656,76.22068786621094
2009-08-27,0.7122310996055603,34.93500518798828,76.39057922363281
2009-08-28,0.7139107584953308,34.96959686279297,76.37581634521484
2009-08-31,0.6987956762313843,34.61505889892578,75.69615173339844
2009-09-01,0.6728413701057434,33.966522216796875,74.02648162841797
2009-09-02,0.6714674234390259,33.94055938720703,73.74573516845703
2009-09-03,0.6806279420852661,34.1653938293457,74.35894012451172
2009-09-04,0.7093311548233032,34.90041732788086,75.40065002441406
2009-09-08,0.7235294580459595,35.22899627685547,76.05076599121094
2009-09-09,0.7355909943580627,35.531673431396484,76.6344223022461
2009-09-10,0.749331533908844,35.8689079284668,77.41751098632812
2009-09-11,0.7505530118942261,35.903499603271484,77.40274810791016
2009-09-14,0.7565073370933533,36.041873931884766,77.77950286865234
2009-09-15,0.7615456581115723,36.15427017211914,78.10457611083984
2009-09-16,0.7838366627693176,36.68174743652344,79.28665924072266
2009-09-17,0.7832258939743042,36.6731071472168,79.16846466064453
2009-09-18,0.7870424389839172,36.734561920166016,79.21894836425781
2009-09-21,0.7904008030891418,36.84709548950195,79.01848602294922
2009-09-22,0.793760359287262,36.91633605957031,79.47874450683594
2009-09-23,0.7855152487754822,36.743221282958984,78.81808471679688
2009-09-24,0.7720799446105957,36.414302825927734,77.94954681396484
2009-09-25,0.7586444020271301,36.094051361083984,77.53388977050781
2009-09-28,0.7842939496040344,36.708595275878906,78.92201232910156
2009-09-29,0.7777295708656311,36.54415512084961,78.68446350097656
2009-09-30,0.7781867980957031,36.57011795043945,78.38011932373047
2009-10-01,0.7328426241874695,35.4881477355957,76.43524932861328
2009-10-02,0.7278044819831848,35.38429641723633,76.07897186279297
2009-10-05,0.7398659586906433,35.669918060302734,77.21470642089844
2009-10-06,0.7655157446861267,36.301780700683594,78.32075500488281
2009-10-07,0.7699427604675293,36.40565872192383,78.53601837158203
2009-10-08,0.7769654393196106,36.56144714355469,79.13727569580078
2009-10-09,0.7849045395851135,36.7691650390625,79.6197738647461
2009-10-12,0.7887224555015564,36.84709548950195,79.93152618408203
2009-10-13,0.7885687947273254,36.85573959350586,79.76821899414062
2009-10-14,0.810249388217926,37.35776901245117,81.14148712158203
2009-10-15,0.8073482513427734,37.27123260498047,81.43842315673828
2009-10-16,0.7969661951065063,37.02886962890625,80.8297119140625
2009-10-19,0.8116230964660645,37.40106201171875,81.49781799316406
2009-10-20,0.8125395178794861,37.40970230102539,81.06727600097656
2009-10-21,0.8093326091766357,37.340457916259766,80.33980560302734
2009-10-22,0.8165087699890137,37.48760223388672,81.15633392333984
2009-10-23,0.8099433779716492,37.33180618286133,80.22847747802734
2009-10-26,0.8041422963142395,37.21062088012695,79.35995483398438
2009-10-27,0.7803248167037964,36.64801788330078,78.9962387084961
2009-10-28,0.7447515726089478,35.825714111328125,77.50416564941406
2009-10-29,0.7693321704864502,36.43162155151367,79.16695404052734
2009-10-30,0.728262722492218,35.45354461669922,76.87322998046875
2009-11-02,0.734063982963562,35.60067367553711,77.43738555908203
2009-11-03,0.7391019463539124,35.71318054199219,77.68235778808594
2009-11-04,0.741544783115387,35.773780822753906,77.88277435302734
2009-11-05,0.7774236798286438,36.65666961669922,79.31539154052734
2009-11-06,0.7870424389839172,36.87306213378906,79.52328491210938
2009-11-09,0.8207836747169495,37.66072082519531,81.33448791503906
2009-11-10,0.82337886095047,37.75592041015625,81.34934997558594
2009-11-11,0.8346773386001587,37.998291015625,81.76506042480469
2009-11-12,0.8259751200675964,37.78189468383789,80.93367004394531
2009-11-13,0.8398677706718445,38.09352111816406,81.37162780761719
2009-11-16,0.8569673895835876,38.48300552368164,82.55191040039062
2009-11-17,0.8615481853485107,38.60419464111328,82.64837646484375
2009-11-18,0.8526926040649414,38.387794494628906,82.59640502929688
2009-11-19,0.8252109885215759,37.79056167602539,81.52007293701172
2009-11-20,0.818035900592804,37.60013198852539,81.23062133789062
2009-11-23,0.8427689671516418,38.206031799316406,82.26237487792969
2009-11-24,0.8374249339103699,38.07618713378906,82.38856506347656
2009-11-25,0.844448447227478,38.24064254760742,82.6780776977539
2009-11-27,0.8192572593688965,37.66072082519531,81.33448791503906
2009-11-30,0.820172905921936,37.70399856567383,81.60916900634766
2009-12-01,0.837578296661377,38.09352111816406,82.61869049072266
2009-12-02,0.8404785990715027,38.145442962646484,82.58157348632812
2009-12-03,0.8336083292961121,37.98963165283203,81.935791015625
2009-12-04,0.8418533802032471,38.188720703125,82.4034194946289
2009-12-07,0.8336083292961121,38.006935119628906,82.27722930908203
2009-12-08,0.82337886095047,37.773250579833984,81.36419677734375
2009-12-09,0.8398677706718445,38.154090881347656,81.6685562133789
2009-12-10,0.8484176993370056,38.344520568847656,82.1287841796875
2009-12-11,0.8423104882240295,38.19737243652344,82.4776382446289
2009-12-14,0.8577314615249634,38.5609016418457,83.04180908203125
2009-12-15,0.8487234115600586,38.344520568847656,82.65583038330078
2009-12-16,0.8510138392448425,38.39645767211914,82.78199005126953
2009-12-17,0.8305549025535583,37.92904281616211,81.78731536865234
2009-12-18,0.8565101623535156,38.54722595214844,82.25003051757812
2009-12-21,0.8763574957847595,38.9807243347168,83.08587646484375
2009-12-22,0.8867392539978027,39.21482467651367,83.38441467285156
2009-12-23,0.8992594480514526,39.50093078613281,83.54856872558594
2009-12-24,0.9157484173774719,39.865081787109375,83.94409942626953
2009-12-28,0.9249087572097778,40.07316970825195,84.12324523925781
2009-12-29,0.9177327156066895,39.908424377441406,84.00382995605469
2009-12-30,0.9230766296386719,40.029788970947266,83.97396850585938
2009-12-31,0.908113956451416,39.6656608581543,83.16796875
2010-01-04,0.932389497756958,40.24655532836914,84.5784912109375
2010-01-05,0.9330003261566162,40.24655532836914,84.8023681640625
2010-01-06,0.9227707982063293,40.0037841796875,84.86210632324219
2010-01-07,0.9229233264923096,40.029788970947266,85.22027587890625
2010-01-08,0.9378857612609863,40.35927200317383,85.50389099121094
2010-01-11,0.9310159087181091,40.19453811645508,85.62330627441406
2010-01-12,0.9078092575073242,39.69167709350586,84.82476806640625
2010-01-13,0.9294886589050293,40.18587112426758,85.54122161865234
2010-01-14,0.9307100176811218,40.22054672241211,85.7725601196289
2010-01-15,0.909946084022522,39.75236511230469,84.8098373413086
2010-01-19,0.9384967088699341,40.39394760131836,85.86959838867188
2010-01-20,0.9122364521026611,39.813053131103516,84.99641418457031
2010-01-21,0.8943735957145691,39.44023895263672,83.36199951171875
2010-01-22,0.8429213762283325,38.2871208190918,81.50371551513672
2010-01-25,0.8478068113327026,38.417171478271484,81.92163848876953
2010-01-26,0.8496389985084534,38.451847076416016,81.57833099365234
2010-01-27,0.8623113036155701,38.755306243896484,81.9664077758789
2010-01-28,0.8192572593688965,37.75823974609375,81.02607727050781
2010-01-29,0.7899435758590698,37.09932327270508,80.14542388916016
2010-02-01,0.8064326643943787,37.506813049316406,81.39173126220703
2010-02-02,0.8212419152259827,37.844947814941406,82.37686920166016
2010-02-03,0.8307074308395386,38.053016662597656,81.9664077758789
2010-02-04,0.7835307121276855,36.951927185058594,79.43645477294922
2010-02-05,0.7946759462356567,37.26403045654297,79.60065460205078
2010-02-08,0.7845996022224426,36.99528121948242,79.0260009765625
2010-02-09,0.8007828593254089,37.37675476074219,80.01856231689453
2010-02-10,0.7974244952201843,37.29873275756836,79.86185455322266
2010-02-11,0.8207836747169495,37.86227798461914,80.69770050048828
2010-02-12,0.8247538208961487,37.940330505371094,80.6305160522461
2010-02-16,0.8455174565315247,38.425838470458984,81.89921569824219
2010-02-17,0.8545246720314026,38.64261245727539,82.28731536865234
2010-02-18,0.8655174374580383,38.8853759765625,82.77240753173828
2010-02-19,0.8644492030143738,38.868019104003906,82.94407653808594
2010-02-22,0.8607851266860962,38.78998565673828,82.958984375
2010-02-23,0.8389521837234497,38.2871208190918,81.95149230957031
2010-02-24,0.8554410934448242,38.67726516723633,82.70524597167969
2010-02-25,0.857273280620575,38.668609619140625,82.59332275390625
2010-02-26,0.8623113036155701,38.80731201171875,82.64553833007812
2010-03-01,0.8865869641304016,39.37088394165039,83.50379180908203
2010-03-02,0.8919308185577393,39.492271423339844,83.73516845703125
2010-03-03,0.8940679430961609,39.535614013671875,83.80979919433594
2010-03-04,0.8997166156768799,39.6656608581543,84.06352233886719
2010-03-05,0.9262825846672058,40.26390075683594,85.26507568359375
2010-03-08,0.9305574893951416,40.341922760009766,85.28001403808594
2010-03-09,0.9432300329208374,40.56735610961914,85.42181396484375
2010-03-10,0.9560546278953552,40.89680862426758,85.80242156982422
2010-03-11,0.9629247784614563,41.05288314819336,86.16069030761719
2010-03-12,0.9642987251281738,41.061546325683594,86.16808319091797
2010-03-15,0.9603296518325806,40.9575080871582,86.19050598144531
2010-03-16,0.9720852971076965,41.21760559082031,86.87708282470703
2010-03-17,0.9755972027778625,41.3303337097168,87.39203643798828
2010-03-18,0.9824672341346741,41.46905517578125,87.34728240966797
2010-03-19,0.9711688160896301,41.21820831298828,86.90513610839844
2010-03-22,0.9885740876197815,41.5914192199707,87.3697509765625
2010-03-23,1.0027729272842407,41.87782669067383,87.98420715332031
2010-03-24,0.9931541681289673,41.6782112121582,87.55708312988281
2010-03-25,0.9888793230056763,41.61745834350586,87.41471099853516
2010-03-26,0.9923909306526184,41.66085433959961,87.36227416992188
2010-03-29,1.0012463331222534,41.8604736328125,87.9167709350586
2010-03-30,1.00765860080719,41.999351501464844,87.97669219970703
2010-03-31,0.9991087913513184,41.79972457885742,87.6769790649414
2010-04-01,0.9981931447982788,41.79972457885742,88.27650451660156
2010-04-05,1.0159035921096802,42.190303802490234,88.99588775634766
2010-04-06,1.0215519666671753,42.311798095703125,89.20569610595703
2010-04-07,1.0177357196807861,42.207664489746094,88.69618225097656
2010-04-08,1.0206358432769775,42.30312728881836,89.00338745117188
2010-04-09,1.0333082675933838,42.55482864379883,89.58789825439453
2010-04-12,1.034834861755371,42.58955764770508,89.73027038574219
2010-04-13,1.045521855354309,42.806541442871094,89.7977294921875
2010-04-14,1.0707132816314697,43.31863021850586,90.81688690185547
2010-04-15,1.0800269842147827,43.50954818725586,90.89179992675781
2010-04-16,1.0545302629470825,42.988800048828125,89.44551086425781
2010-04-19,1.052698016166687,42.9627685546875,89.78271484375
2010-04-20,1.0636906623840332,43.17973709106445,90.58454132080078
2010-04-21,1.0755985975265503,43.42274856567383,90.4197006225586
2010-04-22,1.0868974924087524,43.66577911376953,90.68949127197266
2010-04-23,1.0962101221084595,43.84804153442383,91.281494140625
2010-04-26,1.0908663272857666,43.75259017944336,90.93675994873047
2010-04-27,1.0459800958633423,42.823890686035156,88.78609466552734
2010-04-28,1.0468957424163818,42.849918365478516,89.46053314208984
2010-04-29,1.08216392993927,43.59634780883789,90.56954956054688
2010-04-30,1.041247010231018,42.737098693847656,89.03333282470703
2010-05-03,1.0691869258880615,43.33597183227539,90.1873779296875
2010-05-04,1.0046050548553467,42.03406524658203,88.06665802001953
2010-05-05,0.9948335886001587,41.81707763671875,87.5420913696289
2010-05-06,0.929030179977417,40.41971206665039,84.6345443725586
2010-05-07,0.8842966556549072,39.41291809082031,83.37555694580078
2010-05-10,0.9725434184074402,41.46122741699219,87.04751586914062
2010-05-11,0.9714745879173279,41.41783142089844,86.80020904541016
2010-05-12,1.00765860080719,42.19898223876953,88.01419067382812
2010-05-13,0.9762076139450073,41.53066635131836,86.92012786865234
2010-05-14,0.9395655989646912,40.7321662902832,85.34642028808594
2010-05-17,0.9453667998313904,40.86236572265625,85.3913803100586
2010-05-18,0.9192589521408081,40.29819869995117,84.22985076904297
2010-05-19,0.9030759930610657,39.9770622253418,83.75028991699219
2010-05-20,0.8378833532333374,38.492897033691406,80.587890625
2010-05-21,0.8551353216171265,38.918190002441406,81.764404296875
2010-05-24,0.8473497033119202,38.761959075927734,80.71529388427734
2010-05-25,0.849334180355072,38.79667282104492,80.79771423339844
2010-05-26,0.8287227153778076,38.362693786621094,80.31065368652344
2010-05-27,0.8937629461288452,39.812164306640625,83.00090026855469
2010-05-28,0.882311999797821,39.57781982421875,81.95923614501953
2010-06-01,0.8653648495674133,39.213294982910156,80.5804214477539
2010-06-02,0.9078092575073242,40.1419677734375,82.67864990234375
2010-06-03,0.9238398671150208,40.523860931396484,82.96340942382812
2010-06-04,0.8630743622779846,39.13517761230469,80.04833221435547
2010-06-07,0.8308605551719666,38.423458099365234,79.05168914794922
2010-06-08,0.8273489475250244,38.354026794433594,79.8984603881836
2010-06-09,0.8126920461654663,38.032875061035156,79.4713363647461
2010-06-10,0.8589528799057007,39.11781311035156,81.79438781738281
2010-06-11,0.8749836087226868,39.49103927612305,82.19153594970703
2010-06-14,0.875136137008667,39.482330322265625,82.06417083740234
2010-06-15,0.9217017889022827,40.54121398925781,83.93011474609375
2010-06-16,0.9305574893951416,40.706119537353516,83.90013885498047
2010-06-17,0.9359014630317688,40.83631134033203,84.0350570678711
2010-06-18,0.9384967088699341,40.870235443115234,84.12610626220703
2010-06-21,0.9249087572097778,40.52240753173828,83.88520812988281
2010-06-22,0.9067401885986328,40.209346771240234,82.49978637695312
2010-06-23,0.9003273248672485,40.04412078857422,82.2437973022461
2010-06-24,0.8722350597381592,39.435401916503906,80.8809585571289
2010-06-25,0.8687242269515991,39.443260192871094,81.21976470947266
2010-06-28,0.8633803725242615,39.303863525390625,80.96378326416016
2010-06-29,0.7968138456344604,37.78782653808594,78.46402740478516
2010-06-30,0.7725381255149841,37.212764739990234,77.71859741210938
2010-07-01,0.7679585218429565,37.108219146728516,77.37224578857422
2010-07-02,0.7635300755500793,37.003662109375,76.95060729980469
2010-07-06,0.7675002217292786,37.11690902709961,77.45507049560547
2010-07-07,0.8162038922309875,38.301883697509766,79.89458465576172
2010-07-08,0.8247538208961487,38.510990142822266,80.6851806640625
2010-07-09,0.8412425518035889,38.87693405151367,81.28753662109375
2010-07-12,0.8458223342895508,38.99018478393555,81.3402099609375
2010-07-13,0.8665862083435059,39.49554443359375,82.5675277709961
2010-07-14,0.876663327217102,39.69594955444336,82.55998229980469
2010-07-15,0.8788002729415894,39.730777740478516,82.58257293701172
2010-07-16,0.8304022550582886,38.63297653198242,80.3087158203125
2010-07-19,0.8438377976417542,38.96406173706055,80.78306579589844
2010-07-20,0.8632279634475708,39.43455123901367,81.67906188964844
2010-07-21,0.8407841920852661,38.894351959228516,80.61742401123047
2010-07-22,0.882922887802124,39.87889862060547,82.4169692993164
2010-07-23,0.8942202925682068,40.13160705566406,83.13226318359375
2010-07-26,0.908113956451416,40.46267318725586,83.99813079833984
2010-07-27,0.9075032472610474,40.44526672363281,83.99060821533203
2010-07-28,0.8936094641685486,40.122859954833984,83.4485092163086
2010-07-29,0.8801741003990173,39.82664108276367,83.04190063476562
2010-07-30,0.884602427482605,39.913753509521484,83.02682495117188
2010-08-02,0.9169695973396301,40.6630744934082,84.90165710449219
2010-08-03,0.9097937345504761,40.48881912231445,84.49504852294922
2010-08-04,0.9282671809196472,40.89832305908203,85.0597915649414
2010-08-05,0.9238398671150208,40.802494049072266,84.96944427490234
2010-08-06,0.9207863211631775,40.741477966308594,84.62307739257812
2010-08-09,0.932542085647583,41.020294189453125,85.07483673095703
2010-08-10,0.9180376529693604,40.6630744934082,84.61553955078125
2010-08-11,0.8671969175338745,39.55655288696289,82.29650115966797
2010-08-12,0.8525400757789612,39.242881774902344,81.7919921875
2010-08-13,0.8406320810317993,38.96406173706055,81.55109405517578
2010-08-16,0.8438377976417542,39.03377151489258,81.513427734375
2010-08-17,0.8652122616767883,39.530391693115234,82.51481628417969
2010-08-18,0.8716241717338562,39.68722915649414,82.66539764404297
2010-08-19,0.8455174565315247,39.08605194091797,81.22728729248047
2010-08-20,0.847654402256012,39.13832473754883,80.96378326416016
2010-08-23,0.831013023853302,38.75495529174805,80.65506744384766
2010-08-24,0.8009362816810608,38.03179168701172,79.45789337158203
2010-08-25,0.8151347041130066,38.39772033691406,79.7666015625
2010-08-26,0.796355664730072,37.93592834472656,79.23200988769531
2010-08-27,0.8163561224937439,38.39772033691406,80.45930480957031
2010-08-30,0.7986458539962769,37.99692916870117,79.2922592163086
2010-08-31,0.7942185401916504,37.86623001098633,79.2922592163086
2010-09-01,0.8397153615951538,38.99890899658203,81.66398620605469
2010-09-02,0.8592578172683716,39.43455123901367,82.42449188232422
2010-09-03,0.8885714411735535,40.08800506591797,83.49365997314453
2010-09-07,0.8754420280456543,39.81792449951172,82.552490234375
2010-09-08,0.8962056636810303,40.29712677001953,83.13226318359375
2010-09-09,0.9029235243797302,40.4539680480957,83.51626586914062
2010-09-10,0.9094879031181335,40.602073669433594,83.93787384033203
2010-09-13,0.9355956315994263,41.16842269897461,84.87154388427734
2010-09-14,0.9430764317512512,41.342674255371094,84.81884002685547
2010-09-15,0.9551379680633545,41.604061126708984,85.14261627197266
2010-09-16,0.9624664783477783,41.769630432128906,85.12004089355469
2010-09-17,0.9687258005142212,41.91109085083008,85.15180969238281
2010-09-20,1.002468228340149,42.64468765258789,86.45378875732422
2010-09-21,1.0001776218414307,42.63595962524414,86.27969360351562
2010-09-22,0.9968183040618896,42.522422790527344,85.85579681396484
2010-09-23,0.9960547685623169,42.50495910644531,85.15938568115234
2010-09-24,1.0362091064453125,43.36956024169922,86.91553497314453
2010-09-27,1.0255212783813477,43.133750915527344,86.49921417236328
2010-09-28,1.0270485877990723,43.11628341674805,86.80201721191406
2010-09-29,1.0210936069488525,43.04642868041992,86.65059661865234
2010-09-30,1.0120856761932373,42.85428237915039,86.39323425292969
2010-10-01,1.009948968887329,42.8018684387207,86.75659942626953
2010-10-04,0.987811267375946,42.339027404785156,86.10558319091797
2010-10-05,1.035292625427246,43.36956024169922,87.83901977539062
2010-10-06,1.018803596496582,42.99402618408203,87.83148193359375
2010-10-07,1.0244536399841309,43.151222229003906,87.72551727294922
2010-10-08,1.0369724035263062,43.448143005371094,88.21754455566406
2010-10-11,1.0400255918502808,43.465614318847656,88.30081176757812
2010-10-12,1.0552934408187866,43.76254653930664,88.5733413696289
2010-10-13,1.0716297626495361,44.12060546875,89.26213836669922
2010-10-14,1.0675077438354492,44.033267974853516,88.91394805908203
2010-10-15,1.1125470399856567,44.96775436401367,89.09564208984375
2010-10-18,1.1093411445617676,44.80182647705078,89.53466796875
2010-10-19,1.0829272270202637,44.38260269165039,88.36138153076172
2010-10-20,1.09880530834198,44.705745697021484,89.22431945800781
2010-10-21,1.103234052658081,44.793067932128906,89.42110443115234
2010-10-22,1.1185014247894287,45.09873580932617,89.587646484375
2010-10-25,1.1276615858078003,45.31707763671875,89.85259246826172
2010-10-26,1.1343796253204346,45.4393310546875,89.86774444580078
2010-10-27,1.1424710750579834,45.57908630371094,89.61038208007812
2010-10-28,1.1468985080718994,45.67513656616211,89.6255111694336
2010-10-29,1.1430819034576416,45.57035827636719,89.69367218017578
2010-11-01,1.1433868408203125,45.605289459228516,89.723876953125
2010-11-02,1.1673574447631836,46.09433364868164,90.43547058105469
2010-11-03,1.1788074970245361,46.30393981933594,90.79882049560547
2010-11-04,1.206594705581665,46.87160110473633,92.54743194580078
2010-11-05,1.206899642944336,46.87160110473633,92.89563751220703
2010-11-08,1.2099531888961792,46.9327392578125,92.72151184082031
2010-11-09,1.1946855783462524,46.67948913574219,92.05538940429688
2010-11-10,1.190868854522705,46.91526794433594,92.42630004882812
2010-11-11,1.193769931793213,46.61833190917969,92.078125
2010-11-12,1.1536163091659546,45.858543395996094,90.9880599975586
2010-11-15,1.1464401483535767,45.68388366699219,90.85938262939453
2010-11-16,1.1079659461975098,44.93282699584961,89.44385528564453
2010-11-17,1.1140729188919067,45.063812255859375,89.48929595947266
2010-11-18,1.1497997045516968,45.788673400878906,90.8064193725586
2010-11-19,1.1514793634414673,45.823612213134766,91.05620574951172
2010-11-22,1.1716325283050537,46.207862854003906,90.98046875
2010-11-23,1.1349903345108032,45.47427749633789,89.6633529663086
2010-11-24,1.1797245740890503,46.391273498535156,90.9880599975586
2010-11-26,1.1638457775115967,46.08562088012695,89.92829132080078
2010-11-29,1.1633870601654053,46.050682067871094,90.20079040527344
2010-11-30,1.133462905883789,45.491737365722656,89.69367218017578
2010-12-01,1.1815564632415771,46.45240783691406,91.60122680664062
2010-12-02,1.2064425945281982,46.924015045166016,92.7745132446289
2010-12-03,1.2119388580322266,47.0462760925293,93.02429962158203
2010-12-06,1.2108696699142456,47.02880859375,92.92591094970703
2010-12-07,1.2133127450942993,47.055015563964844,92.9789047241211
2010-12-08,1.2227779626846313,47.229679107666016,93.31954193115234
2010-12-09,1.2238471508026123,47.27334213256836,93.68289184570312
2010-12-10,1.240183711051941,47.58772659301758,94.2279052734375
2010-12-13,1.231938362121582,47.42181396484375,94.28843688964844
2010-12-14,1.234534502029419,47.5091438293457,94.3717269897461
2010-12-15,1.2249163389205933,47.29953384399414,93.94024658203125
2010-12-16,1.2423206567764282,47.66632843017578,94.48528289794922
2010-12-17,1.2461382150650024,47.70833969116211,94.58646392822266
2010-12-20,1.248733639717102,47.74334716796875,94.81476593017578
2010-12-21,1.261862874031067,48.03209686279297,95.41590118408203
2010-12-22,1.2630841732025146,48.023372650146484,95.71273040771484
2010-12-23,1.2563667297363281,47.90085220336914,95.57569885253906
2010-12-27,1.2565197944641113,47.92708969116211,95.61377716064453
2010-12-28,1.252855658531189,47.839599609375,95.75074005126953
2010-12-29,1.2578935623168945,47.944602966308594,95.8192367553711
2010-12-30,1.2514808177947998,47.83084487915039,95.66700744628906
2010-12-31,1.243237018585205,47.655845642089844,95.6898193359375
2011-01-03,1.2814054489135742,48.39963150024414,96.67911529541016
2011-01-04,1.2791162729263306,48.3646354675293,96.62583923339844
2011-01-05,1.3014060258865356,48.77592468261719,97.1280746459961
2011-01-06,1.3093453645706177,48.933414459228516,96.93782806396484
2011-01-07,1.3076657056808472,48.889678955078125,96.74757385253906
2011-01-10,1.3163689374923706,49.07344055175781,96.62583923339844
2011-01-11,1.3198797702789307,49.14344024658203,96.96825408935547
2011-01-12,1.3385062217712402,49.49346160888672,97.84337615966797
2011-01-13,1.3415602445602417,49.5109748840332,97.68355560302734
2011-01-14,1.3607960939407349,49.87847900390625,98.3912353515625
2011-01-18,1.3681252002716064,50.018497467041016,98.55864715576172
2011-01-19,1.337437391281128,49.449710845947266,97.59223175048828
2011-01-20,1.3165212869644165,49.09968185424805,97.46289825439453
2011-01-21,1.296826720237732,48.72340774536133,97.68355560302734
2011-01-24,1.3333152532577515,49.3972053527832,98.23908233642578
2011-01-25,1.336215853691101,49.46720886230469,98.29232025146484
2011-01-26,1.3517897129058838,49.729732513427734,98.67280578613281
2011-01-27,1.3679730892181396,50.0360107421875,98.91631317138672
2011-01-28,1.298505187034607,48.76716232299805,97.18895721435547
2011-01-31,1.3114830255508423,49.0034065246582,97.9194564819336
2011-02-01,1.359728455543518,49.92224884033203,99.48698425292969
2011-02-02,1.355453610420227,49.843475341796875,99.2967758178711
2011-02-03,1.3594229221343994,49.93099594116211,99.51747131347656
2011-02-04,1.3759117126464844,50.211021423339844,99.79901885986328
2011-02-07,1.3891950845718384,50.44729232788086,100.42298889160156
2011-02-08,1.4088897705078125,50.77980041503906,100.87954711914062
2011-02-09,1.40263032913208,50.692291259765625,100.65130615234375
2011-02-10,1.4076684713363647,50.77104949951172,100.6893310546875
2011-02-11,1.4267524480819702,51.13858413696289,101.29047393798828
2011-02-14,1.4336235523223877,51.26108932495117,101.53401184082031
2011-02-15,1.4301115274429321,51.19107437133789,101.2143783569336
2011-02-16,1.4490437507629395,51.52360916137695,101.85357666015625
2011-02-17,1.447822093963623,51.50611877441406,102.157958984375
2011-02-18,1.4418680667877197,51.39234924316406,102.37107849121094
2011-02-22,1.3565216064453125,49.904754638671875,100.31644439697266
2011-02-23,1.3345365524291992,49.49346160888672,99.70008850097656
2011-02-24,1.3475145101547241,49.7559700012207,99.63158416748047
2011-02-25,1.3858352899551392,50.44729232788086,100.69693756103516
2011-02-28,1.3928587436676025,50.55229187011719,101.32091522216797
2011-03-01,1.3484302759170532,49.73847961425781,99.63158416748047
2011-03-02,1.3615607023239136,50.00099563598633,99.84468841552734
2011-03-03,1.4149967432022095,50.98981857299805,101.56442260742188
2011-03-04,1.3994243144989014,50.7273063659668,100.803466796875
2011-03-07,1.3632397651672363,50.04474639892578,100.01206970214844
2011-03-08,1.3734689950942993,50.24601745605469,100.8871841430664
2011-03-09,1.3542323112487793,49.904754638671875,100.7425765991211
2011-03-10,1.313315510749817,49.12593460083008,98.87824249267578
2011-03-11,1.3282771110534668,49.43220520019531,99.56312561035156
2011-03-14,1.3186583518981934,49.257198333740234,98.96196746826172
2011-03-15,1.2827805280685425,48.55715560913086,97.82810974121094
2011-03-16,1.220945954322815,47.384578704833984,96.01708221435547
2011-03-17,1.2421679496765137,47.82209014892578,97.28788757324219
2011-03-18,1.237129807472229,47.71432113647461,97.64167785644531
2011-03-21,1.282474160194397,48.634429931640625,99.15498352050781
2011-03-22,1.280948281288147,48.54678726196289,98.81101989746094
2011-03-23,1.293772578239441,48.81846237182617,99.09384155273438
2011-03-24,1.3427809476852417,49.685977935791016,100.04149627685547
2011-03-25,1.3461400270462036,49.80866622924805,100.3471908569336
2011-03-28,1.3301093578338623,49.53700256347656,100.10261535644531
2011-03-29,1.3562167882919312,50.01895523071289,100.77519226074219
2011-03-30,1.3695000410079956,50.255577087402344,101.47066497802734
2011-03-31,1.3736212253570557,50.32565689086914,101.3331069946289
2011-04-01,1.374690294265747,50.351966857910156,101.76107025146484
2011-04-04,1.3664464950561523,50.18546676635742,101.84513854980469
2011-04-05,1.358048915863037,50.054019927978516,101.8298568725586
2011-04-06,1.364614486694336,50.17670440673828,102.15084075927734
2011-04-07,1.3640037775039673,50.141666412353516,101.89099884033203
2011-04-08,1.350720763206482,49.90504837036133,101.53945922851562
2011-04-11,1.3417125940322876,49.738548278808594,101.23373413085938
2011-04-12,1.3238496780395508,49.396793365478516,100.47715759277344
2011-04-13,1.3456827402114868,49.81742858886719,100.46949005126953
2011-04-14,1.3398805856704712,49.72978973388672,100.54590606689453
2011-04-15,1.3356051445007324,49.64216613769531,100.9127426147461
2011-04-18,1.3163689374923706,49.29164123535156,99.78165435791016
2011-04-19,1.3330100774765015,49.59833526611328,100.35482788085938
2011-04-20,1.3924009799957275,50.72002410888672,101.72285461425781
2011-04-21,1.4145387411117554,51.12310791015625,102.24258422851562
2011-04-25,1.4226309061050415,51.254547119140625,102.13556671142578
2011-04-26,1.437592625617981,51.54372024536133,103.01446533203125
2011-04-27,1.4577460289001465,51.89423751831055,103.68696594238281
2011-04-28,1.4540815353393555,51.81538772583008,104.02330017089844
2011-04-29,1.4528602361679077,51.77157211303711,104.26782989501953
2011-05-02,1.4466007947921753,51.67516326904297,104.10734558105469
2011-05-03,1.4316377639770508,51.429805755615234,103.73281860351562
2011-05-04,1.4285845756530762,51.3509407043457,103.04501342773438
2011-05-05,1.4113327264785767,51.07052993774414,102.11261749267578
2011-05-06,1.4223251342773438,51.23701858520508,102.56354522705078
2011-05-09,1.4325543642044067,51.429805755615234,102.96092987060547
2011-05-10,1.456066608428955,51.86793518066406,103.83984375
2011-05-11,1.4346915483474731,51.491146087646484,102.74700164794922
2011-05-12,1.4508757591247559,51.797847747802734,103.236083984375
2011-05-13,1.4172872304916382,51.1844596862793,102.44125366210938
2011-05-16,1.3679730892181396,50.29938888549805,101.79164123535156
2011-05-17,1.3749959468841553,50.439598083496094,101.77637481689453
2011-05-18,1.3992708921432495,50.8602180480957,102.68582153320312
2011-05-19,1.4069050550460815,51.009193420410156,102.93038177490234
2011-05-20,1.385530710220337,50.62361526489258,102.11261749267578
2011-05-23,1.3459874391555786,49.87877655029297,100.92803955078125
2011-05-24,1.3287354707717896,49.57204818725586,100.84400177001953
2011-05-25,1.3386591672897339,49.76484680175781,101.18021392822266
2011-05-26,1.3557589054107666,50.07154846191406,101.64642333984375
2011-05-27,1.369041919708252,50.32565689086914,102.03619384765625
2011-05-31,1.4114850759506226,51.14064407348633,103.0985107421875
2011-06-01,1.350720763206482,50.02774429321289,100.78282928466797
2011-06-02,1.3571321964263916,50.13288879394531,100.67583465576172
2011-06-03,1.3168259859085083,49.3792724609375,99.67464447021484
2011-06-06,1.2939252853393555,48.976165771484375,98.6199722290039
2011-06-07,1.2902610301971436,48.88855743408203,98.5588150024414
2011-06-08,1.2707189321517944,48.53802490234375,98.14612579345703
2011-06-09,1.2743830680847168,48.62565994262695,98.89511108398438
2011-06-10,1.2368243932724,47.88080596923828,97.51944732666016
2011-06-13,1.2349920272827148,47.88080596923828,97.59586334228516
2011-06-14,1.265985369682312,48.49420928955078,98.8339614868164
2011-06-15,1.221556544303894,47.57413101196289,97.07616424560547
2011-06-16,1.2111749649047852,47.39008331298828,97.2901611328125
2011-06-17,1.2029305696487427,47.24165725708008,97.5804672241211
2011-06-20,1.2146861553192139,47.4875602722168,98.07971954345703
2011-06-21,1.2664436101913452,48.50634765625,99.42376708984375
2011-06-22,1.249496340751648,48.15506362915039,98.82469940185547
2011-06-23,1.2727031707763672,48.602962493896484,98.54053497314453
2011-06-24,1.2282743453979492,47.759830474853516,97.39614868164062
2011-06-27,1.2681233882904053,48.52392578125,98.26404571533203
2011-06-28,1.3047653436660767,49.24409866333008,99.54667663574219
2011-06-29,1.3162157535552979,49.446083068847656,100.39922332763672
2011-06-30,1.3501099348068237,50.10479736328125,101.35928344726562
2011-07-01,1.3914854526519775,50.86008834838867,102.85696411132812
2011-07-05,1.4046144485473633,51.11479187011719,102.77249145507812
2011-07-06,1.4127063751220703,51.28165817260742,102.89537048339844
2011-07-07,1.453471064567566,51.98424530029297,103.96296691894531
2011-07-08,1.4444630146026611,51.84375762939453,103.22562408447266
2011-07-11,1.3937746286392212,50.903995513916016,101.35928344726562
2011-07-12,1.3705676794052124,50.517574310302734,100.92149353027344
2011-07-13,1.3824766874313354,50.728355407714844,101.25940704345703
2011-07-14,1.350720763206482,50.139930725097656,100.56049346923828
2011-07-15,1.3862940073013306,50.807395935058594,101.1442642211914
2011-07-18,1.3719428777694702,50.535152435302734,100.31474304199219
2011-07-19,1.4346915483474731,51.6856689453125,101.94300079345703
2011-07-20,1.421256422996521,51.466102600097656,101.88154602050781
2011-07-21,1.4420198202133179,51.808616638183594,103.29476928710938
2011-07-22,1.4707235097885132,52.34434509277344,103.3638687133789
2011-07-25,1.465685248374939,52.238948822021484,102.787841796875
2011-07-26,1.4708765745162964,52.37071228027344,102.4038314819336
2011-07-27,1.396523118019104,51.01816940307617,100.30704498291016
2011-07-28,1.4009506702423096,51.10601043701172,100.01518249511719
2011-07-29,1.3910268545150757,50.93913269042969,99.33167266845703
2011-08-01,1.380949854850769,50.702003479003906,98.90921783447266
2011-08-02,1.3096508979797363,49.419742584228516,96.38232421875
2011-08-03,1.3328578472137451,49.89400863647461,96.90460205078125
2011-08-04,1.2107173204421997,47.57538986206055,92.36544799804688
2011-08-05,1.1943808794021606,47.27677917480469,92.2271957397461
2011-08-08,1.0545302629470825,44.43122482299805,86.22106170654297
2011-08-09,1.1520899534225464,46.574180603027344,90.23028564453125
2011-08-10,1.0577363967895508,44.66835403442383,86.24408721923828
2011-08-11,1.1507153511047363,46.63563919067383,90.11508178710938
2011-08-12,1.1699527502059937,47.0484504699707,90.72180938720703
2011-08-15,1.204304814338684,47.742271423339844,92.6419448852539
2011-08-16,1.1839988231658936,47.3382682800293,91.85086059570312
2011-08-17,1.1710216999053955,47.05723190307617,91.91226196289062
2011-08-18,1.056972622871399,44.74739456176758,87.94915771484375
2011-08-19,1.0183464288711548,43.93939971923828,86.51290893554688
2011-08-22,1.024910807609558,44.097476959228516,86.58203125
2011-08-23,1.108271837234497,45.91550827026367,89.4314956665039
2011-08-24,1.1253716945648193,46.275569915771484,90.69110107421875
2011-08-25,1.0899509191513062,45.52027130126953,89.30859375
2011-08-26,1.1430819034576416,46.662010192871094,90.60660552978516
2011-08-29,1.2091902494430542,47.961849212646484,93.21028137207031
2011-08-30,1.2236946821212769,48.278018951416016,93.45606994628906
2011-08-31,1.229343295097351,48.357051849365234,93.87081146240234
2011-09-01,1.2052206993103027,47.91791915893555,92.88771057128906
2011-09-02,1.1488829851150513,46.79374313354492,90.51444244384766
2011-09-06,1.149341344833374,46.80252456665039,89.85391235351562
2011-09-07,1.207053303718567,47.98817825317383,92.3884506225586
2011-09-08,1.1959071159362793,47.768619537353516,91.42845153808594
2011-09-09,1.1427758932113647,46.70590591430664,89.03209686279297
2011-09-12,1.173158884048462,47.30311965942383,89.60814666748047
2011-09-13,1.2032355070114136,47.93547439575195,90.42993927001953
2011-09-14,1.2377405166625977,48.62052536010742,91.681884765625
2011-09-15,1.2743830680847168,49.340694427490234,93.26408386230469
2011-09-16,1.2960624694824219,49.79296112060547,93.81607055664062
2011-09-19,1.2989634275436401,49.810569763183594,92.88190460205078
2011-09-20,1.2878178358078003,49.59059524536133,92.77381134033203
2011-09-21,1.24247407913208,48.72829818725586,90.0408706665039
2011-09-22,1.1621662378311157,47.14451217651367,87.13033294677734
2011-09-23,1.1861358880996704,47.646053314208984,87.65528869628906
2011-09-26,1.2133127450942993,48.20036315917969,89.73976135253906
2011-09-27,1.2386562824249268,48.70191192626953,90.743408203125
2011-09-28,1.2020140886306763,47.98038864135742,88.89054870605469
2011-09-29,1.1742275953292847,47.4084587097168,89.59307861328125
2011-09-30,1.1137679815292358,46.185420989990234,87.35425567626953
2011-10-03,1.0555986166000366,44.997554779052734,84.86831665039062
2011-10-04,1.09880530834198,45.921443939208984,86.72886657714844
2011-10-05,1.155295968055725,47.10049057006836,88.33472442626953
2011-10-06,1.1934642791748047,47.89242172241211,89.93278503417969
2011-10-07,1.1785024404525757,47.575626373291016,89.3305892944336
2011-10-10,1.2591150999069214,49.221031188964844,92.3183364868164
2011-10-11,1.2749935388565063,49.55539321899414,92.41095733642578
2011-10-12,1.2896502017974854,49.80175018310547,93.22157287597656
2011-10-13,1.3137725591659546,50.259300231933594,93.03629302978516
2011-10-14,1.3611029386520386,51.191993713378906,94.62665557861328
2011-10-17,1.3214070796966553,50.400081634521484,92.82013702392578
2011-10-18,1.3522467613220215,51.024810791015625,94.63438415527344
2011-10-19,1.300184965133667,50.039337158203125,93.51496124267578
2011-10-20,1.2885817289352417,49.79296112060547,93.92411041259766
2011-10-21,1.3197271823883057,50.417686462402344,95.70748138427734
2011-10-24,1.3742324113845825,51.464752197265625,96.8809585571289
2011-10-25,1.3211008310317993,50.4528694152832,94.99723815917969
2011-10-26,1.317284107208252,50.39128494262695,95.96228790283203
2011-10-27,1.3907208442687988,51.78151321411133,99.30511474609375
2011-10-28,1.3936221599578857,51.86070251464844,99.281982421875
2011-10-31,1.3476669788360596,50.98960876464844,96.88870239257812
2011-11-01,1.2766733169555664,49.660987854003906,94.18661499023438
2011-11-02,1.2972837686538696,50.08333206176758,95.72293853759766
2011-11-03,1.3517897129058838,51.121604919433594,97.46770477294922
2011-11-04,1.3383543491363525,50.85762405395508,96.87326049804688
2011-11-07,1.3568276166915894,51.2183837890625,97.47542572021484
2011-11-08,1.387973427772522,51.80791473388672,98.72607421875
2011-11-09,1.2920929193496704,49.98653030395508,95.0821762084961
2011-11-10,1.2885817289352417,49.96015167236328,95.97770690917969
2011-11-11,1.3366743326187134,50.901615142822266,97.78421783447266
2011-11-14,1.3214070796966553,50.584869384765625,96.85779571533203
2011-11-15,1.3501099348068237,51.14801788330078,97.33647155761719
2011-11-16,1.304307460784912,50.30330276489258,95.79242706298828
2011-11-17,1.2465955018997192,49.1242561340332,94.27156066894531
2011-11-18,1.2253742218017578,48.74589538574219,94.17121887207031
2011-11-21,1.178960919380188,47.81321334838867,92.38011932373047
2011-11-22,1.184914469718933,47.971580505371094,92.01727294921875
2011-11-23,1.1313261985778809,46.88933563232422,89.98682403564453
2011-11-25,1.1149895191192627,46.5285758972168,89.81697845458984
2011-11-28,1.1916322708129883,48.14756774902344,92.41869354248047
2011-11-29,1.1774336099624634,47.848419189453125,92.68119049072266
2011-11-30,1.2643059492111206,49.617000579833984,96.49494934082031
2011-12-01,1.2820159196853638,49.96015167236328,96.47953796386719
2011-12-02,1.2727031707763672,49.81936264038086,96.39457702636719
2011-12-05,1.3020164966583252,50.36488723754883,97.44453430175781
2011-12-06,1.2957572937011719,50.22410202026367,97.47542572021484
2011-12-07,1.29697847366333,50.22410202026367,97.83828735351562
2011-12-08,1.2525500059127808,49.37942123413086,95.69204711914062
2011-12-09,1.2920929193496704,50.17131042480469,97.31332397460938
2011-12-12,1.2638484239578247,49.60820007324219,95.89275360107422
2011-12-13,1.2346874475479126,49.06265640258789,94.99723815917969
2011-12-14,1.1975865364074707,48.297149658203125,93.98589324951172
2011-12-15,1.1899536848068237,48.16517639160156,94.32557678222656
2011-12-16,1.200792908668518,48.413124084472656,94.46539306640625
2011-12-19,1.1794183254241943,47.936607360839844,93.45543670654297
2011-12-20,1.2481223344802856,49.3574104309082,96.28341674804688
2011-12-21,1.2116329669952393,48.65142059326172,96.46987915039062
2011-12-22,1.2323969602584839,49.066192626953125,97.32450103759766
2011-12-23,1.2540773153305054,49.48978042602539,98.19461059570312
2011-12-27,1.26140558719635,49.67438507080078,98.27232360839844
2011-12-28,1.234534502029419,49.100257873535156,96.98265075683594
2011-12-29,1.249648928642273,49.45355224609375,97.98487854003906
2011-12-30,1.2436953783035278,49.31223678588867,97.50320434570312
2012-01-03,1.2890398502349854,50.2573356628418,99.05702209472656
2012-01-04,1.300184965133667,50.469303131103516,99.21238708496094
2012-01-05,1.3223220109939575,50.88444900512695,99.47653198242188
2012-01-06,1.3307198286056519,51.06110382080078,99.22014617919922
2012-01-09,1.3230866193771362,50.89328384399414,99.46100616455078
2012-01-10,1.3421709537506104,51.26424789428711,100.32337188720703
2012-01-11,1.3482776880264282,51.370243072509766,100.37777709960938
2012-01-12,1.359270691871643,51.57337951660156,100.61860656738281
2012-01-13,1.3496514558792114,51.38790512084961,100.09809112548828
2012-01-17,1.3717892169952393,51.856021881103516,100.48651885986328
2012-01-18,1.4084314107894897,52.54497528076172,101.59754180908203
2012-01-19,1.4270585775375366,52.871761322021484,102.13361358642578
2012-01-20,1.4232418537139893,52.79228973388672,102.5143051147461
2012-01-23,1.4235466718673706,52.8099479675293,102.2501449584961
2012-01-24,1.4185086488723755,52.712791442871094,102.13361358642578
2012-01-25,1.4536230564117432,53.37522888183594,102.98822021484375
2012-01-26,1.4430891275405884,53.18973922729492,102.45992279052734
2012-01-27,1.453318476676941,53.34873580932617,102.41329956054688
2012-01-30,1.45499849319458,53.39289474487305,102.06368255615234
2012-01-31,1.458508849143982,53.46355438232422,102.02486419677734
2012-02-01,1.4814109802246094,53.89633560180664,102.91829681396484
2012-02-02,1.491640567779541,54.064170837402344,103.08143615722656
2012-02-03,1.5322514772415161,54.806114196777344,104.52649688720703
2012-02-06,1.530877709388733,54.761932373046875,104.45660400390625
2012-02-07,1.5368324518203735,54.876766204833984,104.72074890136719
2012-02-08,1.5510306358337402,55.16822814941406,105.0315170288086
2012-02-09,1.5748486518859863,55.565696716308594,105.16358947753906
2012-02-10,1.552710771560669,55.177066802978516,104.38664245605469
2012-02-13,1.5800387859344482,55.68935775756836,105.16358947753906
2012-02-14,1.5887418985366821,55.830684661865234,105.0315170288086
2012-02-15,1.5658403635025024,55.442047119140625,104.54206085205078
2012-02-16,1.609963059425354,56.20166015625,105.69965362548828
2012-02-17,1.6000393629074097,56.02499771118164,105.97931671142578
2012-02-21,1.6079789400100708,56.183990478515625,106.02597045898438
2012-02-22,1.5942379236221313,55.927833557128906,105.6841049194336
2012-02-23,1.6156129837036133,56.29880905151367,106.1502685546875
2012-02-24,1.6262996196746826,56.493125915527344,106.38336944580078
2012-02-27,1.6302694082260132,56.572628021240234,106.56204986572266
2012-02-28,1.6632473468780518,57.146728515625,106.8727798461914
2012-02-29,1.6496586799621582,56.890594482421875,106.45323181152344
2012-03-01,1.6739342212677002,57.34103775024414,107.00484466552734
2012-03-02,1.6721022129058838,57.29690933227539,106.6785659790039
2012-03-05,1.6385135650634766,56.705108642578125,106.2435073852539
2012-03-06,1.6056880950927734,56.14866256713867,104.6896743774414
2012-03-07,1.629353404045105,56.58145523071289,105.41996765136719
2012-03-08,1.6652318239212036,57.19089126586914,106.46884155273438
2012-03-09,1.6792782545089722,57.429386138916016,106.88058471679688
2012-03-12,1.6806520223617554,57.455867767333984,106.88834381103516
2012-03-13,1.7423332929611206,58.52460861206055,108.81507873535156
2012-03-14,1.7559210062026978,58.727752685546875,108.69853973388672
2012-03-15,1.7641657590866089,58.89558792114258,109.327880859375
2012-03-16,1.761264443397522,58.854000091552734,109.4792251586914
2012-03-19,1.7888985872268677,59.26982879638672,109.90840148925781
2012-03-20,1.7940905094146729,59.375999450683594,109.58849334716797
2012-03-21,1.7950056791305542,59.384830474853516,109.40902709960938
2012-03-22,1.786609172821045,59.26100540161133,108.62090301513672
2012-03-23,1.7861509323120117,59.22560119628906,108.97205352783203
2012-03-26,1.8473738431930542,60.26076889038086,110.50150299072266
2012-03-27,1.851954698562622,60.3492546081543,110.15812683105469
2012-03-28,1.837297797203064,60.11034393310547,109.61188507080078
2012-03-29,1.8253886699676514,59.88032913208008,109.4245834350586
2012-03-30,1.8160755634307861,59.76531982421875,109.8772201538086
2012-04-02,1.8531763553619385,60.38463592529297,110.68093872070312
2012-04-03,1.8534810543060303,60.366943359375,110.22834014892578
2012-04-04,1.8032509088516235,59.544132232666016,109.13587951660156
2012-04-05,1.8240143060684204,59.91574478149414,109.08128356933594
2012-04-09,1.7976019382476807,59.464481353759766,107.85617065429688
2012-04-10,1.7382104396820068,58.50896072387695,106.04581451416016
2012-04-11,1.7565315961837769,58.79206466674805,106.90419006347656
2012-04-12,1.7951589822769165,59.464481353759766,108.30093383789062
2012-04-13,1.7418748140335083,58.56205368041992,107.013427734375
2012-04-16,1.7047755718231201,57.90730667114258,106.9432144165039
2012-04-17,1.7716466188430786,59.08404541015625,108.52723693847656
2012-04-18,1.7617229223251343,58.93363571166992,108.16047668457031
2012-04-19,1.7253857851028442,58.27008819580078,107.46603393554688
2012-04-20,1.713629961013794,58.11080551147461,107.6455078125
2012-04-23,1.6843163967132568,57.57994079589844,106.74028015136719
2012-04-24,1.6641632318496704,57.27029800415039,107.14605712890625
2012-04-25,1.7525625228881836,58.79206466674805,108.61312866210938
2012-04-26,1.7734785079956055,59.137107849121094,109.37004089355469
2012-04-27,1.7945486307144165,59.49101638793945,109.5494613647461
2012-04-30,1.769356369972229,59.06634521484375,109.14366149902344
2012-05-01,1.7745479345321655,59.163673400878906,109.82257080078125
2012-05-02,1.7827919721603394,59.331787109375,109.49488830566406
2012-05-03,1.745692253112793,58.703590393066406,108.659912109375
2012-05-04,1.6591250896453857,57.243743896484375,106.90419006347656
2012-05-07,1.661415696144104,57.296844482421875,106.98219299316406
2012-05-08,1.6488957405090332,57.08449172973633,106.55302429199219
2012-05-09,1.6433988809585571,56.90753936767578,105.92098236083984
2012-05-10,1.6311856508255005,56.79252624511719,106.13945007324219
2012-05-11,1.6321018934249878,56.783668518066406,105.81952667236328
2012-05-14,1.6021777391433716,56.252830505371094,104.64901733398438
2012-05-15,1.590574026107788,56.06702423095703,104.04818725585938
2012-05-16,1.568893551826477,55.686561584472656,103.65023040771484
2012-05-17,1.502632975578308,54.50984573364258,102.11298370361328
2012-05-18,1.4647694826126099,53.80204391479492,101.2390365600586
2012-05-21,1.5435497760772705,55.306121826171875,102.97917175292969
2012-05-22,1.5408010482788086,55.24420928955078,103.15864562988281
2012-05-23,1.5493513345718384,55.35036849975586,103.21329498291016
2012-05-24,1.5291980504989624,54.987613677978516,103.41615295410156
2012-05-25,1.5230913162231445,54.91682434082031,103.08060455322266
2012-05-29,1.561260461807251,55.61579513549805,104.32910919189453
2012-05-30,1.5359160900115967,55.14686965942383,102.8152847290039
2012-05-31,1.522786021232605,54.90797424316406,102.5889892578125
2012-06-01,1.4409520626068115,53.448143005371094,100.00614929199219
2012-06-04,1.4623266458511353,53.855125427246094,99.95931243896484
2012-06-05,1.4751511812210083,54.07631301879883,100.7162094116211
2012-06-06,1.54385507106781,55.31498718261719,102.97917175292969
2012-06-07,1.5301144123077393,55.09379959106445,103.04159545898438
2012-06-08,1.561260461807251,55.6246337890625,103.86090850830078
2012-06-11,1.511487603187561,54.68679428100586,102.54218292236328
2012-06-12,1.5435497760772705,55.35036849975586,103.72047424316406
2012-06-13,1.522786021232605,54.96992492675781,103.05722045898438
2012-06-14,1.5343892574310303,55.17341613769531,104.14962005615234
2012-06-15,1.5719469785690308,55.85891342163086,105.21481323242188
2012-06-18,1.6015666723251343,56.38210678100586,105.41875457763672
2012-06-19,1.6342384815216064,56.96738052368164,106.43840789794922
2012-06-20,1.6388194561004639,57.011714935302734,106.26588439941406
2012-06-21,1.5554580688476562,55.59287643432617,103.88140106201172
2012-06-22,1.587520718574524,56.17814254760742,104.68143463134766
2012-06-25,1.5258395671844482,55.096248626708984,103.0029067993164
2012-06-26,1.5466036796569824,55.44211196899414,103.52055358886719
2012-06-27,1.564618706703186,55.77909469604492,104.45399475097656
2012-06-28,1.5310304164886475,55.15834045410156,104.15592193603516
2012-06-29,1.6256890296936035,56.89645767211914,106.75218200683594
2012-07-02,1.6360708475112915,57.06494140625,107.07376098632812
2012-07-03,1.6629419326782227,57.543800354003906,107.77964782714844
2012-07-05,1.664773941040039,57.57927703857422,107.29335021972656
2012-07-06,1.622941255569458,56.86097717285156,106.27371215820312
2012-07-09,1.6183605194091797,56.754554748535156,106.1404037475586
2012-07-10,1.5859932899475098,56.195865631103516,105.21481323242188
2012-07-11,1.5676723718643188,55.88551330566406,105.23051452636719
2012-07-12,1.5398855209350586,55.36231231689453,104.7206802368164
2012-07-13,1.5844669342041016,56.20475387573242,106.4776382446289
2012-07-16,1.5765283107757568,56.04513168334961,106.2266616821289
2012-07-17,1.5914896726608276,56.337764739990234,106.95608520507812
2012-07-18,1.6354601383209229,57.10040283203125,107.74832916259766
2012-07-19,1.6708810329437256,57.73002624511719,108.03064727783203
2012-07-20,1.6284373998641968,56.96738052368164,107.04240417480469
2012-07-23,1.5899633169174194,56.27568817138672,105.95997619628906
2012-07-24,1.5627868175506592,55.8322868347168,105.05009460449219
2012-07-25,1.5411070585250854,55.4598503112793,105.07363891601562
2012-07-26,1.5808025598526,56.195865631103516,106.80706787109375
2012-07-27,1.6601940393447876,57.526065826416016,108.77584075927734
2012-07-30,1.6550025939941406,57.481727600097656,108.77584075927734
2012-07-31,1.652254581451416,57.46400451660156,108.01498413085938
2012-08-01,1.6437056064605713,57.29549789428711,107.9209213256836
2012-08-02,1.6324067115783691,57.09153747558594,107.17572784423828
2012-08-03,1.6925612688064575,58.173397064208984,109.3014144897461
2012-08-06,1.7197366952896118,58.61681365966797,109.51312255859375
2012-08-07,1.7487457990646362,59.104557037353516,110.06221771240234
2012-08-08,1.7453862428665161,59.077964782714844,110.19556427001953
2012-08-09,1.7560741901397705,59.25532913208008,110.28964233398438
2012-08-10,1.7597384452819824,59.29079055786133,110.4700698852539
2012-08-13,1.7673721313476562,59.43267059326172,110.41515350341797
2012-08-14,1.7695096731185913,59.45927810668945,110.43084716796875
2012-08-15,1.7783647775650024,59.610050201416016,110.55633544921875
2012-08-16,1.819892168045044,60.319461822509766,111.37210845947266
2012-08-17,1.8357704877853394,60.585506439208984,111.52112579345703
2012-08-20,1.8418775796890259,60.67417907714844,111.52896881103516
2012-08-21,1.827831506729126,60.43473815917969,111.1916732788086
2012-08-22,1.841572642326355,60.68304443359375,111.23871612548828
2012-08-23,1.8125636577606201,60.186424255371094,110.328857421875
2012-08-24,1.8333278894424438,60.55888366699219,110.99556732177734
2012-08-27,1.8397407531738281,60.656436920166016,111.01912689208984
2012-08-28,1.8397407531738281,60.656436920166016,110.9093246459961
2012-08-29,1.8394345045089722,60.656436920166016,110.99556732177734
2012-08-30,1.8027926683425903,60.044551849365234,110.19556427001953
2012-08-31,1.828136920928955,60.4436149597168,110.72105407714844
2012-09-04,1.8235565423965454,60.381534576416016,110.61910247802734
2012-09-05,1.8189767599105835,60.319461822509766,110.52496337890625
2012-09-06,1.8986725807189941,61.65850067138672,112.76824951171875
2012-09-07,1.893481969833374,61.5698127746582,113.20748138427734
2012-09-10,1.8464581966400146,60.78057861328125,112.56432342529297
2012-09-11,1.8403514623641968,60.68304443359375,112.87805938720703
2012-09-12,1.851954698562622,60.860382080078125,113.25455474853516
2012-09-13,1.8992834091186523,61.68510055541992,114.98018646240234
2012-09-14,1.9350099563598633,62.23495101928711,115.48999786376953
2012-09-17,1.9362316131591797,62.261558532714844,115.09782409667969
2012-09-18,1.9398958683013916,62.31471633911133,115.00373840332031
2012-09-19,1.9460028409957886,62.43000030517578,115.06645965576172
2012-09-20,1.9429491758346558,62.3679313659668,115.07430267333984
2012-09-21,1.944475769996643,62.3857307434082,115.02619934082031
2012-09-24,1.9188259840011597,62.02113723754883,114.85267639160156
2012-09-25,1.8660006523132324,61.14959716796875,113.63044738769531
2012-09-26,1.8369919061660767,60.65156555175781,112.99172973632812
2012-09-27,1.8864589929580688,61.487510681152344,114.05624389648438
2012-09-28,1.8574512004852295,60.9806022644043,113.52791595458984
2012-10-01,1.8489010334014893,60.891658782958984,113.82758331298828
2012-10-02,1.861725926399231,61.069549560546875,113.94587707519531
2012-10-03,1.8827946186065674,61.46084976196289,114.41108703613281
2012-10-04,1.8968406915664673,61.67427062988281,115.23126220703125
2012-10-05,1.8757715225219727,61.34522247314453,115.2391357421875
2012-10-08,1.8440152406692505,60.784942626953125,114.8448257446289
2012-10-09,1.7856929302215576,59.815582275390625,113.7093276977539
2012-10-10,1.7673721313476562,59.51322937011719,112.98381042480469
2012-10-11,1.753631353378296,59.326473236083984,113.04689025878906
2012-10-12,1.752714991569519,59.29978942871094,112.67632293701172
2012-10-15,1.7774487733840942,59.73554992675781,113.61470031738281
2012-10-16,1.8290528059005737,60.58042907714844,114.76595306396484
2012-10-17,1.827831506729126,60.54483413696289,115.28643035888672
2012-10-18,1.785999059677124,59.84226989746094,114.9867935180664
2012-10-19,1.6998896598815918,58.41047286987305,113.07061004638672
2012-10-22,1.7182108163833618,58.71283721923828,113.08637237548828
2012-10-23,1.684011459350586,58.15258026123047,111.51712799072266
2012-10-24,1.6693546772003174,57.94802474975586,111.20169830322266
2012-10-25,1.6714916229248047,57.94802474975586,111.52501678466797
2012-10-26,1.6812632083892822,58.11701202392578,111.46195220947266
2012-10-31,1.6601940393447876,57.76127624511719,111.46195220947266
2012-11-01,1.7078287601470947,58.5794563293457,112.6290054321289
2012-11-02,1.6669118404388428,57.956932067871094,111.62753295898438
2012-11-05,1.6925612688064575,58.33930587768555,111.85623931884766
2012-11-06,1.6998896598815918,58.446044921875,112.7315444946289
2012-11-07,1.6183605194091797,57.06760787963867,110.17660522460938
2012-11-08,1.570725679397583,56.16938018798828,108.851806640625
2012-11-09,1.5826348066329956,56.40950393676758,108.94646453857422
2012-11-12,1.5798861980438232,56.40061569213867,109.03319549560547
2012-11-13,1.5600388050079346,56.00930404663086,108.6546630859375
2012-11-14,1.5215643644332886,55.35122299194336,107.18797302246094
2012-11-15,1.5102664232254028,55.164466857910156,107.00658416748047
2012-11-16,1.5230913162231445,55.404571533203125,107.5349349975586
2012-11-19,1.596375584602356,56.72077178955078,109.71137237548828
2012-11-20,1.5972917079925537,56.738563537597656,109.7586898803711
2012-11-21,1.6049250364303589,56.85417938232422,109.96369934082031
2012-11-23,1.6525596380233765,57.716800689697266,111.46195220947266
2012-11-26,1.6690486669540405,57.96580123901367,111.225341796875
2012-11-27,1.655918836593628,57.770172119140625,110.65762329101562
2012-11-28,1.6843163967132568,58.26816940307617,111.54867553710938
2012-11-29,1.704164743423462,58.61500930786133,112.06913757324219
2012-11-30,1.7001945972442627,58.51719665527344,112.0927963256836
2012-12-03,1.694393277168274,58.401580810546875,111.5407485961914
2012-12-04,1.6873700618743896,58.36599349975586,111.38308715820312
2012-12-05,1.651949167251587,57.716800689697266,111.58018493652344
2012-12-06,1.673019289970398,58.090301513671875,111.95869445800781
2012-12-07,1.6528657674789429,57.74348449707031,112.29776000976562
2012-12-10,1.6632473468780518,57.91245651245117,112.34510040283203
2012-12-11,1.7069123983383179,58.66838455200195,113.10997009277344
2012-12-12,1.6977516412734985,58.54387283325195,113.16522216796875
2012-12-13,1.671797275543213,58.08141326904297,112.4712905883789
2012-12-14,1.6406514644622803,57.53003692626953,112.05331420898438
2012-12-17,1.6855379343032837,58.29486083984375,113.37022399902344
2012-12-18,1.735310435295105,59.184181213378906,114.63190460205078
2012-12-19,1.7200427055358887,58.92628479003906,113.78025817871094
2012-12-20,1.7188212871551514,58.92628479003906,114.4347915649414
2012-12-21,1.6849271059036255,58.30653762817383,113.39598846435547
2012-12-24,1.6757667064666748,58.19028091430664,113.04661560058594
2012-12-26,1.6492230892181396,57.680545806884766,112.57010650634766
2012-12-27,1.6431071758270264,57.59114074707031,112.41924285888672
2012-12-28,1.6109964847564697,57.03667449951172,111.20417785644531
2012-12-31,1.676134467124939,58.24394607543945,113.09422302246094
2013-01-02,1.7843904495239258,60.095088958740234,115.99291229248047
2013-01-03,1.7678768634796143,59.78208923339844,115.73084259033203
2013-01-04,1.755033016204834,59.585357666015625,116.2391128540039
2013-01-07,1.7583959102630615,59.60324478149414,115.92143249511719
2013-01-08,1.7535035610198975,59.48699951171875,115.587890625
2013-01-09,1.7614545822143555,59.7105598449707,115.88169860839844
2013-01-10,1.7831676006317139,60.06825256347656,116.80293273925781
2013-01-11,1.7889772653579712,60.14874267578125,116.79498291015625
2013-01-14,1.7721583843231201,59.880470275878906,116.71558380126953
2013-01-15,1.7553380727767944,59.585357666015625,116.79498291015625
2013-01-16,1.7687939405441284,59.82683181762695,116.77904510498047
2013-01-17,1.7850019931793213,60.113006591796875,117.53356170654297
2013-01-18,1.778579831123352,59.97883605957031,117.79560852050781
2013-01-22,1.7850019931793213,60.07721710205078,118.43092346191406
2013-01-23,1.8027390241622925,60.44384002685547,118.62154388427734
2013-01-24,1.7556445598602295,59.6121826171875,118.65328216552734
2013-01-25,1.7733817100524902,59.91624450683594,119.32035064697266
2013-01-28,1.7807203531265259,60.05038070678711,119.17742156982422
2013-01-29,1.773992896080017,60.059322357177734,119.64602661132812
2013-01-30,1.7755216360092163,59.934104919433594,119.17742156982422
2013-01-31,1.7651240825653076,59.79998779296875,118.88360595703125
2013-02-01,1.8064087629318237,60.5064811706543,120.1065673828125
2013-02-04,1.7431058883666992,59.451229095458984,118.75651550292969
2013-02-05,1.7972346544265747,60.327606201171875,119.95567321777344
2013-02-06,1.7837791442871094,60.130855560302734,120.04301452636719
2013-02-07,1.787448763847351,60.18452072143555,119.88422393798828
2013-02-08,1.8238390684127808,60.80155944824219,120.55126190185547
2013-02-11,1.8241453170776367,60.81944274902344,120.5274658203125
2013-02-12,1.8091604709625244,60.56907653808594,120.72601318359375
2013-02-13,1.8220043182373047,60.78366470336914,120.82925415039062
2013-02-14,1.819864273071289,60.76580047607422,120.94041442871094
2013-02-15,1.8109955787658691,60.58692169189453,120.7974624633789
2013-02-19,1.8363778591156006,61.025123596191406,121.70279693603516
2013-02-20,1.7798025608062744,60.08616256713867,120.18596649169922
2013-02-21,1.7415775060653687,59.44226837158203,119.45537567138672
2013-02-22,1.7761330604553223,60.04145050048828,120.6227798461914
2013-02-25,1.7317919731140137,59.29917907714844,118.32765197753906
2013-02-26,1.7443290948867798,59.52274703979492,119.13774871826172
2013-02-27,1.779497504234314,60.130855560302734,120.63862609863281
2013-02-28,1.7736868858337402,60.00566482543945,120.40046691894531
2013-03-01,1.7880600690841675,60.25604248046875,120.7974624633789
2013-03-04,1.8045740127563477,60.52432632446289,121.44072723388672
2013-03-05,1.859007477760315,61.41861343383789,122.52872467041016
2013-03-06,1.8486100435256958,61.26658630371094,122.69548797607422
2013-03-07,1.859007477760315,61.42755126953125,122.91780853271484
2013-03-08,1.8611479997634888,61.49912643432617,123.44197082519531
2013-03-11,1.873991847038269,61.677955627441406,123.91053009033203
2013-03-12,1.8608423471450806,61.454383850097656,123.63253784179688
2013-03-13,1.8544201850891113,61.37389373779297,123.80729675292969
2013-03-14,1.867570161819458,61.579566955566406,124.46644592285156
2013-03-15,1.8571727275848389,61.40837478637695,124.30213928222656
2013-03-18,1.847387433052063,61.273929595947266,123.61608123779297
2013-03-19,1.842187762260437,61.157405853271484,123.32892608642578
2013-03-20,1.8652044534683228,61.5876350402832,124.1904296875
2013-03-21,1.825669288635254,60.88851547241211,123.12952423095703
2013-03-22,1.8596878051757812,61.48008346557617,124.11865234375
2013-03-25,1.84528386592865,61.256004333496094,123.60016632080078
2013-03-26,1.8667367696762085,61.5876350402832,124.58924865722656
2013-03-27,1.8713337182998657,61.66834259033203,124.58924865722656
2013-03-28,1.8814480304718018,61.82069778442383,124.97212982177734
2013-04-01,1.854478359222412,61.39939498901367,124.47761535644531
2013-04-02,1.8839000463485718,61.883460998535156,125.09178924560547
2013-04-03,1.8495750427246094,61.31874084472656,123.82347106933594
2013-04-04,1.8511062860488892,61.33666229248047,124.32601165771484
2013-04-05,1.819540023803711,60.825767517089844,123.76764678955078
2013-04-08,1.8391541242599487,61.1484489440918,124.605224609375
2013-04-09,1.8624461889266968,61.56074905395508,125.0359115600586
2013-04-10,1.9360002279281616,62.761844635009766,126.56749725341797
2013-04-11,1.9323225021362305,62.73495101928711,126.98230743408203
2013-04-12,1.930789828300476,62.69014358520508,126.67115783691406
2013-04-15,1.8550913333892822,61.45322036743164,123.73573303222656
2013-04-16,1.9047402143478394,62.26887512207031,125.56244659423828
2013-04-17,1.8302662372589111,61.049835205078125,123.72771453857422
2013-04-18,1.7787786722183228,60.207271575927734,122.9539794921875
2013-04-19,1.8281211853027344,61.031917572021484,124.02291107177734
2013-04-22,1.8633655309677124,61.659358978271484,124.57329559326172
2013-04-23,1.8995294570922852,62.25094985961914,125.85758972167969
2013-04-24,1.8979979753494263,62.22405242919922,125.93732452392578
2013-04-25,1.9182246923446655,62.555686950683594,126.44784545898438
2013-04-26,1.9074980020523071,62.35848617553711,126.22447204589844
2013-04-29,1.9421298503875732,62.93217086791992,127.06999969482422
2013-04-30,1.9690991640090942,63.389286041259766,127.37312316894531
2013-05-01,1.9525498151779175,63.09354019165039,126.25638580322266
2013-05-02,2.0009734630584717,63.89125442504883,127.42898559570312
2013-05-03,2.048475980758667,64.64420318603516,128.7212677001953
2013-05-06,2.0634937286376953,64.89515686035156,129.0482940673828
2013-05-07,2.061042547225952,64.85929870605469,129.702392578125
2013-05-08,2.081575393676758,65.17300415039062,130.29266357421875
2013-05-09,2.0775909423828125,65.08335876464844,129.9257049560547
2013-05-10,2.0996575355529785,65.47777557373047,130.34852600097656
2013-05-13,2.106705904006958,65.5584487915039,130.4521942138672
2013-05-14,2.1278533935546875,65.8990478515625,131.8002471923828
2013-05-15,2.1361284255981445,66.03347778320312,132.51025390625
2013-05-16,2.1324501037597656,65.9618148803711,131.88800048828125
2013-05-17,2.171373128890991,66.59820556640625,133.16429138183594
2013-05-20,2.165243148803711,66.4996109008789,133.15638732910156
2013-05-21,2.169227123260498,66.57131958007812,133.3477783203125
2013-05-22,2.134596586227417,65.98868560791016,132.35862731933594
2013-05-23,2.1211113929748535,65.83628845214844,131.9757537841797
2013-05-24,2.1208035945892334,65.80044555664062,131.86407470703125
2013-05-28,2.1477739810943604,66.23070526123047,132.65379333496094
2013-05-29,2.1269330978393555,65.91700744628906,131.7922821044922
2013-05-30,2.1490001678466797,66.26653289794922,132.2788848876953
2013-05-31,2.1091578006744385,65.65705108642578,130.38038635253906
2013-06-03,2.1180458068847656,65.7735824584961,131.09837341308594
2013-06-04,2.095980167388916,65.43295288085938,130.46815490722656
2013-06-05,2.0426533222198486,64.58142852783203,128.6414794921875
2013-06-06,2.0576703548431396,64.89515686035156,129.80606079101562
2013-06-07,2.115900754928589,65.78252410888672,131.45724487304688
2013-06-10,2.118964672088623,65.8094253540039,131.45724487304688
2013-06-11,2.0763657093048096,65.15509796142578,130.10125732421875
2013-06-12,2.027942657470703,64.40213775634766,129.02430725097656
2013-06-13,2.0775909423828125,65.21783447265625,130.98658752441406
2013-06-14,2.0521533489227295,64.78759765625,130.16502380371094
2013-06-17,2.089850664138794,65.4150390625,131.170166015625
2013-06-18,2.124481678009033,65.95281982421875,132.20712280273438
2013-06-19,2.076978921890259,65.21783447265625,130.38038635253906
2013-06-20,1.9755351543426514,63.66714096069336,127.14981842041016
2013-06-21,1.9583728313446045,63.32905197143555,127.55797576904297
2013-06-24,1.9188379049301147,62.69963455200195,125.94617462158203
2013-06-25,1.9455010890960693,63.1581916809082,127.15705871582031
2013-06-26,1.9785996675491333,63.72471237182617,128.41603088378906
2013-06-27,1.9982140064239502,63.99443435668945,129.16976928710938
2013-06-28,2.0000531673431396,64.08440399169922,128.6405487060547
2013-07-01,2.0288612842559814,64.48003387451172,129.3943328857422
2013-07-02,2.029475212097168,64.50701904296875,129.2740936279297
2013-07-03,2.0466365814208984,64.7677230834961,129.33018493652344
2013-07-05,2.0763657093048096,65.26232147216797,130.72543334960938
2013-07-08,2.0800435543060303,65.32523345947266,131.47128295898438
2013-07-09,2.1054799556732178,65.72087097167969,132.41744995117188
2013-07-10,2.130918025970459,66.09851837158203,132.465576171875
2013-07-11,2.2188758850097656,67.41133880615234,134.2698974609375
2013-07-12,2.2351200580596924,67.70807647705078,134.32603454589844
2013-07-15,2.245540142059326,67.8609390258789,134.83924865722656
2013-07-16,2.2397167682647705,67.77103424072266,134.33404541015625
2013-07-17,2.249830484390259,67.94184112548828,134.67884826660156
2013-07-18,2.238490343093872,67.77103424072266,135.4165802001953
2013-07-19,2.193131685256958,67.06965637207031,135.6571502685547
2013-07-22,2.203859806060791,67.26747131347656,135.92178344726562
2013-07-23,2.173517942428589,66.77291870117188,135.63307189941406
2013-07-24,2.1866965293884277,66.98870849609375,135.1359405517578
2013-07-25,2.2127463817596436,67.41133880615234,135.46470642089844
2013-07-26,2.2366514205932617,67.77103424072266,135.6090087890625
2013-07-29,2.2286832332611084,67.64512634277344,135.1920928955078
2013-07-30,2.2513620853424072,68.00480651855469,135.1920928955078
2013-07-31,2.261169910430908,68.13068389892578,135.2882843017578
2013-08-01,2.305914878845215,68.82305908203125,136.85195922851562
2013-08-02,2.3328845500946045,69.20967102050781,137.08453369140625
2013-08-05,2.3362560272216797,69.254638671875,136.88401794433594
2013-08-06,2.308366537094116,68.84104919433594,136.10618591308594
2013-08-07,2.2997851371765137,68.71513366699219,135.6651611328125
2013-08-08,2.3206257820129395,69.05683135986328,136.1623077392578
2013-08-09,2.303769826889038,68.778076171875,135.76943969726562
2013-08-12,2.3123514652252197,68.93993377685547,135.6090087890625
2013-08-13,2.338094711303711,69.32658386230469,136.00999450683594
2013-08-14,2.321851968765259,69.06581115722656,135.31236267089844
2013-08-15,2.244619369506836,67.89691925048828,133.41983032226562
2013-08-16,2.240328788757324,67.86991119384766,132.97885131835938
2013-08-19,2.233280658721924,67.7530517578125,132.1288299560547
2013-08-20,2.2528955936431885,68.04973602294922,132.77830505371094
2013-08-21,2.2372641563415527,67.81597900390625,131.96043395996094
2013-08-22,2.279557704925537,68.48136138916016,133.1632537841797
2013-08-23,2.3120439052581787,68.93993377685547,133.61227416992188
2013-08-26,2.312656879425049,68.97592163085938,133.1150665283203
2013-08-27,2.2170369625091553,67.56419372558594,130.97406005859375
2013-08-28,2.2369582653045654,67.8249740600586,131.43914794921875
2013-08-29,2.267299175262451,68.30150604248047,131.64768981933594
2013-08-30,2.2375710010528564,67.8609390258789,131.23068237304688
2013-09-03,2.2608630657196045,68.24757385253906,131.8240509033203
2013-09-04,2.3117377758026123,68.97592163085938,132.91468811035156
2013-09-05,2.319706439971924,69.09278106689453,133.0830535888672
2013-09-06,2.324915647506714,69.1737289428711,133.147216796875
2013-09-09,2.3782424926757812,69.98300170898438,134.4222412109375
2013-09-10,2.402454376220703,70.32466888427734,135.4165802001953
2013-09-11,2.3935673236846924,70.18980407714844,135.8415985107422
2013-09-12,2.3889694213867188,70.14483642578125,135.48074340820312
2013-09-13,2.3932607173919678,70.18980407714844,135.78543090820312
2013-09-16,2.3794686794281006,70.0009536743164,136.5713348388672
2013-09-17,2.411954402923584,70.4685287475586,137.1807403564453
2013-09-18,2.469266176223755,71.31379699707031,138.76852416992188
2013-09-19,2.4806056022644043,71.48460388183594,138.5360107421875
2013-09-20,2.462829113006592,71.2392807006836,137.56741333007812
2013-09-23,2.452408790588379,71.09500122070312,136.9307861328125
2013-09-24,2.4533298015594482,71.09500122070312,136.60845947265625
2013-09-25,2.4386181831359863,70.85152435302734,136.21363830566406
2013-09-26,2.474782705307007,71.40164184570312,136.73744201660156
2013-09-27,2.469266176223755,71.31143951416016,136.10890197753906
2013-09-30,2.451490879058838,71.14009857177734,135.38363647460938
2013-10-01,2.5063490867614746,71.86161041259766,136.45533752441406
2013-10-02,2.503591299057007,71.83454132080078,136.32643127441406
2013-10-03,2.4459738731384277,70.99578857421875,135.0694122314453
2013-10-04,2.4867348670959473,71.60909271240234,136.0927734375
2013-10-07,2.445667028427124,71.01383972167969,134.91632080078125
2013-10-08,2.354337453842163,69.64298248291016,133.344970703125
2013-10-09,2.3371753692626953,69.42652130126953,133.44168090820312
2013-10-10,2.434020757675171,70.89659118652344,136.31837463378906
2013-10-11,2.474170207977295,71.4557876586914,137.1967315673828
2013-10-14,2.508188486099243,71.9608154296875,137.7446746826172
2013-10-15,2.4894936084747314,71.68122863769531,136.74551391601562
2013-10-16,2.5455782413482666,72.49293518066406,138.65521240234375
2013-10-17,2.5746936798095703,72.90776062011719,139.58193969726562
2013-10-18,2.657747983932495,74.08921813964844,140.52468872070312
2013-10-21,2.668780565261841,74.25157165527344,140.53277587890625
2013-10-22,2.6733782291412354,74.35977935791016,141.34664916992188
2013-10-23,2.6454885005950928,73.90887451171875,140.66973876953125
2013-10-24,2.6675546169281006,74.2335433959961,141.13710021972656
2013-10-25,2.7046384811401367,74.765625,141.7818145751953
2013-10-28,2.7073965072631836,74.78368377685547,142.00735473632812
2013-10-29,2.715059757232666,74.90994262695312,142.7648162841797
2013-10-30,2.710461139678955,74.83778381347656,142.05567932128906
2013-10-31,2.69820237159729,74.66641235351562,141.65289306640625
2013-11-01,2.6991219520568848,74.68447875976562,141.99127197265625
2013-11-04,2.705557346343994,74.7927017211914,142.49087524414062
2013-11-05,2.71321964263916,74.87385559082031,142.0395965576172
2013-11-06,2.711686611175537,74.8558120727539,142.7648162841797
2013-11-07,2.610244035720825,73.44889068603516,140.95974731445312
2013-11-08,2.680734634399414,74.44097900390625,142.86155700683594
2013-11-11,2.6724581718444824,74.32373809814453,142.88572692871094
2013-11-12,2.6795079708099365,74.44097900390625,142.59568786621094
2013-11-13,2.74509334564209,75.34284210205078,143.73988342285156
2013-11-14,2.7601094245910645,75.57733917236328,144.45703125
2013-11-15,2.7708370685577393,75.72164154052734,145.08555603027344
2013-11-18,2.7199628353118896,74.98208618164062,144.57791137695312
2013-11-19,2.7012672424316406,74.765625,144.26368713378906
2013-11-20,2.690847396850586,74.58526611328125,143.8124542236328
2013-11-21,2.7417218685150146,75.34284210205078,144.97279357910156
2013-11-22,2.772982120513916,75.74868774414062,145.69798278808594
2013-11-25,2.785240650177002,75.92904663085938,145.55299377441406
2013-11-26,2.814356565475464,76.32589721679688,145.59317016601562
2013-11-27,2.8529720306396484,76.85800170898438,145.94773864746094
2013-11-29,2.8845388889312744,77.31793975830078,145.8511199951172
2013-12-02,2.869828224182129,77.09248352050781,145.47242736816406
2013-12-03,2.86523175239563,77.02935028076172,144.84384155273438
2013-12-04,2.8707475662231445,77.10153198242188,144.82769775390625
2013-12-05,2.865537643432617,77.0022964477539,144.19110107421875
2013-12-06,2.9056856632232666,77.56148529052734,145.80270385742188
2013-12-09,2.9283652305603027,77.87713623046875,146.1734161376953
2013-12-10,2.9249932765960693,77.82299041748047,145.64962768554688
2013-12-11,2.8502132892608643,76.82195281982422,144.0138397216797
2013-12-12,2.8364224433898926,76.62350463867188,143.5384521484375
2013-12-13,2.8272290229797363,76.52430725097656,143.5222930908203
2013-12-16,2.858182191848755,76.94818878173828,144.41671752929688
2013-12-17,2.8480684757232666,76.79486846923828,143.9574432373047
2013-12-18,2.9142677783966064,77.68770599365234,146.4151611328125
2013-12-19,2.89526629447937,77.47129821777344,146.2459716796875
2013-12-20,2.9534964561462402,78.26018524169922,147.0966033935547
2013-12-23,3.0160162448883057,79.08353424072266,147.88250732421875
2013-12-24,3.020000696182251,79.11968231201172,148.2065887451172
2013-12-26,3.0386962890625,79.38208770751953,148.96002197265625
2013-12-27,3.0230655670166016,79.18305969238281,148.95191955566406
2013-12-30,3.01387095451355,79.0654296875,148.92764282226562
2013-12-31,3.0524868965148926,79.58111572265625,149.63247680664062
2014-01-02,3.005596876144409,78.95685577392578,148.19851684570312
2014-01-03,2.962996006011963,78.38689422607422,148.1741485595703
2014-01-06,2.9387850761413574,78.09733581542969,147.7447967529297
2014-01-07,2.992417573928833,78.82115173339844,148.6521453857422
2014-01-08,3.007741689682007,78.99305725097656,148.68455505371094
2014-01-09,2.986288547515869,78.73065948486328,148.7818603515625
2014-01-10,3.005596876144409,78.98400115966797,149.18690490722656
2014-01-13,2.9145731925964355,77.81690216064453,147.20191955566406
2014-01-14,3.028275489807129,79.30067443847656,148.8061065673828
2014-01-15,3.0763912200927734,79.95206451416016,149.60816955566406
2014-01-16,3.079763412475586,79.9611587524414,149.41375732421875
2014-01-17,3.0435996055603027,79.50873565673828,148.7818603515625
2014-01-21,3.0895705223083496,80.11492156982422,149.21929931640625
2014-01-22,3.107651710510254,80.32299041748047,149.31655883789062
2014-01-23,3.085279703140259,80.05160522460938,148.09315490722656
2014-01-24,2.9596259593963623,78.47737121582031,144.9334259033203
2014-01-27,2.9066052436828613,77.7173843383789,144.220458984375
2014-01-28,2.9023144245147705,77.67213439941406,145.07925415039062
2014-01-29,2.8407139778137207,76.83975219726562,143.68577575683594
2014-01-30,2.9406239986419678,78.26018524169922,145.2088623046875
2014-01-31,2.92805814743042,78.05211639404297,144.35816955566406
2014-02-03,2.7965807914733887,76.26073455810547,141.10939025878906
2014-02-04,2.8342771530151367,76.8216781616211,142.09780883789062
2014-02-05,2.819565534591675,76.62264251708984,141.91957092285156
2014-02-06,2.888829469680786,77.5997314453125,143.79107666015625
2014-02-07,2.992112159729004,78.98400115966797,145.573486328125
2014-02-10,3.027355909347534,79.43634033203125,145.84083557128906
2014-02-11,3.096005916595459,80.34109497070312,147.43692016601562
2014-02-12,3.1082651615142822,80.49491882324219,147.50979614257812
2014-02-13,3.153623342514038,81.092041015625,148.2713623046875
2014-02-14,3.1677205562591553,81.25489807128906,149.08966064453125
2014-02-18,3.1986753940582275,81.65299224853516,149.26788330078125
2014-02-19,3.155155658721924,81.092041015625,148.27951049804688
2014-02-20,3.1808998584747314,81.47207641601562,149.15452575683594
2014-02-21,3.1720118522644043,81.36347198486328,148.98434448242188
2014-02-24,3.210014581680298,81.7977294921875,149.8107452392578
2014-02-25,3.2002077102661133,81.70726013183594,149.7540283203125
2014-02-26,3.194998264312744,81.63493347167969,149.76211547851562
2014-02-27,3.237291097640991,82.16455078125,150.54798889160156
2014-02-28,3.228403091430664,82.07367706298828,150.9287872314453
2014-03-03,3.181206226348877,81.46500396728516,149.86744689941406
2014-03-04,3.2624216079711914,82.50067901611328,151.97390747070312
2014-03-05,3.2805042266845703,82.72781372070312,152.11166381835938
2014-03-06,3.2728426456451416,82.6551742553711,152.46002197265625
2014-03-07,3.24096941947937,82.24629974365234,152.52487182617188
2014-03-10,3.2458724975585938,82.31900024414062,152.44383239746094
2014-03-11,3.219515800476074,81.96468353271484,151.6903533935547
2014-03-12,3.2418882846832275,82.2735824584961,151.73086547851562
2014-03-13,3.1520917415618896,81.11070251464844,150.0294952392578
2014-03-14,3.1067330837249756,80.55652618408203,149.60816955566406
2014-03-17,3.1634302139282227,81.26514434814453,150.96121215820312
2014-03-18,3.2391300201416016,82.24629974365234,152.03875732421875
2014-03-19,3.205418586730957,81.80113983154297,151.2285614013672
2014-03-20,3.221048593521118,82.02828979492188,152.11166381835938
2014-03-21,3.142590284347534,81.04117584228516,151.5216827392578
2014-03-24,3.089876890182495,80.33098602294922,150.89505004882812
2014-03-25,3.107959747314453,80.59502410888672,151.61117553710938
2014-03-26,3.0279691219329834,79.55699920654297,150.52073669433594
2014-03-27,2.9942567348480225,79.11077880859375,150.203369140625
2014-03-28,3.006822347640991,79.26557159423828,150.9439239501953
2014-03-31,3.0478897094726562,79.83015441894531,152.18081665039062
2014-04-01,3.1542367935180664,81.23242950439453,153.18988037109375
2014-04-02,3.1710922718048096,81.44188690185547,153.7025909423828
2014-04-03,3.121443748474121,80.79535675048828,153.49913024902344
2014-04-04,2.952883243560791,78.64639282226562,151.68438720703125
2014-04-07,2.900169849395752,77.89972686767578,150.00808715820312
2014-04-08,2.9510440826416016,78.61906433105469,150.62657165527344
2014-04-09,3.053100109100342,79.96674346923828,152.24591064453125
2014-04-10,2.864619493484497,77.48998260498047,149.0478973388672
2014-04-11,2.7981128692626953,76.58849334716797,147.7051239013672
2014-04-14,2.8407139778137207,77.18944549560547,148.8688507080078
2014-04-15,2.858794927597046,77.44446563720703,149.89418029785156
2014-04-16,2.9332683086395264,78.4734115600586,151.4647216796875
2014-04-17,2.9351084232330322,78.4916000366211,151.67630004882812
2014-04-21,2.979545831680298,79.07435607910156,152.2052764892578
2014-04-22,3.027663469314575,79.70267486572266,152.8969268798828
2014-04-23,2.9731101989746094,79.00151824951172,152.5388641357422
2014-04-24,3.031033992767334,79.75733184814453,152.84811401367188
2014-04-25,2.9332683086395264,78.48249053955078,151.5949249267578
2014-04-28,2.9544148445129395,78.73745727539062,152.07504272460938
2014-04-29,2.998854398727417,79.36576080322266,152.7830047607422
2014-04-30,3.014791250228882,79.57516479492188,153.23870849609375
2014-05-01,3.0340983867645264,79.81193542480469,153.25503540039062
2014-05-02,3.0224523544311523,79.66624450683594,153.03521728515625
2014-05-05,3.053100109100342,80.08512115478516,153.32821655273438
2014-05-06,2.9734160900115967,79.04707336425781,151.99363708496094
2014-05-07,2.955334424972534,78.81941986083984,152.8887481689453
2014-05-08,2.950737237930298,78.74656677246094,152.72601318359375
2014-05-09,2.9734160900115967,79.03797149658203,152.95388793945312
2014-05-12,3.068730354309082,80.340087890625,154.4430694580078
2014-05-13,3.072713851928711,80.39469146728516,154.58139038085938
2014-05-14,3.040534734725952,79.97584533691406,153.8489990234375
2014-05-15,2.994562864303589,79.34754943847656,152.4981689453125
2014-05-16,3.0331790447235107,79.8665542602539,153.02716064453125
2014-05-19,3.0770046710968018,80.4220199584961,153.588623046875
2014-05-20,3.0540196895599365,80.130615234375,152.62020874023438
2014-05-21,3.1116366386413574,80.89550018310547,153.90599060058594
2014-05-22,3.1370739936828613,81.25065612792969,154.28033447265625
2014-05-23,3.1842713356018066,81.84251403808594,154.8987579345703
2014-05-27,3.2645673751831055,82.86235809326172,155.85084533691406
2014-05-28,3.2428078651428223,82.607421875,155.7369384765625
2014-05-29,3.283569097518921,83.13551330566406,156.54254150390625
2014-05-30,3.2857136726379395,83.1446762084961,156.79483032226562
2014-06-02,3.2774386405944824,83.06270599365234,156.9738006591797
2014-06-03,3.275907278060913,83.02629852294922,156.8924560546875
2014-06-04,3.297973155975342,83.33588409423828,157.20986938476562
2014-06-05,3.3546712398529053,84.03701782226562,158.23516845703125
2014-06-06,3.3926737308502197,84.51962280273438,158.99203491210938
2014-06-09,3.3874640464782715,84.45587921142578,159.15472412109375
2014-06-10,3.397883653640747,84.60155487060547,159.17100524902344
2014-06-11,3.396045207977295,84.58334350585938,158.61761474609375
2014-06-12,3.3381216526031494,83.81849670410156,157.49464416503906
2014-06-13,3.3562045097351074,84.06431579589844,157.97476196289062
2014-06-16,3.361412763595581,84.13717651367188,158.10494995117188
2014-06-17,3.3647847175598145,84.1827163696289,158.54441833496094
2014-06-18,3.405852794647217,84.65621185302734,159.7080841064453
2014-06-19,3.3984968662261963,84.60155487060547,159.88710021972656
2014-06-20,3.4049320220947266,84.70108795166016,160.21170043945312
2014-06-23,3.4067718982696533,84.7193603515625,160.16265869140625
2014-06-24,3.400641679763794,84.63719177246094,159.1977996826172
2014-06-25,3.4445388317108154,85.1758804321289,159.91738891601562
2014-06-26,3.4473021030426025,85.22149658203125,159.8029022216797
2014-06-27,3.476156711578369,85.59587860107422,160.1136016845703
2014-06-30,3.4902777671813965,85.7419204711914,160.0318145751953
2014-07-01,3.567328453063965,86.68232727050781,161.10299682617188
2014-07-02,3.5780720710754395,86.82842254638672,161.2664794921875
2014-07-03,3.6201276779174805,87.37623596191406,162.05966186523438
2014-07-07,3.5992534160614014,87.11146545410156,161.49545288085938
2014-07-08,3.5142221450805664,86.06150817871094,160.45703125
2014-07-09,3.56579327583313,86.7005844116211,161.176513671875
2014-07-10,3.5436906814575195,86.42667388916016,160.53878784179688
2014-07-11,3.5857462882995605,86.98365020751953,160.75953674316406
2014-07-14,3.6327130794525146,87.50407409667969,161.5690155029297
2014-07-15,3.607541084289551,87.2027587890625,161.2664794921875
2014-07-16,3.6348628997802734,87.54972076416016,161.86338806152344
2014-07-17,3.5390865802764893,86.39017486572266,160.0236053466797
2014-07-18,3.6474475860595703,87.75973510742188,161.6590118408203
2014-07-21,3.6391611099243164,87.65016174316406,161.35641479492188
2014-07-22,3.688582181930542,88.20708465576172,162.05966186523438
2014-07-23,3.7337074279785156,88.77316284179688,162.4194793701172
2014-07-24,3.726339817047119,88.6727294921875,162.42755126953125
2014-07-25,3.6934938430786133,88.32577514648438,161.6671600341797
2014-07-28,3.69779109954834,88.35314178466797,161.73252868652344
2014-07-29,3.6867406368255615,88.19799041748047,161.03756713867188
2014-07-30,3.714982032775879,88.5448989868164,161.06207275390625
2014-07-31,3.5633373260498047,86.75537109375,157.88134765625
2014-08-01,3.5378596782684326,86.43585968017578,157.3989715576172
2014-08-04,3.584211826324463,87.02926635742188,158.53549194335938
2014-08-05,3.5311052799224854,86.36280822753906,156.99826049804688
2014-08-06,3.5240445137023926,86.29888916015625,157.04737854003906
2014-08-07,3.5031707286834717,86.02498626708984,156.1969757080078
2014-08-08,3.551980495452881,86.64581298828125,158.00405883789062
2014-08-11,3.5949559211730957,87.1571273803711,158.46189880371094
2014-08-12,3.5897367000579834,87.12059020996094,158.24114990234375
2014-08-13,3.6680147647857666,88.042724609375,159.31227111816406
2014-08-14,3.7057723999023438,88.4992446899414,160.0644989013672
2014-08-15,3.7401533126831055,88.92837524414062,160.0318145751953
2014-08-18,3.7994000911712646,89.6131362915039,161.3727569580078
2014-08-19,3.8411481380462646,90.11530303955078,162.2149658203125
2014-08-20,3.8432960510253906,90.11530303955078,162.64830017089844
2014-08-21,3.856496810913086,90.29788970947266,163.12254333496094
2014-08-22,3.8672404289245605,90.43485260009766,162.86907958984375
2014-08-25,3.895481586456299,90.75442504882812,163.69488525390625
2014-08-26,3.904691457748413,90.8457260131836,163.80120849609375
2014-08-27,3.904998540878296,90.86397552490234,163.73582458496094
2014-08-28,3.8936400413513184,90.7635726928711,163.64590454101562
2014-08-29,3.9249515533447266,91.10140228271484,164.11195373535156
2014-09-02,3.947360038757324,91.36615753173828,164.03018188476562
2014-09-03,3.901007652282715,90.82746124267578,163.94024658203125
2014-09-04,3.8905701637268066,90.7452621459961,163.70306396484375
2014-09-05,3.934159755706787,91.20182037353516,164.43902587890625
2014-09-08,3.946747303009033,91.37527465820312,164.0138397216797
2014-09-09,3.8822829723358154,90.61747741699219,162.9754180908203
2014-09-10,3.942448854446411,91.36615753173828,163.58863830566406
2014-09-11,3.9393787384033203,91.29308319091797,163.7766876220703
2014-09-12,3.8976311683654785,90.82746124267578,162.820068359375
2014-09-15,3.820888042449951,89.9509506225586,162.69737243652344
2014-09-16,3.8881139755249023,90.73617553710938,163.92384338378906
2014-09-17,3.9022350311279297,90.87310791015625,164.14463806152344
2014-09-18,3.9587180614471436,91.557861328125,165.01951599121094
2014-09-19,3.9516589641571045,91.50114440917969,164.87086486816406
2014-09-22,3.881054162979126,90.64999389648438,163.59754943847656
2014-09-23,3.8595662117004395,90.40291595458984,162.66102600097656
2014-09-24,3.9418342113494873,91.37303161621094,163.93438720703125
2014-09-25,3.776683807373047,89.45109558105469,161.28921508789062
2014-09-26,3.858952522277832,90.40291595458984,162.57073974609375
2014-09-29,3.8475937843322754,90.2839126586914,162.27496337890625
2014-09-30,3.8592584133148193,90.41204833984375,161.8478546142578
2014-10-01,3.7343215942382812,88.966064453125,159.65444946289062
2014-10-02,3.731865882873535,88.966064453125,159.67913818359375
2014-10-03,3.806767463684082,89.84463500976562,161.43710327148438
2014-10-06,3.790191173553467,89.6524429321289,161.24810791015625
2014-10-07,3.6830573081970215,88.38030242919922,158.75906372070312
2014-10-08,3.8294835090637207,90.10088348388672,161.53565979003906
2014-10-09,3.7008609771728516,88.64576721191406,158.3319091796875
2014-10-10,3.5154500007629395,86.43096160888672,156.524658203125
2014-10-13,3.407088279724121,85.07646942138672,153.9534149169922
2014-10-14,3.4055542945861816,85.08565521240234,154.1916961669922
2014-10-15,3.364419460296631,84.53653717041016,153.14834594726562
2014-10-16,3.319908857345581,84.00572967529297,153.0169219970703
2014-10-17,3.408623218536377,85.11306762695312,154.8241729736328
2014-10-20,3.509310007095337,86.38520050048828,156.3274688720703
2014-10-21,3.6928796768188477,88.6549072265625,159.42445373535156
2014-10-22,3.6535868644714355,88.19731140136719,158.29083251953125
2014-10-23,3.765632390975952,89.5242919921875,160.1309051513672
2014-10-24,3.8230361938476562,90.25647735595703,161.3631134033203
2014-10-27,3.83316707611084,90.32056427001953,161.1413116455078
2014-10-28,3.946438789367676,91.68418884277344,162.9897003173828
2014-10-29,3.9160492420196533,91.34555053710938,162.7432403564453
2014-10-30,3.935081958770752,91.53772735595703,163.7864990234375
2014-10-31,4.041600704193115,92.80071258544922,165.65948486328125
2014-11-03,4.064930438995361,93.07525634765625,165.74986267089844
2014-11-04,4.039759159088135,92.76409149169922,165.17481994628906
2014-11-05,4.037302494049072,92.77327728271484,166.21804809570312
2014-11-06,4.06431770324707,93.06610870361328,166.8834686279297
2014-11-07,4.055108070373535,92.9837646484375,167.03956604003906
2014-11-10,4.086113452911377,93.31321716308594,167.5653076171875
2014-11-11,4.10944128036499,93.6061019897461,167.7295684814453
2014-11-12,4.124790668487549,93.77084350585938,167.548828125
2014-11-13,4.1591715812683105,94.1734848022461,167.73779296875
2014-11-14,4.184035301208496,94.46636962890625,167.77890014648438
2014-11-17,4.158250331878662,94.18267059326172,167.88565063476562
2014-11-18,4.223023414611816,94.88738250732422,168.85501098632812
2014-11-19,4.184035301208496,94.45721435546875,168.58395385742188
2014-11-20,4.221794128417969,94.87818145751953,168.87965393066406
2014-11-21,4.237448692321777,95.0612564086914,169.78335571289062
2014-11-24,4.304983615875244,95.80254364013672,170.25970458984375
2014-11-25,4.317875862121582,95.94898223876953,170.13656616210938
2014-11-26,4.374053001403809,96.57129669189453,170.57196044921875
2014-11-28,4.41303825378418,97.01976776123047,170.21047973632812
2014-12-01,4.312349319458008,95.92150115966797,169.0275421142578
2014-12-02,4.346731185913086,96.3059310913086,170.1201171875
2014-12-03,4.364230155944824,96.47979736328125,170.7772674560547
2014-12-04,4.357475280761719,96.43403625488281,170.5883331298828
2014-12-05,4.359624862670898,96.44317626953125,170.86766052246094
2014-12-08,4.2948527336120605,95.75679779052734,169.72579956054688
2014-12-09,4.326470851898193,96.05879974365234,169.6107940673828
2014-12-10,4.188333034515381,94.5487289428711,166.89169311523438
2014-12-11,4.228547096252441,94.9971923828125,167.73779296875
2014-12-12,4.136455535888672,93.96300506591797,165.02691650390625
2014-12-15,4.052037239074707,92.9928970336914,163.8932647705078
2014-12-16,3.9185049533843994,91.50114440917969,162.5789031982422
2014-12-17,4.057870864868164,93.16678619384766,165.7662811279297
2014-12-18,4.258323669433594,95.40901947021484,169.86546325683594
2014-12-19,4.286871910095215,95.82882690429688,170.58816528320312
2014-12-22,4.316357612609863,96.06767272949219,171.3729248046875
2014-12-23,4.288100242614746,95.7278060913086,171.6041717529297
2014-12-24,4.293015956878662,95.81046295166016,171.62074279785156
2014-12-26,4.3538312911987305,96.4902114868164,172.17417907714844
2014-12-29,4.351987838745117,96.47186279296875,172.4053955078125
2014-12-30,4.290249347686768,95.82882690429688,171.48031616210938
2014-12-31,4.199949264526367,94.84590911865234,169.77870178222656
2015-01-02,4.182442665100098,94.5611801147461,169.6878662109375
2015-01-05,4.054975509643555,93.17404174804688,166.6233367919922
2015-01-06,3.948087453842163,91.92477416992188,165.05392456054688
2015-01-07,4.0466814041137695,93.10973358154297,167.11070251464844
2015-01-08,4.201484680175781,94.891845703125,170.07606506347656
2015-01-09,4.147426605224609,94.2671890258789,168.71311950683594
2015-01-12,4.062039852142334,93.28428649902344,167.39149475097656
2015-01-13,4.055896282196045,93.2567367553711,166.9207305908203
2015-01-14,4.015660285949707,92.7422866821289,165.9130096435547
2015-01-15,3.9096932411193848,91.5389175415039,164.39308166503906
2015-01-16,4.001837730407715,92.61369323730469,166.54904174804688
2015-01-20,4.0635762214660645,93.34859466552734,166.9041748046875
2015-01-21,4.104732990264893,93.82627868652344,167.74673461914062
2015-01-22,4.25646448135376,95.56241607666016,170.24127197265625
2015-01-23,4.2748942375183105,95.7737045288086,169.30784606933594
2015-01-26,4.266292572021484,95.66345977783203,169.7043914794922
2015-01-27,4.047603607177734,93.1832504272461,167.46588134765625
2015-01-28,4.003373146057129,92.70555877685547,165.31825256347656
2015-01-29,4.076781749725342,93.59664916992188,166.84637451171875
2015-01-30,4.017196178436279,92.87091827392578,164.74826049804688
2015-02-02,4.085382461547852,93.67928314208984,166.78855895996094
2015-02-03,4.163704872131348,94.57950592041016,169.20050048828125
2015-02-04,4.154184341430664,94.49684143066406,168.55624389648438
2015-02-05,4.2269768714904785,95.31436920166016,170.2577667236328
2015-02-06,4.175684928894043,94.73567199707031,169.78695678710938
2015-02-09,4.148654937744141,94.43255615234375,169.02700805664062
2015-02-10,4.278271675109863,95.90233612060547,170.82777404785156
2015-02-11,4.310216426849365,96.25139617919922,170.92689514160156
2015-02-12,4.408504009246826,97.37208557128906,172.5706024169922
2015-02-13,4.4837541580200195,98.20800018310547,173.28097534179688
2015-02-17,4.49266242980957,98.29988861083984,173.55355834960938
2015-02-18,4.505868911743164,98.43766784667969,173.57008361816406
2015-02-19,4.54979133605957,98.92451477050781,173.44622802734375
2015-02-20,4.610299110412598,99.58592224121094,174.48696899414062
2015-02-23,4.621048927307129,99.68697357177734,174.4622039794922
2015-02-24,4.626884937286377,99.76045227050781,174.95782470703125
2015-02-25,4.602928161621094,99.51240539550781,174.8091583251953
2015-02-26,4.649613380432129,100.01763153076172,174.6026611328125
2015-02-27,4.609070301055908,99.57671356201172,174.00790405273438
2015-03-02,4.691999435424805,100.47697448730469,175.10653686523438
2015-03-03,4.645928382873535,100.00846099853516,174.38783264160156
2015-03-04,4.6124491691589355,99.6226806640625,173.65272521972656
2015-03-05,4.6265788078308105,99.79719543457031,173.84271240234375
2015-03-06,4.51969051361084,98.66732025146484,171.397705078125
2015-03-09,4.544877529144287,98.95207977294922,172.1081085205078
2015-03-10,4.381781578063965,97.11487579345703,169.3161163330078
2015-03-11,4.328644752502441,96.55453491210938,168.91964721679688
2015-03-12,4.387308597564697,97.18836975097656,171.06729125976562
2015-03-13,4.346765995025635,96.76580047607422,170.01824951171875
2015-03-16,4.46133279800415,98.01508331298828,172.2897186279297
2015-03-17,4.472390174865723,98.17124938964844,171.77764892578125
2015-03-18,4.561769485473633,99.13581085205078,173.84271240234375
2015-03-19,4.5740556716918945,99.28276824951172,173.0497283935547
2015-03-20,4.637021064758301,99.92543029785156,174.57720947265625
2015-03-23,4.613985061645508,99.73209381103516,174.23696899414062
2015-03-24,4.581120014190674,99.3730239868164,173.25799560546875
2015-03-25,4.370888710021973,97.09880828857422,170.71913146972656
2015-03-26,4.341693878173828,96.76734924316406,170.31260681152344
2015-03-27,4.377034664154053,97.1540756225586,170.70252990722656
2015-03-30,4.483670711517334,98.26815032958984,172.78506469726562
2015-03-31,4.3807220458984375,97.22775268554688,171.27500915527344
2015-04-01,4.335548400878906,96.7213363647461,170.6693115234375
2015-04-02,4.339850425720215,96.78579711914062,171.28330993652344
2015-04-06,4.411145210266113,97.57759857177734,172.43658447265625
2015-04-07,4.39578104019165,97.4118881225586,171.980224609375
2015-04-08,4.465539932250977,98.18528747558594,172.56105041503906
2015-04-09,4.5214715003967285,98.80217742919922,173.32435607910156
2015-04-10,4.55773401260376,99.20726776123047,174.27020263671875
2015-04-13,4.534378528594971,98.95867919921875,173.48199462890625
2015-04-14,4.50917911529541,98.67325592041016,173.8138427734375
2015-04-15,4.562036514282227,99.29014587402344,174.5937957763672
2015-04-16,4.550972938537598,99.15205383300781,174.54405212402344
2015-04-17,4.4108405113220215,97.60523223876953,172.53611755371094
2015-04-20,4.542062282562256,99.06917572021484,174.112548828125
2015-04-21,4.57955265045166,99.49269104003906,173.9051055908203
2015-04-22,4.629031658172607,100.03591918945312,174.7597198486328
2015-04-23,4.6662139892578125,100.41341400146484,175.1995086669922
2015-04-24,4.789752960205078,101.77606964111328,175.60601806640625
2015-04-27,4.767934799194336,101.51829528808594,174.8759002685547
2015-04-28,4.7455010414123535,101.31571960449219,175.43179321289062
2015-04-29,4.688650131225586,100.680419921875,174.7099609375
2015-04-30,4.537759304046631,99.0967788696289,172.95928955078125
2015-05-01,4.661297798156738,100.4041976928711,174.8343963623047
2015-05-04,4.673898220062256,100.5699234008789,175.33226013183594
2015-05-05,4.525465488433838,98.9310531616211,173.32435607910156
2015-05-06,4.464926242828369,98.24974822998047,172.61082458496094
2015-05-07,4.5134806632995605,98.83899688720703,173.29946899414062
2015-05-08,4.624420166015625,100.07275390625,175.5811309814453
2015-05-11,4.5869293212890625,99.68604278564453,174.74313354492188
2015-05-12,4.548515319824219,99.23490142822266,174.22044372558594
2015-05-13,4.5660319328308105,99.43748474121094,174.25360107421875
2015-05-14,4.698175430297852,100.89218139648438,176.07066345214844
2015-05-15,4.700325965881348,100.89218139648438,176.261474609375
2015-05-18,4.7405829429626465,101.3341293334961,176.80914306640625
2015-05-19,4.72798490524292,101.2236557006836,176.75099182128906
2015-05-20,4.733209133148193,101.28809356689453,176.6265411376953
2015-05-21,4.784222602844238,101.8128890991211,177.1409912109375
2015-05-22,4.778076648712158,101.71162414550781,176.71783447265625
2015-05-26,4.663756370544434,100.54232025146484,174.8177947998047
2015-05-27,4.813724994659424,102.16275787353516,176.47723388671875
2015-05-28,4.792827606201172,101.93260955810547,176.27809143066406
2015-05-29,4.738741397857666,101.324951171875,175.18289184570312
2015-06-01,4.765168190002441,101.66559600830078,175.53968811035156
2015-06-02,4.736281394958496,101.34334564208984,175.36538696289062
2015-06-03,4.763940334320068,101.64717102050781,175.83001708984375
2015-06-04,4.695101261138916,100.87376403808594,174.3448486328125
2015-06-05,4.6705169677734375,100.63441467285156,174.04620361328125
2015-06-08,4.576479434967041,99.6124038696289,172.975830078125
2015-06-09,4.561728000640869,99.44666290283203,172.95098876953125
2015-06-10,4.679736614227295,100.809326171875,175.02523803710938
2015-06-11,4.696331024169922,100.95665740966797,175.58944702148438
2015-06-12,4.619502544403076,100.12797546386719,174.24534606933594
2015-06-15,4.575863838195801,99.63081359863281,173.4985809326172
2015-06-16,4.621962070465088,100.17402648925781,174.4444122314453
2015-06-17,4.647775173187256,100.45024871826172,174.7265167236328
2015-06-18,4.7799201011657715,101.9141845703125,176.54359436035156
2015-06-19,4.734437942504883,101.41033172607422,175.75991821289062
2015-06-22,4.804503917694092,102.1578140258789,176.6603240966797
2015-06-23,4.813108444213867,102.24087524414062,176.7853546142578
2015-06-24,4.765782833099365,101.7148666381836,175.50148010253906
2015-06-25,4.743042469024658,101.51182556152344,174.9678192138672
2015-06-26,4.685267448425293,100.83817291259766,174.9345245361328
2015-06-29,4.465848445892334,98.4572525024414,171.26602172851562
2015-06-30,4.495964527130127,98.80791473388672,171.6245574951172
2015-07-01,4.564187526702881,99.59233856201172,173.000244140625
2015-07-02,4.567875385284424,99.62003326416016,172.84178161621094
2015-07-06,4.546363830566406,99.38931274414062,172.3498992919922
2015-07-07,4.564187526702881,99.63848876953125,173.4337158203125
2015-07-08,4.407459735870361,97.9035415649414,170.5240478515625
2015-07-09,4.401311874389648,97.8481674194336,170.8324737548828
2015-07-10,4.53898811340332,99.34317016601562,172.9835968017578
2015-07-13,4.693258285522461,101.08732604980469,174.89279174804688
2015-07-14,4.755949020385742,101.75179290771484,175.65147399902344
2015-07-15,4.767014026641846,101.86249542236328,175.59312438964844
2015-07-16,4.899771690368652,103.3021240234375,177.0021514892578
2015-07-17,5.04236364364624,104.82481384277344,177.15219116210938
2015-07-20,5.081084728240967,105.1847152709961,177.24395751953125
2015-07-21,5.071250915527344,105.1201400756836,176.54359436035156
2015-07-22,4.961233615875244,103.92965698242188,176.22682189941406
2015-07-23,4.91943883895874,103.54207611083984,175.23458862304688
2015-07-24,4.826015472412109,102.52696228027344,173.41709899902344
2015-07-27,4.743042469024658,101.67794799804688,172.40826416015625
2015-07-28,4.824787616729736,102.55462646484375,174.5259246826172
2015-07-29,4.864738464355469,102.94224548339844,175.72653198242188
2015-07-30,4.908376216888428,103.43134307861328,175.76820373535156
2015-07-31,4.896697998046875,103.31134033203125,175.50148010253906
2015-08-03,4.869655132293701,102.98836517333984,174.90951538085938
2015-08-04,4.846915245056152,102.79460906982422,174.56761169433594
2015-08-05,4.92066764831543,103.58818817138672,175.14292907714844
2015-08-06,4.767014026641846,101.92710876464844,173.70889282226562
2015-08-07,4.751033306121826,101.79792785644531,173.37535095214844
2015-08-10,4.8585920333862305,102.96070098876953,175.55982971191406
2015-08-11,4.736896991729736,101.64104461669922,173.9756622314453
2015-08-12,4.765168190002441,101.99170684814453,174.18414306640625
2015-08-13,4.747960090637207,101.82559967041016,173.96739196777344
2015-08-14,4.76332426071167,101.98247528076172,174.60098266601562
2015-08-17,4.842611312866211,102.83148193359375,175.57643127441406
2015-08-18,4.795898914337158,102.30548095703125,175.0679168701172
2015-08-19,4.731363773345947,101.63176727294922,173.6838836669922
2015-08-20,4.471993446350098,98.8171615600586,170.0572052001953
2015-08-21,4.088469505310059,94.4982681274414,164.93801879882812
2015-08-24,3.780543804168701,90.86231994628906,157.99293518066406
2015-08-25,3.736290454864502,90.5208740234375,156.1337432861328
2015-08-26,4.110595226287842,95.07965850830078,162.1282958984375
2015-08-27,4.317107200622559,97.48826599121094,166.1385955810547
2015-08-28,4.322025775909424,97.46984100341797,166.1468963623047
2015-08-31,4.210780143737793,96.26090240478516,164.8045654296875
2015-09-01,3.956324577331543,93.25248718261719,159.885498046875
2015-09-02,4.170829772949219,95.8825454711914,162.92037963867188
2015-09-03,4.125347137451172,95.4118881225586,163.0370635986328
2015-09-04,4.028850078582764,94.2768325805664,160.56915283203125
2015-09-08,4.255031108856201,96.93456268310547,164.60443115234375
2015-09-09,4.161608695983887,95.84561157226562,162.40342712402344
2015-09-10,4.248271465301514,96.88842010498047,163.28720092773438
2015-09-11,4.296210765838623,97.42369079589844,164.0291748046875
2015-09-14,4.269783020019531,97.12837219238281,163.4206085205078
2015-09-15,4.368736743927002,98.2726821899414,165.46324157714844
2015-09-16,4.4197516441345215,98.82637023925781,166.89727783203125
2015-09-17,4.42405366897583,98.86329650878906,166.5220489501953
2015-09-18,4.30112886428833,97.4571762084961,163.80084228515625
2015-09-21,4.326327800750732,97.76245880126953,164.64732360839844
2015-09-22,4.197872638702393,96.30084228515625,162.51025390625
2015-09-23,4.200331211090088,96.37484741210938,162.2504425048828
2015-09-24,4.1745171546936035,96.0232925415039,161.66378784179688
2015-09-25,4.100762367248535,95.2092514038086,161.6218719482422
2015-09-28,3.8672051429748535,92.49876403808594,157.5655975341797
2015-09-29,3.829099178314209,92.01769256591797,157.65777587890625
2015-09-30,3.9981203079223633,94.13612365722656,160.59942626953125
2015-10-01,4.034997463226318,94.5616683959961,161.0184783935547
2015-10-02,4.1763596534729,96.21756744384766,163.42373657226562
2015-10-05,4.299899578094482,97.5959243774414,166.33181762695312
2015-10-06,4.259334087371826,97.1333999633789,165.7619171142578
2015-10-07,4.30727481842041,97.71620178222656,167.1195831298828
2015-10-08,4.341693878173828,98.10474395751953,168.62814331054688
2015-10-09,4.377957820892334,98.54877471923828,168.728759765625
2015-10-12,4.403156280517578,98.78932189941406,168.88800048828125
2015-10-13,4.3423075675964355,98.15094757080078,167.8236083984375
2015-10-14,4.332474708557129,97.99373626708984,167.01901245117188
2015-10-15,4.474451541900635,99.60334777832031,169.5835723876953
2015-10-16,4.513788223266602,100.01966857910156,170.35455322265625
2015-10-19,4.5648016929626465,100.59322357177734,170.43836975097656
2015-10-20,4.5174760818481445,100.07514190673828,170.22048950195312
2015-10-21,4.460315704345703,99.46460723876953,169.16448974609375
2015-10-22,4.64285945892334,101.49052429199219,172.02235412597656
2015-10-23,4.9022297859191895,104.33052062988281,173.90798950195312
2015-10-26,4.909604072570801,104.3952865600586,173.48057556152344
2015-10-27,4.926199436187744,104.60804748535156,173.1453399658203
2015-10-28,5.009174346923828,105.47762298583984,175.11480712890625
2015-10-29,4.993807792663574,105.31109619140625,175.0142364501953
2015-10-30,4.950170993804932,104.83932495117188,174.2599639892578
2015-11-02,5.063260555267334,106.02342224121094,176.32164001464844
2015-11-03,5.0970635414123535,106.3934555053711,176.8328399658203
2015-11-04,5.098293781280518,106.40269470214844,176.29649353027344
2015-11-05,5.063875198364258,106.11592102050781,176.12051391601562
2015-11-06,5.076168060302734,106.18993377685547,176.0283203125
2015-11-09,4.968608379364014,105.06133270263672,174.38571166992188
2015-11-10,4.938492298126221,104.79306030273438,174.78793334960938
2015-11-11,4.928659439086914,104.66354370117188,174.10073852539062
2015-11-12,4.831548690795898,103.64598083496094,171.6703643798828
2015-11-13,4.643472671508789,101.61076354980469,169.74278259277344
2015-11-16,4.775617599487305,103.07239532470703,172.3240203857422
2015-11-17,4.781764030456543,103.13717651367188,172.1983184814453
2015-11-18,4.962461471557617,105.1168441772461,174.93043518066406
2015-11-19,4.971066951751709,105.19083404541016,174.77960205078125
2015-11-20,5.036832332611084,105.90316772460938,175.4165802001953
2015-11-23,5.0097880363464355,105.59788513183594,175.2154083251953
2015-11-24,5.003643989562988,105.50537872314453,175.45005798339844
2015-11-25,5.008559226989746,105.59788513183594,175.42489624023438
2015-11-27,5.024538516998291,105.74588012695312,175.62608337402344
2015-11-30,4.997496128082275,105.47762298583984,174.89695739746094
2015-12-01,5.09768009185791,106.5322036743164,176.564697265625
2015-12-02,5.037447929382324,105.87539672851562,174.76284790039062
2015-12-03,4.864123344421387,104.08073425292969,172.31568908691406
2015-12-04,5.0884599685668945,106.51370239257812,175.67630004882812
2015-12-07,5.044822692871094,106.03265380859375,174.61196899414062
2015-12-08,5.046667575836182,106.04190826416016,173.4386749267578
2015-12-09,4.892395496368408,104.43228149414062,172.0894012451172
2015-12-10,4.934804439544678,104.90408325195312,172.5335693359375
2015-12-11,4.709852695465088,102.48961639404297,169.1896514892578
2015-12-14,4.782993316650391,103.26669311523438,170.04449462890625
2015-12-15,4.838309288024902,103.8957290649414,171.82955932617188
2015-12-16,4.974140644073486,105.44062042236328,174.3438262939453
2015-12-17,4.836465358734131,103.90496826171875,171.68710327148438
2015-12-18,4.6569952964782715,101.91183471679688,168.6284637451172
2015-12-21,4.7528767585754395,103.04389190673828,170.01954650878906
2015-12-22,4.814743518829346,103.72124481201172,171.5623321533203
2015-12-23,4.887311935424805,104.49142456054688,173.6868896484375
2015-12-24,4.883624076843262,104.47284698486328,173.40016174316406
2015-12-28,4.874399662017822,104.41720581054688,173.00396728515625
2015-12-29,5.027529239654541,106.05957794189453,174.8502655029297
2015-12-30,4.940817356109619,105.10380554199219,173.61097717285156
2015-12-31,4.8190484046936035,103.79547882080078,171.874267578125
2016-01-04,4.617947578430176,101.60560607910156,169.47158813476562
2016-01-05,4.593348979949951,101.42930603027344,169.75819396972656
2016-01-06,4.510324478149414,100.45504760742188,167.61685180664062
2016-01-07,4.229275226593018,97.30943298339844,163.59544372558594
2016-01-08,4.155475616455078,96.51143646240234,161.7997283935547
2016-01-11,4.184995651245117,96.808349609375,161.9599151611328
2016-01-12,4.282164573669434,97.9311294555664,163.26663208007812
2016-01-13,3.9838945865631104,94.55352783203125,159.1947021484375
2016-01-14,4.15117073059082,96.56709289550781,161.80810546875
2016-01-15,3.894106388092041,93.5699691772461,158.33477783203125
2016-01-19,3.9107110500335693,93.77410888671875,158.5455322265625
2016-01-20,3.8885715007781982,93.4864501953125,156.5137176513672
2016-01-21,3.897796869277954,93.57923126220703,157.3905487060547
2016-01-22,4.119807720184326,96.28874206542969,160.6194305419922
2016-01-25,3.9998841285705566,94.8597640991211,158.19146728515625
2016-01-26,4.070608615875244,95.71343231201172,160.34963989257812
2016-01-27,3.866431951522827,93.32872772216797,158.60447692871094
2016-01-28,3.973439931869507,94.64634704589844,159.43072509765625
2016-01-29,4.140101909637451,96.62279510498047,163.3172607421875
2016-02-01,4.1567063331604,96.88260650634766,163.25819396972656
2016-02-02,3.980820417404175,94.78555297851562,160.31591796875
2016-02-03,3.944535970687866,94.33085632324219,161.2770538330078
2016-02-04,3.9433062076568604,94.32156372070312,161.52996826171875
2016-02-05,3.666560411453247,91.04608154296875,158.45272827148438
2016-02-08,3.555248260498047,89.65421295166016,156.31983947753906
2016-02-09,3.5312633514404297,89.37582397460938,156.32827758789062
2016-02-10,3.5613973140716553,89.71916198730469,156.19338989257812
2016-02-11,3.554633617401123,89.58924102783203,154.16165161132812
2016-02-12,3.6567208766937256,90.95323944091797,157.3399200439453
2016-02-16,3.8160030841827393,93.00394439697266,159.99559020996094
2016-02-17,3.993734836578369,95.11030578613281,162.60906982421875
2016-02-18,3.9051764011383057,94.0246353149414,161.9430389404297
2016-02-19,3.9279305934906006,94.3030014038086,161.86715698242188
2016-02-22,4.054004192352295,95.83406066894531,164.2108612060547
2016-02-23,3.920551300048828,94.2566146850586,162.1369171142578
2016-02-24,3.9955790042877197,95.15669250488281,162.87889099121094
2016-02-25,4.071837902069092,96.09386444091797,164.8516082763672
2016-02-26,4.062612056732178,95.97325134277344,164.4722442626953
2016-02-29,3.990044593811035,95.11030578613281,163.1823272705078
2016-03-01,4.244035720825195,98.16311645507812,167.018310546875
2016-03-02,4.2483391761779785,98.20025634765625,167.76853942871094
2016-03-03,4.233580112457275,98.01461791992188,168.42620849609375
2016-03-04,4.237270832061768,98.05176544189453,168.97410583496094
2016-03-07,4.186225891113281,97.4486083984375,169.1090087890625
2016-03-08,4.113041877746582,96.64132690429688,167.26275634765625
2016-03-09,4.1671600341796875,97.26301574707031,168.08897399902344
2016-03-10,4.1567063331604,97.11455535888672,168.2238311767578
2016-03-11,4.298768043518066,98.81263732910156,170.9384765625
2016-03-14,4.3116841316223145,98.97966766357422,170.71926879882812
2016-03-15,4.309839248657227,98.94257354736328,170.44105529785156
2016-03-16,4.386096477508545,99.82405090332031,171.42745971679688
2016-03-17,4.38117790222168,99.76838684082031,172.51499938964844
2016-03-18,4.397781848907471,99.92473602294922,173.19293212890625
2016-03-21,4.42976188659668,100.31562042236328,173.43870544433594
2016-03-22,4.454360485076904,100.62271881103516,173.345458984375
2016-03-23,4.376871585845947,99.79442596435547,172.20143127441406
2016-03-24,4.379333019256592,99.82235717773438,172.1251983642578
2016-03-28,4.368263244628906,99.6827392578125,172.22686767578125
2016-03-29,4.502328872680664,101.28348541259766,173.82003784179688
2016-03-30,4.552759170532227,101.7767333984375,174.5827178955078
2016-03-31,4.538614273071289,101.62786102294922,174.158935546875
2016-04-01,4.632091999053955,102.70738983154297,175.34530639648438
2016-04-04,4.595193386077881,102.31653594970703,174.77755737304688
2016-04-05,4.512169361114502,101.33001708984375,173.03189086914062
2016-04-06,4.657307147979736,102.99590301513672,174.92160034179688
2016-04-07,4.517091274261475,101.51615142822266,172.8285675048828
2016-04-08,4.517091274261475,101.44169616699219,173.29458618164062
2016-04-11,4.4820356369018555,101.0694351196289,172.8878631591797
2016-04-12,4.558908939361572,101.91633605957031,174.49789428710938
2016-04-13,4.674526691436768,103.21929168701172,176.26052856445312
2016-04-14,4.673912048339844,103.22855377197266,176.26901245117188
2016-04-15,4.6493120193481445,102.96797180175781,176.07412719726562
2016-04-18,4.698511600494385,103.51708221435547,177.31134033203125
2016-04-19,4.640701770782471,102.88423156738281,177.87057495117188
2016-04-20,4.646236419677734,102.96797180175781,178.04010009765625
2016-04-21,4.6486968994140625,102.977294921875,177.08250427246094
2016-04-22,4.510324478149414,101.42310333251953,177.08250427246094
2016-04-25,4.509710311889648,101.42310333251953,176.77743530273438
2016-04-26,4.468506336212158,100.92984771728516,177.0401153564453
2016-04-27,4.391632556915283,100.12014770507812,177.4044952392578
2016-04-28,4.289543151855469,98.9103012084961,175.79443359375
2016-04-29,4.240959644317627,98.38912200927734,174.8453826904297
2016-05-02,4.319676876068115,99.3198013305664,176.23513793945312
2016-05-03,4.241575717926025,98.39845275878906,174.7013397216797
2016-05-04,4.186225891113281,97.76559448242188,173.72682189941406
2016-05-05,4.185610771179199,97.7376937866211,173.69287109375
2016-05-06,4.22866153717041,98.25885772705078,174.32843017578125
2016-05-09,4.250800132751465,98.53803253173828,174.47250366210938
2016-05-10,4.367647647857666,99.88749694824219,176.641845703125
2016-05-11,4.290159702301025,98.98477172851562,174.98944091796875
2016-05-12,4.250800132751465,98.54736328125,175.04022216796875
2016-05-13,4.221280574798584,98.18436431884766,173.514892578125
2016-05-16,4.323368549346924,99.4128646850586,175.22671508789062
2016-05-17,4.216360092163086,98.1657943725586,173.5911865234375
2016-05-18,4.245880126953125,98.51944732666016,173.64205932617188
2016-05-19,4.202830791473389,98.0075454711914,173.04037475585938
2016-05-20,4.291388511657715,99.08714294433594,174.1334991455078
2016-05-23,4.27970552444458,98.95687103271484,173.89627075195312
2016-05-24,4.454360485076904,100.93914031982422,176.15036010742188
2016-05-25,4.518320083618164,101.66506958007812,177.34521484375
2016-05-26,4.543534278869629,101.96286010742188,177.39602661132812
2016-05-27,4.590273380279541,102.49334716796875,178.1587677001953
2016-05-31,4.608723163604736,102.68877410888672,177.81971740722656
2016-06-01,4.606263160705566,102.69808197021484,178.1841278076172
2016-06-02,4.628403186798096,102.91214752197266,178.7264404296875
2016-06-03,4.582892417907715,102.42819213867188,178.19261169433594
2016-06-06,4.614257335662842,102.80046844482422,179.09933471679688
2016-06-07,4.595808982849121,102.53987121582031,179.37896728515625
2016-06-08,4.6081085205078125,102.71671295166016,179.96372985839844
2016-06-09,4.592118740081787,102.5491943359375,179.71795654296875
2016-06-10,4.489415168762207,101.38587951660156,178.0146942138672
2016-06-13,4.411311626434326,100.5389633178711,176.641845703125
2016-06-14,4.4156174659729,100.5389633178711,176.29441833496094
2016-06-15,4.388558387756348,100.25045776367188,176.04864501953125
2016-06-16,4.415000915527344,100.54825592041016,176.5740966796875
2016-06-17,4.312913417816162,99.36970520019531,175.91644287109375
2016-06-20,4.362727165222168,99.99491882324219,177.0493621826172
2016-06-21,4.391016960144043,100.31219482421875,177.55198669433594
2016-06-22,4.369479656219482,100.06954956054688,177.2623291015625
2016-06-23,4.492547512054443,101.49726104736328,179.57077026367188
2016-06-24,4.127655029296875,97.31680297851562,173.1225128173828
2016-06-27,3.9682834148406982,95.38522338867188,170.0219268798828
2016-06-28,4.135037899017334,97.4754409790039,173.0884552001953
2016-06-29,4.279642581939697,99.20175170898438,176.03575134277344
2016-06-30,4.37870979309082,100.34951782226562,178.4378204345703
2016-07-01,4.422399997711182,100.85343170166016,178.81265258789062
2016-07-05,4.3670196533203125,100.23753356933594,177.52638244628906
2016-07-06,4.437782287597656,101.05868530273438,178.5911865234375
2016-07-07,4.466087818145752,101.35729217529297,178.48040771484375
2016-07-08,4.603922367095947,102.92498016357422,181.1381378173828
2016-07-11,4.658071041107178,103.51285552978516,181.77694702148438
2016-07-12,4.702375888824463,104.03539276123047,183.09727478027344
2016-07-13,4.682069778442383,103.78343200683594,183.07168579101562
2016-07-14,4.7411417961120605,104.49263763427734,184.09381103515625
2016-07-15,4.727603912353516,104.32466125488281,183.84683227539062
2016-07-18,4.790367603302002,105.01517486572266,184.3408966064453
2016-07-19,4.754677772521973,104.63262176513672,184.15353393554688
2016-07-20,4.866669178009033,105.85499572753906,184.9201202392578
2016-07-21,4.8451337814331055,105.61239624023438,184.22164916992188
2016-07-22,4.883284091949463,106.05095672607422,185.04791259765625
2016-07-25,4.885745048522949,106.06027221679688,184.54531860351562
2016-07-26,4.898051738739014,106.1816177368164,184.63047790527344
2016-07-27,4.960816383361816,106.91878509521484,184.43460083007812
2016-07-28,4.998965740203857,107.29203033447266,184.6475067138672
2016-07-29,5.018043041229248,107.52532958984375,184.94570922851562
2016-08-01,5.070346355438232,108.09453582763672,184.79232788085938
2016-08-02,4.9934282302856445,107.27339172363281,183.60829162597656
2016-08-03,5.028502941131592,107.62797546386719,184.14495849609375
2016-08-04,5.056191921234131,107.9359130859375,184.3408966064453
2016-08-05,5.15218448638916,108.9717025756836,185.84861755371094
2016-08-08,5.142339706420898,108.85039520263672,185.7379150390625
2016-08-09,5.165721416473389,109.1023178100586,185.84861755371094
2016-08-10,5.139261245727539,108.8223876953125,185.38868713378906
2016-08-11,5.182335376739502,109.28899383544922,186.2489776611328
2016-08-12,5.189104080200195,109.36360168457031,186.08714294433594
2016-08-15,5.233409404754639,109.83018493652344,186.62371826171875
2016-08-16,5.176181793212891,109.22366333007812,185.66123962402344
2016-08-17,5.19156551361084,109.41963195800781,186.01046752929688
2016-08-18,5.196488380432129,109.44758605957031,186.42782592773438
2016-08-19,5.192180633544922,109.41963195800781,186.1552734375
2016-08-22,5.198334693908691,109.50357818603516,186.1466827392578
2016-08-23,5.216179370880127,109.69954681396484,186.5215606689453
2016-08-24,5.147877216339111,108.9903793334961,185.56748962402344
2016-08-25,5.1306471824646,108.81304931640625,185.43975830078125
2016-08-26,5.146645545959473,108.9717025756836,185.0904998779297
2016-08-29,5.16141414642334,109.12100219726562,186.00193786621094
2016-08-30,5.127571105957031,108.76638793945312,185.6952667236328
2016-08-31,5.1140336990356445,108.65442657470703,185.1671600341797
2016-09-01,5.140492916107178,108.93437194824219,185.17568969726562
2016-09-02,5.173105716705322,109.28899383544922,186.01046752929688
2016-09-06,5.238330841064453,109.97012329101562,186.57266235351562
2016-09-07,5.246945858001709,110.03546905517578,186.5556182861328
2016-09-08,5.183566570281982,109.3916015625,186.1297149658203
2016-09-09,4.9208197593688965,106.63882446289062,181.67469787597656
2016-09-12,5.094958782196045,108.5517578125,184.28128051757812
2016-09-13,5.007580757141113,107.58131408691406,181.63211059570312
2016-09-14,5.058038234710693,108.09453582763672,181.5640106201172
2016-09-15,5.2143330574035645,109.77418518066406,183.3783721923828
2016-09-16,5.207563877105713,109.7218017578125,182.6694793701172
2016-09-19,5.1607985496521,109.24472045898438,182.70370483398438
2016-09-20,5.179874420166016,109.45051574707031,182.7122802734375
2016-09-21,5.2801737785339355,110.52632141113281,184.76693725585938
2016-09-22,5.3663201332092285,111.4056625366211,185.9312286376953
2016-09-23,5.296172618865967,110.69471740722656,184.9125518798828
2016-09-26,5.208794116973877,109.76856231689453,183.41427612304688
2016-09-27,5.309709548950195,110.85374450683594,184.55291748046875
2016-09-28,5.330014228820801,111.04080963134766,185.46893310546875
2016-09-29,5.249405860900879,110.23628997802734,183.79100036621094
2016-09-30,5.325092792510986,111.05953979492188,185.1779327392578
2016-10-03,5.31217098236084,110.90050506591797,184.73268127441406
2016-10-04,5.298018455505371,110.73213195800781,183.79100036621094
2016-10-05,5.333093166351318,111.1250228881836,184.6043243408203
2016-10-06,5.329400062561035,111.06890106201172,184.73268127441406
2016-10-07,5.305402755737305,110.8256607055664,184.09918212890625
2016-10-10,5.3687825202941895,111.52726745605469,185.05804443359375
2016-10-11,5.2143330574035645,109.93697357177734,182.72084045410156
2016-10-12,5.210639953613281,109.84342193603516,182.96054077148438
2016-10-13,5.173105716705322,109.45051574707031,182.36135864257812
2016-10-14,5.1811041831970215,109.58148193359375,182.45541381835938
2016-10-17,5.154644966125488,109.28214263916016,181.82196044921875
2016-10-18,5.245715618133545,110.25505828857422,182.96054077148438
2016-10-19,5.24263858795166,110.24565124511719,183.44854736328125
2016-10-20,5.23279333114624,110.11470031738281,183.1060791015625
2016-10-21,5.27217435836792,110.52632141113281,183.19175720214844
2016-10-24,5.398317337036133,111.85469055175781,183.9707489013672
2016-10-25,5.360783100128174,111.49919128417969,183.35435485839844
2016-10-26,5.2912492752075195,110.74146270751953,182.98623657226562
2016-10-27,5.244483470916748,110.23628997802734,182.49826049804688
2016-10-28,5.171874523162842,109.54405975341797,181.9589080810547
2016-10-31,5.1620306968688965,109.44116973876953,181.9674835205078
2016-11-01,5.088190078735352,108.61793518066406,180.6490020751953
2016-11-02,5.0038886070251465,107.74793243408203,179.56175231933594
2016-11-03,4.907896995544434,106.69084167480469,178.7399444580078
2016-11-04,4.870362281799316,106.31666564941406,178.54299926757812
2016-11-07,5.106035232543945,108.84245300292969,182.48118591308594
2016-11-08,5.171874523162842,109.55342102050781,183.3030548095703
2016-11-09,5.215564250946045,110.05857849121094,185.24639892578125
2016-11-10,5.046347618103027,108.28118133544922,185.70863342285156
2016-11-11,5.05188512802124,108.32794952392578,185.28062438964844
2016-11-14,4.950969696044922,107.23343658447266,185.4262237548828
2016-11-15,5.088805198669434,108.72086334228516,186.8730010986328
2016-11-16,5.147262096405029,109.36631774902344,186.52200317382812
2016-11-17,5.221101760864258,110.1614761352539,187.4808807373047
2016-11-18,5.183566570281982,109.74984741210938,187.06138610839844
2016-11-21,5.288173198699951,110.89115142822266,188.4739227294922
2016-11-22,5.3226318359375,111.2279281616211,188.84205627441406
2016-11-23,5.279559135437012,110.77887725830078,188.94480895996094
2016-11-25,5.31217098236084,111.13438415527344,189.6468505859375
2016-11-28,5.289402484893799,110.88177490234375,188.75645446777344
2016-11-29,5.324477195739746,111.26532745361328,189.12460327148438
2016-11-30,5.19156551361084,109.91825866699219,188.67088317871094
2016-12-01,5.017426013946533,108.01923370361328,187.9774169921875
2016-12-02,5.032810211181641,108.23439025878906,188.0715789794922
2016-12-05,5.110340595245361,109.07633972167969,189.20169067382812
2016-12-06,5.136801719665527,109.33824920654297,189.8009490966797
2016-12-07,5.265406131744385,110.72273254394531,192.28366088867188
2016-12-08,5.283249855041504,110.919189453125,192.75457763671875
2016-12-09,5.3657050132751465,111.7892074584961,193.91891479492188
2016-12-12,5.316479206085205,111.28404235839844,193.69625854492188
2016-12-13,5.451235771179199,112.68727111816406,194.98902893066406
2016-12-14,5.426623344421387,112.45338439941406,193.3794708251953
2016-12-15,5.443851947784424,112.63113403320312,194.1756591796875
2016-12-16,5.407547473907471,112.21361541748047,193.7959442138672
2016-12-19,5.450621128082275,112.6733627319336,194.2178497314453
2016-12-20,5.493078708648682,113.10493469238281,194.9670867919922
2016-12-21,5.481319427490234,113.02051544189453,194.424560546875
2016-12-22,5.449915885925293,112.70150756835938,194.0887451171875
2016-12-23,5.45607328414917,112.77653503417969,194.37289428710938
2016-12-27,5.516415596008301,113.35824584960938,194.85511779785156
2016-12-28,5.428979873657227,112.47633361816406,193.2447967529297
2016-12-29,5.41050910949707,112.31680297851562,193.20176696777344
2016-12-30,5.302753925323486,111.16278839111328,192.49557495117188
2017-01-03,5.3944993019104,112.15730285644531,193.96815490722656
2017-01-04,5.45114803314209,112.76717376708984,195.12210083007812
2017-01-05,5.512105464935303,113.40518951416016,194.9670867919922
2017-01-06,5.608777046203613,114.39970397949219,195.6645965576172
2017-01-09,5.646337509155273,114.77503967285156,195.018798828125
2017-01-10,5.670967102050781,115.02833557128906,195.018798828125
2017-01-11,5.69744348526001,115.33797454833984,195.56993103027344
2017-01-12,5.680203437805176,115.15970611572266,195.07908630371094
2017-01-13,5.720841884613037,115.55377197265625,195.52691650390625
2017-01-17,5.685129642486572,115.20660400390625,194.8379364013672
2017-01-18,5.7109904289245605,115.441162109375,195.2685089111328
2017-01-19,5.701754093170166,115.38485717773438,194.5451202392578
2017-01-20,5.726999759674072,115.63818359375,195.25987243652344
2017-01-23,5.735619068145752,115.73200988769531,194.75177001953125
2017-01-24,5.813818454742432,116.5107650756836,196.00048828125
2017-01-25,5.929577827453613,117.68354034423828,197.69700622558594
2017-01-26,5.938813209533691,117.80552673339844,197.49032592773438
2017-01-27,5.96159553527832,118.03070068359375,197.1802520751953
2017-01-30,5.872313976287842,117.11122131347656,195.95742797851562
2017-01-31,5.847685813903809,116.87669372558594,195.94020080566406
2017-02-01,5.927115440368652,117.68354034423828,196.0177001953125
2017-02-02,5.916646480560303,117.5803451538086,196.14691162109375
2017-02-03,5.947433948516846,117.91812133789062,197.49891662597656
2017-02-06,5.963443279266357,118.05886840820312,197.14584350585938
2017-02-07,6.006544589996338,118.49043273925781,197.15447998046875
2017-02-08,6.029327392578125,118.68748474121094,197.41282653808594
2017-02-09,6.071198463439941,119.11907196044922,198.583984375
2017-02-10,6.109989643096924,119.51310729980469,199.3675994873047
2017-02-13,6.179569244384766,120.18865203857422,200.45274353027344
2017-02-14,6.218975067138672,120.59210205078125,201.25357055664062
2017-02-15,6.290401935577393,121.3051986694336,202.3041534423828
2017-02-16,6.2885541915893555,121.26763916015625,202.1320037841797
2017-02-17,6.343353271484375,121.79305267333984,202.45057678222656
2017-02-21,6.4036970138549805,122.3935317993164,203.65625
2017-02-22,6.409240245819092,122.4404525756836,203.47537231445312
2017-02-23,6.363058567047119,121.98068237304688,203.61314392089844
2017-02-24,6.3827619552612305,122.21528625488281,203.87155151367188
2017-02-27,6.400618553161621,122.36538696289062,204.19007873535156
2017-02-28,6.359981060028076,121.99009704589844,203.63900756835938
2017-03-01,6.497906684875488,123.32239532470703,206.4894256591797
2017-03-02,6.433868885040283,122.70315551757812,205.1890869140625
2017-03-03,6.456035137176514,122.92830657958984,205.31825256347656
2017-03-06,6.428327560424805,122.65624237060547,204.7068634033203
2017-03-07,6.402466773986816,122.44981384277344,204.0954132080078
2017-03-08,6.425864219665527,122.66563415527344,203.716552734375
2017-03-09,6.43448543548584,122.75949096679688,203.97483825683594
2017-03-10,6.489901065826416,123.27548217773438,204.68959045410156
2017-03-13,6.509604454040527,123.48187255859375,204.79296875
2017-03-14,6.475740909576416,123.1816635131836,204.00926208496094
2017-03-15,6.556401252746582,123.94161987304688,205.7747039794922
2017-03-16,6.551476001739502,123.85719299316406,205.36996459960938
2017-03-17,6.53916072845459,123.8139419555664,205.00927734375
2017-03-20,6.5533223152160645,123.9267807006836,204.78439331054688
2017-03-21,6.358747959136963,122.04638671875,202.1550750732422
2017-03-22,6.441826820373535,122.87374114990234,202.6307830810547
2017-03-23,6.411651134490967,122.5634994506836,202.41452026367188
2017-03-24,6.430126190185547,122.81733703613281,202.26751708984375
2017-03-27,6.455991744995117,123.01481628417969,202.05992126464844
2017-03-28,6.532974720001221,123.76692962646484,203.5303497314453
2017-03-29,6.593943119049072,124.34044647216797,203.7205352783203
2017-03-30,6.612419605255127,124.54729461669922,204.3691864013672
2017-03-31,6.605645656585693,124.4626693725586,203.89358520507812
2017-04-03,6.595789432525635,124.38739776611328,203.53895568847656
2017-04-04,6.614265441894531,124.58487701416016,203.66860961914062
2017-04-05,6.563767433166504,124.07714080810547,203.06320190429688
2017-04-06,6.569925785064697,124.14300537109375,203.63404846191406
2017-04-07,6.563150882720947,124.07714080810547,203.42649841308594
2017-04-10,6.569308280944824,124.12419891357422,203.54750061035156
2017-04-11,6.513265609741211,123.58831024169922,203.305419921875
2017-04-12,6.459071159362793,123.09003448486328,202.41452026367188
2017-04-13,6.404261589050293,122.60105895996094,201.09983825683594
2017-04-17,6.508955478668213,123.61650848388672,202.88157653808594
2017-04-18,6.49232816696167,123.42847442626953,202.2761688232422
2017-04-19,6.510802745819092,123.62590026855469,201.90428161621094
2017-04-20,6.614265441894531,124.66012573242188,203.54750061035156
2017-04-21,6.614265441894531,124.63190460205078,202.89891052246094
2017-04-24,6.773772239685059,126.1362533569336,205.13034057617188
2017-04-25,6.87230920791626,127.04817962646484,206.3239288330078
2017-04-26,6.852601528167725,126.86957550048828,206.19415283203125
2017-04-27,6.9326629638671875,127.631103515625,206.36717224121094
2017-04-28,6.957296371459961,127.85672760009766,205.9174346923828
2017-05-01,7.074924468994141,128.99435424804688,206.43637084960938
2017-05-02,7.103870391845703,129.2106170654297,206.51425170898438
2017-05-03,7.057681083679199,128.79698181152344,206.26336669921875
2017-05-04,7.062608242034912,128.84390258789062,206.50555419921875
2017-05-05,7.113108158111572,129.31402587890625,207.31857299804688
2017-05-08,7.143899917602539,129.59613037109375,207.28399658203125
2017-05-09,7.194400310516357,130.0474090576172,207.09365844726562
2017-05-10,7.200559139251709,130.1226348876953,207.46566772460938
2017-05-11,7.188858985900879,130.0192108154297,207.04183959960938
2017-05-12,7.221497535705566,130.31065368652344,206.69580078125
2017-05-15,7.26584005355835,130.72438049316406,207.83749389648438
2017-05-16,7.328657150268555,131.26963806152344,207.64723205566406
2017-05-17,6.952985763549805,127.93196868896484,203.9627227783203
2017-05-18,7.071228981018066,129.05081176757812,204.78439331054688
2017-05-19,7.13466215133667,129.59613037109375,206.1162872314453
2017-05-22,7.254755020141602,130.68675231933594,207.1628875732422
2017-05-23,7.266454219818115,130.8184051513672,207.6212921142578
2017-05-24,7.335431098937988,131.4200897216797,208.10562133789062
2017-05-25,7.456754684448242,132.5388641357422,209.10025024414062
2017-05-26,7.482618808746338,132.77398681640625,209.05706787109375
2017-05-30,7.496784687042236,132.88674926757812,208.8754119873047
2017-05-31,7.487547397613525,132.83978271484375,208.82347106933594
2017-06-01,7.55282735824585,133.3568572998047,210.4841766357422
2017-06-02,7.716645240783691,134.88006591796875,211.18470764160156
2017-06-05,7.715412139892578,134.851806640625,211.02906799316406
2017-06-06,7.658754348754883,134.31590270996094,210.35440063476562
2017-06-07,7.713563919067383,134.84239196777344,210.74363708496094
2017-06-08,7.731424808502197,134.98345947265625,210.847412109375
2017-06-09,7.342822074890137,131.60812377929688,210.52737426757812
2017-06-12,7.261528968811035,130.90298461914062,210.4841766357422
2017-06-13,7.379158020019531,131.9654541015625,211.5133819580078
2017-06-14,7.313260555267334,131.39187622070312,211.24522399902344
2017-06-15,7.244899749755859,130.8090057373047,210.83872985839844
2017-06-16,7.1925530433654785,130.2414093017578,210.88479614257812
2017-06-19,7.423498153686523,132.41920471191406,212.64047241210938
2017-06-20,7.309565544128418,131.3821563720703,211.2063751220703
2017-06-21,7.452267646789551,132.68316650390625,211.15423583984375
2017-06-22,7.4467244148254395,132.6454620361328,211.05865478515625
2017-06-23,7.5015387535095215,133.15460205078125,211.3107147216797
2017-06-26,7.4344072341918945,132.53228759765625,211.44973754882812
2017-06-27,7.164646148681641,130.12832641601562,209.7462615966797
2017-06-28,7.364194869995117,132.00437927246094,211.62356567382812
2017-06-29,7.111063480377197,129.71348571777344,209.763671875
2017-06-30,7.102441310882568,129.76065063476562,210.1547393798828
2017-07-03,6.9663310050964355,128.39366149902344,210.5111083984375
2017-07-05,7.101825714111328,129.6569366455078,210.99781799316406
2017-07-06,6.971872329711914,128.4879150390625,209.06834411621094
2017-07-07,7.117222309112549,129.87374877929688,210.42417907714844
2017-07-10,7.215764999389648,130.72225952148438,210.65013122558594
2017-07-11,7.25518274307251,131.08993530273438,210.49371337890625
2017-07-12,7.430711269378662,132.6454620361328,212.07550048828125
2017-07-13,7.461506366729736,132.93771362304688,212.4318389892578
2017-07-14,7.574829578399658,133.98414611816406,213.4226837158203
2017-07-17,7.582837104797363,134.05014038085938,213.3966064453125
2017-07-18,7.686305999755859,134.94573974609375,213.50955200195312
2017-07-19,7.774993896484375,135.73770141601562,214.66551208496094
2017-07-20,7.794703006744385,135.9167938232422,214.7611541748047
2017-07-21,7.7836174964904785,135.86026000976562,214.5699462890625
2017-07-24,7.852596759796143,136.48248291015625,214.5177459716797
2017-07-25,7.819337368011475,136.1336669921875,215.03919982910156
2017-07-26,7.867377758026123,136.5767364501953,215.04794311523438
2017-07-27,7.774993896484375,135.71885681152344,214.8480224609375
2017-07-28,7.754054546356201,135.60569763183594,214.59600830078125
2017-07-31,7.6850738525390625,135.0305938720703,214.4742889404297
2017-08-01,7.718331813812256,135.3417510986328,214.95233154296875
2017-08-02,7.76021146774292,135.7094268798828,215.0565948486328
2017-08-03,7.7084784507751465,135.1814422607422,214.6394805908203
2017-08-04,7.728187561035156,135.4265899658203,215.03050231933594
2017-08-07,7.821801662445068,136.2844696044922,215.4303436279297
2017-08-08,7.799629211425781,136.04876708984375,214.90013122558594
2017-08-09,7.777456760406494,135.86968994140625,214.89151000976562
2017-08-10,7.439949989318848,132.9565887451172,211.85826110839844
2017-08-11,7.552042007446289,133.96531677246094,212.17105102539062
2017-08-14,7.74789571762085,135.69052124023438,214.27435302734375
2017-08-15,7.757749080657959,135.7848358154297,214.24832153320312
2017-08-16,7.787312030792236,136.02049255371094,214.62205505371094
2017-08-17,7.469512462615967,133.23939514160156,211.27593994140625
2017-08-18,7.449803352355957,133.14515686035156,210.9456329345703
2017-08-21,7.4411821365356445,132.9753875732422,211.1107940673828
2017-08-22,7.662902355194092,135.00230407714844,213.3184356689453
2017-08-23,7.605008602142334,134.5215606689453,212.55352783203125
2017-08-24,7.565590858459473,134.1255645751953,212.05816650390625
2017-08-25,7.531102180480957,133.84275817871094,212.55352783203125
2017-08-28,7.569287300109863,134.25755310058594,212.56224060058594
2017-08-29,7.632106304168701,134.78550720214844,212.8056182861328
2017-08-30,7.814410209655762,136.3693389892578,213.81378173828125
2017-08-31,7.959760665893555,137.8306121826172,215.10006713867188
2017-09-01,7.958529949188232,137.64202880859375,215.40423583984375
2017-09-05,7.811947345733643,136.40704345703125,213.8572235107422
2017-09-06,7.857522964477539,136.82188415527344,214.58726501464844
2017-09-07,7.895707130432129,137.14239501953125,214.5612030029297
2017-09-08,7.761444568634033,135.9545135498047,214.30918884277344
2017-09-11,7.928966522216797,137.51943969726562,216.59495544433594
2017-09-12,7.9733099937438965,137.8494415283203,217.32504272460938
2017-09-13,7.995483875274658,138.03802490234375,217.4293212890625
2017-09-14,7.899402618408203,137.2272491455078,217.35977172851562
2017-09-15,7.949906349182129,137.69863891601562,217.65240478515625
2017-09-18,7.932662487030029,137.51812744140625,218.11529541015625
2017-09-19,7.959760665893555,137.75437927246094,218.33372497558594
2017-09-20,7.9129533767700195,137.32919311523438,218.4122772216797
2017-09-21,7.809484004974365,136.48831176757812,217.82708740234375
2017-09-22,7.797165870666504,136.3560791015625,217.87078857421875
2017-09-25,7.634570121765137,134.91989135742188,217.42530822753906
2017-09-26,7.671525001525879,135.2694854736328,217.5563507080078
2017-09-27,7.80825138092041,136.48831176757812,218.40362548828125
2017-09-28,7.800861358642578,136.4410858154297,218.66558837890625
2017-09-29,7.910490036010742,137.42369079589844,219.43418884277344
2017-10-02,7.921575546264648,137.54649353027344,220.3862762451172
2017-10-03,7.960991382598877,137.83941650390625,220.85792541503906
2017-10-04,7.972079277038574,137.9716796875,221.12002563476562
2017-10-05,8.129746437072754,139.32275390625,222.43014526367188
2017-10-06,8.146992683410645,139.51170349121094,222.1768035888672
2017-10-09,8.132208824157715,139.35108947753906,221.80999755859375
2017-10-10,8.143299102783203,139.45501708984375,222.39520263671875
2017-10-11,8.192567825317383,139.8708038330078,222.74453735351562
2017-10-12,8.161772727966309,139.61563110351562,222.41268920898438
2017-10-13,8.220898628234863,140.15420532226562,222.68344116210938
2017-10-16,8.277557373046875,140.63609313964844,222.98037719726562
2017-10-17,8.296034812927246,140.8155975341797,223.1376190185547
2017-10-18,8.277557373046875,140.64549255371094,223.3560028076172
2017-10-19,8.21596908569336,140.12583923339844,223.41712951660156
2017-10-20,8.257853507995605,140.50381469726562,224.57005310058594
2017-10-23,8.150688171386719,139.58729553222656,223.6966094970703
2017-10-24,8.18148136138916,139.82351684570312,224.08966064453125
2017-10-25,8.114967346191406,139.29440307617188,222.98037719726562
2017-10-26,8.068157196044922,138.85035705566406,223.26861572265625
2017-10-27,8.52391529083252,142.89418029785156,225.09408569335938
2017-10-30,8.570722579956055,143.2153778076172,224.25559997558594
2017-10-31,8.632314682006836,143.75396728515625,224.60496520996094
2017-11-01,8.628619194030762,143.7067108154297,224.9019775390625
2017-11-02,8.589200973510742,143.43270874023438,224.9893035888672
2017-11-03,8.75179672241211,144.81214904785156,225.740478515625
2017-11-06,8.813385009765625,145.30349731445312,226.08984375
2017-11-07,8.82323932647705,145.38845825195312,225.93264770507812
2017-11-08,8.895912170410156,145.97430419921875,226.31690979003906
2017-11-09,8.797370910644531,145.20899963378906,225.49591064453125
2017-11-10,8.799833297729492,145.19949340820312,225.426025390625
2017-11-13,8.81830883026123,145.3790283203125,225.6356201171875
2017-11-14,8.757952690124512,144.84991455078125,225.11158752441406
2017-11-15,8.666802406311035,144.16966247558594,223.98483276367188
2017-11-16,8.892217636108398,146.01206970214844,225.88893127441406
2017-11-17,8.824470520019531,145.45462036132812,225.2251434326172
2017-11-20,8.809686660766602,145.3412322998047,225.60943603515625
2017-11-21,8.996918678283691,146.91909790039062,227.0855255126953
2017-11-22,9.021554946899414,147.09860229492188,226.88462829589844
2017-11-24,9.0880708694458,147.63711547851562,227.4087677001953
2017-11-27,9.078219413757324,147.57101440429688,227.29519653320312
2017-11-28,9.123793601989746,147.94895935058594,229.60105895996094
2017-11-29,8.810918807983398,145.3695831298828,229.4613494873047
2017-11-30,8.952574729919434,146.58840942382812,231.4702606201172
2017-12-01,8.876206398010254,145.96478271484375,230.9898223876953
2017-12-04,8.67172908782959,144.28302001953125,230.71035766601562
2017-12-05,8.674193382263184,144.37753295898438,229.88058471679688
2017-12-06,8.75302791595459,145.02947998046875,229.9242401123047
2017-12-07,8.814614295959473,145.520751953125,230.64926147460938
2017-12-08,8.892217636108398,146.16326904296875,231.90701293945312
2017-12-11,9.03017807006836,147.29705810546875,232.60572814941406
2017-12-12,9.004308700561523,147.09860229492188,233.0161895751953
2017-12-13,9.036334991455078,147.38201904296875,232.98997497558594
2017-12-14,9.022786140441895,147.27809143066406,232.0380096435547
2017-12-15,9.219873428344727,148.95042419433594,233.97024536132812
2017-12-18,9.378772735595703,150.1992645263672,235.4539337158203
2017-12-19,9.27283763885498,149.3092803955078,234.54959106445312
2017-12-20,9.249433517456055,149.1483154296875,234.42674255371094
2017-12-21,9.250665664672852,149.16729736328125,234.9095916748047
2017-12-22,9.228492736816406,148.99679565429688,234.84814453125
2017-12-26,9.1287202835083,148.19204711914062,234.5671844482422
2017-12-27,9.12995433807373,148.2110137939453,234.68130493164062
2017-12-28,9.148427963256836,148.39088439941406,235.16421508789062
2017-12-29,9.032641410827637,147.4724884033203,234.2775115966797
2018-01-02,9.345513343811035,150.05726623535156,235.95431518554688
2018-01-03,9.527816772460938,151.51527404785156,237.44674682617188
2018-01-04,9.56230640411377,151.78041076660156,238.4475555419922
2018-01-05,9.752001762390137,153.3047332763672,240.03656005859375
2018-01-08,9.824675559997559,153.90121459960938,240.47544860839844
2018-01-09,9.833297729492188,153.91067504882812,241.0198211669922
2018-01-10,9.77910041809082,153.55088806152344,240.65115356445312
2018-01-11,9.914593696594238,154.6018524169922,242.4069061279297
2018-01-12,10.055018424987793,155.73802185058594,243.98712158203125
2018-01-16,9.998356819152832,155.2930145263672,243.1531219482422
2018-01-17,10.213915824890137,156.96884155273438,245.4707794189453
2018-01-18,10.217612266540527,156.9972381591797,245.0581512451172
2018-01-19,10.28289794921875,157.48953247070312,246.173095703125
2018-01-22,10.500923156738281,159.17486572265625,248.1746826171875
2018-01-23,10.672142028808594,160.4908905029297,248.7015838623047
2018-01-24,10.541569709777832,159.44940185546875,248.6049041748047
2018-01-25,10.528022766113281,159.39260864257812,248.71022033691406
2018-01-26,10.835968017578125,161.83534240722656,251.58984375
2018-01-29,10.738656997680664,161.04953002929688,249.92176818847656
2018-01-30,10.566205978393555,159.72401428222656,247.35824584960938
2018-01-31,10.643810272216797,160.3867645263672,247.48121643066406
2018-02-01,10.467665672302246,159.0233917236328,247.20030212402344
2018-02-02,10.04393196105957,155.85162353515625,241.81866455078125
2018-02-05,9.266680717468262,149.7069091796875,231.7052459716797
2018-02-06,9.738450050354004,153.6740264892578,236.27037048339844
2018-02-07,9.489631652832031,151.6857452392578,234.98870849609375
2018-02-08,8.698827743530273,145.28541564941406,226.1744384765625
2018-02-09,8.984602928161621,147.79441833496094,229.57191467285156
2018-02-12,9.312256813049316,150.41700744628906,232.94302368164062
2018-02-13,9.396014213562012,151.1934356689453,233.52255249023438
2018-02-14,9.755695343017578,154.0242919921875,236.67416381835938
2018-02-15,10.105520248413086,156.88365173339844,239.69418334960938
2018-02-16,10.030381202697754,156.1829833984375,239.764404296875
2018-02-20,10.055018424987793,156.4954376220703,238.26318359375
2018-02-21,9.995894432067871,156.05044555664062,237.07798767089844
2018-02-22,10.006979942321777,156.03155517578125,237.3853302001953
2018-02-23,10.402379989624023,159.22222900390625,241.16905212402344
2018-02-26,10.675834655761719,161.33351135253906,243.96957397460938
2018-02-27,10.409771919250488,159.3358154296875,240.92323303222656
2018-02-28,10.27920150756836,158.3132781982422,238.482666015625
2018-03-01,9.954012870788574,155.72853088378906,235.01495361328125
2018-03-02,10.127692222595215,157.158203125,236.22640991210938
2018-03-05,10.346951484680176,158.9003143310547,238.95672607421875
2018-03-06,10.433172225952148,159.57252502441406,239.56243896484375
2018-03-07,10.479982376098633,159.9417724609375,239.47467041015625
2018-03-08,10.597001075744629,160.82229614257812,240.63351440429688
2018-03-09,10.999792098999023,163.94668579101562,244.82119750976562
2018-03-12,11.100799560546875,164.81771850585938,244.51390075683594
2018-03-13,10.827343940734863,162.5738067626953,242.93362426757812
2018-03-14,10.818721771240234,162.54544067382812,241.68702697753906
2018-03-15,10.78915786743164,162.4033966064453,241.42364501953125
2018-03-16,10.737424850463867,161.9205780029297,241.6854248046875
2018-03-19,10.281665802001953,158.4658203125,238.4153289794922
2018-03-20,10.339559555053711,158.98736572265625,238.82081604003906
2018-03-21,10.243481636047363,158.29505920410156,238.3625030517578
2018-03-22,9.733524322509766,154.38795471191406,232.4041290283203
2018-03-23,9.21617603302002,150.31961059570312,227.450439453125
2018-03-26,9.909667015075684,155.90528869628906,233.6732940673828
2018-03-27,9.255593299865723,150.86019897460938,229.6981201171875
2018-03-28,9.053581237792969,149.12472534179688,229.0194091796875
2018-03-29,9.386161804199219,151.85594177246094,231.94577026367188
2018-04-02,8.846641540527344,147.4746551513672,226.93923950195312
2018-04-03,9.036334991455078,149.1342315673828,229.8479461669922
2018-04-04,9.270374298095703,151.48611450195312,232.30706787109375
2018-04-05,9.420650482177734,152.3490753173828,234.14051818847656
2018-04-06,8.96612548828125,148.53680419921875,228.9224395751953
2018-04-09,9.07082748413086,149.5799560546875,230.05064392089844
2018-04-10,9.469922065734863,152.8801727294922,233.7085418701172
2018-04-11,9.371380805969238,151.99813842773438,232.4834442138672
2018-04-12,9.585711479187012,153.82843017578125,234.39610290527344
2018-04-13,9.4957914352417,153.03184509277344,233.7085418701172
2018-04-16,9.63005256652832,154.19833374023438,235.6300811767578
2018-04-17,10.040238380432129,157.51748657226562,238.1509552001953
2018-04-18,10.087045669555664,157.83990478515625,238.3272247314453
2018-04-19,9.915828704833984,156.38897705078125,237.00509643554688
2018-04-20,9.593100547790527,153.91380310058594,234.9954833984375
2018-04-23,9.541365623474121,153.5249786376953,234.96022033691406
2018-04-24,9.1361083984375,150.27223205566406,231.79588317871094
2018-04-25,9.164441108703613,150.45240783691406,232.36883544921875
2018-04-26,9.533975601196289,153.61981201171875,234.73098754882812
2018-04-27,9.549986839294434,153.71469116210938,234.95140075683594
2018-04-30,9.410795211791992,152.6240692138672,233.14447021484375
2018-05-01,9.617735862731934,154.36903381347656,233.55874633789062
2018-05-02,9.514266967773438,153.45860290527344,231.98980712890625
2018-05-03,9.508108139038086,153.43963623046875,231.47857666015625
2018-05-04,9.866554260253906,156.3509979248047,234.475341796875
2018-05-07,10.021759986877441,157.65023803710938,235.26870727539062
2018-05-08,9.999588012695312,157.48904418945312,235.26870727539062
2018-05-09,10.231161117553711,159.2055206298828,237.5427703857422
2018-05-10,10.438101768493652,160.85560607910156,239.7639617919922
2018-05-11,10.4183931350708,160.70391845703125,240.4954376220703
2018-05-14,10.449188232421875,160.97886657714844,240.610107421875
2018-05-15,10.218846321105957,159.19601440429688,238.95306396484375
2018-05-16,10.355572700500488,160.2486572265625,239.95787048339844
2018-05-17,10.268115043640137,159.6322784423828,239.75518798828125
2018-05-18,10.162182807922363,158.80718994140625,239.15576171875
2018-05-21,10.28043270111084,159.69863891601562,240.953857421875
2018-05-22,10.250870704650879,159.48995971679688,240.28395080566406
2018-05-23,10.422088623046875,160.8366241455078,240.94500732421875
2018-05-24,10.41223430633545,160.78916931152344,240.45140075683594
2018-05-25,10.434407234191895,160.95045471191406,239.8784942626953
2018-05-29,10.340789794921875,160.2391357421875,237.11962890625
2018-05-30,10.484910011291504,161.38661193847656,240.28395080566406
2018-05-31,10.47136116027832,161.28236389160156,238.81199645996094
2018-06-01,10.80024528503418,163.81436157226562,241.1566162109375
2018-06-04,10.985013008117676,165.29376220703125,242.30235290527344
2018-06-05,11.056455612182617,165.80589294433594,242.47865295410156
2018-06-06,11.188254356384277,166.77317810058594,244.50599670410156
2018-06-07,11.013343811035156,165.41705322265625,244.4795379638672
2018-06-08,11.002257347106934,165.42649841308594,245.20225524902344
2018-06-11,11.061382293701172,165.87228393554688,245.5283660888672
2018-06-12,11.178400039672852,166.7447052001953,245.84571838378906
2018-06-13,11.168546676635742,166.73521423339844,245.06130981445312
2018-06-14,11.40135383605957,168.42327880859375,245.6782684326172
2018-06-15,11.3212890625,167.83531188964844,245.36480712890625
2018-06-18,11.307738304138184,167.73834228515625,244.86026000976562
2018-06-19,11.238758087158203,167.26318359375,243.92172241210938
2018-06-20,11.398886680603027,168.4511260986328,244.33778381347656
2018-06-21,11.196877479553223,166.987548828125,242.80609130859375
2018-06-22,11.125434875488281,166.6169891357422,243.248779296875
2018-06-25,10.641345977783203,162.863037109375,239.93746948242188
2018-06-26,10.731266975402832,163.52828979492188,240.46871948242188
2018-06-27,10.427014350891113,161.30441284179688,238.4766387939453
2018-06-28,10.61670970916748,162.69190979003906,239.84011840820312
2018-06-29,10.649968147277832,163.12908935546875,240.18533325195312
2018-07-02,10.810099601745605,164.2220458984375,240.6988525390625
2018-07-03,10.557585716247559,162.3213348388672,239.84893798828125
2018-07-05,10.819952964782715,164.33609008789062,241.80557250976562
2018-07-06,11.146376609802246,166.89256286621094,243.85086059570312
2018-07-09,11.353312492370605,168.3940887451172,246.04660034179688
2018-07-10,11.370559692382812,168.51766967773438,246.9320068359375
2018-07-11,11.257234573364258,167.66232299804688,245.1257781982422
2018-07-12,11.6267671585083,170.55142211914062,247.34805297851562
2018-07-13,11.65017318725586,170.69395446777344,247.5428466796875
2018-07-16,11.59967041015625,170.28526306152344,247.32147216796875
2018-07-17,11.745020866394043,171.3211669921875,248.3219757080078
2018-07-18,11.693284034729004,170.998046875,248.8443603515625
2018-07-19,11.578727722167969,170.14271545410156,247.90594482421875
2018-07-20,11.563948631286621,170.104736328125,247.62252807617188
2018-07-23,11.636624336242676,170.646484375,248.08291625976562
2018-07-24,11.737628936767578,171.34971618652344,249.33131408691406
2018-07-25,12.059125900268555,173.74464416503906,251.45631408691406
2018-07-26,11.709299087524414,171.1121368408203,250.86297607421875
2018-07-27,11.38657283782959,168.80270385742188,249.16311645507812
2018-07-30,11.060149192810059,166.4173583984375,247.86163330078125
2018-07-31,11.187024116516113,167.6908416748047,249.08348083496094
2018-08-01,11.305274963378906,168.32757568359375,248.66734313964844
2018-08-02,11.613221168518066,170.61795043945312,250.02200317382812
2018-08-03,11.679733276367188,171.140625,251.09320068359375
2018-08-06,11.825084686279297,172.1480255126953,252.01402282714844
2018-08-07,11.895297050476074,172.7752227783203,252.84625244140625
2018-08-08,11.916238784790039,172.98434448242188,252.74009704589844
2018-08-09,11.906384468078613,172.8798065185547,252.39476013183594
2018-08-10,11.729005813598633,171.5587921142578,250.7036895751953
2018-08-13,11.708067893981934,171.36871337890625,249.76516723632812
2018-08-14,11.849720001220703,172.44261169433594,251.35890197753906
2018-08-15,11.565181732177734,170.33282470703125,249.4818115234375
2018-08-16,11.629233360290527,170.89356994628906,251.50048828125
2018-08-17,11.635392189025879,170.93153381347656,252.3859100341797
2018-08-20,11.618144989013672,170.7794952392578,252.92596435546875
2018-08-21,11.698211669921875,171.40676879882812,253.51910400390625
2018-08-22,11.78443717956543,172.0719757080078,253.3686981201172
2018-08-23,11.749945640563965,171.82493591308594,253.03221130371094
2018-08-24,11.965509414672852,173.42149353027344,254.55506896972656
2018-08-27,12.206937789916992,175.18914794921875,256.5648498535156
2018-08-28,12.245122909545898,175.44577026367188,256.6888122558594
2018-08-29,12.52843189239502,177.4700164794922,258.0700988769531
2018-08-30,12.475468635559082,177.15643310546875,257.0251770019531
2018-08-31,12.50502872467041,177.38450622558594,257.0340270996094
2018-09-04,12.404023170471191,176.62423706054688,256.5914611816406
2018-09-05,12.082527160644531,174.34332275390625,255.90078735351562
2018-09-06,11.864500999450684,172.7847442626953,255.1305389404297
2018-09-07,11.790595054626465,172.11949157714844,254.63478088378906
2018-09-10,11.844795227050781,172.69923400878906,255.07742309570312
2018-09-11,12.024635314941406,174.02969360351562,255.91847229003906
2018-09-12,11.960580825805664,173.51654052734375,255.98052978515625
2018-09-13,12.194620132446289,175.36973571777344,257.49456787109375
2018-09-14,12.13056755065918,174.85658264160156,257.5387878417969
2018-09-17,11.788130760192871,172.33807373046875,256.17535400390625
2018-09-18,11.976595878601074,173.76361083984375,257.56536865234375
2018-09-19,11.961812973022461,173.63055419921875,257.8398132324219
2018-09-20,12.210633277893066,175.55029296875,259.9292297363281
2018-09-21,12.086221694946289,174.5904998779297,259.6917419433594
2018-09-24,12.145346641540527,175.07598876953125,258.8291931152344
2018-09-25,12.183534622192383,175.31402587890625,258.5889587402344
2018-09-26,12.192154884338379,175.4377899169922,257.81524658203125
2018-09-27,12.399091720581055,176.9230194091797,258.53558349609375
2018-09-28,12.401558876037598,176.88491821289062,258.5623474121094
2018-10-01,12.442208290100098,177.24671936035156,259.4606018066406
2018-10-02,12.384313583374023,176.84683227539062,259.30938720703125
2018-10-03,12.420035362243652,177.0372314453125,259.4517822265625
2018-10-04,11.938409805297852,173.63833618164062,257.42388916015625
2018-10-05,11.652637481689453,171.5151824951172,255.9831085205078
2018-10-08,11.502359390258789,170.468017578125,255.9831085205078
2018-10-09,11.566412925720215,171.02015686035156,255.60955810546875
2018-10-10,10.558815956115723,163.49879455566406,247.51611328125
2018-10-11,10.293984413146973,161.47093200683594,242.0642547607422
2018-10-12,10.865531921386719,165.9646759033203,245.4261016845703
2018-10-15,10.589611053466797,163.95582580566406,244.0475311279297
2018-10-16,11.205500602722168,168.72569274902344,249.38381958007812
2018-10-17,11.219051361083984,168.79232788085938,249.4283447265625
2018-10-18,10.717717170715332,164.8793182373047,245.8262939453125
2018-10-19,10.677064895629883,164.7270050048828,245.6929168701172
2018-10-22,10.78915786743164,165.57435607910156,244.59005737304688
2018-10-23,10.71894645690918,164.9650421142578,243.34494018554688
2018-10-24,9.723670959472656,157.4151153564453,235.971923828125
2018-10-25,10.380208969116211,162.86093139648438,240.20538330078125
2018-10-26,9.882569313049316,158.6718292236328,235.98077392578125
2018-10-29,9.501951217651367,155.40625,234.67335510253906
2018-10-30,9.752001762390137,157.96730041503906,238.15089416503906
2018-10-31,10.200368881225586,161.68035888671875,240.6945343017578
2018-11-01,10.49476432800293,163.81295776367188,243.25599670410156
2018-11-02,10.178196907043457,161.261474609375,241.81521606445312
2018-11-05,10.10798454284668,160.8616180419922,243.14935302734375
2018-11-06,10.261957168579102,162.08021545410156,244.68780517578125
2018-11-07,10.896322250366211,167.16427612304688,249.92642211914062
2018-11-08,10.763290405273438,166.09796142578125,249.47276306152344
2018-11-09,10.397455215454102,163.29888916015625,247.03599548339844
2018-11-12,9.782794952392578,158.357666015625,242.41998291015625
2018-11-13,9.786490440368652,158.49095153808594,241.96641540527344
2018-11-14,9.622662544250488,157.2818145751953,240.31214904785156
2018-11-15,9.96509838104248,160.0332794189453,242.82017517089844
2018-11-16,9.898581504821777,159.47161865234375,243.4516143798828
2018-11-19,9.246970176696777,154.2922821044922,239.33375549316406
2018-11-20,8.92301082611084,151.53131103515625,234.9046630859375
2018-11-21,9.049884796142578,152.6832733154297,235.70506286621094
2018-11-23,8.918086051940918,151.5789337158203,234.13088989257812
2018-11-26,9.329499244689941,155.08251953125,237.91073608398438
2018-11-27,9.396014213562012,155.606201171875,238.7112579345703
2018-11-28,9.987271308898926,160.6140899658203,244.2076416015625
2018-11-29,9.928144454956055,160.0904541015625,243.67396545410156
2018-11-30,10.08088493347168,161.25192260742188,245.15927124023438
2018-12-03,10.415929794311523,164.070068359375,248.405517578125
2018-12-04,9.617735862731934,157.77685546875,240.35659790039062
2018-12-06,9.755695343017578,158.8908233642578,239.99191284179688
2018-12-07,9.102852821350098,153.6448974609375,234.41551208496094
2018-12-10,9.297475814819336,155.25392150878906,234.8602294921875
2018-12-11,9.355364799499512,155.76806640625,234.91348266601562
2018-12-12,9.521657943725586,157.1390380859375,236.0964813232422
2018-12-13,9.530280113220215,157.1865997314453,236.0164031982422
2018-12-14,9.037566184997559,153.35931396484375,231.6583709716797
2018-12-17,8.658180236816406,149.8842315673828,227.11361694335938
2018-12-18,8.75302791595459,150.82681274414062,226.86459350585938
2018-12-19,8.339149475097656,147.12327575683594,223.4671173095703
2018-12-20,8.089096069335938,144.99058532714844,219.82957458496094
2018-12-21,7.568053722381592,140.49685668945312,215.32534790039062
2018-12-24,7.208376407623291,137.01284790039062,209.6358184814453
2018-12-26,8.095863342285156,145.5677490234375,220.22763061523438
2018-12-27,8.163658142089844,146.131103515625,221.9183807373047
2018-12-28,8.15379524230957,146.0546875,221.6321258544922
2018-12-31,8.281991958618164,147.28639221191406,223.57339477539062
2019-01-02,8.343619346618652,147.8783416748047,223.80593872070312
2019-01-03,7.7840094566345215,143.04710388183594,218.46530151367188
2019-01-04,8.481672286987305,149.16732788085938,225.78298950195312
2019-01-07,8.653009414672852,150.9431915283203,227.56321716308594
2019-01-08,8.825575828552246,152.30860900878906,229.70123291015625
2019-01-09,8.957466125488281,153.54981994628906,230.77474975585938
2019-01-10,9.003072738647461,153.98902893066406,231.5887908935547
2019-01-11,8.948837280273438,153.42572021484375,231.67825317382812
2019-01-14,8.786131858825684,152.0699005126953,230.2648162841797
2019-01-15,9.132495880126953,155.03933715820312,232.9038848876953
2019-01-16,9.130034446716309,155.01068115234375,233.4674530029297
2019-01-17,9.259455680847168,156.2327880859375,235.23866271972656
2019-01-18,9.439420700073242,157.77955627441406,238.36972045898438
2019-01-22,9.07949447631836,154.6191864013672,235.14918518066406
2019-01-23,9.090591430664062,154.81961059570312,235.64126586914062
2019-01-24,9.20029354095459,155.82225036621094,235.76649475097656
2019-01-25,9.432025909423828,157.68408203125,237.7613525390625
2019-01-28,9.190430641174316,155.73626708984375,235.954345703125
2019-01-29,9.010467529296875,154.2659149169922,235.64126586914062
2019-01-30,9.486261367797852,158.19009399414062,239.3716278076172
2019-01-31,9.758672714233398,160.55801391601562,241.473876953125
2019-02-01,9.668691635131836,159.8800811767578,241.59024047851562
2019-02-04,9.906584739685059,161.8660125732422,243.28985595703125
2019-02-05,10.085315704345703,163.29820251464844,244.30972290039062
2019-02-06,10.018752098083496,162.811279296875,243.98764038085938
2019-02-07,9.748808860778809,160.62484741210938,241.66168212890625
2019-02-08,9.77962589263916,160.93992614746094,241.95697021484375
2019-02-11,9.767300605773926,160.78712463378906,242.0911102294922
2019-02-12,10.059431076049805,163.16456604003906,245.20431518554688
2019-02-13,10.065595626831055,163.27915954589844,246.00045776367188
2019-02-14,10.082850456237793,163.47967529296875,245.45481872558594
2019-02-15,10.17776107788086,164.1671142578125,248.1295928955078
2019-02-19,10.211044311523438,164.49172973632812,248.55899047851562
2019-02-20,10.209809303283691,164.46311950683594,249.05999755859375
2019-02-21,10.125991821289062,163.86154174804688,248.1743621826172
2019-02-22,10.280070304870605,165.07415771484375,249.71302795410156
2019-02-25,10.354028701782227,165.6757049560547,250.05296325683594
2019-02-26,10.372518539428711,165.84750366210938,249.87405395507812
2019-02-27,10.355259895324707,165.74253845214844,249.76663208007812
2019-02-28,10.307188034057617,165.36058044433594,249.30149841308594
2019-03-01,10.457566261291504,166.50633239746094,250.8580322265625
2019-03-04,10.452638626098633,166.53500366210938,249.9456024169922
2019-03-05,10.467428207397461,166.65908813476562,249.60557556152344
2019-03-06,10.344165802001953,165.71389770507812,248.09385681152344
2019-03-07,10.092710494995117,163.68016052246094,246.01837158203125
2019-03-08,10.056964874267578,163.4319305419922,245.5263671875
2019-03-11,10.477289199829102,166.83099365234375,249.08680725097656
2019-03-12,10.595622062683105,167.74754333496094,250.02601623535156
2019-03-13,10.749698638916016,169.00791931152344,251.68101501464844
2019-03-14,10.709023475646973,168.72149658203125,251.52008056640625
2019-03-15,10.892683982849121,170.2873077392578,252.76271057128906
2019-03-18,10.949385643005371,170.6929473876953,253.6791229248047
2019-03-19,11.028270721435547,171.26681518554688,253.74208068847656
2019-03-20,11.11868667602539,171.94595336914062,252.9783477783203
2019-03-21,11.460362434387207,174.63380432128906,255.8356170654297
2019-03-22,10.947232246398926,170.79808044433594,250.91171264648438
2019-03-25,10.91886043548584,170.4728240966797,250.72300720214844
2019-03-26,11.017539978027344,171.26681518554688,252.5919952392578
2019-03-27,10.886791229248047,170.1667938232422,251.2711639404297
2019-03-28,10.921329498291016,170.55899047851562,252.2235870361328
2019-03-29,11.09278392791748,171.85028076171875,253.81405639648438
2019-04-01,11.390055656433105,174.12684631347656,256.823974609375
2019-04-02,11.460362434387207,174.786865234375,256.9497985839844
2019-04-03,11.592347145080566,175.7911834716797,257.3542175292969
2019-04-04,11.582479476928711,175.7242431640625,258.03704833984375
2019-04-05,11.695959091186523,176.6329345703125,259.28594970703125
2019-04-08,11.756403923034668,177.08253479003906,259.483642578125
2019-04-09,11.673758506774902,176.4607696533203,258.15386962890625
2019-04-10,11.799577713012695,177.40773010253906,259.03436279296875
2019-04-11,11.741598129272461,176.98681640625,258.9625244140625
2019-04-12,11.837811470031738,177.7520751953125,260.7146301269531
2019-04-15,11.839046478271484,177.7808380126953,260.54388427734375
2019-04-16,11.919221878051758,178.39295959472656,260.7146301269531
2019-04-17,11.99940013885498,179.01467895507812,260.07666015625
2019-04-18,12.025301933288574,179.2442626953125,260.5887451171875
2019-04-22,12.096844673156738,179.75123596191406,260.8134765625
2019-04-23,12.401516914367676,182.03736877441406,263.1585693359375
2019-04-24,12.322575569152832,181.4634552001953,262.5744934082031
2019-04-25,12.406453132629395,182.19996643066406,262.412841796875
2019-04-26,12.443456649780273,182.36257934570312,263.6347961425781
2019-04-29,12.480461120605469,182.7165069580078,264.0481262207031
2019-04-30,12.295437812805176,181.30078125,264.1828308105469
2019-05-01,12.200459480285645,180.71734619140625,262.1971130371094
2019-05-02,12.107946395874023,179.93296813964844,261.63104248046875
2019-05-03,12.487860679626465,182.8025665283203,264.19189453125
2019-05-06,12.34230899810791,181.68345642089844,263.1046447753906
2019-05-07,11.846447944641113,178.144287109375,258.7109069824219
2019-05-08,11.77490520477295,177.69471740722656,258.3514404296875
2019-05-09,11.666357040405273,176.7382354736328,257.5697021484375
2019-05-10,11.68979263305664,176.95819091796875,258.8635559082031
2019-05-13,10.869521141052246,170.8172149658203,252.35836791992188
2019-05-14,11.108817100524902,172.69203186035156,254.6405792236328
2019-05-15,11.41225814819336,175.13119506835938,256.1322021484375
2019-05-16,11.644155502319336,176.89122009277344,258.5042419433594
2019-05-17,11.406088829040527,175.0834197998047,256.8329772949219
2019-05-20,11.029876708984375,172.12771606445312,255.13482666015625
2019-05-21,11.250670433044434,173.9259490966797,257.4349670410156
2019-05-22,11.150757789611816,173.1511993408203,256.6443176269531
2019-05-23,10.804144859313965,170.50160217285156,253.50848388671875
2019-05-24,10.789344787597656,170.41549682617188,254.08352661132812
2019-05-28,10.707935333251953,169.77462768554688,251.72042846679688
2019-05-29,10.536479949951172,168.37808227539062,250.03121948242188
2019-05-30,10.6265230178833,169.0859375,250.71400451660156
2019-05-31,10.27127742767334,166.3885040283203,247.33563232421875
2019-06-03,9.839555740356445,162.72503662109375,246.7067108154297
2019-06-04,10.377358436584473,167.30677795410156,252.06179809570312
2019-06-05,10.53031063079834,168.5502166748047,254.24525451660156
2019-06-06,10.69189739227295,169.88938903808594,255.89852905273438
2019-06-07,11.101418495178223,173.17031860351562,258.4593200683594
2019-06-10,11.35551643371582,175.18858337402344,259.64532470703125
2019-06-11,11.394987106323242,175.42767333984375,259.5824890136719
2019-06-12,11.269174575805664,174.41378784179688,259.124267578125
2019-06-13,11.399922370910645,175.44686889648438,260.1934509277344
2019-06-14,11.286441802978516,174.70074462890625,259.9059143066406
2019-06-17,11.429526329040527,175.75296020507812,260.0047912597656
2019-06-18,11.76257038116455,178.30691528320312,262.72723388671875
2019-06-19,11.848912239074707,178.9763946533203,263.3203125
2019-06-20,12.064775466918945,180.64085388183594,265.83612060546875
2019-06-21,12.035171508789062,180.37298583984375,265.44964599609375
2019-06-24,12.031469345092773,180.37876892089844,265.1246643066406
2019-06-25,11.61449909210205,177.2823028564453,262.5244140625
2019-06-26,11.718155860900879,178.10675048828125,262.2625732421875
2019-06-27,11.81194019317627,178.78738403320312,263.1925048828125
2019-06-28,11.847725868225098,179.01748657226562,264.54681396484375
2019-07-01,12.15499496459961,181.4332275390625,266.9485168457031
2019-07-02,12.253713607788086,182.15225219726562,267.6436767578125
2019-07-03,12.427709579467773,183.5231170654297,269.7835998535156
2019-07-05,12.386987686157227,183.14923095703125,269.47650146484375
2019-07-08,12.204357147216797,181.86463928222656,267.995849609375
2019-07-09,12.327756881713867,182.77537536621094,268.3299865722656
2019-07-10,12.568387031555176,184.59677124023438,269.6120300292969
2019-07-11,12.548643112182617,184.4625701904297,270.2440490722656
2019-07-12,12.693021774291992,185.5266571044922,271.45391845703125
2019-07-15,12.763362884521484,186.1210479736328,271.5443115234375
2019-07-16,12.63625717163086,185.16236877441406,270.66845703125
2019-07-17,12.515326499938965,184.25167846679688,268.8265075683594
2019-07-18,12.55481243133545,184.4625701904297,269.8106384277344
2019-07-19,12.341331481933594,183.11085510253906,268.31195068359375
2019-07-22,12.553580284118652,184.56802368164062,268.9710693359375
2019-07-23,12.711533546447754,185.7759552001953,270.89422607421875
2019-07-24,12.887995719909668,187.0796661376953,272.1672058105469
2019-07-25,12.638726234436035,185.30621337890625,270.8670349121094
2019-07-26,12.892931938171387,187.21383666992188,272.681884765625
2019-07-29,12.813955307006836,186.57159423828125,272.185302734375
2019-07-30,12.695491790771484,185.76637268066406,271.5171203613281
2019-07-31,12.35860824584961,183.19712829589844,268.54656982421875
2019-08-01,12.219161033630371,182.2864227294922,266.2081604003906
2019-08-02,11.863768577575684,179.60226440429688,264.20367431640625
2019-08-05,11.003663063049316,173.25601196289062,256.25830078125
2019-08-06,11.326974868774414,175.68136596679688,259.85174560546875
2019-08-07,11.42446231842041,176.6304168701172,260.00537109375
2019-08-08,11.940277099609375,180.47463989257812,265.10662841796875
2019-08-09,11.713217735290527,178.7777862548828,263.3008728027344
2019-08-12,11.446672439575195,176.726318359375,260.0956115722656
2019-08-13,11.9600191116333,180.5992431640625,264.1405334472656
2019-08-14,11.215911865234375,175.20205688476562,256.3305358886719
2019-08-15,11.201105117797852,175.000732421875,257.0077209472656
2019-08-16,11.555267333984375,177.80953979492188,260.79986572265625
2019-08-19,11.90819263458252,180.63755798339844,263.9418640136719
2019-08-20,11.747770309448242,179.23797607421875,261.9194030761719
2019-08-21,11.951382637023926,180.82928466796875,264.05023193359375
2019-08-22,11.873641967773438,180.24452209472656,263.968994140625
2019-08-23,11.125829696655273,174.5405731201172,257.1882629394531
2019-08-26,11.4503755569458,177.17686462402344,260.0323791503906
2019-08-27,11.410884857177734,176.802978515625,259.0121765136719
2019-08-28,11.477524757385254,177.4356689453125,260.83599853515625
2019-08-29,11.829215049743652,180.14865112304688,264.1676940917969
2019-08-30,11.776153564453125,179.71728515625,264.05023193359375
2019-09-03,11.542925834655762,177.97254943847656,262.5063171386719
2019-09-04,11.87610912322998,180.54173278808594,265.4857482910156
2019-09-05,12.312947273254395,183.8490447998047,268.8988037109375
2019-09-06,12.284566879272461,183.66688537597656,269.10638427734375
2019-09-09,12.226567268371582,183.28347778320312,269.2418518066406
2019-09-10,12.168570518493652,182.7561492919922,269.1786804199219
2019-09-11,12.386987686157227,184.47210693359375,271.0927429199219
2019-09-12,12.47953987121582,185.2390899658203,272.03179931640625
2019-09-13,12.398094177246094,184.5775909423828,271.85125732421875
2019-09-16,12.273459434509277,183.75315856933594,271.0115051269531
2019-09-17,12.390690803527832,184.6351318359375,271.69769287109375
2019-09-18,12.389457702636719,184.5584259033203,271.86016845703125
2019-09-19,12.42524242401123,184.8651580810547,271.8421630859375
2019-09-20,12.162398338317871,182.90956115722656,270.55780029296875
2019-09-23,12.169803619384766,182.990234375,270.4942932128906
2019-09-24,11.839086532592773,180.5599365234375,268.371826171875
2019-09-25,12.106868743896484,182.58677673339844,269.9591064453125
2019-09-26,12.01801872253418,181.91444396972656,269.39678955078125
2019-09-27,11.730496406555176,179.6570281982422,267.9455261230469
2019-09-30,11.936576843261719,181.36688232421875,269.1880798339844
2019-10-01,11.74036693572998,179.8875732421875,265.9862365722656
2019-10-02,11.336846351623535,176.7945098876953,261.2876892089844
2019-10-03,11.589818954467773,178.73484802246094,263.4283142089844
2019-10-04,11.931638717651367,181.36688232421875,266.99310302734375
2019-10-07,11.851428985595703,180.81932067871094,265.8410339355469
2019-10-08,11.48369312286377,178.1105194091797,261.7138977050781
2019-10-09,11.729260444641113,179.84915161132812,264.1993713378906
2019-10-10,11.892152786254883,181.2419891357422,265.9862365722656
2019-10-11,12.193246841430664,183.57623291015625,268.74371337890625
2019-10-14,12.204357147216797,183.5570068359375,268.4443664550781
2019-10-15,12.505455017089844,185.89120483398438,271.1020202636719
2019-10-16,12.44251823425293,185.4300994873047,270.6665954589844
2019-10-17,12.511622428894043,185.92002868652344,271.4648742675781
2019-10-18,12.269757270812988,184.13339233398438,270.2765808105469
2019-10-21,12.485709190368652,185.76632690429688,272.1088562011719
2019-10-22,12.285798072814941,184.2870330810547,271.2199401855469
2019-10-23,12.331459045410156,184.64244079589844,272.0090637207031
2019-10-24,12.564685821533203,186.43873596191406,272.45355224609375
2019-10-25,12.758423805236816,187.92764282226562,273.5692443847656
2019-10-28,13.016335487365723,189.78150939941406,275.1112060546875
2019-10-29,12.821357727050781,188.3118438720703,275.0296325683594
2019-10-30,12.923783302307129,189.22438049316406,275.87322998046875
2019-10-31,12.943527221679688,189.31088256835938,275.138427734375
2019-11-01,13.185392379760742,191.03030395507812,277.687255859375
2019-11-04,13.337175369262695,192.21180725097656,278.802978515625
2019-11-05,13.34211254119873,192.31748962402344,278.49456787109375
2019-11-06,13.293985366821289,191.88519287109375,278.5580139160156
2019-11-07,13.382833480834961,192.52879333496094,279.53765869140625
2019-11-08,13.488960266113281,193.2972412109375,280.2270812988281
2019-11-11,13.450704574584961,193.03790283203125,279.6918640136719
2019-11-12,13.521042823791504,193.5950164794922,280.2815246582031
2019-11-13,13.502533912658691,193.64309692382812,280.3721618652344
2019-11-14,13.509939193725586,193.48936462402344,280.7803039550781
2019-11-15,13.677763938903809,194.91102600097656,282.8121337890625
2019-11-18,13.732056617736816,195.0647430419922,283.0207824707031
2019-11-19,13.762909889221191,195.35289001464844,282.9391784667969
2019-11-20,13.596317291259766,194.1809844970703,281.88702392578125
2019-11-21,13.53461742401123,193.74874877929688,281.4335021972656
2019-11-22,13.554361343383789,193.87359619140625,282.05938720703125
2019-11-25,13.872734069824219,196.16937255859375,284.2453308105469
2019-11-26,13.924564361572266,196.54403686523438,284.88934326171875
2019-11-27,14.117071151733398,197.9176483154297,286.1591796875
2019-11-29,13.983796119689941,197.0147247314453,285.09796142578125
2019-12-02,13.675293922424316,194.9974822998047,282.6761169433594
2019-12-03,13.476616859436035,193.4701690673828,280.7803039550781
2019-12-04,13.613595008850098,194.44993591308594,282.51287841796875
2019-12-05,13.665422439575195,194.83421325683594,283.0207824707031
2019-12-06,13.950480461120605,196.9186553955078,285.6059875488281
2019-12-09,13.833248138427734,196.02529907226562,284.7078552246094
2019-12-10,13.809803009033203,195.86199951171875,284.3904113769531
2019-12-11,13.95788288116455,196.89942932128906,285.19781494140625
2019-12-12,14.166430473327637,198.36911010742188,287.6558837890625
2019-12-13,14.251575469970703,199.0223388671875,287.8282775878906
2019-12-16,14.524292945861816,201.0203094482422,289.80560302734375
2019-12-17,14.540336608886719,201.1356201171875,289.8690490722656
2019-12-18,14.561310768127441,201.2892303466797,289.8872985839844
2019-12-19,14.75382137298584,202.54762268066406,291.0754699707031
2019-12-20,14.875984191894531,203.36412048339844,292.3515930175781
2019-12-23,14.943855285644531,203.9013214111328,292.7983093261719
2019-12-24,14.951263427734375,204.0072021484375,292.807373046875
2019-12-26,15.224092483520508,205.80734252929688,294.3661193847656
2019-12-27,15.187055587768555,205.634033203125,294.2930908203125
2019-12-30,14.98212718963623,204.2863311767578,292.6706237792969
2019-12-31,15.047555923461914,204.6714324951172,293.3816833496094
2020-01-02,15.541363716125488,208.08888244628906,296.1253356933594
2020-01-03,15.26606559753418,206.18276977539062,293.8829650878906
2020-01-06,15.447539329528809,207.5112762451172,295.0041198730469
2020-01-07,15.440132141113281,207.4823760986328,294.1746520996094
2020-01-08,15.673456192016602,209.0419158935547,295.7424621582031
2020-01-09,15.951225280761719,210.81321716308594,297.7477722167969
2020-01-10,15.867278099060059,210.27410888671875,296.8908996582031
2020-01-13,16.222820281982422,212.69998168945312,298.93280029296875
2020-01-14,16.103071212768555,211.8625030517578,298.4769592285156
2020-01-15,16.105539321899414,211.94915771484375,299.15155029296875
2020-01-16,16.409231185913086,213.9803924560547,301.639892578125
2020-01-17,16.575891494750977,215.03927612304688,302.578857421875
2020-01-21,16.561079025268555,214.94300842285156,301.9863586425781
2020-01-22,16.645021438598633,215.51097106933594,302.0228271484375
2020-01-23,16.74378776550293,216.2041473388672,302.3692321777344
2020-01-24,16.45737648010254,214.3846893310547,299.68017578125
2020-01-27,15.779626846313477,209.95640563964844,294.8764953613281
2020-01-28,16.256149291992188,213.1813507080078,297.96661376953125
2020-01-29,16.3067626953125,213.5279083251953,297.7203674316406
2020-01-30,16.42527961730957,214.2884063720703,298.6866760253906
2020-01-31,15.89320182800293,210.89022827148438,293.2632141113281
2020-02-03,16.366024017333984,214.07662963867188,295.4416198730469
2020-02-04,17.119077682495117,218.97657775878906,299.9446716308594
2020-02-05,17.249937057495117,219.6985626220703,303.4082946777344
2020-02-06,17.536348342895508,221.5950164794922,304.42926025390625
2020-02-07,17.37833023071289,220.6419677734375,302.8067321777344
2020-02-10,17.80917739868164,223.3085479736328,305.0672912597656
2020-02-11,17.80917739868164,223.34706115722656,305.5959167480469
2020-02-12,18.158544540405273,225.52264404296875,307.5648498535156
2020-02-13,18.098051071166992,225.23387145996094,307.2366943359375
2020-02-14,18.194345474243164,225.87887573242188,307.72894287109375
2020-02-18,18.225204467773438,225.96546936035156,306.93597412109375
2020-02-19,18.567169189453125,228.13148498535156,308.4034118652344
2020-02-20,18.206689834594727,226.01361083984375,307.136474609375
2020-02-21,17.528940200805664,221.67202758789062,303.9734802246094
2020-02-24,16.167264938354492,213.12353515625,293.8920593261719
2020-02-25,15.29446029663086,207.32839965820312,284.98651123046875
2020-02-26,15.426552772521973,208.3969268798828,283.9382019042969
2020-02-27,13.882168769836426,197.961669921875,271.18609619140625
2020-02-28,14.021669387817383,198.11569213867188,270.04669189453125
2020-03-02,15.34136962890625,208.33914184570312,281.74151611328125
2020-03-03,14.362399101257324,201.65829467773438,273.674560546875
2020-03-04,15.541363716125488,210.0719451904297,285.17791748046875
2020-03-05,14.605599403381348,203.68951416015625,275.6980895996094
2020-03-06,14.113024711608887,200.25282287597656,271.1405334472656
2020-03-09,12.169891357421875,186.3423614501953,249.96592712402344
2020-03-10,13.47477912902832,196.48878479003906,262.90045166015625
2020-03-11,12.299515724182129,187.93075561523438,250.0845184326172
2020-03-12,10.023063659667969,170.69912719726562,226.1570587158203
2020-03-13,11.93286418914795,185.1582794189453,245.4904022216797
2020-03-16,9.035447120666504,162.9785614013672,218.62789916992188
2020-03-17,10.253915786743164,175.33914184570312,230.43212890625
2020-03-18,9.611967086791992,170.00604248046875,218.76466369628906
2020-03-19,9.744064331054688,171.02639770507812,219.2295379638672
2020-03-20,8.965080261230469,164.3262939453125,209.781982421875
2020-03-23,9.01075553894043,164.44493103027344,204.41824340820312
2020-03-24,10.382307052612305,177.17913818359375,222.939208984375
2020-03-25,10.196985244750977,175.86717224121094,226.27667236328125
2020-03-26,11.294590950012207,185.1283416748047,239.4888916015625
2020-03-27,10.46613883972168,178.76129150390625,232.35552978515625
2020-03-30,11.267430305480957,185.26345825195312,239.90150451660156
2020-03-31,11.060007095336914,183.68130493164062,236.32565307617188
2020-04-01,10.136487007141113,175.87680053710938,225.6898651123047
2020-04-02,10.538984298706055,179.4462127685547,230.897705078125
2020-04-03,10.252545356750488,176.89938354492188,227.56028747558594
2020-04-06,11.710667610168457,189.54676818847656,242.8446044921875
2020-04-07,11.664986610412598,189.4695587158203,243.09219360351562
2020-04-08,12.172429084777832,193.492431640625,251.2524871826172
2020-04-09,12.203291893005371,193.77220153808594,255.07589721679688
2020-04-13,12.483561515808105,195.86566162109375,252.7470245361328
2020-04-14,13.56264591217041,204.38406372070312,260.201171875
2020-04-15,13.252747535705566,202.039794921875,254.67242431640625
2020-04-16,13.75525188446045,205.72496032714844,255.90098571777344
2020-04-17,13.982426643371582,207.6930389404297,262.8143005371094
2020-04-20,13.65894889831543,205.23301696777344,258.18402099609375
2020-04-21,12.642828941345215,197.6600341796875,250.3447723388672
2020-04-22,13.42436695098877,203.52545166015625,255.90098571777344
2020-04-23,13.360161781311035,203.0913543701172,255.88272094726562
2020-04-24,13.799696922302246,206.29417419433594,259.4493408203125
2020-04-27,13.967612266540527,207.95352172851562,263.1902160644531
2020-04-28,13.470046997070312,204.03675842285156,261.9798889160156
2020-04-29,14.388627052307129,211.27207946777344,268.8382263183594
2020-04-30,14.442952156066895,211.18528747558594,266.3351745605469
2020-05-01,13.570053100585938,205.23301696777344,259.2843017578125
2020-05-04,13.909584045410156,207.62550354003906,259.9994812011719
2020-05-05,14.219480514526367,209.9793701171875,262.4016418457031
2020-05-06,14.39233112335205,211.27207946777344,260.6229248046875
2020-05-07,14.77383804321289,213.99261474609375,263.76788330078125
2020-05-08,15.161521911621094,216.92530822753906,268.1322021484375
2020-05-11,15.4133882522583,218.8644256591797,268.18719482421875
2020-05-12,14.798532485961914,214.28196716308594,262.8417663574219
2020-05-13,14.42937183380127,211.6001434326172,258.1932067871094
2020-05-14,14.744206428527832,214.0022735595703,261.2831115722656
2020-05-15,14.934342384338379,215.39146423339844,262.48419189453125
2020-05-18,15.505986213684082,219.4046173095703,270.47943115234375
2020-05-19,15.405978202819824,218.85472106933594,267.7012023925781
2020-05-20,16.033184051513672,223.2249298095703,272.2489929199219
2020-05-21,15.680074691772461,220.79380798339844,270.36944580078125
2020-05-22,15.777609825134277,221.55593872070312,270.8828125
2020-05-26,15.714642524719238,220.9578094482422,274.2202453613281
2020-05-27,15.864035606384277,222.1637420654297,278.30035400390625
2020-05-28,15.802302360534668,221.87428283691406,277.7869567871094
2020-05-29,16.231958389282227,225.12535095214844,279.0246887207031
2020-06-01,16.40481185913086,225.80064392089844,280.1524963378906
2020-06-02,16.608530044555664,227.31529235839844,282.47210693359375
2020-06-03,16.75421905517578,228.33786010742188,286.2314453125
2020-06-04,16.51469612121582,226.73641967773438,285.4795227050781
2020-06-05,17.16165542602539,231.23199462890625,292.7962646484375
2020-06-08,17.44438934326172,233.02635192871094,296.33538818359375
2020-06-09,17.682676315307617,234.71461486816406,294.1257019042969
2020-06-10,18.122209548950195,237.53155517578125,292.4844970703125
2020-06-11,16.330734252929688,225.76210021972656,275.62310791015625
2020-06-12,16.55914878845215,227.5564422607422,278.9238586425781
2020-06-15,16.972753524780273,230.32516479492188,281.52777099609375
2020-06-16,17.582672119140625,234.28050231933594,286.946533203125
2020-06-17,17.667861938476562,235.02328491210938,285.75457763671875
2020-06-18,17.777748107910156,235.6600341796875,285.8646240234375
2020-06-19,17.75551986694336,235.62147521972656,284.23095703125
2020-06-22,18.196292877197266,238.4471893310547,286.05438232421875
2020-06-23,18.486433029174805,240.47662353515625,287.3712463378906
2020-06-24,17.74564552307129,235.51901245117188,280.0408020019531
2020-06-25,18.086406707763672,237.76104736328125,283.04296875
2020-06-26,17.20240020751953,232.14633178710938,276.3202209472656
2020-06-29,17.565387725830078,234.67820739746094,280.3815612792969
2020-06-30,18.234567642211914,239.27828979492188,283.97308349609375
2020-07-01,18.69879722595215,242.0711669921875,285.9622802734375
2020-07-02,18.951900482177734,243.71400451660156,287.5370178222656
2020-07-06,19.888999938964844,249.70562744140625,291.975830078125
2020-07-07,19.607498168945312,247.9853973388672,288.9643859863281
2020-07-08,20.11617088317871,251.2518768310547,291.1746520996094
2020-07-09,20.45076560974121,253.36827087402344,289.5169982910156
2020-07-10,20.755727767944336,255.09808349609375,292.47308349609375
2020-07-13,19.89147186279297,249.85060119628906,289.9405822753906
2020-07-14,20.181612014770508,251.6190643310547,293.697998046875
2020-07-15,20.22606086730957,252.13125610351562,296.396240234375
2020-07-16,19.943323135375977,250.4110870361328,295.4200134277344
2020-07-17,20.00752830505371,250.70101928710938,296.27642822265625
2020-07-20,21.156991958618164,257.81353759765625,298.6709289550781
2020-07-21,20.71127700805664,255.1270294189453,299.3063659667969
2020-07-22,20.85696792602539,256.02587890625,301.01007080078125
2020-07-23,19.756893157958984,249.33840942382812,297.41839599609375
2020-07-24,19.376619338989258,246.9707489013672,295.5029296875
2020-07-27,20.0754337310791,251.37747192382812,297.6579284667969
2020-07-28,19.57663345336914,248.1787109375,295.7700500488281
2020-07-29,20.029748916625977,251.0392608642578,299.4075927734375
2020-07-30,20.23099708557129,252.3535614013672,298.33935546875
2020-07-31,20.949562072753906,256.8569030761719,300.69683837890625
2020-08-03,21.503925323486328,260.3262634277344,302.7874755859375
2020-08-04,21.670602798461914,261.2926025390625,303.9568786621094
2020-08-05,21.784191131591797,261.9400939941406,305.8448486328125
2020-08-06,22.338544845581055,265.409423828125,307.88922119140625
2020-08-07,21.83604621887207,262.3459777832031,308.1103210449219
2020-08-10,21.640968322753906,261.2250061035156,309.03118896484375
2020-08-11,20.833511352539062,256.2770690917969,306.4801940917969
2020-08-12,21.88172721862793,262.722900390625,310.7532653808594
2020-08-13,21.96815299987793,263.3221130371094,310.1914367675781
2020-08-14,21.92740821838379,263.01287841796875,310.20068359375
2020-08-17,22.413860321044922,266.06658935546875,311.18609619140625
2020-08-18,22.850927352905273,268.62750244140625,311.8584289550781
2020-08-19,22.552143096923828,266.8204040527344,310.5599060058594
2020-08-20,23.176876068115234,270.5216979980469,311.5268249511719
2020-08-21,23.485536575317383,272.3963928222656,312.6319580078125
2020-08-24,23.789264678955078,274.0972595214844,315.7998962402344
2020-08-25,24.159658432006836,276.2524108886719,316.9049987792969
2020-08-26,25.184415817260742,282.1473693847656,320.0821228027344
2020-08-27,25.016508102416992,281.2679443359375,320.7820129394531
2020-08-28,25.27825164794922,282.6981506347656,322.85406494140625
2020-08-31,25.720260620117188,284.9692077636719,321.6845397949219
2020-09-01,26.569698333740234,289.8397521972656,324.71435546875
2020-09-02,27.066028594970703,292.58428955078125,329.4110412597656
2020-09-03,24.290531158447266,277.7502136230469,318.0745544433594
2020-09-04,23.64604377746582,274.0489501953125,315.47760009765625
2020-09-08,21.391569137573242,260.8771057128906,306.8577880859375
2020-09-09,22.638568878173828,268.5406494140625,312.9173889160156
2020-09-10,21.71010971069336,263.186767578125,307.4841003417969
2020-09-11,21.436019897460938,261.3603210449219,307.6405029296875
2020-09-14,22.181747436523438,265.9119873046875,311.692626953125
2020-09-15,22.813886642456055,269.6808776855469,313.26739501953125
2020-09-16,22.060747146606445,265.3804626464844,312.0242004394531
2020-09-17,21.40391731262207,261.2347106933594,309.27984619140625
2020-09-18,20.838449478149414,257.9006042480469,305.7192077636719
2020-09-21,21.01870346069336,258.51910400390625,302.316650390625
2020-09-22,21.771841049194336,263.3221130371094,305.39556884765625
2020-09-23,20.433483123779297,255.2816925048828,298.3131408691406
2020-09-24,20.638431549072266,256.47039794921875,299.1082458496094
2020-09-25,21.61627769470215,262.43304443359375,303.9440002441406
2020-09-28,22.482999801635742,267.8834228515625,308.9922180175781
2020-09-29,22.280519485473633,266.6755065917969,307.30950927734375
2020-09-30,22.63115692138672,268.5019226074219,309.6394958496094
2020-10-01,23.317630767822266,272.763671875,311.6274719238281
2020-10-02,22.003955841064453,265.0906066894531,308.6686096191406
2020-10-05,22.957109451293945,270.7439270019531,314.1423034667969
2020-10-06,22.10519790649414,265.9119873046875,309.6764831542969
2020-10-07,22.915132522583008,270.5119934082031,315.06689453125
2020-10-08,23.1225528717041,271.9519348144531,317.859130859375
2020-10-09,23.823833465576172,276.1073913574219,320.69769287109375
2020-10-12,25.288131713867188,284.63092041015625,325.8570251464844
2020-10-13,25.270843505859375,284.62127685546875,323.7303466796875
2020-10-14,24.86834716796875,282.24395751953125,321.69622802734375
2020-10-15,24.5177059173584,280.3498840332031,321.29876708984375
2020-10-16,24.26090431213379,278.8132019042969,321.1044616699219
2020-10-19,23.443561553955078,274.26153564453125,316.22265625
2020-10-20,23.589248657226562,274.8511657714844,317.4893798828125
2020-10-21,23.52998924255371,274.638427734375,316.8883361816406
2020-10-22,23.53739356994629,274.62890625,318.6265869140625
2020-10-23,23.643573760986328,275.1700134277344,319.7083740234375
2020-10-26,22.8953800201416,271.04351806640625,313.8002014160156
2020-10-27,23.248485565185547,273.1598815917969,312.7183532714844
2020-10-28,21.448366165161133,262.51025390625,302.030029296875
2020-10-29,22.1619930267334,267.1007080078125,305.09967041015625
2020-10-30,21.112539291381836,260.3262634277344,301.9189453125
2020-11-02,21.171802520751953,260.9061584472656,305.30316162109375
2020-11-03,21.880489349365234,265.4191589355469,310.6935119628906
2020-11-04,23.838651657104492,277.26708984375,317.6372985839844
2020-11-05,25.093055725097656,284.4956970214844,323.83209228515625
2020-11-06,25.135032653808594,284.7082824707031,323.7581481933594
2020-11-09,24.070764541625977,278.890625,327.8263854980469
2020-11-10,23.246015548706055,273.8943786621094,327.3455810546875
2020-11-11,24.275711059570312,280.02130126953125,329.77728271484375
2020-11-12,24.046072006225586,278.70697021484375,326.578125
2020-11-13,24.488075256347656,281.1519470214844,331.0994567871094
2020-11-16,24.81402587890625,283.34564208984375,335.232421875
2020-11-17,24.653518676757812,282.4469299316406,333.429443359375
2020-11-18,24.305347442626953,280.3594970703125,329.4166564941406
2020-11-19,24.67327308654785,282.5532531738281,330.80364990234375
2020-11-20,24.357202529907227,280.6204833984375,328.53826904296875
2020-11-23,24.3547306060791,280.6300964355469,330.5077209472656
2020-11-24,25.051071166992188,284.5730285644531,335.8334045410156
2020-11-25,25.36467742919922,286.3221130371094,335.3156433105469
2020-11-27,25.8140926361084,288.9603576660156,336.2494812011719
2020-11-30,25.88075828552246,289.54986572265625,334.7608337402344
2020-12-01,26.619083404541016,293.2608337402344,338.42230224609375
2020-12-02,26.638839721679688,293.6376953125,339.1342468261719
2020-12-03,26.70056915283203,294.05328369140625,339.0417785644531
2020-12-04,26.952438354492188,295.2515869140625,341.9635009765625
2020-12-07,27.236413955688477,296.9234313964844,341.2608642578125
2020-12-08,27.404321670532227,297.9285583496094,342.2594299316406
2020-12-09,26.201772689819336,291.18310546875,339.18975830078125
2020-12-10,26.37215805053711,292.3524169921875,339.0787048339844
2020-12-11,26.27585220336914,291.7049865722656,338.68115234375
2020-12-14,26.619083404541016,293.82135009765625,337.164794921875
2020-12-15,27.211711883544922,296.962158203125,341.72308349609375
2020-12-16,27.512971878051758,298.5953063964844,342.2594299316406
2020-12-17,27.871023178100586,300.5474548339844,344.17327880859375
2020-12-18,27.678415298461914,299.6390075683594,342.7990417480469
2020-12-21,27.6068058013916,299.07843017578125,341.5733947753906
2020-12-22,27.740148544311523,299.8916931152344,340.9976501464844
2020-12-23,27.463586807250977,298.3813781738281,341.3041687011719
2020-12-24,27.703105926513672,299.6980285644531,342.6319274902344
2020-12-28,28.266109466552734,302.71868896484375,345.575439453125
2020-12-29,28.317964553833008,302.98974609375,344.91619873046875
2020-12-30,28.293272018432617,302.9993591308594,345.4082336425781
2020-12-31,28.424142837524414,303.7449035644531,347.1632080078125
2021-01-04,27.624094009399414,299.4560241699219,342.4369201660156
2021-01-05,28.073505401611328,301.9248352050781,344.79541015625
2021-01-06,27.32036590576172,297.7424011230469,346.8568115234375
2021-01-07,28.653785705566406,304.9454040527344,352.0102233886719
2021-01-08,29.37482452392578,308.86639404296875,354.0158386230469
2021-01-11,28.500694274902344,304.4033508300781,351.6295471191406
2021-01-12,28.43155288696289,303.919189453125,351.7037353515625
2021-01-13,28.799476623535156,305.97161865234375,352.65087890625
2021-01-14,28.483407974243164,304.33544921875,351.4159240722656
2021-01-15,28.04140281677246,301.9248352050781,348.8531799316406
2021-01-19,28.8710880279541,306.3298645019531,351.5923767089844
2021-01-20,30.192167282104492,313.4554138183594,356.4579772949219
2021-01-21,30.70083999633789,315.96282958984375,356.7828063964844
2021-01-22,30.50823402404785,315.0527648925781,355.52001953125
2021-01-25,31.049013137817383,317.6571044921875,356.9221496582031
2021-01-26,31.093463897705078,318.121826171875,356.3650817871094
2021-01-27,29.419275283813477,309.25360107421875,347.65533447265625
2021-01-28,29.713119506835938,311.0834045410156,350.6452331542969
2021-01-29,28.488346099853516,304.5387878417969,343.6254577636719
2021-02-01,29.88844108581543,312.1484069824219,349.3453063964844
2021-02-02,30.868755340576172,317.2407531738281,354.28509521484375
2021-02-03,30.60207176208496,315.9821472167969,354.563720703125
2021-02-04,31.332984924316406,319.71923828125,358.5936584472656
2021-02-05,31.552749633789062,320.8035583496094,360.0048522949219
2021-02-08,31.94784164428711,322.9527893066406,362.6048583984375
2021-02-09,31.93796157836914,322.8851318359375,362.3634033203125
2021-02-10,31.782398223876953,322.1492919921875,362.20562744140625
2021-02-11,32.13550567626953,323.92095947265625,362.79052734375
2021-02-12,32.491092681884766,325.7314453125,364.5826721191406
2021-02-16,32.32316589355469,324.8503112792969,364.26690673828125
2021-02-17,32.00957107543945,323.29168701171875,364.3505554199219
2021-02-18,31.718196868896484,321.87823486328125,362.7997741699219
2021-02-19,31.451509475708008,320.47442626953125,362.1591491699219
2021-02-22,29.821767807006836,312.167724609375,359.3735046386719
2021-02-23,29.63656997680664,311.23834228515625,359.8099670410156
2021-02-24,30.120559692382812,313.80389404296875,363.7747802734375
2021-02-25,27.987075805664062,302.86383056640625,355.0093688964844
2021-02-26,28.283395767211914,304.1321716308594,353.1801452636719
2021-03-01,29.95511245727539,313.28106689453125,361.7413330078125
2021-03-02,28.984676361083984,308.2563781738281,358.91851806640625
2021-03-03,27.315427780151367,299.31072998046875,354.1644287109375
2021-03-04,26.399314880371094,294.4120178222656,349.78173828125
2021-03-05,27.20924949645996,298.8460998535156,356.21649169921875
2021-03-08,25.660993576049805,290.3844909667969,354.4429931640625
2021-03-09,27.690757751464844,301.83758544921875,359.5035400390625
2021-03-10,27.52531623840332,300.9761047363281,361.7413330078125
2021-03-11,28.80194664001465,307.9078369140625,365.40911865234375
2021-03-12,28.3204345703125,305.4101257324219,365.90118408203125
2021-03-15,28.932825088500977,308.67266845703125,368.0832214355469
2021-03-16,29.2488956451416,310.36700439453125,367.61895751953125
2021-03-17,29.48100471496582,311.6449279785156,368.87255859375
2021-03-18,27.66360092163086,302.09912109375,363.5055236816406
2021-03-19,27.91299819946289,303.1640930175781,362.83294677734375
2021-03-22,28.915536880493164,308.84942626953125,365.730224609375
2021-03-23,28.61674690246582,307.501953125,362.8515930175781
2021-03-24,27.668540954589844,302.3158264160156,361.00701904296875
2021-03-25,27.589521408081055,301.7923583984375,363.0379638671875
2021-03-26,28.41179656982422,306.31927490234375,368.88824462890625
2021-03-29,28.387102127075195,306.2320251464844,368.7019348144531
2021-03-30,28.110544204711914,304.69073486328125,367.7237548828125
2021-03-31,28.93775749206543,309.35345458984375,369.2142639160156
2021-04-01,29.952640533447266,314.6266784667969,373.2014465332031
2021-04-05,31.152727127075195,320.9082336425781,378.5580749511719
2021-04-06,31.086050033569336,320.685302734375,378.33447265625
2021-04-07,31.239151000976562,321.4607849121094,378.77239990234375
2021-04-08,31.895977020263672,324.8148193359375,380.5702819824219
2021-04-09,32.2861328125,326.7825927734375,383.33709716796875
2021-04-12,32.192298889160156,326.35601806640625,383.47686767578125
2021-04-13,32.94297409057617,330.1656494140625,384.61334228515625
2021-04-14,32.15031814575195,326.200927734375,383.2998352050781
2021-04-15,33.115821838378906,331.14471435546875,387.41741943359375
2021-04-16,33.2047233581543,331.5325012207031,388.7122802734375
2021-04-19,32.59233093261719,328.4984436035156,386.80255126953125
2021-04-20,32.09599304199219,326.10400390625,383.9705505371094
2021-04-21,32.66393280029297,328.8957824707031,387.6036682128906
2021-04-22,31.878698348999023,324.93109130859375,384.063720703125
2021-04-23,32.67875671386719,329.0218200683594,388.22796630859375
2021-04-26,33.10100555419922,331.16412353515625,389.0383605957031
2021-04-27,32.797279357910156,329.7294006347656,388.9544677734375
2021-04-28,32.53799819946289,328.6147155761719,388.8427734375
2021-04-29,32.80962371826172,329.7972717285156,391.32080078125
2021-04-30,32.36515808105469,327.6356201171875,388.74957275390625
2021-05-03,32.034271240234375,325.89068603515625,389.5880432128906
2021-05-04,30.876161575317383,320.026123046875,387.18450927734375
2021-05-05,30.653926849365234,318.95013427734375,387.3056335449219
2021-05-06,31.132972717285156,321.3541259765625,390.3985290527344
2021-05-07,31.621891021728516,323.96173095703125,393.23980712890625
2021-05-10,30.014375686645508,315.7802734375,389.3457946777344
2021-05-11,29.95758056640625,315.3441162109375,385.87103271484375
2021-05-12,28.4068603515625,307.1820373535156,377.673095703125
2021-05-13,28.846397399902344,309.5569152832031,382.2098388671875
2021-05-14,30.10573959350586,316.3910217285156,388.0787658691406
2021-05-17,29.74275016784668,314.4716796875,387.09130859375
2021-05-18,29.332847595214844,312.3487854003906,383.7563171386719
2021-05-19,29.401987075805664,312.7073669433594,382.750244140625
2021-05-20,30.54033851623535,318.7561950683594,386.86773681640625
2021-05-21,30.19463539123535,316.9920349121094,386.551025390625
2021-05-24,31.219392776489258,322.3235168457031,390.4916076660156
2021-05-25,31.30088233947754,322.7693786621094,389.62530517578125
2021-05-26,31.508302688598633,323.8939208984375,390.3985290527344
2021-05-27,31.2811279296875,322.6821594238281,390.60345458984375
2021-05-28,31.4539794921875,323.70001220703125,391.3022155761719
2021-06-01,31.261371612548828,322.6239929199219,390.9573974609375
2021-06-02,31.379898071289062,323.2540588378906,391.5722351074219
2021-06-03,30.70330810546875,319.890380859375,390.1189880371094
2021-06-04,31.78487205505371,325.31884765625,393.6869812011719
2021-06-07,31.94784164428711,326.2882385253906,393.3050537109375
2021-06-08,31.972532272338867,326.4433898925781,393.38885498046875
2021-06-09,32.002166748046875,326.5208740234375,392.80194091796875
2021-06-10,32.673824310302734,329.92333984375,394.6278991699219
2021-06-11,32.831851959228516,330.7861022949219,395.2800598144531
2021-06-14,33.45905303955078,333.95587158203125,396.1650085449219
2021-06-15,33.01457595825195,331.7747802734375,395.4383239746094
2021-06-16,32.777530670166016,330.5631408691406,393.2304992675781
2021-06-17,33.60721206665039,334.7604675292969,393.10009765625
2021-06-18,33.08371353149414,332.1335144042969,387.7969665527344
2021-06-21,33.48374938964844,334.19769287109375,393.3486328125
2021-06-22,34.11094284057617,337.3129577636719,395.4515380859375
2021-06-23,34.13564682006836,337.4779357910156,394.9750061035156
2021-06-24,34.56036376953125,339.56451416015625,397.31158447265625
2021-06-25,34.48628234863281,339.1471862792969,398.7228088378906
2021-06-28,35.31596755981445,343.27178955078125,399.526611328125
2021-06-29,35.567832946777344,344.5140075683594,399.7415771484375
2021-06-30,35.46413040161133,343.97052001953125,400.0780029296875
2021-07-01,35.48881912231445,344.10638427734375,402.2930603027344
2021-07-02,36.28887939453125,348.05621337890625,405.3680725097656
2021-07-06,36.59506607055664,349.5605163574219,404.62969970703125
2021-07-07,36.72346878051758,350.29815673828125,406.0596618652344
2021-07-08,36.32838439941406,348.1824645996094,402.7510986328125
2021-07-09,36.767921447753906,350.3564453125,407.0503234863281
2021-07-12,37.0494270324707,351.72479248046875,408.5083312988281
2021-07-13,37.034603118896484,351.72479248046875,407.11578369140625
2021-07-14,37.16301345825195,352.3555603027344,407.7232971191406
2021-07-15,36.63951873779297,349.8807678222656,406.3307189941406
2021-07-16,36.05182647705078,347.0469970703125,403.1435546875
2021-07-19,35.459190368652344,344.2034912109375,397.1899719238281
2021-07-20,36.28392791748047,348.2018127441406,402.8819274902344
2021-07-21,36.81730270385742,350.8901062011719,406.1438293457031
2021-07-22,37.33091354370117,353.20965576171875,406.99432373046875
2021-07-23,38.18035888671875,357.33416748046875,411.181396484375
2021-07-26,38.264312744140625,357.6155700683594,412.1909484863281
2021-07-27,37.42475509643555,353.67547607421875,410.3122863769531
2021-07-28,37.69144058227539,355.0340576171875,410.14398193359375
2021-07-29,37.83959197998047,355.6649169921875,411.84503173828125
2021-07-30,37.434627532958984,353.81134033203125,409.8450012207031
2021-08-02,37.429691314697266,353.84039306640625,408.9850769042969
2021-08-03,37.88404083251953,355.98516845703125,412.31231689453125
2021-08-04,38.00751495361328,356.49951171875,410.28424072265625
2021-08-05,38.486549377441406,358.76080322265625,412.8824768066406
2021-08-06,38.13591003417969,357.18853759765625,413.564697265625
2021-08-09,38.27418899536133,357.84857177734375,413.2283020019531
2021-08-10,37.88898468017578,356.0142822265625,413.7423095703125
2021-08-11,37.76551818847656,355.4029235839844,414.77032470703125
2021-08-12,38.03219985961914,356.6839599609375,416.013427734375
2021-08-13,38.279136657714844,357.9359130859375,416.77056884765625
2021-08-16,38.30876541137695,358.0911560058594,417.7518615722656
2021-08-17,37.63711166381836,354.93707275390625,415.013427734375
2021-08-18,36.90620422363281,351.5208740234375,410.47113037109375
2021-08-19,37.27164840698242,353.2192687988281,411.1066589355469
2021-08-20,38.04701614379883,356.87799072265625,414.37786865234375
2021-08-23,39.17301559448242,362.2157287597656,418.0229797363281
2021-08-24,39.415008544921875,363.32208251953125,418.6865234375
2021-08-25,39.45946502685547,363.7394104003906,419.5650939941406
2021-08-26,39.000160217285156,361.4295959472656,417.0883483886719
2021-08-27,39.76565933227539,364.9427795410156,420.81744384765625
2021-08-30,40.65953826904297,369.0382385253906,422.66802978515625
2021-08-31,40.575584411621094,368.73748779296875,422.0418395996094
2021-09-01,40.71879577636719,369.3487854003906,422.2662048339844
2021-09-02,40.66941833496094,369.1741638183594,423.56536865234375
2021-09-03,40.92622375488281,370.3096923828125,423.4625549316406
2021-09-07,41.025001525878906,370.83367919921875,421.9483642578125
2021-09-08,40.758304595947266,369.5429382324219,421.434326171875
2021-09-09,40.43730163574219,368.2716369628906,419.6305236816406
2021-09-10,39.83479690551758,365.4765625,416.32196044921875
2021-09-13,39.78046798706055,365.22418212890625,417.3873596191406
2021-09-14,39.54835510253906,364.185791015625,415.1349792480469
2021-09-15,40.13111114501953,366.89349365234375,418.6024169921875
2021-09-16,40.2051887512207,367.145751953125,417.9388122558594
2021-09-17,39.252044677734375,362.7980041503906,413.86767578125
2021-09-20,37.61735916137695,355.3013000488281,406.9667663574219
2021-09-21,37.69144058227539,355.7386779785156,406.5823669433594
2021-09-22,38.412471771240234,359.06146240234375,410.5484924316406
2021-09-23,39.1137580871582,362.3744201660156,415.53662109375
2021-09-24,39.177955627441406,362.71441650390625,416.2210998535156
2021-09-27,38.57051086425781,359.8192443847656,415.0303649902344
2021-09-28,36.367897033691406,349.63720703125,406.666748046875
2021-09-29,36.278995513916016,349.06396484375,407.3512878417969
2021-09-30,35.938232421875,347.7815246582031,402.372314453125
2021-10-01,36.422218322753906,349.9383239746094,407.1542053222656
2021-10-04,34.911006927490234,342.5933837890625,401.9035949707031
2021-10-05,35.844398498535156,347.2180480957031,406.08538818359375
2021-10-06,36.2938117980957,349.44287109375,407.7730407714844
2021-10-07,36.96052551269531,352.6490173339844,411.2985534667969
2021-10-08,36.58518600463867,350.8905334472656,410.5484924316406
2021-10-11,36.027122497558594,348.1993408203125,407.5762023925781
2021-10-12,35.78512954711914,346.9848937988281,406.5729675292969
2021-10-13,36.34813690185547,349.76348876953125,408.03564453125
2021-10-14,37.68156433105469,356.2049865722656,414.8990173339844
2021-10-15,38.15567398071289,358.4493408203125,418.0588684082031
2021-10-18,38.92609405517578,362.05377197265625,419.2965393066406
2021-10-19,39.4940299987793,364.7935485839844,422.53131103515625
2021-10-20,39.40019989013672,364.3175964355469,424.19097900390625
2021-10-21,39.88418960571289,366.5424499511719,425.29730224609375
2021-10-22,39.20264434814453,363.4626159667969,424.8565979003906
2021-10-25,40.002708435058594,367.1836853027344,427.1350402832031
2021-10-26,40.22494125366211,368.33984375,427.51947021484375
2021-10-27,40.43236541748047,369.19482421875,425.6255187988281
2021-10-28,41.34600830078125,373.2948303222656,429.73236083984375
2021-10-29,41.75096893310547,375.13104248046875,430.604248046875
2021-11-01,42.032474517822266,376.4136047363281,431.3450012207031
2021-11-02,42.3880615234375,377.987548828125,433.08892822265625
2021-11-03,43.28193664550781,381.99993896484375,435.7330627441406
2021-11-04,44.37831115722656,386.8966979980469,437.7864990234375
2021-11-05,44.46720504760742,387.2658996582031,439.30548095703125
2021-11-08,44.34868240356445,386.7412414550781,439.6805114746094
2021-11-09,43.72148132324219,384.0791320800781,438.2272033691406
2021-11-10,42.44731521606445,378.4343566894531,434.7016906738281
2021-11-11,42.68437194824219,379.48370361328125,434.84228515625
2021-11-12,43.578250885009766,383.4768371582031,438.1240234375
2021-11-15,43.563438415527344,383.3893737792969,438.2740783691406
2021-11-16,44.17582321166992,386.11944580078125,440.00860595703125
2021-11-17,44.215335845947266,386.3235168457031,438.9398193359375
2021-11-18,45.12404251098633,390.32635498046875,440.4305419921875
2021-11-19,45.62283706665039,392.50262451171875,439.6430358886719
2021-11-22,44.58079147338867,387.94598388671875,438.4053039550781
2021-11-23,44.161014556884766,386.17779541015625,438.9866638183594
2021-11-24,44.472145080566406,387.4213562011719,440.15863037109375
2021-11-26,42.694244384765625,380.0763854980469,430.3417663574219
2021-11-29,44.590667724609375,388.3249206542969,435.62060546875
2021-11-30,43.26712417602539,382.6218566894531,427.1444091796875
2021-12-01,41.800357818603516,376.1123046875,422.4000244140625
2021-12-02,42.41767883300781,378.8230285644531,428.8696594238281
2021-12-03,40.94104766845703,372.2358093261719,425.1379699707031
2021-12-06,41.61269760131836,375.2185363769531,430.1730041503906
2021-12-07,44.1165657043457,386.5177917480469,439.071044921875
2021-12-08,44.486961364746094,388.2471923828125,440.2336730957031
2021-12-09,43.17329788208008,382.5344543457031,437.261474609375
2021-12-10,44.106685638427734,386.6927185058594,441.3776550292969
2021-12-13,42.82759094238281,381.1062316894531,437.4677429199219
2021-12-14,41.96828079223633,377.1617126464844,434.4578552246094
2021-12-15,43.84494400024414,385.75994873046875,441.2463073730469
2021-12-16,41.60280990600586,375.84033203125,437.35516357421875
2021-12-17,41.178096771240234,373.9652099609375,432.7005310058594
2021-12-20,40.34840774536133,370.33758544921875,428.0993347167969
2021-12-21,42.15593719482422,378.6259765625,435.7019958496094
2021-12-22,43.19304275512695,383.2370300292969,440.0584716796875
2021-12-23,43.85481643676758,386.126220703125,442.7964782714844
2021-12-27,45.26231384277344,392.5079040527344,449.0630798339844
2021-12-28,44.89192581176758,390.6885986328125,448.69610595703125
2021-12-29,44.852413177490234,390.63031005859375,449.2700500488281
2021-12-30,44.54128646850586,389.4629211425781,448.02801513671875
2021-12-31,43.963462829589844,387.0309753417969,446.89892578125
2022-01-03,44.87710952758789,390.7568359375,449.4864196777344
2022-01-04,43.70170974731445,385.6884765625,449.33587646484375
2022-01-05,40.98549270629883,373.83966064453125,440.7077331542969
2022-01-06,40.95586013793945,373.57696533203125,440.293701171875
2022-01-07,40.052085876464844,369.5301513671875,438.552978515625
2022-01-10,40.14593505859375,369.7733154296875,438.00726318359375
2022-01-11,41.326255798339844,375.3281555175781,441.9967346191406
2022-01-12,41.65220260620117,376.8164978027344,443.191650390625
2022-01-13,39.54341506958008,367.3899841308594,437.0851135253906
2022-01-14,40.04221725463867,369.67608642578125,437.2639465332031
2022-01-18,38.0766487121582,360.473388671875,429.5201416015625
2022-01-19,37.197574615478516,356.51397705078125,425.0602111816406
2022-01-20,36.21479034423828,351.8834533691406,420.3555908203125
2022-01-21,34.175148010253906,342.1262512207031,412.1036682128906
2022-01-24,34.589988708496094,343.6924133300781,413.8537902832031
2022-01-25,32.861488342285156,335.72503662109375,408.8011779785156
2022-01-26,32.915809631347656,335.1998291015625,407.7754821777344
2022-01-27,32.15031814575195,331.82421875,405.76190185546875
2022-01-28,34.209716796875,342.23321533203125,415.83917236328125
2022-01-31,36.4024543762207,353.1772766113281,423.32891845703125
2022-02-01,36.83706283569336,355.5801086425781,426.1893310546875
2022-02-02,37.45438766479492,358.4693298339844,430.32928466796875
2022-02-03,34.382572174072266,343.9356384277344,420.2144775390625
2022-02-04,35.26165008544922,348.2743835449219,422.19036865234375
2022-02-07,34.70852279663086,345.47265625,420.8354797363281
2022-02-08,35.48881912231445,349.3542175292969,424.2980651855469
2022-02-09,36.995094299316406,356.7572326660156,430.5081787109375
2022-02-10,35.3110237121582,348.682861328125,422.77374267578125
2022-02-11,33.08371353149414,337.6221008300781,414.437255859375
2022-02-14,33.172611236572266,338.0403747558594,413.0823059082031
2022-02-15,34.79741668701172,346.4454650878906,419.7439880371094
2022-02-16,34.762847900390625,346.35797119140625,420.2144775390625
2022-02-17,32.69850540161133,336.055908203125,411.2381286621094
2022-02-18,31.942901611328125,332.2230529785156,408.5752868652344
2022-02-22,31.295944213867188,328.88629150390625,404.190673828125
2022-02-23,29.705713272094727,320.4618225097656,397.0208435058594
2022-02-24,31.695972442626953,331.23077392578125,402.9956359863281
2022-02-25,32.673824310302734,336.3671569824219,411.8873596191406
2022-02-28,32.92567443847656,337.36920166015625,410.83349609375
2022-03-01,31.844125747680664,332.20361328125,404.5763854980469
2022-03-02,32.89111328125,337.7777099609375,412.0190734863281
2022-03-03,31.95277976989746,332.9526672363281,409.9678955078125
2022-03-04,31.05394744873047,328.1275329589844,406.63702392578125
2022-03-07,28.747621536254883,316.0257568359375,394.6496887207031
2022-03-08,28.466123580932617,314.5569152832031,391.6576232910156
2022-03-09,30.550214767456055,325.88031005859375,402.1582336425781
2022-03-10,29.86374855041504,322.2615051269531,400.34228515625
2022-03-11,28.599464416503906,315.578369140625,395.251953125
2022-03-14,27.517913818359375,309.51776123046875,392.3633117675781
2022-03-15,29.216793060302734,319.226318359375,400.9914855957031
2022-03-16,31.404592514038086,331.06549072265625,409.8831787109375
2022-03-17,32.13550567626953,335.0733337402344,415.0111999511719
2022-03-18,33.4738655090332,341.9316101074219,419.55670166015625
2022-03-21,33.286197662353516,340.98101806640625,419.43402099609375
2022-03-22,34.58011245727539,347.68218994140625,424.3420104980469
2022-03-23,33.58746337890625,342.6855773925781,418.8770446777344
2022-03-24,35.0838623046875,350.30230712890625,425.1914367675781
2022-03-25,35.03446960449219,350.0101623535156,427.2679138183594
2022-03-28,36.11601638793945,355.4256286621094,430.3070373535156
2022-03-29,37.33091354370117,361.5423889160156,435.63037109375
2022-03-30,36.53580093383789,357.5488586425781,432.9403991699219
2022-03-31,35.51845932006836,353.1172180175781,426.27691650390625
2022-04-01,35.49375915527344,352.44512939453125,427.48504638671875
2022-04-04,36.921024322509766,359.70147705078125,431.1470642089844
2022-04-05,35.306087493896484,351.7145690917969,425.70111083984375
2022-04-06,33.730682373046875,344.0783386230469,421.4444580078125
2022-04-07,33.91340255737305,344.8965759277344,423.56805419921875
2022-04-08,32.950374603271484,340.0751953125,422.4355163574219
2022-04-11,31.399654388427734,332.0298767089844,415.2150573730469
2022-04-12,31.152727127075195,330.62725830078125,413.67657470703125
2022-04-13,32.38737487792969,337.3479919433594,418.4146423339844
2022-04-14,30.900856018066406,329.6337890625,413.2047119140625
2022-04-18,30.999629974365234,329.8871154785156,413.37451171875
2022-04-19,32.313297271728516,337.2603454589844,420.0475158691406
2022-04-20,31.370023727416992,332.3415222167969,419.7360534667969
2022-04-21,30.115617752075195,325.4650573730469,413.4595031738281
2022-04-22,28.505630493164062,316.94244384765625,402.1145324707031
2022-04-25,29.25629997253418,321.01385498046875,404.44580078125
2022-04-26,26.999357223510742,308.8972473144531,392.73272705078125
2022-04-27,26.9697265625,308.52703857421875,393.8370056152344
2022-04-28,28.86614990234375,319.48468017578125,403.7850646972656
2022-04-29,26.273380279541016,305.1083068847656,388.8630065917969
2022-05-02,27.157390594482422,310.202392578125,391.2036437988281
2022-05-03,27.241350173950195,310.53350830078125,392.99700927734375
2022-05-04,29.068632125854492,321.0333557128906,404.9649658203125
2022-05-05,26.17954444885254,304.8647766113281,390.5713806152344
2022-05-06,25.522714614868164,301.21221923828125,388.2400207519531
2022-05-09,23.497882843017578,289.4267578125,375.80963134765625
2022-05-10,24.075702667236328,292.94293212890625,376.6779479980469
2022-05-11,22.628690719604492,284.2547302246094,370.6939697265625
2022-05-12,22.529918670654297,283.5826110839844,370.3070373535156
2022-05-13,24.174476623535156,294.0921630859375,379.1602783203125
2022-05-16,23.6312255859375,290.6831970214844,377.6218566894531
2022-05-17,24.851064682006836,298.21234130859375,385.3896179199219
2022-05-18,22.381755828857422,283.5729675292969,369.85394287109375
2022-05-19,22.159523010253906,282.0534973144531,367.58880615234375
2022-05-20,22.006431579589844,281.1768798828125,367.74920654296875
2022-05-23,22.742277145385742,285.8521728515625,374.6298522949219
2022-05-24,21.769376754760742,279.7742919921875,371.7699279785156
2022-05-25,22.391637802124023,283.6897888183594,375.05450439453125
2022-05-26,23.621353149414062,291.550048828125,382.5487060546875
2022-05-27,25.186891555786133,301.066162109375,391.93988037109375
2022-05-31,25.02391815185547,300.2674865722656,389.7407531738281
2022-06-01,24.658456802368164,298.0467224121094,386.5883483886719
2022-06-02,26.016576766967773,306.2088317871094,393.95025634765625
2022-06-03,24.623886108398438,298.24151611328125,387.4849548339844
2022-06-06,24.81155776977539,299.2350158691406,388.664794921875
2022-06-07,25.2510929107666,301.816162109375,392.3929748535156
2022-06-08,24.870817184448242,299.64410400390625,388.12677001953125
2022-06-09,23.51270294189453,291.6181640625,378.89599609375
2022-06-10,21.838512420654297,281.332763671875,367.90966796875
2022-06-13,19.82850456237793,268.2518310546875,353.94085693359375
2022-06-14,19.922332763671875,268.7388000488281,352.874267578125
2022-06-15,20.895240783691406,275.44970703125,357.905029296875
2022-06-16,19.221054077148438,264.3362731933594,346.05975341796875
2022-06-17,19.665525436401367,267.550537109375,346.8057556152344
2022-06-21,20.658185958862305,274.3006591796875,355.5361328125
2022-06-22,20.589048385620117,273.9005432128906,354.8915100097656
2022-06-23,21.201433181762695,277.97979736328125,358.370361328125
2022-06-24,22.692893981933594,287.50433349609375,369.7643127441406
2022-06-27,22.30768585205078,285.3964538574219,368.3519592285156
2022-06-28,20.939693450927734,276.70135498046875,360.82550048828125
2022-06-29,20.998950958251953,276.9550476074219,360.5316467285156
2022-06-30,20.45076560974121,273.5199890136719,357.6025390625
2022-07-01,20.717453002929688,275.32537841796875,361.3847351074219
2022-07-05,21.428607940673828,280.038818359375,362.0672302246094
2022-07-06,21.690357208251953,281.83447265625,363.29010009765625
2022-07-07,22.613874435424805,287.8654479980469,368.73114013671875
2022-07-08,22.68795394897461,288.2264709472656,368.4278259277344
2022-07-11,21.690357208251953,282.06866455078125,364.2190246582031
2022-07-12,21.280447006225586,279.336181640625,360.9960632324219
2022-07-13,21.201433181762695,278.76043701171875,359.10028076171875
2022-07-14,21.344654083251953,279.75592041015625,358.2281188964844
2022-07-15,22.10519790649414,284.8304138183594,365.0721435546875
2022-07-18,21.734806060791016,282.4200439453125,362.0577392578125
2022-07-19,23.058347702026367,291.1053161621094,371.8403015136719
2022-07-20,23.789264678955078,295.7213134765625,374.2100830078125
2022-07-21,24.47079086303711,299.9663391113281,378.020751953125
2022-07-22,23.61147117614746,294.7063293457031,374.5133972167969
2022-07-25,23.359603881835938,293.02777099609375,374.96844482421875
2022-07-26,22.416332244873047,287.2701110839844,370.5321960449219
2022-07-27,24.312755584716797,299.41009521484375,380.153564453125
2022-07-28,24.77204132080078,302.3377380371094,384.92156982421875
2022-07-29,25.69062614440918,307.8514404296875,390.5332336425781
2022-08-01,25.660993576049805,307.666015625,389.3768005371094
2022-08-02,25.488142013549805,306.7486572265625,386.80792236328125
2022-08-03,26.87588882446289,315.1022644042969,392.86517333984375
2022-08-04,27.108007431030273,316.57586669921875,392.59979248046875
2022-08-05,26.678348541259766,313.98974609375,391.9362487792969
2022-08-08,26.505495071411133,312.9748229980469,391.4811706542969
2022-08-09,25.898048400878906,309.432373046875,389.92657470703125
2022-08-10,27.340120315551758,318.0689697265625,398.1165771484375
2022-08-11,27.02898597717285,316.2635192871094,398.1165771484375
2022-08-12,28.095726013183594,322.4214172363281,404.8563537597656
2022-08-15,28.520448684692383,325.0270080566406,406.524658203125
2022-08-16,28.387102127075195,324.265869140625,407.3209228515625
2022-08-17,27.730270385742188,320.5672607421875,404.4298095703125
2022-08-18,27.873483657836914,321.3381652832031,405.605224609375
2022-08-19,26.777118682861328,315.0729675292969,400.1546936035156
2022-08-22,25.359737396240234,306.7779846191406,391.82244873046875
2022-08-23,25.315292358398438,306.5243225097656,390.87451171875
2022-08-24,25.45850944519043,307.4123229980469,392.1258239746094
2022-08-25,26.34252166748047,312.8479309082031,397.6616516113281
2022-08-26,24.179414749145508,300.0249328613281,384.201171875
2022-08-29,23.705305099487305,297.0679931640625,381.6607360839844
2022-08-30,23.17193603515625,293.75970458984375,377.4709777832031
2022-08-31,22.90031623840332,292.052001953125,374.59881591796875
2022-09-01,22.915132522583008,292.1788024902344,375.774169921875
2022-09-02,22.2582950592041,288.05084228515625,371.8117980957031
2022-09-06,21.937284469604492,285.98199462890625,370.4089660644531
2022-09-07,22.81635856628418,291.7591857910156,377.0633544921875
2022-09-08,23.048473358154297,293.2717590332031,379.5279235839844
2022-09-09,24.046072006225586,299.6833190917969,385.4240417480469
2022-09-12,24.614009857177734,303.2452697753906,389.56634521484375
2022-09-13,21.902711868286133,286.6163635253906,372.6270751953125
2022-09-14,22.26323127746582,288.8900146484375,374.0489807128906
2022-09-15,21.492813110351562,284.0789794921875,369.80224609375
2022-09-16,21.23106575012207,282.3419494628906,366.9810791015625
2022-09-19,21.57183074951172,284.5406188964844,369.8270263671875
2022-09-20,21.2113094329834,282.27252197265625,365.5819091796875
2022-09-21,20.44582748413086,277.2181701660156,359.2048034667969
2022-09-22,19.95196533203125,273.8061828613281,356.1875305175781
2022-09-23,19.300067901611328,269.34820556640625,350.21966552734375
2022-09-26,19.107467651367188,268.23370361328125,346.7550354003906
2022-09-27,19.156848907470703,268.3411865234375,345.8698425292969
2022-09-28,19.902578353881836,273.6790771484375,352.67535400390625
2022-09-29,18.781517028808594,265.78961181640625,345.3083190917969
2022-09-30,18.10492706298828,261.28271484375,339.9685974121094
2022-10-03,18.959306716918945,267.4124755859375,348.94427490234375
2022-10-04,20.149513244628906,275.82012939453125,359.7568054199219
2022-10-05,20.11493682861328,275.6734619140625,358.9192199707031
2022-10-06,19.793930053710938,273.50311279296875,355.2167053222656
2022-10-07,18.27777671813965,263.08154296875,345.3083190917969
2022-10-10,17.887630462646484,260.45172119140625,342.6718444824219
2022-10-11,17.443153381347656,256.87353515625,340.501708984375
2022-10-12,17.413522720336914,256.7855529785156,339.37847900390625
2022-10-13,18.203702926635742,262.80780029296875,348.3350524902344
2022-10-14,17.09745216369629,254.9085235595703,340.3969421386719
2022-10-17,18.258028030395508,263.325927734375,349.14410400390625
2022-10-18,18.544462203979492,265.40838623046875,353.2464294433594
2022-10-19,18.386430740356445,264.44049072265625,350.7431640625
2022-10-20,18.179006576538086,263.09130859375,347.8020935058594
2022-10-21,19.04820442199707,269.2602233886719,356.2541809082031
2022-10-24,19.46304702758789,272.22247314453125,360.61346435546875
2022-10-25,20.25815773010254,277.85357666015625,366.3719177246094
2022-10-26,19.34946060180664,271.71405029296875,363.6116638183594
2022-10-27,18.63336181640625,266.7672424316406,361.66998291015625
2022-10-28,19.7840518951416,274.9305419921875,370.2742919921875
2022-10-31,19.300067901611328,271.7336730957031,367.5998229980469
2022-11-01,18.909921646118164,268.9571533203125,365.99127197265625
2022-11-02,17.616004943847656,259.7380065917969,356.8061828613281
2022-11-03,16.929540634155273,254.6641082763672,353.1322326660156
2022-11-04,17.467849731445312,258.7603759765625,358.21490478515625
2022-11-07,17.84811782836914,261.6053161621094,361.6414489746094
2022-11-08,18.095048904418945,263.51177978515625,363.5926818847656
2022-11-09,17.245609283447266,257.4307861328125,356.1018981933594
2022-11-10,19.793930053710938,276.4261779785156,375.6711730957031
2022-11-11,20.524845123291016,281.5196838378906,379.30706787109375
2022-11-14,20.154451370239258,279.0561828613281,376.0803527832031
2022-11-15,20.72238540649414,282.91778564453125,379.28802490234375
2022-11-16,20.14457130432129,279.0561828613281,376.39453125
2022-11-17,20.040857315063477,278.44012451171875,375.2428283691406
2022-11-18,20.045801162719727,278.45001220703125,376.9465637207031
2022-11-21,19.626022338867188,275.5855712890625,375.57598876953125
2022-11-22,20.189016342163086,279.5546875,380.630126953125
2022-11-23,20.589048385620117,282.36053466796875,383.0286865234375
2022-11-25,20.30754852294922,280.5030212402344,382.9429626464844
2022-11-28,19.70503807067871,276.3871765136719,376.83233642578125
2022-11-29,19.413658142089844,274.2950744628906,376.18511962890625
2022-11-30,21.186622619628906,286.7989501953125,388.0351867675781
2022-12-01,21.22612762451172,287.15093994140625,387.7496643066406
2022-12-02,21.05821418762207,286.0071105957031,387.30230712890625
2022-12-05,20.327301025390625,281.2069396972656,380.3350524902344
2022-12-06,19.48773765563965,275.3802490234375,374.8525695800781
2022-12-07,19.319822311401367,274.2558898925781,374.2149353027344
2022-12-08,19.788991928100586,277.50164794921875,377.1464538574219
2022-12-09,19.53218650817871,275.7321472167969,374.3290710449219
2022-12-12,20.006290435791016,279.1929626464844,379.7259216308594
2022-12-13,20.440889358520508,282.1943054199219,382.600341796875
2022-12-14,20.124820709228516,280.1021728515625,380.1542053222656
2022-12-15,18.771638870239258,270.6972961425781,370.85498046875
2022-12-16,18.4012451171875,268.116455078125,366.47662353515625
2022-12-19,17.902446746826172,264.348388671875,363.36895751953125
2022-12-20,17.85306167602539,264.1426696777344,363.86627197265625
2022-12-21,18.376554489135742,267.9743347167969,369.30694580078125
2022-12-22,17.46468162536621,261.41827392578125,364.0383605957031
2022-12-23,17.548887252807617,262.0061950683594,366.13238525390625
2022-12-27,17.018901824951172,258.3018798828125,364.6885986328125
2022-12-28,16.56816864013672,254.89158630371094,360.1562805175781
2022-12-29,17.370573043823242,261.1046142578125,366.63916015625
2022-12-30,17.355716705322266,260.9478759765625,365.67340087890625
2023-01-03,17.113008499145508,259.18389892578125,364.13397216796875
2023-01-04,17.27646827697754,260.41864013671875,366.9451599121094
2023-01-05,16.71181297302246,256.3419494628906,362.75701904296875
2023-01-06,17.633087158203125,263.4174499511719,371.07586669921875
2023-01-09,17.86588478088379,265.1225891113281,370.8655090332031
2023-01-10,18.168025970458984,267.36663818359375,373.46630859375
2023-01-11,18.78221321105957,271.99212646484375,378.18988037109375
2023-01-12,18.96052360534668,273.4621276855469,379.56671142578125
2023-01-13,19.223039627075195,275.34368896484375,381.039306640625
2023-01-17,19.287429809570312,275.90234375,380.34124755859375
2023-01-18,18.792118072509766,272.31561279296875,374.33642578125
2023-01-19,18.415681838989258,269.64019775390625,371.6112976074219
2023-01-20,19.445926666259766,277.0193786621094,378.5341491699219
2023-01-23,20.297863006591797,283.17364501953125,383.0759582519531
2023-01-24,20.203758239746094,282.5955810546875,382.6647644042969
2023-01-25,20.094789505004883,281.9683532714844,382.8082580566406
2023-01-26,20.872425079345703,287.4659423828125,387.01544189453125
2023-01-27,21.283536911010742,290.3274841308594,387.9046630859375
2023-01-30,20.40683364868164,284.4574890136719,383.0377502441406
2023-01-31,21.035879135131836,288.72039794921875,388.66961669921875
2023-02-01,21.94725799560547,294.89422607421875,392.80035400390625
2023-02-02,23.49262237548828,305.47796630859375,398.5183410644531
2023-02-03,22.645641326904297,300.04888916015625,394.2824401855469
2023-02-06,22.269203186035156,297.51068115234375,391.8728332519531
2023-02-07,23.195438385009766,303.6747741699219,396.9979553222656
2023-02-08,22.34845733642578,298.2751159667969,392.6568908691406
2023-02-09,21.93734359741211,295.6390380859375,389.2528381347656
2023-02-10,21.659971237182617,293.6986389160156,390.1612854003906
2023-02-13,22.35835838317871,298.4024963378906,394.741455078125
2023-02-14,22.66050148010254,300.60748291015625,394.55975341796875
2023-02-15,23.027034759521484,302.9104309082031,395.8409729003906
2023-02-16,22.125560760498047,297.2265319824219,390.39080810546875
2023-02-17,21.808565139770508,295.1293640136719,389.4154357910156
2023-02-21,20.77336311340332,288.1421813964844,381.6034851074219
2023-02-22,20.80307960510254,288.35772705078125,381.0775451660156
2023-02-23,21.164657592773438,290.8763122558594,383.1046447753906
2023-02-24,20.436552047729492,286.005859375,379.01220703125
2023-02-27,20.738693237304688,288.0539245605469,380.30303955078125
2023-02-28,20.669347763061523,287.68157958984375,378.8974609375
2023-03-01,20.33749008178711,285.3688659667969,377.444091796875
2023-03-02,20.6842041015625,287.7305908203125,380.3795166015625
2023-03-03,21.526235580444336,293.6790466308594,386.47998046875
2023-03-06,21.555959701538086,294.0122375488281,386.7476806640625
2023-03-07,21.025972366333008,290.4059143066406,380.8193664550781
2023-03-08,21.243911743164062,291.8562927246094,381.4409484863281
2023-03-09,20.466270446777344,286.79962158203125,374.4033508300781
2023-03-10,19.89665985107422,282.7718811035156,369.00091552734375
2023-03-13,20.198806762695312,284.8690490722656,368.4750671386719
2023-03-14,21.129989624023438,291.41522216796875,374.56591796875
2023-03-15,21.3380184173584,292.94403076171875,372.2232971191406
2023-03-16,22.45247459411621,300.666259765625,378.7540283203125
2023-03-17,22.229578018188477,299.2453308105469,374.32525634765625
2023-03-20,22.393033981323242,300.30731201171875,377.9247131347656
2023-03-21,23.01712417602539,304.59637451171875,382.8871154785156
2023-03-22,22.388080596923828,300.4544982910156,376.3601989746094
2023-03-23,22.932920455932617,304.017333984375,377.37762451171875
2023-03-24,23.086471557617188,305.13623046875,379.8539733886719
2023-03-27,22.754610061645508,303.0456848144531,380.5643310546875
2023-03-28,22.526762008666992,301.4359436035156,379.71002197265625
2023-03-29,23.35393714904785,306.93231201171875,385.2290344238281
2023-03-30,23.765047073364258,309.83758544921875,387.48468017578125
2023-03-31,24.552589416503906,314.9903869628906,392.9461364746094
2023-04-03,24.428762435913086,314.22479248046875,394.4434814453125
2023-04-04,24.265310287475586,313.1648864746094,392.25506591796875
2023-04-05,23.760089874267578,310.0731201171875,391.22808837890625
2023-04-06,24.10185432434082,312.1636657714844,392.754150390625
2023-04-10,24.047372817993164,311.987060546875,393.1572570800781
2023-04-11,23.740278244018555,309.9847412109375,393.26287841796875
2023-04-12,23.309356689453125,307.24639892578125,391.6598815917969
2023-04-13,24.220733642578125,313.2630310058594,396.8622741699219
2023-04-14,24.116714477539062,312.6741027832031,395.8927917480469
2023-04-17,24.141481399536133,312.9390869140625,397.3133239746094
2023-04-18,24.156339645385742,312.958740234375,397.57244873046875
2023-04-19,24.12662124633789,312.8114929199219,397.5054016113281
2023-04-20,23.75514030456543,310.42645263671875,395.3360900878906
2023-04-21,23.784860610961914,310.75030517578125,395.6432189941406
2023-04-24,23.68083953857422,310.10260009765625,396.05596923828125
2023-04-25,22.794235229492188,304.2528381347656,389.76904296875
2023-04-26,23.051799774169922,306.09808349609375,388.1181640625
2023-04-27,24.304933547973633,314.421142578125,395.84478759765625
2023-04-28,24.636795043945312,316.5902099609375,399.223388671875
2023-05-01,24.572404861450195,316.2270812988281,398.8202819824219
2023-05-02,24.13157844543457,313.4690856933594,394.33782958984375
2023-05-03,23.83438491821289,311.4177551269531,391.63116455078125
2023-05-04,23.651124954223633,310.3184509277344,388.85723876953125
2023-05-05,24.641748428344727,316.91412353515625,396.05596923828125
2023-05-08,24.755666732788086,317.6993408203125,396.16156005859375
2023-05-09,24.443622589111328,315.687255859375,394.4242858886719
2023-05-10,24.973604202270508,319.1225280761719,396.2671203613281
2023-05-11,25.122196197509766,320.1628723144531,395.5760803222656
2023-05-12,24.938934326171875,319.01446533203125,395.0577697753906
2023-05-15,25.206401824951172,320.7419738769531,396.420654296875
2023-05-16,25.250978469848633,321.1051025390625,393.7716064453125
2023-05-17,25.870119094848633,324.99176025390625,398.5515441894531
2023-05-18,26.80130386352539,331.0279541015625,402.390869140625
2023-05-19,26.682430267333984,330.2820739746094,401.8053283691406
2023-05-22,26.840927124023438,331.3911437988281,401.9685363769531
2023-05-23,26.167306900024414,327.1903076171875,397.45733642578125
2023-05-24,25.889928817749023,325.5119934082031,394.5777893066406
2023-05-25,27.133163452148438,333.43267822265625,397.9948425292969
2023-05-26,28.524988174438477,341.9519958496094,403.14910888671875
2023-05-30,28.76769256591797,343.5027770996094,403.302734375
2023-05-31,28.391252517700195,341.5495910644531,401.0663146972656
2023-06-01,29.09459686279297,345.4952087402344,404.8768005371094
2023-06-02,29.52056312561035,348.0863342285156,410.7318420410156
2023-06-05,29.55523681640625,348.3316650390625,409.9447937011719
2023-06-06,29.545330047607422,348.2728271484375,410.8373718261719
2023-06-07,28.52994155883789,342.3642578125,409.4168395996094
2023-06-08,29.21842384338379,346.61407470703125,411.8931884765625
2023-06-09,29.431407928466797,347.9391174316406,412.63226318359375
2023-06-12,30.4368896484375,353.8182067871094,416.3756103515625
2023-06-13,30.88266944885254,356.5369567871094,419.1207580566406
2023-06-14,31.333402633666992,359.12811279296875,419.61993408203125
2023-06-15,32.05656433105469,363.4075012207031,424.8222351074219
2023-06-16,31.640499114990234,361.1205139160156,423.3751525878906
2023-06-20,31.56620216369629,360.6035461425781,421.17864990234375
2023-06-21,30.704357147216797,355.6894226074219,419.02056884765625
2023-06-22,31.412654876708984,359.8861083984375,420.5331115722656
2023-06-23,30.778656005859375,356.3184509277344,417.3538818359375
2023-06-26,29.95148468017578,351.5417785644531,415.648681640625
2023-06-27,30.971826553344727,357.5862121582031,420.2055969238281
2023-06-28,31.07584571838379,358.28411865234375,420.41748046875
2023-06-29,30.93715476989746,357.5666198730469,422.0745544433594
2023-06-30,31.888153076171875,363.0803527832031,427.0552978515625
2023-07-03,32.04170227050781,363.9353942871094,427.5466613769531
2023-07-05,32.016937255859375,363.92559814453125,426.91082763671875
2023-07-06,31.52161979675293,361.1539611816406,423.56787109375
2023-07-07,31.293781280517578,359.95489501953125,422.4983825683594
2023-07-10,31.333402633666992,360.0727844238281,423.56787109375
2023-07-11,31.620683670043945,361.8518371582031,426.2653503417969
2023-07-12,32.42308807373047,366.4219665527344,429.6950378417969
2023-07-13,33.48801040649414,372.643310546875,433.1054382324219
2023-07-14,33.47315216064453,372.5647888183594,432.8356628417969
2023-07-17,34.082374572753906,376.04400634765625,434.338623046875
2023-07-18,34.65199279785156,379.1202087402344,437.56597900390625
2023-07-19,34.56283950805664,379.0318298339844,438.5390625
2023-07-20,32.997650146484375,370.2944030761719,435.62957763671875
2023-07-21,32.79457092285156,369.1838073730469,435.62957763671875
2023-07-24,32.898590087890625,369.7734680175781,437.57562255859375
2023-07-25,33.35427474975586,372.2796936035156,438.7702331542969
2023-07-26,33.12147903442383,371.04132080078125,438.83770751953125
2023-07-27,32.93820571899414,370.1567687988281,435.92822265625
2023-07-28,34.131919860839844,376.8990783691406,440.19610595703125
2023-07-31,34.19135284423828,377.09564208984375,441.0342102050781
2023-08-01,33.99817657470703,376.2209167480469,439.77215576171875
2023-08-02,32.492431640625,367.965087890625,433.6546325683594
2023-08-03,32.373565673828125,367.3753356933594,432.4118347167969
2023-08-04,32.0615119934082,365.6553955078125,430.45611572265625
2023-08-07,32.606346130371094,368.7513427734375,434.2134094238281
2023-08-08,32.0367431640625,365.6160583496094,432.32513427734375
2023-08-09,31.323497772216797,361.5962219238281,429.43487548828125
2023-08-10,31.427513122558594,362.26458740234375,429.5890808105469
2023-08-11,31.016403198242188,359.95489501953125,429.3385009765625
2023-08-14,31.719749450683594,363.994384765625,431.7085876464844
2023-08-15,31.031265258789062,360.1318054199219,426.6795959472656
2023-08-16,30.357641220092773,356.3184509277344,423.548583984375
2023-08-17,29.679065704345703,352.4263610839844,420.3211975097656
2023-08-18,29.599815368652344,351.9841003417969,420.5234680175781
2023-08-21,30.56071662902832,357.65509033203125,423.2595520019531
2023-08-22,30.46660804748535,357.14398193359375,422.1130676269531
2023-08-23,31.4176082611084,362.775634765625,426.8145446777344
2023-08-24,30.035688400268555,355.0210876464844,420.89923095703125
2023-08-25,30.52604866027832,357.77301025390625,423.866455078125
2023-08-28,30.986684799194336,360.4660339355469,426.5544128417969
2023-08-29,32.314125061035156,368.3384704589844,432.7201232910156
2023-08-30,32.67074203491211,370.3926696777344,434.5024719238281
2023-08-31,32.829246520996094,371.50323486328125,433.8665771484375
2023-09-01,32.78466796875,371.1101379394531,434.6757507324219
2023-09-05,32.8441047668457,371.5819091796875,432.79718017578125
2023-09-06,32.26458740234375,368.30908203125,429.88775634765625
2023-09-07,31.77918815612793,365.675048828125,428.56787109375
2023-09-08,31.85348129272461,366.1861267089844,429.21331787109375
2023-09-11,32.606346130371094,370.5008239746094,432.0361022949219
2023-09-12,31.883203506469727,366.3924560546875,429.6661071777344
2023-09-13,32.115989685058594,367.7881164550781,430.1671447753906
2023-09-14,32.62617111206055,370.795654296875,433.8761901855469
2023-09-15,31.481996536254883,364.44647216796875,428.6487121582031
2023-09-18,31.56124496459961,364.8264465332031,428.9001159667969
2023-09-19,31.422561645507812,364.048828125,428.0106201171875
2023-09-20,30.596071243286133,358.8027648925781,424.0757751464844
2023-09-21,29.438785552978516,352.2278137207031,417.0664978027344
2023-09-22,29.46361541748047,352.277099609375,416.128662109375
2023-09-25,29.726865768432617,353.9502868652344,417.87860107421875
2023-09-26,28.822887420654297,348.6353759765625,411.7394714355469
2023-09-27,28.97686004638672,349.4522705078125,411.90380859375
2023-09-28,29.433815002441406,352.3755798339844,414.291748046875
2023-09-29,29.478519439697266,352.6313781738281,413.2863464355469
2023-10-02,29.950374603271484,355.5743408203125,413.1219787597656
2023-10-03,28.892425537109375,349.3341064453125,407.5918273925781
2023-10-04,29.672225952148438,354.0881042480469,410.5599365234375
2023-10-05,29.478519439697266,353.0447998046875,410.4052429199219
2023-10-06,30.45203399658203,358.960205078125,415.27789306640625
2023-10-09,30.769912719726562,360.7909851074219,417.9366455078125
2023-10-10,31.087791442871094,362.7889709472656,420.1119384765625
2023-10-11,31.53978157043457,365.3775939941406,421.83282470703125
2023-10-12,31.28647232055664,364.10784912109375,419.2611083984375
2023-10-13,30.51163673400879,359.53106689453125,417.1728515625
2023-10-16,31.211963653564453,363.5960388183594,421.56207275390625
2023-10-17,30.998390197753906,362.4051208496094,421.5427551269531
2023-10-18,30.12421417236328,357.6510925292969,415.9256591796875
2023-10-19,29.582826614379883,354.30462646484375,412.27117919921875
2023-10-20,28.703683853149414,349.0191650390625,407.20513916015625
2023-10-23,28.857656478881836,350.0723571777344,406.4993591308594
2023-10-24,29.433815002441406,353.4778747558594,409.5641174316406
2023-10-25,27.97355079650879,344.8262023925781,403.68603515625
2023-10-26,26.895732879638672,338.2513732910156,398.8520202636719
2023-10-27,27.154014587402344,339.8753662109375,397.0440979003906
2023-10-30,27.7401065826416,343.70416259765625,401.7911071777344
2023-10-31,28.02322006225586,345.347900390625,404.3144836425781
2023-11-01,28.99673080444336,351.3420104980469,408.6263427734375
2023-11-02,30.024877548217773,357.72003173828125,416.4573974609375
2023-11-03,30.72024154663086,361.9228515625,420.25689697265625
2023-11-06,30.95865249633789,363.3992004394531,421.22369384765625
2023-11-07,31.53481674194336,366.83428955078125,422.42254638671875
2023-11-08,31.58448028564453,367.070556640625,422.73193359375
2023-11-09,31.082826614379883,364.2456970214844,419.43511962890625
2023-11-10,32.443756103515625,372.4347839355469,425.9803161621094
2023-11-13,32.25004577636719,371.2733154296875,425.5743103027344
2023-11-14,33.62588119506836,379.2655334472656,433.8307800292969
2023-11-15,33.67058563232422,379.5509338378906,434.74920654296875
2023-11-16,33.73018264770508,379.8757629394531,435.2809143066406
2023-11-17,33.725215911865234,379.9643249511719,435.8223571777344
2023-11-20,34.549713134765625,384.5903625488281,439.1771545410156
2023-11-21,34.107662200927734,382.3560791015625,438.219970703125
2023-11-22,34.400718688964844,383.9210510253906,439.911865234375
2023-11-24,34.2815055847168,383.37969970703125,440.1826171875
2023-11-27,34.221900939941406,383.04510498046875,439.389892578125
2023-11-28,34.39077377319336,384.0490417480469,439.82489013671875
2023-11-29,34.311309814453125,383.6750183105469,439.5154724121094
2023-11-30,34.127532958984375,382.7104187011719,441.24603271484375
2023-12-01,34.326210021972656,383.8030090332031,443.8564147949219
2023-12-04,33.665611267089844,380.2399597167969,441.52642822265625
2023-12-05,33.82952117919922,381.1947021484375,441.4394836425781
2023-12-06,33.4371337890625,378.9898986816406,439.6605529785156
2023-12-07,34.37588882446289,384.28521728515625,443.0153503417969
2023-12-08,34.64408493041992,385.9978332519531,444.919921875
2023-12-11,35.240108489990234,389.29510498046875,446.6504821777344
2023-12-12,35.80136489868164,392.3955993652344,448.69036865234375
2023-12-13,36.69541931152344,397.38580322265625,454.8779296875
2023-12-14,36.61594772338867,397.041259765625,456.3377380371094
2023-12-15,36.884159088134766,398.96063232421875,455.58636474609375
2023-12-18,37.42057800292969,401.4734802246094,458.1491394042969
2023-12-19,37.78812789916992,403.52490234375,460.93505859375
2023-12-20,36.64854431152344,397.528564453125,454.5478210449219
2023-12-21,37.49876022338867,402.1539611816406,458.85772705078125
2023-12-22,37.603172302246094,402.7555847167969,459.7799072265625
2023-12-26,38.04071807861328,405.2211608886719,461.7213439941406
2023-12-27,38.184898376464844,406.0461120605469,462.55615234375
2023-12-28,38.115291595458984,405.84869384765625,462.7309265136719
2023-12-29,37.78714370727539,404.09234619140625,461.39129638671875
2024-01-02,36.514312744140625,397.2541809082031,458.80926513671875
2024-01-03,35.73371124267578,393.0506286621094,455.0622253417969
2024-01-04,35.34092712402344,391.02783203125,453.5964660644531
2024-01-05,35.430416107177734,391.4916076660156,454.2177734375
2024-01-08,36.882240295410156,399.58294677734375,460.7021484375
2024-01-09,37.02642822265625,400.372314453125,460.00323486328125
2024-01-10,37.50871276855469,403.0858459472656,462.60467529296875
2024-01-11,37.62803649902344,403.92462158203125,462.4008483886719
2024-01-12,37.677757263183594,404.1318054199219,462.72119140625
2024-01-16,37.662837982177734,404.09234619140625,461.0224304199219
2024-01-17,37.2203254699707,401.8128967285156,458.45977783203125
2024-01-18,38.284332275390625,407.5163269042969,462.5367431640625
2024-01-19,39.770965576171875,415.5978088378906,468.3028259277344
2024-01-22,39.87040710449219,416.1405334472656,469.29296875
2024-01-23,40.18861389160156,417.8673095703125,470.66162109375
2024-01-24,40.61620330810547,420.1861572265625,471.1761169433594
2024-01-25,40.69575119018555,420.6993103027344,473.7388916015625
2024-01-26,40.19855499267578,418.1929626464844,473.13702392578125
2024-01-29,41.03384780883789,422.4754333496094,476.8839416503906
2024-01-30,40.462074279785156,419.6632385253906,476.51507568359375
2024-01-31,38.880977630615234,411.443603515625,468.7396545410156
2024-02-01,39.80576705932617,416.2885437011719,474.87457275390625
2024-02-02,41.13826370239258,423.3240051269531,479.8738098144531
2024-02-05,40.98910903930664,422.77142333984375,478.12646484375
2024-02-06,40.839942932128906,421.9228820800781,479.51458740234375
2024-02-07,41.66032409667969,426.2645263671875,483.5140075683594
2024-02-08,41.79456329345703,427.0539245605469,483.72747802734375
2024-02-09,42.60002899169922,431.2574462890625,486.52313232421875
2024-02-12,42.251991271972656,429.5700988769531,486.30963134765625
2024-02-13,40.92446517944336,422.8701171875,479.6116943359375
2024-02-14,41.824398040771484,427.4782409667969,483.97021484375
2024-02-15,42.03322219848633,428.7511901855469,487.3094787597656
2024-02-16,41.27250671386719,424.86334228515625,484.8826599121094
2024-02-20,40.64106750488281,421.6564636230469,482.21319580078125
2024-02-21,40.30296325683594,419.9691162109375,482.6500244140625
2024-02-22,42.654720306396484,432.2640075683594,492.6387023925781
2024-02-23,42.38125991821289,430.9910583496094,492.9783935546875
2024-02-26,42.33153533935547,430.76409912109375,491.17291259765625
2024-02-27,42.53539276123047,431.8001708984375,492.0854187011719
2024-02-28,42.053104400634766,429.5010681152344,491.43499755859375
2024-02-29,42.77902603149414,433.181640625,493.20172119140625
2024-03-01,44.056819915771484,439.7040100097656,497.8320007324219
2024-03-04,43.69883346557617,438.1351013183594,497.29815673828125
2024-03-05,42.14260482788086,430.2707214355469,492.32806396484375
2024-03-06,42.659698486328125,432.9744567871094,494.8227844238281
2024-03-07,43.94246292114258,439.546142578125,499.734619140625
2024-03-08,42.63980484008789,433.20135498046875,496.7351379394531
2024-03-11,42.31662368774414,431.59295654296875,496.3080139160156
2024-03-12,43.544708251953125,437.77984619140625,501.64697265625
2024-03-13,42.838680267333984,434.4150695800781,500.8605651855469
2024-03-14,42.61494445800781,433.31982421875,499.8705749511719
2024-03-15,41.58573913574219,428.1689453125,496.4381408691406
2024-03-18,42.37131881713867,432.2525939941406,499.3885192871094
2024-03-19,42.5702018737793,433.3295593261719,502.1636962890625
2024-03-20,43.5826416015625,438.4674072265625,506.80841064453125
2024-03-21,43.96076202392578,440.5423583984375,508.4831848144531
2024-03-22,44.0353889465332,441.0462341308594,507.51922607421875
2024-03-25,43.726924896240234,439.4455871582031,506.1170959472656
2024-03-26,43.443336486816406,438.0228271484375,505.18218994140625
2024-03-27,43.731910705566406,439.5147399902344,509.4277648925781
2024-03-28,43.522945404052734,438.70452880859375,509.330322265625
2024-04-01,43.726924896240234,439.63330078125,508.4442138671875
2024-04-02,42.95079803466797,435.8392028808594,505.2115478515625
2024-04-03,43.11995315551758,436.8173828125,505.7664489746094
2024-04-04,41.77665328979492,430.13812255859375,499.59307861328125
2024-04-05,42.77169418334961,435.20684814453125,504.81219482421875
2024-04-08,42.796566009521484,435.3353271484375,505.0945739746094
2024-04-09,43.0950813293457,436.94586181640625,505.6788330078125
2024-04-10,42.30899429321289,433.1319580078125,500.6155090332031
2024-04-11,43.67717742919922,440.04833984375,504.39349365234375
2024-04-12,42.26422119140625,433.03314208984375,497.4313659667969
2024-04-15,40.85624313354492,425.9093322753906,491.199462890625
2024-04-16,40.85624313354492,425.9488220214844,490.3035888671875
2024-04-17,39.856231689453125,420.75164794921875,487.40191650390625
2024-04-18,39.36865997314453,418.35064697265625,486.39892578125
2024-04-19,37.7517204284668,409.6953430175781,482.1534729003906
2024-04-22,38.4930305480957,413.81561279296875,486.5936584472656
2024-04-23,39.647274017333984,419.99090576171875,492.3679504394531
2024-04-24,39.905982971191406,421.4136657714844,492.13421630859375
2024-04-25,39.48309326171875,419.37835693359375,490.2646789550781
2024-04-26,40.71196365356445,425.8499755859375,494.909423828125
2024-04-29,41.02539825439453,427.5790710449219,496.662109375
2024-04-30,39.463191986083984,419.5165710449219,488.79437255859375
2024-05-01,38.88109588623047,416.4832458496094,487.2071838378906
2024-05-02,39.861209869384766,421.7989807128906,491.76422119140625
2024-05-03,41.453269958496094,430.2765197753906,497.8598327636719
2024-05-06,42.37864685058594,434.98944091796875,503.0010986328125
2024-05-07,42.35874557495117,435.0586242675781,503.5561218261719
2024-05-08,42.31398010253906,434.8017272949219,503.6047668457031
2024-05-09,42.468196868896484,435.7502746582031,506.50653076171875
2024-05-10,42.672183990478516,436.77783203125,507.1589660644531
2024-05-13,42.861244201660156,437.78564453125,507.2270812988281
2024-05-14,43.39358901977539,440.6016845703125,509.5542297363281
2024-05-15,44.726932525634766,447.4883728027344,515.8641357421875
2024-05-16,44.54286193847656,446.5793151855469,514.802734375
2024-05-17,44.49808120727539,446.3619689941406,515.542724609375
2024-05-20,45.10505676269531,449.47430419921875,516.1367797851562
2024-05-21,45.25928497314453,450.3536376953125,517.4025268554688
2024-05-22,45.244354248046875,450.2647399902344,515.9127197265625
2024-05-23,44.80653762817383,448.2392272949219,512.1443481445312
2024-05-24,45.65232467651367,452.47802734375,515.5330200195312
2024-05-28,45.97571563720703,454.18731689453125,515.893310546875
2024-05-29,45.328941345214844,450.9860534667969,512.2808227539062
2024-05-30,44.3388786315918,446.1544494628906,508.8824157714844
2024-05-31,44.3388786315918,445.3244934082031,513.5174560546875
2024-06-03,44.62246322631836,447.715576171875,513.9360961914062
2024-06-04,44.846343994140625,448.9407653808594,514.5106201171875
2024-06-05,46.65731430053711,457.9913024902344,520.6255493164062
2024-06-06,46.61750793457031,457.833251953125,520.615966796875
2024-06-07,46.508056640625,457.4281005859375,519.9830322265625
2024-06-10,46.876220703125,459.2757568359375,521.5895385742188
2024-06-11,47.49812698364258,462.4276123046875,522.8457641601562
2024-06-12,48.74689865112305,468.484375,527.1399536132812
2024-06-13,49.249385833740234,471.023681640625,528.2013549804688
2024-06-14,49.73695755004883,473.4642028808594,528.5226440429688
2024-06-17,50.945926666259766,479.2640686035156,532.7290649414062
2024-06-18,50.96085739135742,479.4122009277344,534.0826416015625
2024-06-20,50.14989471435547,475.71697998046875,532.6318969726562
2024-06-21,49.851375579833984,474.4423522949219,531.917724609375
2024-06-24,48.731964111328125,469.0410461425781,530.1885986328125
2024-06-25,49.8414306640625,474.4047546386719,532.2303466796875
2024-06-26,50.043643951416016,475.3844909667969,532.8945922851562
2024-06-27,50.272743225097656,476.6116027832031,533.7346801757812
2024-06-28,49.7099494934082,474.1375427246094,531.6343994140625
2024-07-01,50.317569732666016,476.9183654785156,532.728515625
2024-07-02,51.358482360839844,481.9258728027344,536.3136596679688
2024-07-03,52.19021987915039,485.9437561035156,538.70703125
2024-07-05,53.25105285644531,491.01055908203125,541.8135375976562
2024-07-08,53.51502227783203,492.1783447265625,542.4386596679688
2024-07-09,53.569801330566406,492.6038818359375,542.9661865234375
2024-07-10,54.700374603271484,497.7400207519531,548.3389892578125
2024-07-11,52.26492691040039,486.82452392578125,543.6107788085938
2024-07-12,52.857601165771484,489.6844787597656,547.0396728515625
2024-07-15,53.15144348144531,491.0007019042969,548.5440673828125
2024-07-16,53.18132400512695,491.1887512207031,551.7970581054688
2024-07-17,50.04861831665039,476.76995849609375,544.060302734375
2024-07-18,49.5555534362793,474.5136413574219,539.8792114257812
2024-07-19,48.654090881347656,470.30767822265625,536.2941284179688
2024-07-22,50.07850646972656,477.3143005371094,541.8231811523438
2024-07-23,49.73485565185547,475.63189697265625,540.9732666015625
2024-07-24,46.13895797729492,458.57080078125,528.7135620117188
2024-07-25,45.1279296875,453.51385498046875,525.9588012695312
2024-07-26,46.03935623168945,458.16510009765625,531.8493041992188
2024-07-29,46.178810119628906,459.0854187011719,532.161865234375
2024-07-30,44.90380859375,452.78155517578125,529.4656982421875
2024-07-31,47.568355560302734,466.1810302734375,538.072021484375
2024-08-01,45.26738357543945,454.8893737792969,530.4523315429688
2024-08-02,43.08095932006836,444.0926513671875,520.576171875
2024-08-05,40.585750579833984,430.85150146484375,505.4150390625
2024-08-06,41.28799819946289,434.96832275390625,510.0747985839844
2024-08-07,40.37158966064453,430.25775146484375,506.6654968261719
2024-08-08,42.85186004638672,443.4197692871094,518.3782348632812
2024-08-09,43.285160064697266,445.73541259765625,520.6640625
2024-08-12,43.44453048706055,446.6953430175781,520.9376220703125
2024-08-13,45.58613204956055,457.7790832519531,529.5046997070312
2024-08-14,45.620994567871094,457.92755126953125,531.1752319335938
2024-08-15,47.902042388916016,469.4962463378906,540.27978515625
2024-08-16,47.98670959472656,470.0998840332031,541.4910888671875
2024-08-19,49.24676513671875,476.2751159667969,546.66845703125
2024-08-20,49.027626037597656,475.2756042480469,545.7794189453125
2024-08-21,49.50076675415039,477.4923400878906,547.6551513671875
2024-08-22,47.892086029052734,469.9217834472656,543.3568115234375
2024-08-23,48.923038482666016,475.018310546875,549.1302490234375
2024-08-26,47.95682907104492,470.4066467285156,547.8212280273438
2024-08-27,48.240718841552734,471.81195068359375,548.573486328125
2024-08-28,47.125099182128906,466.45806884765625,545.3887329101562
2024-08-29,46.980655670166016,465.77532958984375,545.4376220703125
2024-08-30,48.08631896972656,471.3269958496094,550.6444091796875
2024-09-03,45.13290786743164,457.01708984375,539.3125610351562
2024-09-04,44.89384460449219,455.8294982910156,538.2088012695312
2024-09-05,44.983489990234375,456.255126953125,536.8997192382812
2024-09-06,42.55303955078125,444.0332946777344,527.8635864257812
2024-09-09,43.61885452270508,449.7433776855469,533.7737426757812
2024-09-10,44.410743713378906,453.8998107910156,536.0986328125
2024-09-11,46.30331802368164,463.7564392089844,541.5984497070312
2024-09-12,47.249603271484375,468.3086853027344,546.1605834960938
2024-09-13,47.62811279296875,470.4066467285156,549.0130004882812
2024-09-16,47.194820404052734,468.32843017578125,549.8237915039062
2024-09-17,47.244625091552734,468.5758361816406,550.0485229492188
2024-09-18,46.80135726928711,466.54718017578125,548.4171142578125
2024-09-19,49.19198226928711,478.3434143066406,557.7755737304688
2024-09-20,48.967864990234375,477.4329833984375,556.8113403320312
2024-09-23,49.22684097290039,478.6985168457031,558.2027587890625
2024-09-24,49.69500732421875,481.0075988769531,559.7999267578125
2024-09-25,49.81509780883789,481.45355224609375,558.5653076171875
2024-09-26,50.52268600463867,485.07073974609375,560.77978515625
2024-09-27,49.92970657348633,482.3751525878906,559.966552734375
2024-09-30,50.17885971069336,483.6833190917969,562.21044921875
2024-10-01,48.758697509765625,476.94439697265625,557.1739501953125
2024-10-02,48.92314147949219,477.6183166503906,557.4090576171875
2024-10-03,48.84341049194336,477.2615661621094,556.3900146484375
2024-10-04,50.004451751708984,482.9400329589844,561.4461669921875
2024-10-07,48.878292083740234,477.7669677734375,556.3704223632812
2024-10-08,50.338314056396484,484.9021911621094,561.6323852539062
2024-10-09,51.120643615722656,488.7176208496094,565.5223388671875
2024-10-10,51.01102066040039,488.1626892089844,564.53271484375
2024-10-11,51.115665435791016,488.9257507324219,567.9132690429688
2024-10-14,51.97274398803711,493.0285339355469,572.557861328125
2024-10-15,50.57749557495117,486.4383239746094,568.1092529296875
2024-10-16,50.592445373535156,486.497802734375,570.5784912109375
2024-10-17,50.672176361083984,486.834716796875,570.6275634765625
2024-10-18,51.290069580078125,490.0257873535156,572.8224487304688
2024-10-21,51.484397888183594,490.9672546386719,571.8817138671875
2024-10-22,51.58406066894531,491.50244140625,571.5780029296875
2024-10-23,49.989501953125,483.970703125,566.355224609375
2024-10-24,50.79176330566406,487.8951416015625,567.5801391601562
2024-10-25,51.374778747558594,490.86810302734375,567.3840942382812
2024-10-28,51.394710540771484,490.9474182128906,569.1381225585938
2024-10-29,52.36639404296875,495.6646423339844,570.0592041015625
2024-10-30,51.5740966796875,491.9186706542969,568.3346557617188
2024-10-31,48.972965240478516,479.5012512207031,557.193603515625
2024-11-01,49.6556396484375,483.04901123046875,559.545166015625
2024-11-04,49.34669494628906,481.6418151855469,558.3399047851562
2024-11-05,50.607391357421875,487.7861022949219,565.0912475585938
2024-11-06,53.35801315307617,501.03594970703125,579.142578125
2024-11-07,55.03728103637695,508.92431640625,583.6205444335938
2024-11-08,55.11203384399414,509.5190124511719,586.1487426757812
2024-11-11,55.042274475097656,509.2217102050781,586.7071533203125
2024-11-12,54.847930908203125,508.29998779296875,584.8846435546875
2024-11-13,54.69346237182617,507.64599609375,585.1687622070312
2024-11-14,53.90614700317383,504.11798095703125,581.4060668945312
2024-11-15,51.30003356933594,492.1069030761719,573.9590454101562
2024-11-18,52.032535552978516,495.5259094238281,576.310791015625
2024-11-19,52.72517013549805,498.9349670410156,578.41748046875
2024-11-20,52.66039276123047,498.6475830078125,578.6134643554688
2024-11-21,53.04408264160156,500.4413146972656,581.7196044921875
2024-11-22,53.17863082885742,501.2440490722656,583.5225830078125
2024-11-25,53.34307098388672,502.036865234375,585.501953125
2024-11-26,53.901161193847656,504.73236083984375,588.5591430664062
2024-11-27,53.04408264160156,500.7584533691406,586.77587890625
2024-11-29,53.92109680175781,505.1585693359375,590.4208984375
2024-12-02,55.09708023071289,510.6585693359375,591.4791870117188
2024-12-03,55.44589614868164,512.2244873046875,591.75341796875
2024-12-04,56.796287536621094,518.5570678710938,595.427978515625
2024-12-05,56.482357025146484,517.1199951171875,594.4481811523438
2024-12-06,57.468994140625,521.748046875,595.5750122070312
2024-12-09,56.547142028808594,517.6849365234375,592.508056640625
2024-12-10,56.133548736572266,515.9208984375,590.6658325195312
2024-12-11,58.156646728515625,525.1571044921875,595.232177734375
2024-12-12,57.394248962402344,521.7678833007812,592.1650390625
2024-12-13,58.24135971069336,525.7616577148438,592.0474853515625
2024-12-16,59.920631408691406,533.3330688476562,594.5755004882812
2024-12-17,59.387454986572266,530.9843139648438,592.1257934570312
2024-12-18,55.10206604003906,511.8279724121094,574.4784545898438
2024-12-19,54.56889343261719,509.5487060546875,574.302001953125
2024-12-20,55.53559112548828,513.9983520507812,581.2000122070312
2024-12-23,56.57810592651367,519.006103515625,584.6803588867188
2024-12-24,58.10374069213867,526.0437622070312,591.1790161132812
2024-12-26,57.99903869628906,525.6864013671875,591.2184448242188
2024-12-27,56.4185676574707,518.6983642578125,584.9949951171875
2024-12-30,54.90788269042969,511.7997131347656,578.3192749023438
2024-12-31,53.965576171875,507.45208740234375,576.21533203125
2025-01-02,53.726261138916016,506.4595031738281,574.7994995117188
2025-01-03,55.48124313354492,514.7478637695312,581.9864501953125
2025-01-06,56.74263000488281,520.6637573242188,585.3390502929688
2025-01-07,54.698482513427734,511.3728942871094,578.7223510742188
2025-01-08,54.70845413208008,511.4623107910156,579.56787109375
2025-01-10,52.96345138549805,503.44195556640625,570.7193603515625
2025-01-13,52.634395599365234,501.82403564453125,571.6043090820312
2025-01-14,52.509742736816406,501.3475646972656,572.3908081054688
2025-01-15,54.882957458496094,512.8816528320312,582.8025512695312
2025-01-16,54.15005111694336,509.2884826660156,581.6817016601562
2025-01-17,55.93494415283203,517.8844604492188,587.521728515625
2025-01-21,56.5382194519043,520.9218139648438,592.899658203125
2025-01-22,58.01399612426758,527.5822143554688,596.2326049804688
2025-01-23,58.26826858520508,528.7039184570312,599.48681640625
2025-01-24,57.58023452758789,525.7161865234375,597.7367553710938
2025-01-27,54.174983978271484,510.4101257324219,589.2816162109375
2025-01-28,55.80531692504883,517.953857421875,594.3449096679688
2025-01-29,55.58095932006836,516.9811401367188,591.6806030273438
2025-01-30,56.04463577270508,519.1846923828125,594.8560791015625
2025-01-31,55.84519958496094,518.4302978515625,591.6903076171875
2025-02-03,54.95774459838867,514.28125,587.70849609375
2025-02-04,56.29890060424805,520.59423828125,591.6510009765625
2025-02-05,56.79249572753906,522.9566650390625,594.0499267578125
2025-02-06,57.3658447265625,525.6864013671875,596.1145629882812
2025-02-07,55.91500473022461,519.0556640625,590.6580200195312
2025-02-10,57.231239318847656,525.3389282226562,594.6692504882812
2025-02-11,56.962005615234375,524.0882568359375,595.12158203125
2025-02-12,57.02682113647461,524.3958129882812,593.2044067382812
2025-02-13,58.65217208862305,531.9398193359375,599.4671630859375
2025-02-14,59.100887298583984,534.1731567382812,599.437744140625
2025-02-18,59.360145568847656,535.3840942382812,601.197509765625
2025-02-19,59.39006042480469,535.532958984375,602.6133422851562
2025-02-20,58.861568450927734,533.2598876953125,600.1062622070312
2025-02-21,56.40858459472656,522.1923828125,589.842041015625
2025-02-24,55.0474853515625,516.0282592773438,587.157958984375
2025-02-25,53.6514778137207,509.52667236328125,584.2378540039062
2025-02-26,53.89577865600586,510.7574768066406,584.5328979492188
2025-02-27,50.92428207397461,496.57305908203125,575.20263671875
2025-02-28,52.494789123535156,504.4147033691406,584.1788940429688
2025-03-03,50.2512092590332,493.37689208984375,573.9442138671875
2025-03-04,49.88227081298828,491.887939453125,567.1504516601562
2025-03-05,51.18852996826172,498.3002624511719,573.2459716796875
2025-03-06,48.37158966064453,484.5923156738281,563.0703735351562
2025-03-07,49.03968048095703,488.15576171875,566.2262573242188
2025-03-10,45.3253059387207,469.23663330078125,551.14453125
2025-03-11,44.996246337890625,468.114990234375,546.5629272460938
2025-03-12,46.03327560424805,473.3956604003906,549.4633178710938
2025-03-13,44.34810256958008,464.87908935546875,542.1385498046875
2025-03-14,46.46205139160156,476.11541748046875,553.3369140625
2025-03-17,47.06033706665039,479.202392578125,557.6039428710938
2025-03-18,45.46989059448242,471.0332336425781,551.5770874023438
2025-03-19,46.62657928466797,477.33636474609375,557.584228515625
2025-03-20,46.31746292114258,475.7183837890625,555.9718627929688
2025-03-21,46.64652633666992,477.28668212890625,556.1552734375
2025-03-24,48.61090087890625,487.76043701171875,566.1151733398438
2025-03-25,49.18925094604492,490.5438537597656,567.47607421875
2025-03-26,47.38194274902344,481.5175476074219,560.7013549804688
2025-03-27,46.81840515136719,478.77386474609375,559.2122802734375
2025-03-28,44.35480880737305,466.16876220703125,547.95068359375
2025-03-31,44.32487869262695,466.1488952636719,551.6289672851562
2025-04-01,45.0180778503418,469.90655517578125,553.18701171875
2025-04-02,45.676368713378906,473.3361511230469,556.6878051757812
2025-04-03,40.79405212402344,447.9967956542969,529.2537231445312
2025-04-04,35.811988830566406,420.17218017578125,498.2696838378906
2025-04-07,35.91671371459961,421.1861572265625,497.3821716308594
2025-04-08,34.5801887512207,413.6012268066406,489.591796875
2025-04-09,42.7040901184082,463.24609375,541.0084228515625
2025-04-10,39.21315383911133,443.543212890625,517.3019409179688
2025-04-11,40.59955596923828,451.7146911621094,526.5320434570312
2025-04-14,41.16309356689453,454.7765197753906,531.6401977539062
2025-04-15,41.25784683227539,455.28350830078125,530.151123046875
2025-04-16,38.77928161621094,441.5550537109375,518.3668823242188
2025-04-17,38.71944046020508,441.4755554199219,519.1064453125
2025-04-21,36.82435989379883,430.55047607421875,506.7503662109375
2025-04-22,38.70447540283203,441.8533020019531,519.9348754882812
2025-04-23,40.42501449584961,451.8737487792969,527.991455078125
2025-04-24,42.72404098510742,464.58819580078125,539.1051635742188
2025-04-25,43.666587829589844,469.7673645019531,543.0004272460938
2025-04-28,43.64664077758789,469.61822509765625,543.2074584960938
2025-04-29,44.18524169921875,472.7198486328125,546.6293334960938
2025-04-30,44.17526626586914,472.66015625,546.8462524414062
2025-05-01,45.2574577331543,478.83343505859375,550.7217407226562
2025-05-02,46.64884948730469,485.9411926269531,558.896728515625
2025-05-05,46.10027313232422,483.058349609375,555.6917114257812
2025-05-06,45.252471923828125,478.5650939941406,551.047119140625
2025-05-07,45.591590881347656,480.44384765625,553.3645629882812
2025-05-08,46.499229431152344,485.4044494628906,557.2202758789062
2025-05-09,46.41944122314453,485.0863037109375,556.5103149414062
2025-05-12,50.199623107910156,504.84881591796875,574.9015502929688
2025-05-13,51.710697174072266,512.5430908203125,578.6981811523438
2025-05-14,52.32909393310547,515.6148681640625,579.4378051757812
2025-05-15,52.44380187988281,516.1815185546875,582.2678833007812
2025-05-16,52.89262771606445,518.4280395507812,585.9559326171875
2025-05-19,52.96743392944336,518.9251708984375,586.596923828125
2025-05-20,52.588417053222656,517.1954345703125,584.6246948242188
2025-05-21,51.12721252441406,510.0081481933594,574.7733154296875
2025-05-22,51.31672286987305,510.9625244140625,575.0001220703125
2025-05-23,50.339263916015625,506.2306213378906,571.0753173828125
2025-05-27,52.678184509277344,518.1397705078125,582.9484252929688
2025-05-28,52.22935104370117,515.8434448242188,579.5757446289062
2025-05-29,52.41886520385742,516.857421875,581.8635864257812
2025-05-30,52.22935104370117,516.0422973632812,581.2128295898438
2025-06-02,53.03226089477539,520.1181030273438,584.4866333007812
2025-06-03,53.87508010864258,524.183837890625,587.8197631835938
2025-06-04,54.154354095458984,525.6452026367188,587.6619262695312
2025-06-05,53.30655288696289,521.688720703125,584.8218994140625
2025-06-06,54.33388137817383,526.7883911132812,590.8274536132812
2025-06-09,54.483497619628906,527.5638427734375,591.3599853515625
2025-06-10,55.211605072021484,531.0531005859375,594.7127685546875
2025-06-11,54.82760238647461,529.2637329101562,593.0166625976562
2025-06-12,55.076961517333984,530.5062866210938,595.37353515625
2025-06-13,53.66562271118164,523.845947265625,588.7171020507812
2025-06-16,55.14178466796875,531.132568359375,594.3182983398438
2025-06-17,54.044639587402344,525.953369140625,589.2398071289062
2025-06-18,54.01969909667969,525.8638305664062,589.1510009765625
2025-06-20,53.535953521728516,523.7167358398438,587.7673950195312
2025-06-23,54.653053283691406,529.1017456054688,593.5730590820312
2025-06-24,56.30876159667969,537.1927490234375,600.13037109375
2025-06-25,56.58034896850586,538.5661010742188,600.4666748046875
2025-06-26,57.64875411987305,543.6018676757812,605.1646118164062
2025-06-27,58.02818298339844,545.4629516601562,608.1713256835938
2025-06-30,58.7670783996582,548.9959106445312,611.0791015625
2025-07-01,57.743614196777344,544.3682250976562,610.8812866210938
2025-07-02,58.55738830566406,548.1599731445312,613.6505737304688
2025-07-03,59.65575408935547,553.553955078125,618.4869995117188
2025-07-07,58.762081146240234,549.3840942382812,613.8780517578125
2025-07-08,58.8070182800293,549.6925659179688,613.5418090820312
2025-07-09,59.63577651977539,553.5838012695312,617.2210083007812
2025-07-10,59.44606018066406,552.7876586914062,618.9617309570312
2025-07-11,59.1614875793457,551.543701171875,616.7857666015625
2025-07-14,59.565879821777344,553.5440673828125,617.9627075195312
2025-07-15,59.66073989868164,554.051513671875,615.322021484375
2025-07-16,59.79054641723633,554.6187744140625,617.3792114257812
2025-07-17,60.74911117553711,559.1072387695312,621.1573486328125
2025-07-18,60.59434509277344,558.56982421875,620.7024536132812
2025-07-21,61.218406677246094,561.4658813476562,621.87939453125
2025-07-22,60.574371337890625,558.559814453125,621.9684448242188
2025-07-23,61.11855697631836,561.1075439453125,627.2598266601562
2025-07-24,61.38815689086914,562.3018798828125,627.4674682617188
2025-07-25,61.63279342651367,563.6553344726562,630.1181030273438
2025-07-28,62.02220916748047,565.4168090820312,629.9598388671875
2025-07-29,61.837486267089844,564.541015625,628.2982788085938
2025-07-30,61.98226547241211,565.2974853515625,627.5070190429688
2025-07-31,61.293296813964844,562.3018798828125,625.1531372070312
2025-08-01,58.846961975097656,551.2251586914062,614.9066162109375
2025-08-04,61.008724212646484,561.3961791992188,624.2530517578125
2025-08-05,60.16498947143555,557.5845947265625,621.088134765625
2025-08-06,61.6777229309082,564.6007690429688,625.845458984375
2025-08-07,62.092105865478516,566.5115966796875,625.3212280273438
2025-08-08,63.215423583984375,571.7960815429688,630.1972045898438
2025-08-11,62.80603790283203,570.104248046875,628.9510498046875
2025-08-12,64.40364074707031,577.2697143554688,635.6469116210938
2025-08-13,64.45357513427734,577.5584106445312,637.8228149414062
2025-08-14,64.33873748779297,577.110595703125,637.882080078125
2025-08-15,63.73464584350586,574.57275390625,636.3886108398438
2025-08-18,63.694705963134766,574.3438110351562,636.2501220703125
2025-08-19,61.947322845458984,566.5514526367188,632.7984008789062
2025-08-20,61.19344711303711,563.1876220703125,631.1170043945312
2025-08-21,60.63428497314453,560.5802001953125,628.5850830078125
2025-08-22,62.47652816772461,569.2284545898438,638.2381591796875
2025-08-25,62.10208511352539,567.5863647460938,635.42919921875
2025-08-26,62.601341247558594,569.8654174804688,638.0897827148438
2025-08-27,62.77608108520508,570.7411499023438,639.543701171875
2025-08-28,63.53993225097656,574.3140258789062,641.8085327148438
2025-08-29,62.0172119140625,567.6660766601562,637.98095703125
2025-09-02,60.9887580871582,562.9088745117188,633.2533569335938
2025-09-03,61.917362213134766,567.3375854492188,636.6853637695312
2025-09-04,63.045677185058594,572.4728393554688,642.0062866210938
2025-09-05,63.185462951660156,573.298828125,640.1469116210938
2025-09-08,63.804542541503906,576.0953979492188,641.7195434570312
2025-09-09,64.1490249633789,577.7276000976562,643.2031860351562
2025-09-10,64.18897247314453,577.9166259765625,645.0625
2025-09-11,64.9178695678711,581.2804565429688,650.4231567382812
2025-09-12,65.47703552246094,583.8480224609375,650.2055053710938
2025-09-15,66.59037780761719,588.843994140625,653.6671752929688
2025-09-16,66.44060516357422,588.3463134765625,652.76708984375
2025-09-17,66.1560287475586,587.1720581054688,651.9561767578125
2025-09-18,67.37919616699219,592.4666137695312,655.0023803710938
2025-09-19,68.25788116455078,596.4772338867188,658.2465209960938
2025-09-22,69.05169677734375,600.0083618164062,661.3607177734375
2025-09-23,68.11809539794922,596.0228881835938,657.7606201171875
2025-09-24,67.64414978027344,593.9305419921875,655.6678466796875
2025-09-25,67.0348892211914,591.3699951171875,652.6429443359375
2025-09-26,67.57423400878906,593.8009643554688,656.3819580078125
2025-09-29,68.17852020263672,596.5509643554688,658.2266845703125
2025-09-30,68.51810455322266,598.18505859375,660.7061157226562
2025-10-01,69.17733001708984,601.0545043945312,662.95751953125
2025-10-02,69.73665618896484,603.5254516601562,663.7210693359375
2025-10-03,69.10740661621094,600.9848022460938,663.7113037109375
2025-10-06,70.15116119384766,605.498291015625,666.0914916992188
2025-10-07,69.39706420898438,602.3099365234375,663.6219482421875
2025-10-08,70.97517395019531,609.2147216796875,667.5791625976562
2025-10-09,70.79039764404297,608.4774780273438,665.6452026367188
2025-10-10,65.82633209228516,587.3545532226562,647.6542358398438
2025-10-13,68.63296508789062,599.8190307617188,657.5919189453125
2025-10-14,67.71907043457031,595.8236694335938,656.78857421875
2025-10-15,68.63796997070312,600.0283203125,659.7044067382812
2025-10-16,68.12857818603516,597.8064575195312,655.2116088867188
2025-10-17,68.9975357055664,601.7320556640625,658.9308471679688
2025-10-20,70.72047424316406,609.3143310546875,665.7840576171875
2025-10-21,70.68053436279297,609.1549682617188,665.7741088867188
2025-10-22,69.27720642089844,603.286376953125,662.3128051757812
2025-10-23,70.46578979492188,608.3578491210938,666.2402954101562
2025-10-24,71.90406799316406,614.8540649414062,671.6851806640625
2025-10-27,74.4809799194336,625.80419921875,679.6095581054688
2025-10-28,75.60464477539062,630.6165161132812,681.41455078125
2025-10-29,76.29381561279297,633.4561767578125,681.7418823242188
2025-10-30,73.93663787841797,623.7715454101562,674.2440185546875
2025-10-31,74.6507797241211,626.7805786132812,676.4556274414062
2025-11-03,75.31998443603516,629.7796020507812,677.72509765625
2025-11-04,72.23367309570312,616.996337890625,669.691650390625
2025-11-05,73.18252563476562,621.0116577148438,672.012451171875
2025-11-06,70.44580078125,609.4439086914062,664.8021850585938
2025-11-07,69.97137451171875,607.5208740234375,665.4567260742188
2025-11-10,73.03770446777344,620.9617919921875,675.8406982421875
2025-11-11,72.64817810058594,619.307861328125,677.387939453125
2025-11-12,72.52332305908203,618.8196411132812,677.7648315429688
2025-11-13,69.5418930053711,606.185791015625,666.5180053710938
2025-11-14,69.61180877685547,606.6441040039062,666.4088134765625
2025-11-17,68.41822814941406,601.4630737304688,660.2003173828125
2025-11-18,66.75521087646484,594.1397705078125,654.65625
2025-11-19,67.51432037353516,597.6868286132812,657.185302734375
2025-11-20,64.33311462402344,583.5385131835938,647.1683349609375
2025-11-21,65.281982421875,587.9224853515625,653.6148681640625
2025-11-24,68.64795684814453,602.9575805664062,663.2351684570312
2025-11-25,69.42703247070312,606.674072265625,669.4735717773438
2025-11-26,70.65555572509766,612.034423828125,674.09521484375
2025-11-28,71.72427368164062,616.996337890625,677.7747192382812
2025-12-01,71.26483154296875,614.923828125,674.6803588867188
2025-12-02,72.38349151611328,619.7362670898438,675.9299926757812
2025-12-03,72.70310974121094,621.2507934570312,678.2706298828125
2025-12-04,72.53330993652344,620.6728515625,678.7664794921875
2025-12-05,73.13259887695312,623.2036743164062,680.0557861328125
2025-12-08,72.80299377441406,622.0079956054688,678.0126953125
2025-12-09,73.01273345947266,622.775146484375,677.4276123046875
2025-12-10,73.57207489013672,625.3258666992188,681.92041015625
2025-12-11,73.09264373779297,623.3033447265625,683.5072021484375
2025-12-12,70.25602722167969,611.3867797851562,676.1581420898438
2025-12-15,69.546875,608.3179931640625,675.1365966796875
2025-12-16,69.81656646728516,609.5235595703125,673.2918701171875
2025-12-17,67.1996841430664,598.224853515625,665.8832397460938
2025-12-18,69.15734100341797,606.8931884765625,670.9115600585938
2025-12-19,70.96519470214844,614.8043212890625,676.9923095703125
2025-12-22,71.5844497680664,617.7513427734375,681.2098999023438
2025-12-23,72.27362060546875,620.6444702148438,684.3233032226562
2025-12-24,72.66629028320312,622.4602661132812,686.7305297851562
2025-12-26,72.61632537841797,622.4202880859375,686.660888671875
2025-12-29,71.8969497680664,619.4074096679688,684.2138671875
2025-12-30,71.5472640991211,617.9707641601562,683.3783569335938
2025-12-31,70.34832000732422,612.8628540039062,678.3152465820312
2026-01-02,70.03858184814453,611.6757202148438,679.55859375
2026-01-05,71.13761901855469,616.5341796875,684.0845336914062
2026-01-06,72.39651489257812,621.951416015625,688.1529541015625
2026-01-07,72.52639770507812,622.550048828125,685.9347534179688
2026-01-08,71.68714141845703,619.0083618164062,685.8651123046875
2026-01-09,73.07592010498047,625.173828125,690.4010009765625
2026-01-12,73.20580291748047,625.6925659179688,691.4852294921875
2026-01-13,72.94603729248047,624.7647705078125,690.1026000976562
2026-01-14,71.42736053466797,618.0905151367188,686.7106323242188
2026-01-15,71.8769760131836,620.3153076171875,688.5806884765625
2026-01-16,71.68714141845703,619.7965087890625,688.0037231445312
2026-01-20,68.66978454589844,606.6276245117188,673.9981689453125
2026-01-21,70.47820281982422,614.8282470703125,681.77685546875
2026-01-22,71.5472640991211,619.2976684570312,685.3379516601562
2026-01-23,71.98687744140625,621.2530517578125,685.5865478515625
2026-01-26,72.59634399414062,623.9866333007812,689.0680541992188
2026-01-27,73.89520263671875,629.6432495117188,691.8134765625
2026-01-28,74.29485321044922,631.7283325195312,691.7438354492188
2026-01-29,73.45558166503906,627.947265625,690.3711547851562
2026-01-30,71.64717102050781,620.4050903320312,688.3120727539062
2026-02-02,72.66629028320312,624.6650390625,691.7339477539062
2026-02-03,70.39826965332031,615.0676879882812,685.885009765625
2026-02-04,67.92044830322266,604.3230590820312,682.5626831054688
2026-02-05,65.98214721679688,595.6236572265625,674.0379638671875
2026-02-06,68.729736328125,608.2138671875,686.96923828125
2026-02-09,69.7688217163086,612.8728637695312,690.2816772460938
2026-02-10,69.11939239501953,610.029541015625,688.4613037109375
2026-02-11,69.45909118652344,611.6657104492188,688.3021850585938
2026-02-12,66.63157653808594,599.22509765625,677.668701171875
2026-02-13,66.86137390136719,600.5020751953125,678.1461181640625
2026-02-17,66.71150207519531,599.8834838867188,679.2402954101562
2026-02-18,67.69064331054688,604.3629150390625,682.662109375
2026-02-19,67.18109130859375,602.0484008789062,680.8616333007812
2026-02-20,68.34007263183594,607.3758544921875,685.7855834960938
2026-02-23,66.69152069091797,599.9932250976562,678.7827758789062
2026-02-24,68.0703125,606.4380493164062,683.7164916992188
2026-02-25,70.01860809326172,615.227294921875,689.4859008789062
2026-02-26,68.38004302978516,607.8048095703125,685.6561889648438
2026-02-27,67.93042755126953,605.859375,682.3637084960938
2026-03-02,68.0703125,606.6575317382812,682.751708984375
2026-03-03,66.62158203125,600.1629028320312,676.7337036132812
2026-03-04,68.58985900878906,609.311279296875,681.5082397460938
2026-03-05,68.2001953125,607.4755249023438,677.70849609375
2026-03-06,66.13201141357422,598.337158203125,668.82568359375
2026-03-09,67.88047790527344,606.3283081054688,674.6845703125
2026-03-10,67.85050964355469,606.3383178710938,673.6002807617188
2026-03-11,67.84051513671875,606.2584838867188,672.7548217773438
2026-03-12,65.52254486083984,595.8530883789062,662.5390625
2026-03-13,64.70326232910156,592.3213500976562,658.7890014648438
2026-03-16,66.13201141357422,598.9656982421875,665.493408203125
2026-03-17,66.79142761230469,601.8887939453125,667.2440185546875
2026-03-18,64.8930892944336,593.4986572265625,657.9335327148438
2026-03-19,64.47346496582031,591.623046875,656.3121948242188
2026-03-20,62.07556915283203,580.6888427734375,646.9034423828125
2026-03-23,63.52429962158203,587.3545532226562,653.6959228515625
2026-03-24,62.585121154785156,583.3389282226562,651.5015869140625
2026-03-25,63.3875846862793,587.1747436523438,655.1322021484375
2026-03-26,60.389591217041016,573.1600952148438,643.432373046875
2026-03-27,58.01118087768555,561.9624633789062,632.4606323242188
2026-03-30,57.12177658081055,557.6671752929688,630.3460693359375
2026-03-31,60.95920944213867,576.54638671875,648.6688842773438
2026-04-01,62.44821548461914,583.6685791015625,653.5562744140625
2026-04-02,62.558135986328125,584.3378295898438,654.144775390625
2026-04-06,63.30763626098633,587.85400390625,657.23681640625
2026-04-07,63.34761047363281,587.9439086914062,657.5260009765625
2026-04-08,67.03514862060547,605.4246826171875,674.27294921875
2026-04-09,67.96452331542969,609.5202026367188,678.162841796875
2026-04-10,68.14440155029297,610.3992309570312,677.7140502929688
2026-04-13,69.54346466064453,616.7122802734375,684.3369750976562
2026-04-14,72.05178833007812,627.909912109375,692.675537109375
2026-04-15,74.06044006347656,636.7003173828125,698.1414184570312
2026-04-16,74.74998474121094,639.7669067382812,699.8569946289062
2026-04-17,76.67869567871094,648.1376953125,708.3152465820312
2026-04-20,76.218994140625,646.0799560546875,706.8988037109375
2026-04-21,75.61940002441406,643.6226806640625,702.2708129882812
2026-04-22,78.12772369384766,654.390869140625,709.3825073242188
2026-04-23,77.2483139038086,650.7048950195312,706.6295776367188
2026-04-24,80.18634033203125,663.1512451171875,712.10546875
2026-04-27,80.23631286621094,663.5008544921875,713.332275390625
2026-04-28,78.61739349365234,656.8281860351562,709.8612060546875
2026-04-29,79.58674621582031,660.84375,709.7515258789062
2026-04-30,80.99580383300781,667.0069580078125,716.8132934570312
2026-05-01,82.54476165771484,673.4099731445312,718.7982177734375
2026-05-04,82.2249755859375,672.141357421875,716.1649780273438
2026-05-05,84.33356475830078,680.8617553710938,721.9102172851562
2026-05-06,87.79125213623047,695.0062255859375,731.9443359375
2026-05-07,87.60138702392578,694.1771240234375,729.7001342773438
2026-05-08,91.6586685180664,710.44921875,735.724609375
2026-05-11,92.19831085205078,712.5069580078125,737.4002685546875
2026-05-12,90.62935638427734,706.463623046875,736.2831420898438
2026-05-13,92.48811340332031,713.9254760742188,740.4025268554688
2026-05-14,93.83721160888672,718.9998168945312,746.2474975585938
2026-05-15,90.96912384033203,708.1517944335938,737.2706298828125
2026-05-18,90.13967895507812,705.1051025390625,736.751953125
2026-05-19,89.07039642333984,700.7599487304688,731.8446044921875
2026-05-20,91.98844909667969,712.3671875,739.3452758789062
2026-05-21,92.31822204589844,713.7256469726562,740.8114624023438
2026-05-22,93.0377426147461,716.7523193359375,743.7239990234375
2026-05-26,96.33554077148438,729.4783935546875,748.6613159179688
2026-05-27,96.12567901611328,728.6492919921875,748.5316162109375
2026-05-28,97.724609375,734.79248046875,752.6609497070312
2026-05-29,98.39415740966797,737.49951171875,754.5361328125
2026-06-01,99.5633773803711,741.9246826171875,756.5908203125
2026-06-02,100.46277618408203,745.3408813476562,757.6182250976562
2026-06-03,99.9331283569336,743.39306640625,752.3018798828125
2026-06-04,98.95378112792969,739.7969970703125,755.1445922851562
2026-06-05,89.4801254272461,704.2860107421875,735.65478515625
2026-06-08,92.18830871582031,715.283935546875,737.3204345703125
2026-06-09,90.05973815917969,707.052978515625,735.1560668945312
2026-06-10,86.45215606689453,692.9285278320312,723.56591796875
2026-06-11,92.11836242675781,716.332763671875,735.8642578125
2026-06-12,93.31755065917969,720.5481567382812,739.843994140625
2026-06-15,99.11367797851562,743.1832885742188,752.890380859375
2026-06-16,95.39616394042969,729.0587768554688,748.4019775390625
2026-06-17,93.4974365234375,721.7168579101562,739.0560302734375
2026-06-18,97.84452819824219,739.8070068359375,746.739990234375
2026-06-22,97.61468505859375,737.9500122070312,744.3900146484375
2026-06-23,91.15900421142578,713.6500244140625,733.5800170898438
2026-06-24,90.37000274658203,710.6199951171875,733.239990234375
2026-06-25,91.7699966430664,716.3800048828125,734.2999877929688
2026-06-26,89.12000274658203,706.52001953125,728.989990234375
2026-06-29,93.68000030517578,724.0800170898438,741.0
2026-06-30,96.76000213623047,736.4000244140625,746.77001953125
2026-07-01,93.9000015258789,725.1699829101562,745.760009765625
2026-07-02,90.61000061035156,712.5999755859375,744.780029296875
2026-07-06,93.13999938964844,722.8200073242188,751.280029296875
2026-07-07,89.69000244140625,709.4299926757812,747.7100219726562
2026-07-08,90.13999938964844,711.4400024414062,745.4000244140625
2026-07-09,93.13999938964844,723.280029296875,751.7100219726562
2026-07-10,93.69999694824219,725.510009765625,754.9500122070312
2026-07-13,90.12999725341797,711.739990234375,749.1699829101562
2026-07-14,92.12999725341797,719.6900024414062,751.8300170898438
2026-07-15,91.61000061035156,717.739990234375,754.8099975585938
2026-07-16,88.56999969482422,705.9400024414062,750.719970703125
2026-07-17,85.91000366210938,695.3300170898438,743.2899780273438
2026-07-20,86.02999877929688,696.0599975585938,742.0900268554688
2026-07-21,89.2300033569336,708.969970703125,748.280029296875
2026-07-22,88.27999877929688,705.3499755859375,747.4099731445312
2026-07-23,85.0,691.9600219726562,738.1799926757812
2026-07-24,83.0,684.22998046875,738.9299926757812
2026-07-27,82.4800033569336,682.1199951171875,739.0900268554688
2026-07-28,80.87000274658203,675.489990234375,740.8599853515625
2026-07-29,77.58000183105469,661.72998046875,729.4600219726562
2026-07-30,82.68000030517578,683.5499877929688,741.6900024414062
2026-07-31,83.66999816894531,687.989990234375,747.030029296875
2026-08-03,86.62000274658203,700.0700073242188,757.6699829101562
2026-08-04,92.45999908447266,723.8499755859375,771.3300170898438
2026-08-05,90.80000305175781,717.2999877929688,769.7899780273438
2026-08-06,90.12999725341797,714.6500244140625,768.5599975585938
2026-08-07,92.20999908447266,723.030029296875,773.260009765625
2026-08-10,91.62999725341797,720.8699951171875,773.030029296875
2026-08-11,90.9800033569336,718.4500122070312,770.5599975585938
2026-08-12,92.31999969482422,723.7000122070312,772.489990234375
2026-08-13,94.43000030517578,732.0700073242188,777.8800048828125
2026-08-14,94.1500015258789,731.0700073242188,776.3400268554688
2026-08-17,93.83999633789062,729.8699951171875,772.6699829101562
2026-08-18,90.6500015258789,717.510009765625,767.4500122070312
2026-08-19,90.25,716.0800170898438,769.0599975585938
2026-08-20,88.94999694824219,710.9299926757812,762.5999755859375
2026-08-21,89.52999877929688,713.4400024414062,765.719970703125
2026-08-24,87.72000122070312,706.3200073242188,763.469970703125
2026-08-25,88.80000305175781,710.719970703125,765.9099731445312
