Date,Adj Close,Close,High,Low,Open,Volume,Ticker
2006-06-21,0.9827169179916382,1.128906011581421,1.140625,1.127344012260437,1.1401560306549072,1523200,QLD
2006-06-22,0.9595947861671448,1.102344036102295,1.1270309686660767,1.0903129577636719,1.125,13612800,QLD
2006-06-23,0.9567385315895081,1.0990630388259888,1.1181249618530273,1.0856250524520874,1.097656011581421,3411200,QLD
2006-06-26,0.9602745175361633,1.103124976158142,1.109375,1.09375,1.1015629768371582,3622400,QLD
2006-06-27,0.924366295337677,1.0618749856948853,1.104688048362732,1.0618749856948853,1.104688048362732,6393600,QLD
2006-06-28,0.9356561303138733,1.0748440027236938,1.0771880149841309,1.0534379482269287,1.066406011581421,6374400,QLD
2006-06-29,0.992238461971283,1.1398439407348633,1.1398439407348633,1.0832810401916504,1.0882810354232788,11289600,QLD
2006-06-30,0.9827169179916382,1.128906011581421,1.1484379768371582,1.1278129816055298,1.1484379768371582,15168000,QLD
2006-07-03,0.9941422939300537,1.142030954360962,1.142969012260437,1.1353130340576172,1.1375000476837158,2380800,QLD
2006-07-05,0.9549697637557983,1.0970309972763062,1.1215629577636719,1.093906044960022,1.121093988418579,9900800,QLD
2006-07-06,0.9493932127952576,1.0906250476837158,1.1109379529953003,1.086719036102295,1.102344036102295,5369600,QLD
2006-07-07,0.9285829067230225,1.0667190551757812,1.0921880006790161,1.060155987739563,1.071094036102295,4588800,QLD
2006-07-10,0.9132131934165955,1.049062967300415,1.0807809829711914,1.039687991142273,1.0765630006790161,7987200,QLD
2006-07-11,0.9281746745109558,1.066249966621399,1.0692189931869507,1.033750057220459,1.0412499904632568,10604800,QLD
2006-07-12,0.8914507627487183,1.024062991142273,1.0625,1.0187499523162842,1.0596879720687866,14598400,QLD
2006-07-13,0.8630228638648987,0.9914060235023499,1.028905987739563,0.989063024520874,1.028905987739563,26745600,QLD
2006-07-14,0.8453410267829895,0.971094012260437,0.989844024181366,0.9609379768371582,0.987500011920929,13856000,QLD
2006-07-17,0.8494210243225098,0.9757810235023499,0.984375,0.9631249904632568,0.978905975818634,9868800,QLD
2006-07-18,0.854181706905365,0.981249988079071,0.987500011920929,0.9484379887580872,0.984375,26054400,QLD
2006-07-19,0.8726800680160522,1.002500057220459,1.0167189836502075,0.9782810211181641,0.978905975818634,16940800,QLD
2006-07-20,0.8488770723342896,0.9751560091972351,1.0140630006790161,0.974219024181366,1.0140630006790161,12019200,QLD
2006-07-21,0.829698920249939,0.953125,0.96875,0.9518749713897705,0.9582809805870056,18630400,QLD
2006-07-24,0.8603020906448364,0.9882810115814209,0.9915630221366882,0.9607809782028198,0.9607809782028198,15334400,QLD
2006-07-25,0.8687359094619751,0.9979689717292786,1.009374976158142,0.9807810187339783,0.9929689764976501,21683200,QLD
2006-07-26,0.8705037236213684,1.0,1.015468955039978,0.981249988079071,0.9937499761581421,23500800,QLD
2006-07-27,0.8616629242897034,0.989844024181366,1.0234379768371582,0.981249988079071,1.0210939645767212,12038400,QLD
2006-07-28,0.8960747122764587,1.0293749570846558,1.0293749570846558,0.994530975818634,1.0007810592651367,6752000,QLD
2006-07-31,0.8943067193031311,1.027343988418579,1.038280963897705,1.0148439407348633,1.021875023841858,9958400,QLD
2006-08-01,0.8637033104896545,0.9921879768371582,1.008594036102295,0.981249988079071,1.008594036102295,15609600,QLD
2006-08-02,0.8796171545982361,1.0104689598083496,1.026563048362732,1.0015629529953003,1.003906011581421,13939200,QLD
2006-08-03,0.8943067193031311,1.027343988418579,1.037500023841858,0.9921879768371582,0.9929689764976501,19961600,QLD
2006-08-04,0.8861460089683533,1.017969012260437,1.0546879768371582,0.9985939860343933,1.0464060306549072,18816000,QLD
2006-08-07,0.8754001259803772,1.0056250095367432,1.0148439407348633,0.9960939884185791,1.010938048362732,17017600,QLD
2006-08-08,0.8643833994865417,0.9929689764976501,1.015625,0.9828130006790161,1.009374976158142,28838400,QLD
2006-08-09,0.8639750480651855,0.9925000071525574,1.0343749523162842,0.989063024520874,1.0064059495925903,28825600,QLD
2006-08-10,0.8749920725822449,1.0051560401916504,1.0128129720687866,0.9828130006790161,0.9932810068130493,23283200,QLD
2006-08-11,0.8664235472679138,0.9953129887580872,1.0007810592651367,0.9851559996604919,0.9953129887580872,13305600,QLD
2006-08-14,0.8743120431900024,1.0043749809265137,1.03125,1.0018750429153442,1.0076559782028198,19321600,QLD
2006-08-15,0.9198780655860901,1.0567189455032349,1.0703129768371582,1.0232809782028198,1.037343978881836,22054400,QLD
2006-08-16,0.9636746644973755,1.107030987739563,1.1081249713897705,1.0640629529953003,1.0703129768371582,31040000,QLD
2006-08-17,0.9697962403297424,1.114063024520874,1.129688024520874,1.100000023841858,1.1085939407348633,44345600,QLD
2006-08-18,0.9684353470802307,1.1124999523162842,1.117812991142273,1.089843988418579,1.1101560592651367,16934400,QLD
2006-08-21,0.9507538676261902,1.0921880006790161,1.1029690504074097,1.086719036102295,1.0943750143051147,16275200,QLD
2006-08-22,0.9532017707824707,1.0950000286102295,1.1168750524520874,1.0857809782028198,1.1035939455032349,16268800,QLD
2006-08-23,0.9371520280838013,1.0765630006790161,1.1087499856948853,1.068750023841858,1.0978130102157593,18598400,QLD
2006-08-24,0.9443607926368713,1.0848439931869507,1.089843988418579,1.067188024520874,1.089063048362732,18432000,QLD
2006-08-25,0.9480336308479309,1.089063048362732,1.1060940027236938,1.073438048362732,1.073438048362732,15257600,QLD
2006-08-28,0.9616354703903198,1.104688048362732,1.1109379529953003,1.0859379768371582,1.0859379768371582,16588800,QLD
2006-08-29,0.9677553772926331,1.111719012260437,1.113281011581421,1.0807809829711914,1.103124976158142,26617600,QLD
2006-08-30,0.9763249754905701,1.1215629577636719,1.122655987739563,1.103124976158142,1.1128129959106445,22585600,QLD
2006-08-31,0.9752368927001953,1.120313048362732,1.127187967300415,1.113281011581421,1.121093988418579,9395200,QLD
2006-09-01,0.9840776324272156,1.1304689645767212,1.136718988418579,1.1201560497283936,1.135938048362732,18496000,QLD
2006-09-05,1.0017590522766113,1.1507810354232788,1.1526559591293335,1.115625023841858,1.1318750381469727,21452800,QLD
2006-09-06,0.9627231955528259,1.1059379577636719,1.1356250047683716,1.1015629768371582,1.129688024520874,23398400,QLD
2006-09-07,0.954153835773468,1.096094012260437,1.1176559925079346,1.087499976158142,1.100000023841858,27027200,QLD
2006-09-08,0.9636746644973755,1.107030987739563,1.1139060258865356,1.09375,1.1015629768371582,13990400,QLD
2006-09-11,0.9765966534614563,1.1218750476837158,1.1323440074920654,1.084375023841858,1.0910940170288086,26662400,QLD
2006-09-12,1.014545202255249,1.1654690504074097,1.1715630292892456,1.1234380006790161,1.1257810592651367,19027200,QLD
2006-09-13,1.0262422561645508,1.178905963897705,1.1820310354232788,1.158594012260437,1.1687500476837158,22579200,QLD
2006-09-14,1.0251543521881104,1.1776560544967651,1.184999942779541,1.1678129434585571,1.1678129434585571,15187200,QLD
2006-09-15,1.0350837707519531,1.1890629529953003,1.2754689455032349,1.1823439598083496,1.205469012260437,15891200,QLD
2006-09-18,1.0342671871185303,1.1881250143051147,1.2048439979553223,1.176563024520874,1.191406011581421,13184000,QLD
2006-09-19,1.0217539072036743,1.1737500429153442,1.192188024520874,1.1543749570846558,1.1875,20812800,QLD
2006-09-20,1.052085518836975,1.2085939645767212,1.214843988418579,1.1932810544967651,1.1996879577636719,21785600,QLD
2006-09-21,1.0384840965270996,1.1929689645767212,1.221094012260437,1.1875,1.2156250476837158,50976000,QLD
2006-09-22,1.0205302238464355,1.1723439693450928,1.1890629529953003,1.1640629768371582,1.1890629529953003,18214400,QLD
2006-09-25,1.0582059621810913,1.2156250476837158,1.21875,1.1629689931869507,1.1856249570846558,37670400,QLD
2006-09-26,1.0669111013412476,1.2256250381469727,1.2289060354232788,1.2051559686660767,1.212499976158142,24934400,QLD
2006-09-27,1.0614705085754395,1.2193750143051147,1.2348439693450928,1.2085939645767212,1.2237499952316284,27929600,QLD
2006-09-28,1.0677276849746704,1.2265629768371582,1.232030987739563,1.2037500143051147,1.2293750047683716,14444800,QLD
2006-09-29,1.0595664978027344,1.2171880006790161,1.2332810163497925,1.2156250476837158,1.2328130006790161,12473600,QLD
2006-10-02,1.0337233543395996,1.1875,1.219688057899475,1.1821880340576172,1.211719036102295,22822400,QLD
2006-10-03,1.0410685539245605,1.195937991142273,1.205469012260437,1.169374942779541,1.176563024520874,20364800,QLD
2006-10-04,1.0888093709945679,1.2507810592651367,1.253906011581421,1.186094045639038,1.193750023841858,27206400,QLD
2006-10-05,1.103091835975647,1.2671879529953003,1.269531011581421,1.2478129863739014,1.253906011581421,21580800,QLD
2006-10-06,1.0969704389572144,1.2601560354232788,1.269531011581421,1.2504689693450928,1.2520309686660767,21766400,QLD
2006-10-09,1.102411150932312,1.2664060592651367,1.2796880006790161,1.254688024520874,1.259531021118164,12217600,QLD
2006-10-10,1.1085325479507446,1.2734379768371582,1.2804689407348633,1.2542190551757812,1.270313024520874,16710400,QLD
2006-10-11,1.1044515371322632,1.2687499523162842,1.2843749523162842,1.240468978881836,1.259374976158142,23334400,QLD
2006-10-12,1.141176462173462,1.3109380006790161,1.3109380006790161,1.2779690027236938,1.2828129529953003,26284800,QLD
2006-10-13,1.1498814821243286,1.320937991142273,1.3273439407348633,1.303905963897705,1.3109380006790161,21683200,QLD
2006-10-16,1.1520580053329468,1.323438048362732,1.3335939645767212,1.3206249475479126,1.324218988418579,17868800,QLD
2006-10-17,1.1296144723892212,1.2976560592651367,1.3115630149841309,1.2796880006790161,1.3115630149841309,35289600,QLD
2006-10-18,1.1139731407165527,1.2796880006790161,1.313438057899475,1.2725000381469727,1.3120310306549072,36768000,QLD
2006-10-19,1.1234939098358154,1.290624976158142,1.300781011581421,1.2687499523162842,1.2737499475479126,36089600,QLD
2006-10-20,1.1262141466140747,1.2937500476837158,1.2939059734344482,1.2728129625320435,1.2917189598083496,21696000,QLD
2006-10-23,1.146344542503357,1.3168749809265137,1.3287500143051147,1.2828129529953003,1.2843749523162842,34579200,QLD
2006-10-24,1.1354637145996094,1.3043750524520874,1.3200000524520874,1.2876559495925903,1.3132810592651367,31315200,QLD
2006-10-25,1.149337649345398,1.3203129768371582,1.3237500190734863,1.2953130006790161,1.3035939931869507,24864000,QLD
2006-10-26,1.1676990985870361,1.341405987739563,1.3485939502716064,1.305469036102295,1.3265630006790161,30323200,QLD
2006-10-27,1.1346477270126343,1.3034379482269287,1.3409379720687866,1.2953130006790161,1.3360940217971802,31724800,QLD
2006-10-30,1.1479771137237549,1.318750023841858,1.3296879529953003,1.2937500476837158,1.301563024520874,28748800,QLD
2006-10-31,1.154778242111206,1.3265630006790161,1.3359379768371582,1.308750033378601,1.332031011581421,27744000,QLD
2006-11-01,1.1234939098358154,1.290624976158142,1.337656021118164,1.278749942779541,1.3359379768371582,37939200,QLD
2006-11-02,1.1245819330215454,1.2918750047683716,1.2979689836502075,1.2745310068130493,1.287500023841858,29440000,QLD
2006-11-03,1.1180533170700073,1.2843749523162842,1.301563024520874,1.2649999856948853,1.301563024520874,42656000,QLD
2006-11-06,1.1432160139083862,1.3132810592651367,1.330312967300415,1.295469045639038,1.2976560592651367,28524800,QLD
2006-11-07,1.1663395166397095,1.339843988418579,1.3548439741134644,1.317188024520874,1.3250000476837158,34387200,QLD
2006-11-08,1.1821171045303345,1.357969045639038,1.363281011581421,1.3159379959106445,1.3231250047683716,41382400,QLD
2006-11-09,1.1656593084335327,1.339063048362732,1.371093988418579,1.3289060592651367,1.367969036102295,32851200,QLD
2006-11-10,1.1785801649093628,1.3539060354232788,1.3539060354232788,1.3296879529953003,1.3410940170288086,24953600,QLD
2006-11-13,1.197622537612915,1.3757810592651367,1.3826559782028198,1.3493750095367432,1.3524999618530273,28505600,QLD
2006-11-14,1.228226900100708,1.410938024520874,1.410938024520874,1.3645310401916504,1.3781249523162842,32083200,QLD
2006-11-15,1.235979437828064,1.4198440313339233,1.4375,1.4078129529953003,1.4098440408706665,40307200,QLD
2006-11-16,1.2486289739608765,1.4343750476837158,1.4379689693450928,1.4140629768371582,1.426563024520874,26201600,QLD
2006-11-17,1.2459086179733276,1.431249976158142,1.431249976158142,1.408750057220459,1.415624976158142,24064000,QLD
2006-11-20,1.2506694793701172,1.4367189407348633,1.4424999952316284,1.4134379625320435,1.419530987739563,20883200,QLD
2006-11-21,1.2540695667266846,1.4406249523162842,1.4426560401916504,1.4278130531311035,1.4382810592651367,25177600,QLD
2006-11-22,1.2698476314544678,1.4587500095367432,1.460155963897705,1.427968978881836,1.4462499618530273,20697600,QLD
2006-11-24,1.26182222366333,1.4495309591293335,1.464843988418579,1.435155987739563,1.435155987739563,15078400,QLD
2006-11-27,1.2049682140350342,1.3842190504074097,1.4476560354232788,1.3828129768371582,1.435155987739563,55340800,QLD
2006-11-28,1.2085040807724,1.388280987739563,1.396718978881836,1.3648439645767212,1.375,44339200,QLD
2006-11-29,1.228226900100708,1.410938024520874,1.4192190170288086,1.3856250047683716,1.412500023841858,36140800,QLD
2006-11-30,1.2244181632995605,1.4065630435943604,1.4234379529953003,1.3946880102157593,1.412500023841858,44883200,QLD
2006-12-01,1.2080968618392944,1.3878129720687866,1.413280963897705,1.359531044960022,1.4098440408706665,59769600,QLD
2006-12-04,1.2384275197982788,1.4226560592651367,1.433593988418579,1.386875033378601,1.3934379816055298,33427200,QLD
2006-12-05,1.2444120645523071,1.4295309782028198,1.4395309686660767,1.417188048362732,1.4309380054473877,24160000,QLD
2006-12-06,1.2352997064590454,1.4190629720687866,1.4292190074920654,1.4096879959106445,1.426563024520874,23872000,QLD
2006-12-07,1.2051033973693848,1.384374976158142,1.433593988418579,1.383594036102295,1.426563024520874,42233600,QLD
2006-12-08,1.2173454761505127,1.3984379768371582,1.419530987739563,1.3701560497283936,1.3757810592651367,46950400,QLD
2006-12-11,1.226866364479065,1.4093749523162842,1.425624966621399,1.3878129720687866,1.392969012260437,27724800,QLD
2006-12-12,1.210816740989685,1.3909380435943604,1.4104690551757812,1.375,1.40625,53401600,QLD
2006-12-13,1.2139443159103394,1.394531011581421,1.408594012260437,1.379688024520874,1.4081250429153442,31980800,QLD
2006-12-14,1.2397879362106323,1.424219012260437,1.4382810592651367,1.4007810354232788,1.4021879434585571,39392000,QLD
2006-12-15,1.2479490041732788,1.433593988418579,1.454063057899475,1.428905963897705,1.4489059448242188,40691200,QLD
2006-12-18,1.2193851470947266,1.4007810354232788,1.453125,1.393125057220459,1.4439059495925903,45081600,QLD
2006-12-19,1.2146252393722534,1.395313024520874,1.4089059829711914,1.3653130531311035,1.3815629482269287,58912000,QLD
2006-12-20,1.2062406539916992,1.301563024520874,1.34375,1.3003129959106445,1.34375,31494400,QLD
2006-12-21,1.189587950706482,1.283594012260437,1.305469036102295,1.2712500095367432,1.3023439645767212,36409600,QLD
2006-12-22,1.167142391204834,1.259374976158142,1.2804689407348633,1.256250023841858,1.2801560163497925,48979200,QLD
2006-12-26,1.1729347705841064,1.265625,1.2667189836502075,1.2515629529953003,1.256250023841858,16716800,QLD
2006-12-27,1.1843745708465576,1.2779690027236938,1.281093955039978,1.2623440027236938,1.2660939693450928,22560000,QLD
2006-12-28,1.174383282661438,1.2671879529953003,1.2781250476837158,1.2581249475479126,1.274219036102295,18995200,QLD
2006-12-29,1.1735137701034546,1.2662500143051147,1.2937500476837158,1.263280987739563,1.2671879529953003,24550400,QLD
2007-01-03,1.1772793531417847,1.270313024520874,1.3165630102157593,1.2312500476837158,1.293125033378601,75315200,QLD
2007-01-04,1.2195631265640259,1.3159379959106445,1.3251559734344482,1.261718988418579,1.2710939645767212,43257600,QLD
2007-01-05,1.2018961906433105,1.296875,1.307813048362732,1.282655954360962,1.3021880388259888,34419200,QLD
2007-01-08,1.2094260454177856,1.3049999475479126,1.319530963897705,1.2890629768371582,1.307813048362732,32780800,QLD
2007-01-09,1.2241967916488647,1.320937991142273,1.330469012260437,1.2909380197525024,1.3128130435943604,50169600,QLD
2007-01-10,1.2561988830566406,1.355468988418579,1.355468988418579,1.303905963897705,1.3117189407348633,39436800,QLD
2007-01-11,1.2771958112716675,1.3781249523162842,1.3875000476837158,1.354688048362732,1.355468988418579,47155200,QLD
2007-01-12,1.2902287244796753,1.3921879529953003,1.395313024520874,1.3717190027236938,1.3754689693450928,38764800,QLD
2007-01-16,1.2902287244796753,1.3921879529953003,1.3971879482269287,1.3807810544967651,1.3921879529953003,40505600,QLD
2007-01-17,1.2667694091796875,1.3668750524520874,1.3909380435943604,1.361875057220459,1.3909380435943604,31340800,QLD
2007-01-18,1.2149293422698975,1.3109380006790161,1.3614059686660767,1.3071880340576172,1.360313057899475,90720000,QLD
2007-01-19,1.218549370765686,1.314844012260437,1.3250000476837158,1.303905963897705,1.3067189455032349,59116800,QLD
2007-01-22,1.194656252861023,1.2890629768371582,1.321874976158142,1.2796880006790161,1.321874976158142,64390400,QLD
2007-01-23,1.1890088319778442,1.2829689979553223,1.3070310354232788,1.278905987739563,1.2923439741134644,46195200,QLD
2007-01-24,1.2250651121139526,1.321874976158142,1.325780987739563,1.2937500476837158,1.2985939979553223,38483200,QLD
2007-01-25,1.1917599439620972,1.285938024520874,1.335155963897705,1.2825000286102295,1.3293750286102295,61868800,QLD
2007-01-26,1.183505654335022,1.2770309448242188,1.2959380149841309,1.2671879529953003,1.2959380149841309,55136000,QLD
2007-01-29,1.1904563903808594,1.2845309972763062,1.3017189502716064,1.271718978881836,1.2757810354232788,51174400,QLD
2007-01-30,1.1936421394348145,1.2879689931869507,1.2934379577636719,1.278905987739563,1.2868750095367432,24473600,QLD
2007-01-31,1.2084119319915771,1.303905963897705,1.3157809972763062,1.2676559686660767,1.2817189693450928,71808000,QLD
2007-02-01,1.2098606824874878,1.305469036102295,1.329530954360962,1.296875,1.3198440074920654,55014400,QLD
2007-02-02,1.2202868461608887,1.3167190551757812,1.3196879625320435,1.3004690408706665,1.312656044960022,38931200,QLD
2007-02-05,1.2160875797271729,1.3121880292892456,1.3240629434585571,1.3032809495925903,1.312343955039978,31225600,QLD
2007-02-06,1.2105846405029297,1.306249976158142,1.3179689645767212,1.2815630435943604,1.3151559829711914,49286400,QLD
2007-02-07,1.2394015789031982,1.3373440504074097,1.3428130149841309,1.3118749856948853,1.3240629434585571,54099200,QLD
2007-02-08,1.2398360967636108,1.3378130197525024,1.3393750190734863,1.3170310258865356,1.328281044960022,28684800,QLD
2007-02-09,1.201172113418579,1.2960939407348633,1.3464059829711914,1.288280963897705,1.3378130197525024,61971200,QLD
2007-02-12,1.1916143894195557,1.2857810258865356,1.2960939407348633,1.2796880006790161,1.2948440313339233,40531200,QLD
2007-02-13,1.2046476602554321,1.2998440265655518,1.3028130531311035,1.2862499952316284,1.2946879863739014,40096000,QLD
2007-02-14,1.2407046556472778,1.3387500047683716,1.3445310592651367,1.3049999475479126,1.305469036102295,51052800,QLD
2007-02-15,1.2538820505142212,1.3529690504074097,1.3529690504074097,1.3354690074920654,1.3404690027236938,27660800,QLD
2007-02-16,1.249682903289795,1.348438024520874,1.3504689931869507,1.3359379768371582,1.3424999713897705,19801600,QLD
2007-02-20,1.264163613319397,1.364063024520874,1.3685940504074097,1.3265630006790161,1.3421880006790161,35174400,QLD
2007-02-21,1.2724171876907349,1.3729690313339233,1.3742189407348633,1.3504689931869507,1.3539060354232788,71372800,QLD
2007-02-22,1.2858837842941284,1.3875000476837158,1.3926559686660767,1.3642189502716064,1.3826559782028198,37625600,QLD
2007-02-23,1.2742995023727417,1.375,1.384374976158142,1.363281011581421,1.384374976158142,23622400,QLD
2007-02-26,1.2627151012420654,1.3624999523162842,1.3887499570846558,1.3445310592651367,1.3887499570846558,39673600,QLD
2007-02-27,1.1410773992538452,1.2312500476837158,1.3264060020446777,1.2293750047683716,1.312656044960022,143776000,QLD
2007-02-28,1.1655495166778564,1.2576559782028198,1.2820310592651367,1.2265629768371582,1.247655987739563,87148800,QLD
2007-03-01,1.1533855199813843,1.2445310354232788,1.2714060544967651,1.1934380531311035,1.2195310592651367,109964800,QLD
2007-03-02,1.1129851341247559,1.2009379863739014,1.2451560497283936,1.2009379863739014,1.2348439693450928,124332800,QLD
2007-03-05,1.0976355075836182,1.1843750476837158,1.2237499952316284,1.1832809448242188,1.187343955039978,134688000,QLD
2007-03-06,1.1377466917037964,1.2276560068130493,1.2337499856948853,1.203125,1.203125,109542400,QLD
2007-03-07,1.127320647239685,1.216405987739563,1.2335939407348633,1.2151559591293335,1.225780963897705,84012800,QLD
2007-03-08,1.1483180522918701,1.239063024520874,1.2482810020446777,1.2254689931869507,1.2420309782028198,76480000,QLD
2007-03-09,1.1442638635635376,1.2346880435943604,1.2531249523162842,1.2156250476837158,1.252344012260437,65689600,QLD
2007-03-12,1.1548341512680054,1.246093988418579,1.2495310306549072,1.2270309925079346,1.2270309925079346,41395200,QLD
2007-03-13,1.1111021041870117,1.1989059448242188,1.246093988418579,1.191406011581421,1.2315629720687866,104352000,QLD
2007-03-14,1.1419466733932495,1.2321879863739014,1.2321879863739014,1.1817189455032349,1.2004690170288086,152550400,QLD
2007-03-15,1.1387603282928467,1.2287499904632568,1.2350000143051147,1.2171880006790161,1.2251559495925903,68441600,QLD
2007-03-16,1.13456130027771,1.2242189645767212,1.2348439693450928,1.2110940217971802,1.2289060354232788,71257600,QLD
2007-03-19,1.1574403047561646,1.2489060163497925,1.254688024520874,1.2300000190734863,1.2374999523162842,64025600,QLD
2007-03-20,1.1729347705841064,1.265625,1.265781044960022,1.2450000047683716,1.2468750476837158,51993600,QLD
2007-03-21,1.2163769006729126,1.3125,1.316249966621399,1.252344012260437,1.2671879529953003,119865600,QLD
2007-03-22,1.2091368436813354,1.3046879768371582,1.3140629529953003,1.2956249713897705,1.3140629529953003,85292800,QLD
2007-03-23,1.1985654830932617,1.2932809591293335,1.3109380006790161,1.2920310497283936,1.3010940551757812,46451200,QLD
2007-03-26,1.207832932472229,1.3032809495925903,1.3082809448242188,1.2673439979553223,1.297031044960022,62470400,QLD
2007-03-27,1.1949734687805176,1.2892190217971802,1.300624966621399,1.2860939502716064,1.2999999523162842,41369600,QLD
2007-03-28,1.1702073812484741,1.2625000476837158,1.2892190217971802,1.2599999904632568,1.2768750190734863,92390400,QLD
2007-03-29,1.1687599420547485,1.260938048362732,1.2782809734344482,1.2362500429153442,1.2782809734344482,134150400,QLD
2007-03-30,1.1728148460388184,1.2653130292892456,1.2793749570846558,1.2421879768371582,1.2648439407348633,75686400,QLD
2007-04-02,1.1684694290161133,1.2606250047683716,1.272655963897705,1.247499942779541,1.269531011581421,63814400,QLD
2007-04-03,1.202214241027832,1.297031044960022,1.3037500381469727,1.2743749618530273,1.2764060497283936,67308800,QLD
2007-04-04,1.2093113660812378,1.3046879768371582,1.3076560497283936,1.2937500476837158,1.2939059734344482,52313600,QLD
2007-04-05,1.2223454713821411,1.318750023841858,1.320937991142273,1.2984379529953003,1.300624966621399,40307200,QLD
2007-04-09,1.2164074182510376,1.312343955039978,1.328125,1.3067189455032349,1.328125,51251200,QLD
2007-04-10,1.2258212566375732,1.3224999904632568,1.3239059448242188,1.3109380006790161,1.311094045639038,37568000,QLD
2007-04-11,1.2007663249969482,1.295469045639038,1.319530963897705,1.2884379625320435,1.319530963897705,65952000,QLD
2007-04-12,1.2216216325759888,1.3179689645767212,1.3200000524520874,1.2815630435943604,1.2951560020446777,60236800,QLD
2007-04-13,1.2259658575057983,1.3226560354232788,1.3253129720687866,1.2999999523162842,1.314844012260437,52838400,QLD
2007-04-16,1.2474004030227661,1.3457809686660767,1.350000023841858,1.332031011581421,1.332031011581421,45024000,QLD
2007-04-17,1.2524694204330444,1.3512500524520874,1.3534380197525024,1.339063048362732,1.3485939502716064,48000000,QLD
2007-04-18,1.2476905584335327,1.346094012260437,1.3542189598083496,1.3310940265655518,1.3404690027236938,36531200,QLD
2007-04-19,1.2487045526504517,1.3471879959106445,1.3553129434585571,1.324218988418579,1.3298439979553223,62374400,QLD
2007-04-20,1.2675315141677856,1.3674999475479126,1.3779690265655518,1.3526560068130493,1.363124966621399,53209600,QLD
2007-04-23,1.2681108713150024,1.3681249618530273,1.375,1.360780954360962,1.3674999475479126,29760000,QLD
2007-04-24,1.2782495021820068,1.3790630102157593,1.3898439407348633,1.359375,1.3760939836502075,48864000,QLD
2007-04-25,1.3150348663330078,1.4187500476837158,1.419374942779541,1.3817189931869507,1.3896880149841309,53702400,QLD
2007-04-26,1.3287936449050903,1.433593988418579,1.4390629529953003,1.4198440313339233,1.435155987739563,61510400,QLD
2007-04-27,1.3302414417266846,1.435155987739563,1.4362499713897705,1.4178129434585571,1.422031044960022,105958400,QLD
2007-04-30,1.2954832315444946,1.397655963897705,1.4310940504074097,1.3935940265655518,1.4267189502716064,50624000,QLD
2007-05-01,1.3034489154815674,1.40625,1.40625,1.3778129816055298,1.3984379768371582,75372800,QLD
2007-05-02,1.3201041221618652,1.424219012260437,1.4334379434585571,1.4035940170288086,1.4035940170288086,49568000,QLD
2007-05-03,1.3302414417266846,1.435155987739563,1.4410940408706665,1.4235939979553223,1.4296879768371582,55737600,QLD
2007-05-04,1.3334285020828247,1.4385939836502075,1.4509379863739014,1.4235939979553223,1.4440629482269287,54489600,QLD
2007-05-07,1.3303872346878052,1.4353129863739014,1.443750023841858,1.4315630197525024,1.4368749856948853,31603200,QLD
2007-05-08,1.3296624422073364,1.4345309734344482,1.4429689645767212,1.414687991142273,1.4225000143051147,57024000,QLD
2007-05-09,1.3395109176635742,1.4451559782028198,1.4546879529953003,1.4249999523162842,1.426563024520874,56448000,QLD
2007-05-10,1.305910587310791,1.4089059829711914,1.4432810544967651,1.399999976158142,1.4367189407348633,97267200,QLD
2007-05-11,1.3366138935089111,1.4420310258865356,1.4424999952316284,1.4068750143051147,1.408594012260437,70611200,QLD
2007-05-14,1.317352294921875,1.4212499856948853,1.4482810497283936,1.4067189693450928,1.4426560401916504,78387200,QLD
2007-05-15,1.2983794212341309,1.4007810354232788,1.4370310306549072,1.392969012260437,1.4198440313339233,89324800,QLD
2007-05-16,1.322566270828247,1.4268749952316284,1.428125023841858,1.3887499570846558,1.4065630435943604,71763200,QLD
2007-05-17,1.3083735704421997,1.4115630388259888,1.4278130531311035,1.4106249809265137,1.421718955039978,48966400,QLD
2007-05-18,1.3298078775405884,1.4346879720687866,1.434999942779541,1.4154690504074097,1.421875,54425600,QLD
2007-05-21,1.3483458757400513,1.4546879529953003,1.4670310020446777,1.433750033378601,1.4371880292892456,94963200,QLD
2007-05-22,1.3499382734298706,1.4564059972763062,1.4704689979553223,1.4454690217971802,1.4539060592651367,48595200,QLD
2007-05-23,1.33806312084198,1.443593978881836,1.4759379625320435,1.4410940408706665,1.4654690027236938,54054400,QLD
2007-05-24,1.3002628087997437,1.4028129577636719,1.4559379816055298,1.3903130292892456,1.439844012260437,123494400,QLD
2007-05-25,1.3141666650772095,1.4178129434585571,1.424375057220459,1.4021879434585571,1.407655954360962,52275200,QLD
2007-05-29,1.330966830253601,1.4359380006790161,1.4418749809265137,1.4145309925079346,1.421718955039978,60640000,QLD
2007-05-30,1.3545728921890259,1.4614059925079346,1.4628130197525024,1.409999966621399,1.415781021118164,72908800,QLD
2007-05-31,1.3716624975204468,1.4798439741134644,1.4815629720687866,1.4628130197525024,1.4682810306549072,60012800,QLD
2007-06-01,1.3705041408538818,1.4785939455032349,1.4959379434585571,1.472499966621399,1.4854689836502075,51859200,QLD
2007-06-04,1.3744150400161743,1.4828130006790161,1.4879690408706665,1.4639060497283936,1.4671880006790161,35552000,QLD
2007-06-05,1.3762978315353394,1.4848439693450928,1.4848439693450928,1.4564059972763062,1.475000023841858,86380800,QLD
2007-06-06,1.34486985206604,1.4509379863739014,1.471094012260437,1.445937991142273,1.4698439836502075,93094400,QLD
2007-06-07,1.2999731302261353,1.402500033378601,1.4634380340576172,1.402500033378601,1.444530963897705,156672000,QLD
2007-06-08,1.334876298904419,1.4401559829711914,1.4426560401916504,1.3960939645767212,1.4075000286102295,104294400,QLD
2007-06-11,1.3295179605484009,1.4343750476837158,1.4574999809265137,1.4318749904632568,1.4404690265655518,55513600,QLD
2007-06-12,1.3115588426589966,1.4149999618530273,1.447031021118164,1.4126559495925903,1.4184379577636719,96966400,QLD
2007-06-13,1.337483525276184,1.4429689645767212,1.450780987739563,1.4190629720687866,1.426563024520874,89619200,QLD
2007-06-14,1.361090898513794,1.4684380292892456,1.475000023841858,1.4542189836502075,1.4542189836502075,51564800,QLD
2007-06-15,1.3867254257202148,1.496093988418579,1.5007810592651367,1.4812500476837158,1.4812500476837158,42892800,QLD
2007-06-18,1.385276198387146,1.4945310354232788,1.501405954360962,1.4885940551757812,1.4993749856948853,30707200,QLD
2007-06-19,1.3835381269454956,1.4926559925079346,1.5004689693450928,1.4789060354232788,1.4856250286102295,49184000,QLD
2007-06-20,1.3587737083435059,1.4659379720687866,1.5032809972763062,1.462499976158142,1.4940630197525024,69433600,QLD
2007-06-21,1.3842629194259644,1.4934380054473877,1.4956250190734863,1.4518749713897705,1.466405987739563,97856000,QLD
2007-06-22,1.3571802377700806,1.4642189741134644,1.4900000095367432,1.454530954360962,1.4824999570846558,127193600,QLD
2007-06-25,1.3505178689956665,1.457031011581421,1.4801559448242188,1.4348440170288086,1.4660940170288086,94553600,QLD
2007-06-26,1.3353108167648315,1.4406249523162842,1.4635939598083496,1.4296879768371582,1.4635939598083496,103520000,QLD
2007-06-27,1.3657252788543701,1.473438024520874,1.4784380197525024,1.4273439645767212,1.4293750524520874,100000000,QLD
2007-06-28,1.3692011833190918,1.477187991142273,1.4957809448242188,1.472656011581421,1.4742189645767212,84198400,QLD
2007-06-29,1.3777453899383545,1.4864059686660767,1.4979690313339233,1.4571880102157593,1.491405963897705,98572800,QLD
2007-07-02,1.3952702283859253,1.5053130388259888,1.5068750381469727,1.4850000143051147,1.486719012260437,60780800,QLD
2007-07-03,1.4113452434539795,1.522655963897705,1.5228129625320435,1.5067189931869507,1.5107810497283936,37523200,QLD
2007-07-05,1.4274214506149292,1.5399999618530273,1.5512499809265137,1.5214060544967651,1.5228129625320435,69324800,QLD
2007-07-06,1.4446558952331543,1.558593988418579,1.5596879720687866,1.5345309972763062,1.5484379529953003,49600000,QLD
2007-07-09,1.4459590911865234,1.559999942779541,1.565000057220459,1.548280954360962,1.557813048362732,41664000,QLD
2007-07-10,1.4223521947860718,1.5345309972763062,1.5596879720687866,1.5309380292892456,1.5453130006790161,69132800,QLD
2007-07-11,1.4463939666748047,1.5604690313339233,1.5604690313339233,1.5231250524520874,1.5264060497283936,72134400,QLD
2007-07-12,1.4837589263916016,1.600780963897705,1.607030987739563,1.5604690313339233,1.562656044960022,63712000,QLD
2007-07-13,1.5056283473968506,1.6243749856948853,1.6265629529953003,1.6015629768371582,1.6043750047683716,59699200,QLD
2007-07-16,1.5040349960327148,1.622655987739563,1.634531021118164,1.6129690408706665,1.621093988418579,57894400,QLD
2007-07-17,1.5190972089767456,1.6389060020446777,1.6471879482269287,1.6228129863739014,1.6254689693450928,52633600,QLD
2007-07-18,1.5206902027130127,1.640625,1.640625,1.6040630340576172,1.6242189407348633,82022400,QLD
2007-07-19,1.5273528099060059,1.6478129625320435,1.6696879863739014,1.6454689502716064,1.6551560163497925,63494400,QLD
2007-07-20,1.5144625902175903,1.6339060068130493,1.6503130197525024,1.6106250286102295,1.6459380388259888,92166400,QLD
2007-07-23,1.5120004415512085,1.631250023841858,1.645313024520874,1.621093988418579,1.6390630006790161,62291200,QLD
2007-07-24,1.4708691835403442,1.5868749618530273,1.632030963897705,1.564687967300415,1.6060940027236938,145600000,QLD
2007-07-25,1.4728978872299194,1.589063048362732,1.603281021118164,1.5657809972763062,1.597656011581421,100384000,QLD
2007-07-26,1.4403108358383179,1.553905963897705,1.5893750190734863,1.5004689693450928,1.580469012260437,212934400,QLD
2007-07-27,1.382959008216858,1.4920309782028198,1.5682810544967651,1.4920309782028198,1.5528130531311035,217145600,QLD
2007-07-30,1.4219183921813965,1.5340629816055298,1.5420310497283936,1.4948439598083496,1.5112500190734863,214092800,QLD
2007-07-31,1.361379861831665,1.46875,1.5571880340576172,1.4612499475479126,1.555469036102295,228902400,QLD
2007-08-01,1.377890706062317,1.486562967300415,1.4895310401916504,1.4329689741134644,1.4582810401916504,324076800,QLD
2007-08-02,1.405118465423584,1.5159380435943604,1.519531011581421,1.480625033378601,1.4921879768371582,120908800,QLD
2007-08-03,1.3493589162826538,1.4557809829711914,1.5134379863739014,1.4375,1.509374976158142,161267200,QLD
2007-08-06,1.3758625984191895,1.484375,1.4918750524520874,1.432813048362732,1.459218978881836,187257600,QLD
2007-08-07,1.3928072452545166,1.5026559829711914,1.5078129768371582,1.4590630531311035,1.4807809591293335,139993600,QLD
2007-08-08,1.4336490631103516,1.546718955039978,1.556249976158142,1.515625,1.5235940217971802,137734400,QLD
2007-08-09,1.3621039390563965,1.4695310592651367,1.550624966621399,1.4600000381469727,1.528905987739563,223526400,QLD
2007-08-10,1.3364696502685547,1.4418749809265137,1.4785939455032349,1.4056249856948853,1.4410940408706665,273875200,QLD
2007-08-13,1.353848934173584,1.4606250524520874,1.4807809591293335,1.457031011581421,1.4714059829711914,117228800,QLD
2007-08-14,1.3106908798217773,1.4140629768371582,1.4723440408706665,1.412500023841858,1.465000033378601,161376000,QLD
2007-08-15,1.2621731758117676,1.361719012260437,1.4315630197525024,1.356874942779541,1.4065630435943604,190828800,QLD
2007-08-16,1.2332072257995605,1.330469012260437,1.3606250286102295,1.2715630531311035,1.3501559495925903,437721600,QLD
2007-08-17,1.2770905494689941,1.3778129816055298,1.3995310068130493,1.3407809734344482,1.3609379529953003,189926400,QLD
2007-08-20,1.2853460311889648,1.386718988418579,1.4046880006790161,1.3673440217971802,1.392969012260437,153952000,QLD
2007-08-21,1.3215523958206177,1.425781011581421,1.4287500381469727,1.3849999904632568,1.3926559686660767,120620800,QLD
2007-08-22,1.3524010181427002,1.4590630531311035,1.4629689455032349,1.4378130435943604,1.4401559829711914,110560000,QLD
2007-08-23,1.3468971252441406,1.453125,1.4740630388259888,1.4353129863739014,1.46875,138361600,QLD
2007-08-24,1.3867254257202148,1.496093988418579,1.4968750476837158,1.441406011581421,1.4462499618530273,93126400,QLD
2007-08-27,1.359497308731079,1.4667190313339233,1.493749976158142,1.4659379720687866,1.485780954360962,72812800,QLD
2007-08-28,1.3012763261795044,1.403905987739563,1.4684380292892456,1.4034379720687866,1.459375023841858,178016000,QLD
2007-08-29,1.3728214502334595,1.4810940027236938,1.484531044960022,1.4215630292892456,1.4226560592651367,131680000,QLD
2007-08-30,1.3939661979675293,1.503906011581421,1.5231250524520874,1.461719036102295,1.4760940074920654,196979200,QLD
2007-08-31,1.4182970523834229,1.5301560163497925,1.5437500476837158,1.5160939693450928,1.53125,143507200,QLD
2007-09-04,1.4678282737731934,1.5835939645767212,1.602344036102295,1.5387500524520874,1.5387500524520874,119251200,QLD
2007-09-05,1.4375598430633545,1.5509380102157593,1.5835939645767212,1.5307810306549072,1.5835939645767212,164499200,QLD
2007-09-06,1.433793544769287,1.546875,1.5607810020446777,1.527500033378601,1.5557810068130493,128972800,QLD
2007-09-07,1.3864346742630005,1.4957809448242188,1.5139060020446777,1.4721879959106445,1.5110939741134644,201273600,QLD
2007-09-10,1.3842629194259644,1.4934380054473877,1.5209380388259888,1.4635939598083496,1.5137499570846558,178432000,QLD
2007-09-11,1.419311285018921,1.53125,1.5348440408706665,1.5015629529953003,1.5054689645767212,141196800,QLD
2007-09-12,1.4255387783050537,1.5379689931869507,1.5579689741134644,1.521718978881836,1.5257810354232788,114886400,QLD
2007-09-13,1.4317667484283447,1.5446879863739014,1.5557810068130493,1.53125,1.553905963897705,111219200,QLD
2007-09-14,1.4316210746765137,1.544530987739563,1.5535939931869507,1.5175000429153442,1.5234379768371582,86931200,QLD
2007-09-17,1.407580018043518,1.5185940265655518,1.5401560068130493,1.509374976158142,1.5323439836502075,100806400,QLD
2007-09-18,1.4810080528259277,1.5978130102157593,1.600780963897705,1.524062991142273,1.5390629768371582,165324800,QLD
2007-09-19,1.4898422956466675,1.6073440313339233,1.6332809925079346,1.5948439836502075,1.6165629625320435,145990400,QLD
2007-09-20,1.4802829027175903,1.5970309972763062,1.611875057220459,1.5901559591293335,1.5996880531311035,96998400,QLD
2007-09-21,1.4982420206069946,1.616405963897705,1.6293749809265137,1.6087499856948853,1.6142189502716064,74963200,QLD
2007-09-24,1.5144625902175903,1.6339060068130493,1.6570310592651367,1.6176559925079346,1.6254689693450928,102547200,QLD
2007-09-25,1.5408215522766113,1.662343978881836,1.6649999618530273,1.6184380054473877,1.6195310354232788,82636800,QLD
2007-09-26,1.554580807685852,1.6771880388259888,1.6929689645767212,1.6670310497283936,1.6799999475479126,99923200,QLD
2007-09-27,1.5750012397766113,1.699218988418579,1.7009379863739014,1.6832809448242188,1.700780987739563,71392000,QLD
2007-09-28,1.5655874013900757,1.6890629529953003,1.7034380435943604,1.6707810163497925,1.6964060068130493,90483200,QLD
2007-10-01,1.5923800468444824,1.7179689407348633,1.734218955039978,1.6915630102157593,1.6917190551757812,89824000,QLD
2007-10-02,1.5960004329681396,1.7218749523162842,1.7268749475479126,1.705625057220459,1.722656011581421,72844800,QLD
2007-10-03,1.571380376815796,1.6953129768371582,1.7276560068130493,1.6906249523162842,1.714843988418579,78572800,QLD
2007-10-04,1.5786216259002686,1.703125,1.7104690074920654,1.6799999475479126,1.706874966621399,70720000,QLD
2007-10-05,1.6516145467758179,1.7818750143051147,1.7818750143051147,1.7270309925079346,1.7323440313339233,120684800,QLD
2007-10-08,1.6640701293945312,1.7953130006790161,1.7981250286102295,1.7689059972763062,1.7743749618530273,80102400,QLD
2007-10-09,1.6828973293304443,1.8156249523162842,1.8184380531311035,1.7910939455032349,1.806406021118164,99353600,QLD
2007-10-10,1.6923110485076904,1.825780987739563,1.825780987739563,1.801563024520874,1.8129689693450928,102982400,QLD
2007-10-11,1.6430697441101074,1.772655963897705,1.8501559495925903,1.7376559972763062,1.841405987739563,207078400,QLD
2007-10-12,1.6905732154846191,1.8239059448242188,1.8239059448242188,1.7723439931869507,1.7804689407348633,105504000,QLD
2007-10-15,1.66233229637146,1.7934379577636719,1.8310940265655518,1.7646880149841309,1.8248440027236938,119532800,QLD
2007-10-16,1.6546558141708374,1.785156011581421,1.8032809495925903,1.764219045639038,1.772655963897705,129670400,QLD
2007-10-17,1.6899937391281128,1.8232810497283936,1.828281044960022,1.763124942779541,1.8250000476837158,154982400,QLD
2007-10-18,1.7014350891113281,1.8356250524520874,1.8431249856948853,1.792188048362732,1.806249976158142,142662400,QLD
2007-10-19,1.6200424432754517,1.7478129863739014,1.8357809782028198,1.7420309782028198,1.8356250524520874,293971200,QLD
2007-10-22,1.6542216539382935,1.7846879959106445,1.7881250381469727,1.7167190313339233,1.7215629816055298,272115200,QLD
2007-10-23,1.711573600769043,1.8465629816055298,1.8609379529953003,1.8037500381469727,1.8206249475479126,173945600,QLD
2007-10-24,1.7010003328323364,1.835155963897705,1.8428130149841309,1.752500057220459,1.828281044960022,341177600,QLD
2007-10-25,1.6817386150360107,1.8143750429153442,1.844688057899475,1.761718988418579,1.8359379768371582,259436800,QLD
2007-10-26,1.7028839588165283,1.8371880054473877,1.8601560592651367,1.8082809448242188,1.8509379625320435,192032000,QLD
2007-10-29,1.7195383310317993,1.8551559448242188,1.8670309782028198,1.8359379768371582,1.8565629720687866,182022400,QLD
2007-10-30,1.719828724861145,1.855468988418579,1.8821879625320435,1.8387500047683716,1.8431249856948853,148761600,QLD
2007-10-31,1.7737047672271729,1.9135940074920654,1.917968988418579,1.8426560163497925,1.8718750476837158,211872000,QLD
2007-11-01,1.7205525636672974,1.8562500476837158,1.901563048362732,1.842344045639038,1.890625,318470400,QLD
2007-11-02,1.738801121711731,1.875938057899475,1.878749966621399,1.816406011581421,1.8692189455032349,273952000,QLD
2007-11-05,1.717655897140503,1.853124976158142,1.8690630197525024,1.8143750429153442,1.8520309925079346,210304000,QLD
2007-11-06,1.7458974123001099,1.883594036102295,1.8879690170288086,1.8278130292892456,1.875938057899475,196921600,QLD
2007-11-07,1.6642147302627563,1.795469045639038,1.8804689645767212,1.7901560068130493,1.8409379720687866,251430400,QLD
2007-11-08,1.545311450958252,1.667188048362732,1.801563024520874,1.6262500286102295,1.801563024520874,478278400,QLD
2007-11-09,1.457400918006897,1.5723439455032349,1.651563048362732,1.5703129768371582,1.620313048362732,403564800,QLD
2007-11-12,1.3809317350387573,1.4898439645767212,1.587499976158142,1.4874999523162842,1.566406011581421,346969600,QLD
2007-11-13,1.4927390813827515,1.6104689836502075,1.618749976158142,1.531093955039978,1.5384379625320435,286867200,QLD
2007-11-14,1.472462773323059,1.5885939598083496,1.660156011581421,1.5612499713897705,1.660156011581421,293459200,QLD
2007-11-15,1.4446558952331543,1.558593988418579,1.6020309925079346,1.5284379720687866,1.566249966621399,276947200,QLD
2007-11-16,1.4730422496795654,1.5892189741134644,1.5970309972763062,1.526563048362732,1.578125,282041600,QLD
2007-11-19,1.4355318546295166,1.5487500429153442,1.5950000286102295,1.5304689407348633,1.5707809925079346,321907200,QLD
2007-11-20,1.4462494850158691,1.5603129863739014,1.6145310401916504,1.4995310306549072,1.5703129768371582,462284800,QLD
2007-11-21,1.401931643486023,1.5125000476837158,1.5759379863739014,1.4943749904632568,1.5340629816055298,405222400,QLD
2007-11-23,1.4361112117767334,1.549375057220459,1.5615630149841309,1.5257810354232788,1.546875,116320000,QLD
2007-11-26,1.3975870609283447,1.5078129768371582,1.587656021118164,1.496093988418579,1.5701559782028198,315123200,QLD
2007-11-27,1.4407453536987305,1.5543750524520874,1.5654690265655518,1.5081249475479126,1.5295310020446777,361331200,QLD
2007-11-28,1.5272070169448853,1.647655963897705,1.6676559448242188,1.5940630435943604,1.6009379625320435,313740800,QLD
2007-11-29,1.5387934446334839,1.660156011581421,1.6795309782028198,1.6325000524520874,1.640625,288147200,QLD
2007-11-30,1.5273528099060059,1.6478129625320435,1.732030987739563,1.6206250190734863,1.732030987739563,439148800,QLD
2007-12-03,1.4994009733200073,1.6176559925079346,1.6570310592651367,1.6120309829711914,1.6290630102157593,186739200,QLD
2007-12-04,1.485063076019287,1.602187991142273,1.618906021118164,1.5840630531311035,1.5907809734344482,284204800,QLD
2007-12-05,1.537635087966919,1.6589059829711914,1.6707810163497925,1.6326559782028198,1.645313024520874,294969600,QLD
2007-12-06,1.5719597339630127,1.695937991142273,1.7090630531311035,1.660938024520874,1.6706249713897705,244672000,QLD
2007-12-07,1.5825319290161133,1.7073440551757812,1.7265629768371582,1.689844012260437,1.7265629768371582,246080000,QLD
2007-12-10,1.5918012857437134,1.717344045639038,1.7293750047683716,1.7060940265655518,1.7100000381469727,188812800,QLD
2007-12-11,1.5231518745422363,1.6432809829711914,1.7407809495925903,1.634374976158142,1.722656011581421,340819200,QLD
2007-12-12,1.5435734987258911,1.6653130054473877,1.7096879482269287,1.6124999523162842,1.6879689693450928,303686400,QLD
2007-12-13,1.5208349227905273,1.640781044960022,1.658750057220459,1.617812991142273,1.640468955039978,317657600,QLD
2007-12-14,1.497517704963684,1.615625023841858,1.6570310592651367,1.6142189502716064,1.6256250143051147,254803200,QLD
2007-12-17,1.4288702011108398,1.5415630340576172,1.6135940551757812,1.5367189645767212,1.6084380149841309,345606400,QLD
2007-12-18,1.4314764738082886,1.544374942779541,1.570937991142273,1.503749966621399,1.570937991142273,362284800,QLD
2007-12-19,1.4446558952331543,1.558593988418579,1.564844012260437,1.529844045639038,1.545469045639038,329580800,QLD
2007-12-20,1.504449486732483,1.5403130054473877,1.5415630340576172,1.4859379529953003,1.511718988418579,328115200,QLD
2007-12-21,1.5566424131393433,1.59375,1.59375,1.5657809972763062,1.5723439455032349,217875200,QLD
2007-12-24,1.5749558210372925,1.6124999523162842,1.622499942779541,1.5881249904632568,1.5881249904632568,62067200,QLD
2007-12-26,1.5909796953201294,1.628906011581421,1.6349999904632568,1.5948439836502075,1.6082810163497925,111123200,QLD
2007-12-27,1.546722650527954,1.5835939645767212,1.626405954360962,1.5778130292892456,1.6176559925079346,156108800,QLD
2007-12-28,1.5424494743347168,1.5792189836502075,1.604688048362732,1.5609380006790161,1.5981249809265137,190265600,QLD
2007-12-31,1.5142167806625366,1.5503129959106445,1.5810940265655518,1.5462499856948853,1.562656044960022,148998400,QLD
2008-01-02,1.4658381938934326,1.5007810592651367,1.5625,1.4815629720687866,1.553125023841858,474828800,QLD
2008-01-03,1.4742321968078613,1.509374976158142,1.518125057220459,1.4823440313339233,1.497655987739563,330675200,QLD
2008-01-04,1.3466482162475586,1.378749966621399,1.4620310068130493,1.367969036102295,1.460155963897705,620403200,QLD
2008-01-07,1.3292509317398071,1.3609379529953003,1.3885940313339233,1.322031021118164,1.3795310258865356,848998400,QLD
2008-01-08,1.2680528163909912,1.298280954360962,1.3970309495925903,1.2940629720687866,1.3681249618530273,790464000,QLD
2008-01-09,1.3086483478546143,1.339843988418579,1.3506250381469727,1.2684379816055298,1.3004690408706665,1060332800,QLD
2008-01-10,1.3094111680984497,1.3406250476837158,1.3743749856948853,1.3129689693450928,1.321094036102295,1146156800,QLD
2008-01-11,1.2732418775558472,1.3035939931869507,1.3406250476837158,1.278905987739563,1.3406250476837158,668806400,QLD
2008-01-14,1.3065110445022583,1.337656021118164,1.350000023841858,1.3125,1.3284380435943604,574457600,QLD
2008-01-15,1.2468407154083252,1.276563048362732,1.3224999904632568,1.2581249475479126,1.3132810592651367,679347200,QLD
2008-01-16,1.2102137804031372,1.239063024520874,1.288280963897705,1.209375023841858,1.249843955039978,968864000,QLD
2008-01-17,1.1769435405731201,1.2050000429153442,1.2698440551757812,1.1956249475479126,1.252500057220459,962131200,QLD
2008-01-18,1.1705350875854492,1.198438048362732,1.2450000047683716,1.1829689741134644,1.221250057220459,866348800,QLD
2008-01-22,1.106894612312317,1.1332809925079346,1.1714060306549072,1.0523439645767212,1.0712499618530273,1192723200,QLD
2008-01-23,1.1166616678237915,1.1432809829711914,1.1462500095367432,1.0082809925079346,1.0575000047683716,1652576000,QLD
2008-01-24,1.149168610572815,1.176563024520874,1.1790629625320435,1.1337499618530273,1.144374966621399,814208000,QLD
2008-01-25,1.098806381225586,1.125,1.227187991142273,1.123594045639038,1.227187991142273,944288000,QLD
2008-01-28,1.1155940294265747,1.1421879529953003,1.151563048362732,1.107969045639038,1.1279690265655518,713836800,QLD
2008-01-29,1.120782494544983,1.1475000381469727,1.1635940074920654,1.1309380531311035,1.1590629816055298,500620800,QLD
2008-01-30,1.1194093227386475,1.1460939645767212,1.196874976158142,1.1376559734344482,1.140625,832857600,QLD
2008-01-31,1.1453531980514526,1.1726560592651367,1.209375023841858,1.117812991142273,1.1198439598083496,986067200,QLD
2008-02-01,1.1827433109283447,1.2109379768371582,1.224843978881836,1.1735939979553223,1.203281044960022,750764800,QLD
2008-02-04,1.1413856744766235,1.1685940027236938,1.2118749618530273,1.165624976158142,1.2096879482269287,466259200,QLD
2008-02-05,1.0870559215545654,1.1129690408706665,1.158437967300415,1.107030987739563,1.134531021118164,784569600,QLD
2008-02-06,1.0408138036727905,1.0656249523162842,1.1351560354232788,1.0575000047683716,1.1214059591293335,638035200,QLD
2008-02-07,1.062179446220398,1.087499976158142,1.1139060258865356,1.0332809686660767,1.040781021118164,1040883200,QLD
2008-02-08,1.075914978981018,1.1015629768371582,1.113281011581421,1.0717190504074097,1.084375023841858,685952000,QLD
2008-02-11,1.100027322769165,1.1262500286102295,1.1360939741134644,1.1017190217971802,1.1159379482269287,561113600,QLD
2008-02-12,1.0919389724731445,1.117969036102295,1.1551560163497925,1.0993750095367432,1.140781044960022,661849600,QLD
2008-02-13,1.1308554410934448,1.1578129529953003,1.167968988418579,1.1318750381469727,1.1410939693450928,470393600,QLD
2008-02-14,1.0951437950134277,1.121250033378601,1.1662499904632568,1.1176559925079346,1.1662499904632568,708710400,QLD
2008-02-15,1.0911762714385986,1.1171879768371582,1.1214059591293335,1.0956250429153442,1.1100000143051147,494227200,QLD
2008-02-19,1.080798625946045,1.1065629720687866,1.146875023841858,1.0857809782028198,1.142969012260437,607513600,QLD
2008-02-20,1.090718388557434,1.1167190074920654,1.126405954360962,1.0846879482269287,1.085155963897705,685689600,QLD
2008-02-21,1.074083924293518,1.0996880531311035,1.1442190408706665,1.0889060497283936,1.1390630006790161,594752000,QLD
2008-02-22,1.0835456848144531,1.109375,1.109375,1.0603129863739014,1.1048439741134644,707392000,QLD
2008-02-25,1.0879706144332886,1.1139060258865356,1.1245310306549072,1.0881249904632568,1.1028130054473877,601376000,QLD
2008-02-26,1.0980435609817505,1.1242189407348633,1.1457810401916504,1.089843988418579,1.1029690504074097,669926400,QLD
2008-02-27,1.1050631999969482,1.1314059495925903,1.1437499523162842,1.1043750047683716,1.109218955039978,607328000,QLD
2008-02-28,1.0812556743621826,1.107030987739563,1.146718978881836,1.107030987739563,1.1265629529953003,550195200,QLD
2008-02-29,1.0490554571151733,1.0740629434585571,1.107969045639038,1.0618749856948853,1.1014059782028198,793939200,QLD
2008-03-03,1.0263158082962036,1.050781011581421,1.0682810544967651,1.032188057899475,1.0651559829711914,770668800,QLD
2008-03-04,1.0347093343734741,1.0593750476837158,1.0698440074920654,1.0207810401916504,1.0385940074920654,1067334400,QLD
2008-03-05,1.0545495748519897,1.0796879529953003,1.09375,1.0567189455032349,1.0684380531311035,991846400,QLD
2008-03-06,1.0008301734924316,1.0246880054473877,1.0815629959106445,1.0221879482269287,1.0726560354232788,798937600,QLD
2008-03-07,0.9954882860183716,1.0192190408706665,1.049062967300415,0.989063024520874,1.0140630006790161,1026643200,QLD
2008-03-10,0.9558092951774597,0.9785940051078796,1.0248440504074097,0.9784380197525024,1.0192190408706665,865478400,QLD
2008-03-11,1.0424927473068237,1.0673439502716064,1.068750023841858,0.9946879744529724,1.0112500190734863,963321600,QLD
2008-03-12,1.022195816040039,1.0465630292892456,1.0859379768371582,1.044530987739563,1.0665630102157593,734310400,QLD
2008-03-13,1.0386778116226196,1.063438057899475,1.0793750286102295,1.0064059495925903,1.0262500047683716,1361625600,QLD
2008-03-14,0.9968616962432861,1.0206249952316284,1.082813024520874,1.002187967300415,1.0824999809265137,1296870400,QLD
2008-03-17,0.9712227582931519,0.9943749904632568,1.015468955039978,0.9689059853553772,0.9792190194129944,1173900800,QLD
2008-03-18,1.0553122758865356,1.080469012260437,1.082813024520874,1.0176559686660767,1.025156021118164,964576000,QLD
2008-03-19,1.0026613473892212,1.026563048362732,1.0917190313339233,1.0234379768371582,1.0862499475479126,1051552000,QLD
2008-03-20,1.0310468673706055,1.0556249618530273,1.066406011581421,1.0192190408706665,1.0318750143051147,781843200,QLD
2008-03-24,1.1155940294265747,1.1421879529953003,1.1481250524520874,1.0748440027236938,1.0754690170288086,675667200,QLD
2008-03-25,1.1239871978759766,1.1507810354232788,1.163280963897705,1.1239060163497925,1.1440629959106445,666425600,QLD
2008-03-26,1.1018586158752441,1.1281249523162842,1.152500033378601,1.1200000047683716,1.1442190408706665,616620800,QLD
2008-03-27,1.079271912574768,1.1050000190734863,1.1354689598083496,1.09375,1.131093978881836,647513600,QLD
2008-03-28,1.062942624092102,1.0882810354232788,1.127500057220459,1.0754690170288086,1.114063024520874,655161600,QLD
2008-03-31,1.0675214529037476,1.0929689407348633,1.109375,1.0823440551757812,1.0893750190734863,513881600,QLD
2008-04-01,1.1572574377059937,1.1848440170288086,1.1906249523162842,1.128906011581421,1.132030963897705,625817600,QLD
2008-04-02,1.1651928424835205,1.1929689645767212,1.2104690074920654,1.1665630340576172,1.1918749809265137,643724800,QLD
2008-04-03,1.1671768426895142,1.1950000524520874,1.204063057899475,1.1645309925079346,1.1675000190734863,605100800,QLD
2008-04-04,1.1729762554168701,1.2009379863739014,1.2265629768371582,1.177968978881836,1.2010940313339233,755507200,QLD
2008-04-07,1.16641366481781,1.1942189931869507,1.2295310497283936,1.1904690265655518,1.2145309448242188,670982400,QLD
2008-04-08,1.1560362577438354,1.183593988418579,1.1939059495925903,1.165781021118164,1.1785939931869507,531545600,QLD
2008-04-09,1.1308554410934448,1.1578129529953003,1.181406021118164,1.1375000476837158,1.1792190074920654,801152000,QLD
2008-04-10,1.1577153205871582,1.1853129863739014,1.199218988418579,1.1534379720687866,1.1534379720687866,785804800,QLD
2008-04-11,1.0956017971038818,1.1217190027236938,1.1607810258865356,1.110780954360962,1.1565630435943604,1047289600,QLD
2008-04-14,1.0797301530838013,1.105468988418579,1.1279690265655518,1.1026560068130493,1.115468978881836,834406400,QLD
2008-04-15,1.0812556743621826,1.107030987739563,1.121093988418579,1.0879689455032349,1.117969036102295,934470400,QLD
2008-04-16,1.161224365234375,1.188905954360962,1.1895309686660767,1.136718988418579,1.1385940313339233,908249600,QLD
2008-04-17,1.1636664867401123,1.191406011581421,1.196874976158142,1.1528129577636719,1.1751559972763062,775168000,QLD
2008-04-18,1.210060715675354,1.2389060258865356,1.252344012260437,1.216249942779541,1.2317190170288086,1033152000,QLD
2008-04-21,1.2262375354766846,1.2554689645767212,1.2601560354232788,1.2298439741134644,1.2351560592651367,628748800,QLD
2008-04-22,1.2025824785232544,1.2312500476837158,1.2445310354232788,1.199218988418579,1.240625023841858,728972800,QLD
2008-04-23,1.2154017686843872,1.2443749904632568,1.2582809925079346,1.225780963897705,1.2384380102157593,718752000,QLD
2008-04-24,1.2318840026855469,1.2612500190734863,1.2973439693450928,1.2231249809265137,1.250938057899475,963091200,QLD
2008-04-25,1.2331053018569946,1.2625000476837158,1.2737499475479126,1.232030987739563,1.2728129625320435,660928000,QLD
2008-04-28,1.2373783588409424,1.2668750286102295,1.2878129482269287,1.2623440027236938,1.2690629959106445,462329600,QLD
2008-04-29,1.2526391744613647,1.2825000286102295,1.2956249713897705,1.258437991142273,1.2615629434585571,662572800,QLD
2008-04-30,1.2338675260543823,1.263280987739563,1.3115630149841309,1.2559380531311035,1.2928129434585571,844825600,QLD
2008-05-01,1.3110902309417725,1.342344045639038,1.346250057220459,1.2646880149841309,1.2646880149841309,1120076800,QLD
2008-05-02,1.3254351615905762,1.357030987739563,1.3715629577636719,1.3254690170288086,1.3715629577636719,1012832000,QLD
2008-05-05,1.308342695236206,1.3395309448242188,1.363281011581421,1.328281044960022,1.3465629816055298,642604800,QLD
2008-05-06,1.3370338678359985,1.368906021118164,1.368906021118164,1.3143750429153442,1.3321880102157593,889068800,QLD
2008-05-07,1.2849929332733154,1.3156249523162842,1.3734380006790161,1.2987500429153442,1.3582810163497925,1013568000,QLD
2008-05-08,1.2866718769073486,1.3173439502716064,1.34375,1.3095309734344482,1.3190629482269287,1090342400,QLD
2008-05-09,1.2859094142913818,1.3165630102157593,1.3300000429153442,1.2995309829711914,1.3056249618530273,889708800,QLD
2008-05-12,1.3339813947677612,1.3657809495925903,1.3696880340576172,1.3159379959106445,1.3203129768371582,755699200,QLD
2008-05-13,1.3417646884918213,1.3737499713897705,1.377344012260437,1.3457809686660767,1.3665629625320435,888793600,QLD
2008-05-14,1.3306242227554321,1.3623440265655518,1.410156011581421,1.3606250286102295,1.382030963897705,893184000,QLD
2008-05-15,1.382664680480957,1.415624976158142,1.415624976158142,1.3578130006790161,1.3651560544967651,880646400,QLD
2008-05-16,1.382664680480957,1.415624976158142,1.4201560020446777,1.3832809925079346,1.4187500476837158,776800000,QLD
2008-05-19,1.369234561920166,1.4018750190734863,1.4404690265655518,1.3770309686660767,1.4168750047683716,1040748800,QLD
2008-05-20,1.3443591594696045,1.376405954360962,1.3842190504074097,1.352344036102295,1.383437991142273,926176000,QLD
2008-05-21,1.289113998413086,1.3198440074920654,1.3917189836502075,1.303905963897705,1.375938057899475,1023104000,QLD
2008-05-22,1.2865198850631714,1.317188024520874,1.339063048362732,1.308750033378601,1.3184380531311035,946060800,QLD
2008-05-23,1.282246708869934,1.3128130435943604,1.3212499618530273,1.292188048362732,1.3117189407348633,738931200,QLD
2008-05-27,1.325588345527649,1.3571879863739014,1.3621879816055298,1.3174999952316284,1.3181250095367432,792563200,QLD
2008-05-28,1.3410019874572754,1.3729690313339233,1.375938057899475,1.3432810306549072,1.372499942779541,839865600,QLD
2008-05-29,1.3654199838638306,1.3979690074920654,1.4093749523162842,1.3698439598083496,1.3709379434585571,882828800,QLD
2008-05-30,1.3811391592025757,1.4140629768371582,1.424219012260437,1.3975000381469727,1.4046880006790161,730227200,QLD
2008-06-02,1.35015869140625,1.3823440074920654,1.40625,1.3524999618530273,1.4057810306549072,987193600,QLD
2008-06-03,1.3336764574050903,1.365468978881836,1.4046880006790161,1.336719036102295,1.3873440027236938,1074073600,QLD
2008-06-04,1.356415867805481,1.3887499570846558,1.415624976158142,1.3518749475479126,1.353281021118164,982099200,QLD
2008-06-05,1.4076933860778809,1.441249966621399,1.446094036102295,1.3937499523162842,1.4021879434585571,902118400,QLD
2008-06-06,1.314447045326233,1.3457809686660767,1.422813057899475,1.3457809686660767,1.4167189598083496,1139174400,QLD
2008-06-09,1.3118531703948975,1.3431249856948853,1.3623440265655518,1.294374942779541,1.3581249713897705,1036710400,QLD
2008-06-10,1.2947603464126587,1.325624942779541,1.3485939502716064,1.3071880340576172,1.3135939836502075,933209600,QLD
2008-06-11,1.2353943586349487,1.2648439407348633,1.3259379863739014,1.261718988418579,1.3221880197525024,1009939200,QLD
2008-06-12,1.2376840114593506,1.2671879529953003,1.3026560544967651,1.2426559925079346,1.28125,923110400,QLD
2008-06-13,1.2840778827667236,1.314687967300415,1.3203129768371582,1.2671879529953003,1.2807810306549072,803302400,QLD
2008-06-16,1.3025437593460083,1.3335939645767212,1.3506250381469727,1.2996879816055298,1.302968978881836,713766400,QLD
2008-06-17,1.2961338758468628,1.3270310163497925,1.3529690504074097,1.3204690217971802,1.3471879959106445,659014400,QLD
2008-06-18,1.2674427032470703,1.2976560592651367,1.319530963897705,1.2853130102157593,1.3089059591293335,866617600,QLD
2008-06-19,1.3033063411712646,1.334375023841858,1.3495310544967651,1.2737499475479126,1.290781021118164,1059968000,QLD
2008-06-20,1.2392096519470215,1.2687499523162842,1.315000057220459,1.252344012260437,1.314687967300415,1279577600,QLD
2008-06-23,1.211586833000183,1.240468978881836,1.2817189693450928,1.239063024520874,1.2743749618530273,924038400,QLD
2008-06-24,1.2039998769760132,1.2321879863739014,1.2606250047683716,1.2103129625320435,1.2323440313339233,938208000,QLD
2008-06-25,1.2299540042877197,1.2587499618530273,1.293125033378601,1.2378129959106445,1.2417190074920654,971648000,QLD
2008-06-26,1.1429293155670166,1.1696879863739014,1.2242189645767212,1.1664060354232788,1.2221879959106445,1457721600,QLD
2008-06-27,1.1461353302001953,1.1729689836502075,1.1799999475479126,1.1328129768371582,1.1665630340576172,1126060800,QLD
2008-06-30,1.1198753118515015,1.1460939645767212,1.1771880388259888,1.1421879529953003,1.160938024520874,830841600,QLD
2008-07-01,1.149188756942749,1.1760940551757812,1.1773439645767212,1.117969036102295,1.1254689693450928,1242892800,QLD
2008-07-02,1.0928515195846558,1.1184380054473877,1.1918749809265137,1.1150000095367432,1.1815630197525024,1203097600,QLD
2008-07-03,1.0870498418807983,1.1124999523162842,1.1360939741134644,1.0964059829711914,1.1321879625320435,739436800,QLD
2008-07-07,1.1035386323928833,1.1293749809265137,1.1553130149841309,1.094688057899475,1.1360939741134644,1230918400,QLD
2008-07-08,1.142623782157898,1.169374942779541,1.1826560497283936,1.121250033378601,1.131250023841858,1523456000,QLD
2008-07-09,1.0991110801696777,1.124843955039978,1.1846879720687866,1.1174999475479126,1.1795309782028198,1279372800,QLD
2008-07-10,1.1180429458618164,1.1442190408706665,1.1514060497283936,1.0993750095367432,1.1221879720687866,1150080000,QLD
2008-07-11,1.083538293838501,1.1089060306549072,1.1439059972763062,1.0731250047683716,1.121250033378601,1525894400,QLD
2008-07-14,1.0678132772445679,1.0928130149841309,1.1393749713897705,1.084375023841858,1.1375000476837158,1135936000,QLD
2008-07-15,1.0632323026657104,1.0881249904632568,1.1260939836502075,1.0459380149841309,1.0798439979553223,1623366400,QLD
2008-07-16,1.1140729188919067,1.1401560306549072,1.1475000381469727,1.0768749713897705,1.0967190265655518,1204550400,QLD
2008-07-17,1.1093411445617676,1.1353130340576172,1.1703130006790161,1.1278129816055298,1.1578129529953003,1253017600,QLD
2008-07-18,1.095294713973999,1.1209379434585571,1.1364059448242188,1.1123440265655518,1.1364059448242188,938035200,QLD
2008-07-21,1.0962101221084595,1.1218750476837158,1.1385940313339233,1.1037499904632568,1.1290630102157593,710099200,QLD
2008-07-22,1.095294713973999,1.1209379434585571,1.1209379434585571,1.0724999904632568,1.080312967300415,1166649600,QLD
2008-07-23,1.1203334331512451,1.1465630531311035,1.172031044960022,1.114063024520874,1.1198439598083496,1333984000,QLD
2008-07-24,1.0820115804672241,1.1073440313339233,1.157655954360962,1.1015629768371582,1.1575000286102295,1001952000,QLD
2008-07-25,1.1110196113586426,1.1370309591293335,1.1507810354232788,1.1151560544967651,1.1257810592651367,740652800,QLD
2008-07-28,1.0772783756256104,1.1024999618530273,1.1520309448242188,1.0871880054473877,1.140781044960022,948441600,QLD
2008-07-29,1.109493374824524,1.1354689598083496,1.1520309448242188,1.105468988418579,1.1074999570846558,920275200,QLD
2008-07-30,1.1285773515701294,1.1549999713897705,1.1662499904632568,1.1190630197525024,1.1484379768371582,979865600,QLD
2008-07-31,1.124760627746582,1.1510939598083496,1.1815630197525024,1.1262500286102295,1.1315629482269287,1066112000,QLD
2008-08-01,1.0975838899612427,1.1232810020446777,1.1529690027236938,1.0950000286102295,1.151563048362732,961113600,QLD
2008-08-04,1.0755985975265503,1.100780963897705,1.1207809448242188,1.0901559591293335,1.1200000047683716,695328000,QLD
2008-08-05,1.1417080163955688,1.1684379577636719,1.1726560592651367,1.1165629625320435,1.1193749904632568,883315200,QLD
2008-08-06,1.1759072542190552,1.2034380435943604,1.214843988418579,1.1520309448242188,1.169530987739563,861612800,QLD
2008-08-07,1.1636933088302612,1.1909379959106445,1.216405987739563,1.1770310401916504,1.1904690265655518,841401600,QLD
2008-08-08,1.2093429565429688,1.2376559972763062,1.246093988418579,1.1809380054473877,1.1859380006790161,954188800,QLD
2008-08-11,1.2320917844772339,1.260938048362732,1.2904690504074097,1.2309379577636719,1.2396880388259888,997164800,QLD
2008-08-12,1.236977458000183,1.2659380435943604,1.2839059829711914,1.25,1.2629690170288086,819052800,QLD
2008-08-13,1.2310227155685425,1.2598439455032349,1.2820310592651367,1.2362500429153442,1.2612500190734863,958009600,QLD
2008-08-14,1.2604891061782837,1.2899999618530273,1.3001559972763062,1.2489060163497925,1.2507810592651367,985248000,QLD
2008-08-15,1.2612524032592773,1.290781021118164,1.305469036102295,1.2732809782028198,1.2937500476837158,829344000,QLD
2008-08-18,1.233924150466919,1.2628129720687866,1.292188048362732,1.2360939979553223,1.290781021118164,825510400,QLD
2008-08-19,1.2030831575393677,1.2312500476837158,1.2534379959106445,1.2089060544967651,1.2420309782028198,831500800,QLD
2008-08-20,1.1962131261825562,1.2242189645767212,1.2506250143051147,1.2087500095367432,1.2409379482269287,1024723200,QLD
2008-08-21,1.1820144653320312,1.2096879482269287,1.2264059782028198,1.1903129816055298,1.207813024520874,808377600,QLD
2008-08-22,1.2152971029281616,1.243749976158142,1.257030963897705,1.2253129482269287,1.2267190217971802,689868800,QLD
2008-08-25,1.17010498046875,1.1974999904632568,1.2328130006790161,1.1892189979553223,1.2289060354232788,795360000,QLD
2008-08-26,1.1653718948364258,1.1926560401916504,1.2095309495925903,1.1759380102157593,1.1962499618530273,838393600,QLD
2008-08-27,1.1769750118255615,1.204530954360962,1.224843978881836,1.1832809448242188,1.192188024520874,805478400,QLD
2008-08-28,1.1833882331848145,1.2110940217971802,1.234531044960022,1.2095309495925903,1.2154690027236938,680716800,QLD
2008-08-29,1.1462880373001099,1.1731250286102295,1.2064059972763062,1.1642190217971802,1.1995309591293335,879635200,QLD
2008-09-02,1.1174323558807373,1.1435940265655518,1.2220309972763062,1.134374976158142,1.2120310068130493,1141542400,QLD
2008-09-03,1.0969734191894531,1.122655987739563,1.1493749618530273,1.107030987739563,1.1395310163497925,1236364800,QLD
2008-09-04,1.0262856483459473,1.0503129959106445,1.113281011581421,1.0473439693450928,1.109218955039978,1763404800,QLD
2008-09-05,1.0227735042572021,1.046718955039978,1.0565630197525024,1.0092190504074097,1.0329689979553223,1602617600,QLD
2008-09-08,1.011170506477356,1.0348440408706665,1.0765630006790161,1.0031249523162842,1.0717190504074097,1637305600,QLD
2008-09-09,0.9731543064117432,0.9959380030632019,1.0559380054473877,0.9862499833106995,1.0343749523162842,1255411200,QLD
2008-09-10,0.9820088744163513,1.0049999952316284,1.0260939598083496,0.9920309782028198,1.0110939741134644,890912000,QLD
2008-09-11,1.0217047929763794,1.0456249713897705,1.0495309829711914,0.9781249761581421,0.9790629744529724,1328108800,QLD
2008-09-12,1.0256744623184204,1.0496879816055298,1.050624966621399,1.0125000476837158,1.027343988418579,977753600,QLD
2008-09-15,0.958649754524231,0.9810940027236938,1.0306249856948853,0.9695309996604919,0.9900000095367432,1582764800,QLD
2008-09-16,0.9649091362953186,0.987500011920929,1.007030963897705,0.9439060091972351,0.9460939764976501,2132230400,QLD
2008-09-17,0.8687242269515991,0.8890630006790161,0.971875011920929,0.885155975818634,0.963280975818634,2326515200,QLD
2008-09-18,0.9314730763435364,0.9532809853553772,0.9609379768371582,0.8543750047683716,0.9248440265655518,2372896000,QLD
2008-09-19,0.9670472145080566,0.989687979221344,1.046875,0.9704689979553223,1.0434379577636719,1062764800,QLD
2008-09-22,0.8939154148101807,0.9148439764976501,1.0007810592651367,0.9140629768371582,0.997655987739563,1072889600,QLD
2008-09-23,0.8763574957847595,0.8968750238418579,0.9504690170288086,0.8931249976158142,0.9292190074920654,1784864000,QLD
2008-09-24,0.8945261836051941,0.9154689908027649,0.9289060235023499,0.895937979221344,0.9070309996604919,1331500800,QLD
2008-09-25,0.9036869406700134,0.9248440265655518,0.9631249904632568,0.9189059734344482,0.926563024520874,1528147200,QLD
2008-09-26,0.897732138633728,0.918749988079071,0.9293749928474426,0.8814060091972351,0.8840630054473877,1254144000,QLD
2008-09-29,0.7244450449943542,0.7414060235023499,0.8909379839897156,0.731249988079071,0.8845310211181641,2718585600,QLD
2008-09-30,0.7997148036956787,0.8184379935264587,0.824999988079071,0.760155975818634,0.7651559710502625,1554534400,QLD
2008-10-01,0.7787976264953613,0.7970309853553772,0.8135939836502075,0.7753130197525024,0.8062499761581421,1620377600,QLD
2008-10-02,0.7160486578941345,0.7328130006790161,0.7846879959106445,0.7170310020446777,0.7837499976158142,1964652800,QLD
2008-10-03,0.6832232475280762,0.6992189884185791,0.7793750166893005,0.6946880221366882,0.7410939931869507,2824569600,QLD
2008-10-06,0.6192519068717957,0.6337500214576721,0.6696879863739014,0.5729690194129944,0.6654689908027649,3916358400,QLD
2008-10-07,0.5572662353515625,0.5703129768371582,0.6610940098762512,0.5693749785423279,0.6581249833106995,3110828800,QLD
2008-10-08,0.5430664420127869,0.5557810068130493,0.6187499761581421,0.5387499928474426,0.5451560020446777,4987097600,QLD
2008-10-09,0.5010815262794495,0.5128129720687866,0.6026560068130493,0.5060939788818359,0.582813024520874,4425280000,QLD
2008-10-10,0.5085625648498535,0.5204690098762512,0.5592190027236938,0.455469012260437,0.49265599250793457,4740928000,QLD
2008-10-13,0.6336038112640381,0.6484379768371582,0.6484379768371582,0.5537499785423279,0.5684379935264587,2673683200,QLD
2008-10-14,0.5748229622840881,0.588280975818634,0.6798440217971802,0.5739060044288635,0.6779689788818359,3801804800,QLD
2008-10-15,0.4697823226451874,0.4807809889316559,0.5792189836502075,0.4807809889316559,0.5742189884185791,3394016000,QLD
2008-10-16,0.5232192277908325,0.5354689955711365,0.5354689955711365,0.4417189955711365,0.4906249940395355,5613836800,QLD
2008-10-17,0.5221503973007202,0.534375011920929,0.581250011920929,0.5089060068130493,0.515625,4111097600,QLD
2008-10-20,0.5572662353515625,0.5703129768371582,0.5703129768371582,0.5165629982948303,0.5543749928474426,2546252800,QLD
2008-10-21,0.5012341141700745,0.5129690170288086,0.567812979221344,0.5087500214576721,0.5459380149841309,2752345600,QLD
2008-10-22,0.46733957529067993,0.4782809913158417,0.5114060044288635,0.450780987739563,0.503125011920929,2978137600,QLD
2008-10-23,0.4630645513534546,0.473906010389328,0.49421900510787964,0.42656299471855164,0.4753130078315735,3661382400,QLD
2008-10-24,0.4363470673561096,0.4465630054473877,0.4676559865474701,0.39906299114227295,0.3996880054473877,3145766400,QLD
2008-10-27,0.4108499586582184,0.4204689860343933,0.46562498807907104,0.41187500953674316,0.4337500035762787,2875110400,QLD
2008-10-28,0.49680662155151367,0.508437991142273,0.5140630006790161,0.4246880114078522,0.4489060044288635,3720396800,QLD
2008-10-29,0.5021495223045349,0.5139060020446777,0.5518749952316284,0.49265599250793457,0.5145310163497925,3313126400,QLD
2008-10-30,0.5282573103904724,0.5406249761581421,0.5514060258865356,0.5167189836502075,0.5392190217971802,3164121600,QLD
2008-10-31,0.5310057997703552,0.5434380173683167,0.5639060139656067,0.5193750262260437,0.5279690027236938,2557939200,QLD
2008-11-03,0.5334488153457642,0.5459380149841309,0.5535939931869507,0.5332810282707214,0.5428130030632019,1531443200,QLD
2008-11-04,0.5638303160667419,0.5770310163497925,0.5826560258865356,0.5490630269050598,0.5657809972763062,2004947200,QLD
2008-11-05,0.5023030042648315,0.5140630006790161,0.5687500238418579,0.5117189884185791,0.5653129816055298,2146412800,QLD
2008-11-06,0.45482057332992554,0.46546900272369385,0.5093749761581421,0.46281298995018005,0.49828100204467773,3151692800,QLD
2008-11-07,0.4746679365634918,0.4857810139656067,0.4959380030632019,0.46906301379203796,0.4793750047683716,2520390400,QLD
2008-11-10,0.4667288661003113,0.4776560068130493,0.5115630030632019,0.4621880054473877,0.5107809901237488,2019488000,QLD
2008-11-11,0.4482553005218506,0.45875000953674316,0.47328099608421326,0.4414060115814209,0.463593989610672,2901536000,QLD
2008-11-12,0.40291091799736023,0.4123440086841583,0.44453099370002747,0.40968799591064453,0.4396879971027374,2894784000,QLD
2008-11-13,0.4500874876976013,0.4606249928474426,0.4625000059604645,0.3701559901237488,0.40921899676322937,4739315200,QLD
2008-11-14,0.40581202507019043,0.4153130054473877,0.4596880078315735,0.4124999940395355,0.44093799591064453,4017075200,QLD
2008-11-17,0.39008629322052,0.39921900629997253,0.4229690134525299,0.3946880102157593,0.40156298875808716,3202387200,QLD
2008-11-18,0.386574387550354,0.3956249952316284,0.4089060127735138,0.3710939884185791,0.4035939872264862,4219782400,QLD
2008-11-19,0.34657397866249084,0.35468798875808716,0.40937501192092896,0.35249999165534973,0.3984380066394806,3621836800,QLD
2008-11-20,0.31496986746788025,0.32234400510787964,0.3710939884185791,0.31828099489212036,0.3465630114078522,5974124800,QLD
2008-11-21,0.33970287442207336,0.3476560115814209,0.3518750071525574,0.30812498927116394,0.33140599727630615,5362598400,QLD
2008-11-24,0.3801625370979309,0.3890630006790161,0.3996880054473877,0.35624998807907104,0.3621880114078522,3662035200,QLD
2008-11-25,0.3775663673877716,0.3864060044288635,0.4000000059604645,0.36921900510787964,0.39937499165534973,3014950400,QLD
2008-11-26,0.4087120294570923,0.4182809889316559,0.41999998688697815,0.377344012260437,0.3799999952316284,2864876800,QLD
2008-11-28,0.4036741256713867,0.41312500834465027,0.4154689908027649,0.40531298518180847,0.4110940098762512,649408000,QLD
2008-12-01,0.34367281198501587,0.3517189919948578,0.395781010389328,0.3503130078315735,0.395781010389328,2601382400,QLD
2008-12-02,0.36565810441970825,0.37421900033950806,0.37562501430511475,0.3485940098762512,0.36015599966049194,2950828800,QLD
2008-12-03,0.38397926092147827,0.392969012260437,0.3970310091972351,0.3532809913158417,0.35499998927116394,3620761600,QLD
2008-12-04,0.3633677661418915,0.37187498807907104,0.39906299114227295,0.3590629994869232,0.3812499940395355,3048198400,QLD
2008-12-05,0.3925289809703827,0.40171900391578674,0.40531298518180847,0.34968799352645874,0.3646880090236664,3368147200,QLD
2008-12-08,0.4236748516559601,0.4335939884185791,0.4449999928474426,0.4165630042552948,0.419530987739563,2821516800,QLD
2008-12-09,0.42031553387641907,0.43015599250793457,0.4557810127735138,0.4192189872264862,0.42218801379203796,2766342400,QLD
2008-12-10,0.4198581874370575,0.4296880066394806,0.4449999928474426,0.42109400033950806,0.43531298637390137,2192640000,QLD
2008-12-11,0.39665141701698303,0.4059379994869232,0.43953099846839905,0.40171900391578674,0.42656299471855164,1909267200,QLD
2008-12-12,0.4120715260505676,0.4217190146446228,0.427031010389328,0.38843798637390137,0.3946880102157593,2646476800,QLD
2008-12-15,0.39771944284439087,0.40703099966049194,0.4246880114078522,0.39500001072883606,0.42359399795532227,1780428800,QLD
2008-12-16,0.4351257383823395,0.4453130066394806,0.44874998927116394,0.4140630066394806,0.4453130066394806,2131968000,QLD
2008-12-17,0.42489609122276306,0.4348439872264862,0.44718798995018005,0.4246880114078522,0.43703100085258484,1832435200,QLD
2008-12-18,0.4111548960208893,0.4207809865474701,0.4410940110683441,0.411406010389328,0.43562498688697815,1739680000,QLD
2008-12-19,0.41573575139045715,0.4254690110683441,0.4410940110683441,0.42375001311302185,0.4293749928474426,1661164800,QLD
2008-12-22,0.3995516002178192,0.4089060127735138,0.42875000834465027,0.3942190110683441,0.4267190098762512,1603526400,QLD
2008-12-23,0.3945135176181793,0.4037500023841858,0.4192189872264862,0.3985939919948578,0.4101560115814209,1478828800,QLD
2008-12-24,0.3955824673175812,0.4048439860343933,0.40781301259994507,0.4014059901237488,0.4074999988079071,361849600,QLD
2008-12-26,0.3958873748779297,0.4051559865474701,0.40828099846839905,0.4012500047683716,0.40828099846839905,294259200,QLD
2008-12-29,0.3858112692832947,0.3948439955711365,0.4084379971027374,0.3867189884185791,0.4074999988079071,872089600,QLD
2008-12-30,0.40336915850639343,0.4128130078315735,0.4168750047683716,0.39906299114227295,0.3998439908027649,1143532800,QLD
2008-12-31,0.4105442762374878,0.42015600204467773,0.4310939908027649,0.4128130078315735,0.41328099370002747,1261484800,QLD
2009-01-02,0.4467290937900543,0.4571880102157593,0.4606249928474426,0.4204689860343933,0.4231249988079071,1475475200,QLD
2009-01-05,0.4467290937900543,0.4571880102157593,0.4676559865474701,0.44593799114227295,0.45234400033950806,1725651200,QLD
2009-01-06,0.45588958263397217,0.46656298637390137,0.47578099370002747,0.4609380066394806,0.465938001871109,2101619200,QLD
2009-01-07,0.4303925633430481,0.44046899676322937,0.4542190134525299,0.4335939884185791,0.4515630006790161,1636352000,QLD
2009-01-08,0.4397055208683014,0.44999998807907104,0.450780987739563,0.43062499165534973,0.4373440146446228,1744870400,QLD
2009-01-09,0.42016300559043884,0.4300000071525574,0.45124998688697815,0.4259380102157593,0.45109400153160095,1596710400,QLD
2009-01-12,0.4045906364917755,0.4140630066394806,0.43171900510787964,0.40562498569488525,0.4309380054473877,1513324800,QLD
2009-01-13,0.4041323661804199,0.41359400749206543,0.42656299471855164,0.40421900153160095,0.4142189919948578,1681273600,QLD
2009-01-14,0.3798566162586212,0.38874998688697815,0.40703099966049194,0.3843750059604645,0.40312498807907104,1874438400,QLD
2009-01-15,0.39100179076194763,0.4001559913158417,0.40781301259994507,0.3739059865474701,0.3867189884185791,2477337600,QLD
2009-01-16,0.4007730782032013,0.4101560115814209,0.4151560068130493,0.3907809853553772,0.41312500834465027,2330841600,QLD
2009-01-20,0.36260464787483215,0.3710939884185791,0.4099999964237213,0.36937499046325684,0.4064059853553772,2157945600,QLD
2009-01-21,0.39039114117622375,0.3995310068130493,0.4012500047683716,0.37281298637390137,0.3812499940395355,2047974400,QLD
2009-01-22,0.38214707374572754,0.39109399914741516,0.4023439884185791,0.3762499988079071,0.38328099250793457,2054265600,QLD
2009-01-23,0.3836733102798462,0.39265599846839905,0.40546900033950806,0.37296900153160095,0.3778130114078522,2100006400,QLD
2009-01-26,0.3894755244255066,0.3985939919948578,0.4123440086841583,0.3895309865474701,0.39531299471855164,1928780800,QLD
2009-01-27,0.3958873748779297,0.4051559865474701,0.4115630090236664,0.39921900629997253,0.3996880054473877,1643763200,QLD
2009-01-28,0.4223009943962097,0.4321880042552948,0.4414060115814209,0.41843798756599426,0.419063001871109,2317088000,QLD
2009-01-29,0.4019944965839386,0.411406010389328,0.4245310127735138,0.408594012260437,0.42234399914741516,1822316800,QLD
2009-01-30,0.38672691583633423,0.395781010389328,0.4207809865474701,0.3934380114078522,0.4176560044288635,1857670400,QLD
2009-02-02,0.39680394530296326,0.4060940146446228,0.4117189943790436,0.3879689872264862,0.38843798637390137,1807820800,QLD
2009-02-03,0.40947631001472473,0.419063001871109,0.421875,0.3960939943790436,0.4076560139656067,1952128000,QLD
2009-02-04,0.40978100895881653,0.4193750023841858,0.43953099846839905,0.416718989610672,0.4203130006790161,2168153600,QLD
2009-02-05,0.4284079968929291,0.4384379982948303,0.4440630078315735,0.40703099966049194,0.40703099966049194,2627801600,QLD
2009-02-06,0.4502398669719696,0.4607810080051422,0.46546900272369385,0.43906301259994507,0.4428130090236664,2390707200,QLD
2009-02-09,0.4552789330482483,0.465938001871109,0.47031301259994507,0.45625001192092896,0.4620310068130493,1966048000,QLD
2009-02-10,0.4210795760154724,0.4309380054473877,0.47046899795532227,0.4243749976158142,0.4593749940395355,3138188800,QLD
2009-02-11,0.41802605986595154,0.42781299352645874,0.4360939860343933,0.4140630066394806,0.4307810068130493,2021523200,QLD
2009-02-12,0.4274913966655731,0.4375,0.43828099966049194,0.4112499952316284,0.4168750047683716,2845056000,QLD
2009-02-13,0.4229116439819336,0.43281298875808716,0.44328099489212036,0.4296880066394806,0.43437498807907104,2116345600,QLD
2009-02-17,0.3908492624759674,0.4000000059604645,0.4117189943790436,0.3946880102157593,0.4059379994869232,2483891200,QLD
2009-02-18,0.38978034257888794,0.39890599250793457,0.4110940098762512,0.3893750011920929,0.40453100204467773,2430355200,QLD
2009-02-19,0.3786352574825287,0.38749998807907104,0.40937501192092896,0.3851560056209564,0.40421900153160095,2036998400,QLD
2009-02-20,0.37970423698425293,0.38859400153160095,0.3970310091972351,0.37656301259994507,0.37828099727630615,2976972800,QLD
2009-02-23,0.35359641909599304,0.3618749976158142,0.3942190110683441,0.35859400033950806,0.39375001192092896,2659417600,QLD
2009-02-24,0.37558186054229736,0.3843750059604645,0.39093801379203796,0.3646880090236664,0.3657810091972351,2595270400,QLD
2009-02-25,0.371306836605072,0.3799999952316284,0.3959380090236664,0.3685939908027649,0.3817189931869507,3262988800,QLD
2009-02-26,0.3511536121368408,0.359375,0.38984400033950806,0.3590629994869232,0.38468798995018005,2592627200,QLD
2009-02-27,0.3438252806663513,0.3518750071525574,0.36406299471855164,0.3487499952316284,0.3517189919948578,2482489600,QLD
2009-03-02,0.322145938873291,0.32968801259994507,0.3515630066394806,0.32515600323677063,0.34171900153160095,2789760000,QLD
2009-03-03,0.3215351402759552,0.3290629982948303,0.3425000011920929,0.3240630030632019,0.33515599370002747,2486412800,QLD
2009-03-04,0.33787062764167786,0.34578099846839905,0.3557809889316559,0.33656299114227295,0.338593989610672,2718470400,QLD
2009-03-05,0.31832829117774963,0.325780987739563,0.34421899914741516,0.32343798875808716,0.338593989610672,2543084800,QLD
2009-03-06,0.3134426176548004,0.32078099250793457,0.3334380090236664,0.3062500059604645,0.3292190134525299,2782803200,QLD
2009-03-09,0.29924389719963074,0.3062500059604645,0.33265599608421326,0.30406299233436584,0.31453099846839905,2662112000,QLD
2009-03-10,0.33573371171951294,0.3435940146446228,0.34531301259994507,0.3165630102157593,0.3190630078315735,2659622400,QLD
2009-03-11,0.34580981731414795,0.3539060056209564,0.36093801259994507,0.34312498569488525,0.3529689908027649,2692896000,QLD
2009-03-12,0.3691699802875519,0.3778130114078522,0.3803130090236664,0.34703099727630615,0.3545309901237488,2623270400,QLD
2009-03-13,0.37191757559776306,0.38062500953674316,0.3829689919948578,0.36906298995018005,0.3789060115814209,2145433600,QLD
2009-03-16,0.3583296537399292,0.36671900749206543,0.3865630030632019,0.36515599489212036,0.3842189908027649,2177203200,QLD
2009-03-17,0.38535305857658386,0.3943749964237213,0.3946880102157593,0.3684380054473877,0.37156298756599426,1769350400,QLD
2009-03-18,0.395124226808548,0.40437498688697815,0.41859400272369385,0.38843798637390137,0.39218801259994507,3108902400,QLD
2009-03-19,0.3949717879295349,0.40421900153160095,0.41718798875808716,0.3987500071525574,0.4170309901237488,2050752000,QLD
2009-03-20,0.3835209310054779,0.39250001311302185,0.4153130054473877,0.3867189884185791,0.40531298518180847,1976985600,QLD
2009-03-23,0.4287129342556,0.4387499988079071,0.4389060139656067,0.40406298637390137,0.41062501072883606,2146688000,QLD
2009-03-24,0.4135977029800415,0.4232810139656067,0.43781301379203796,0.421875,0.4314059913158417,1861984000,QLD
2009-03-25,0.41634634137153625,0.4260939955711365,0.4417189955711365,0.4037500023841858,0.42906299233436584,2333324800,QLD
2009-03-26,0.44245418906211853,0.4528129994869232,0.453125,0.4339059889316559,0.43812501430511475,2657696000,QLD
2009-03-27,0.42474380135536194,0.434688001871109,0.4453130066394806,0.43187499046325684,0.4423440098762512,1868876800,QLD
2009-03-30,0.4032158851623535,0.4126560091972351,0.4206250011920929,0.40171900391578674,0.42015600204467773,1966278400,QLD
2009-03-31,0.41237640380859375,0.4220309853553772,0.43828099966049194,0.41968798637390137,0.42109400033950806,1843731200,QLD
2009-04-01,0.423827201128006,0.4337500035762787,0.4359380006790161,0.40625,0.4101560115814209,1945958400,QLD
2009-04-02,0.4510039985179901,0.46156299114227295,0.4751560091972351,0.44609400629997253,0.4492189884185791,2867379200,QLD
2009-04-03,0.467492938041687,0.47843798995018005,0.479218989610672,0.46296900510787964,0.46953099966049194,1767468800,QLD
2009-04-06,0.46474432945251465,0.47562500834465027,0.47749999165534973,0.45750001072883606,0.46656298637390137,1833568000,QLD
2009-04-07,0.4392472803592682,0.4495309889316559,0.4650000035762787,0.44453099370002747,0.4650000035762787,1613017600,QLD
2009-04-08,0.45588958263397217,0.46656298637390137,0.471094012260437,0.4528129994869232,0.4593749940395355,1609676800,QLD
2009-04-09,0.48321783542633057,0.4945310056209564,0.49656298756599426,0.4801560044288635,0.4829689860343933,1943648000,QLD
2009-04-13,0.4819962680339813,0.4932810068130493,0.4984380006790161,0.48234400153160095,0.4898439943790436,1383603200,QLD
2009-04-14,0.4696298837661743,0.4806250035762787,0.49265599250793457,0.4748440086841583,0.4870310127735138,1497120000,QLD
2009-04-15,0.46901917457580566,0.47999998927116394,0.47999998927116394,0.4625000059604645,0.473906010389328,1583974400,QLD
2009-04-16,0.49222585558891296,0.5037500262260437,0.5085939764976501,0.482030987739563,0.4909380078315735,1849260800,QLD
2009-04-17,0.49253177642822266,0.5040630102157593,0.5106250047683716,0.4937500059604645,0.5006250143051147,1452729600,QLD
2009-04-20,0.4607751965522766,0.4715630114078522,0.49015599489212036,0.4671880006790161,0.48625001311302185,1469632000,QLD
2009-04-21,0.47405731678009033,0.48515599966049194,0.4870310127735138,0.4671880006790161,0.46796900033950806,1668038400,QLD
2009-04-22,0.4783320426940918,0.489531010389328,0.5106250047683716,0.4768750071525574,0.47999998927116394,2092883200,QLD
2009-04-23,0.4882567226886749,0.4996879994869232,0.4996879994869232,0.47984400391578674,0.49531298875808716,1472755200,QLD
2009-04-24,0.5044400691986084,0.5162500143051147,0.5226560235023499,0.497188001871109,0.5056250095367432,1593561600,QLD
2009-04-27,0.5048983097076416,0.5167189836502075,0.5268750190734863,0.505469024181366,0.5068749785423279,1499513600,QLD
2009-04-28,0.4978746771812439,0.5095310211181641,0.5224999785423279,0.505312979221344,0.5099999904632568,1285670400,QLD
2009-04-29,0.5111576914787292,0.5231249928474426,0.5371879935264587,0.515625,0.5170310139656067,1645292800,QLD
2009-04-30,0.5209288597106934,0.5331249833106995,0.5526559948921204,0.5260940194129944,0.536719024181366,1807251200,QLD
2009-05-01,0.5236774682998657,0.535938024520874,0.5412499904632568,0.5249999761581421,0.5337499976158142,1289958400,QLD
2009-05-04,0.5458154082298279,0.5585939884185791,0.5590630173683167,0.5410940051078796,0.5462499856948853,1297952000,QLD
2009-05-05,0.544135570526123,0.5568749904632568,0.5575000047683716,0.5440629720687866,0.5557810068130493,1117676800,QLD
2009-05-06,0.5439830422401428,0.5567190051078796,0.5664060115814209,0.5389059782028198,0.565625011920929,1682528000,QLD
2009-05-07,0.5180278420448303,0.5301560163497925,0.5645310282707214,0.5206249952316284,0.5635939836502075,1719552000,QLD
2009-05-08,0.5198598504066467,0.5320309996604919,0.546875,0.5207809805870056,0.5356249809265137,1620915200,QLD
2009-05-11,0.5230669379234314,0.5353130102157593,0.5460940003395081,0.5140630006790161,0.5168750286102295,1182342400,QLD
2009-05-12,0.5100886821746826,0.5220310091972351,0.5390629768371582,0.5090630054473877,0.5378130078315735,1319705600,QLD
2009-05-13,0.4818439483642578,0.49312499165534973,0.5134379863739014,0.4925000071525574,0.5129690170288086,1499219200,QLD
2009-05-14,0.49222585558891296,0.5037500262260437,0.5139060020446777,0.49562498927116394,0.4962500035762787,1184128000,QLD
2009-05-15,0.4911568760871887,0.5026559829711914,0.5174999833106995,0.4998440146446228,0.503125011920929,1045017600,QLD
2009-05-18,0.517264723777771,0.5293750166893005,0.5310940146446228,0.5048440098762512,0.5107809901237488,923884800,QLD
2009-05-19,0.5232192277908325,0.5354689955711365,0.5454689860343933,0.5214059948921204,0.5270310044288635,1040729600,QLD
2009-05-20,0.518944263458252,0.5310940146446228,0.5551559925079346,0.5284379720687866,0.5395309925079346,1440819200,QLD
2009-05-21,0.5000125169754028,0.5117189884185791,0.5301560163497925,0.5015630125999451,0.524062991142273,1177772800,QLD
2009-05-22,0.49619588255882263,0.5078129768371582,0.5215629935264587,0.5017189979553223,0.5159379839897156,789382400,QLD
2009-05-26,0.5340595245361328,0.5465630292892456,0.5473440289497375,0.4973439872264862,0.4975000023841858,1449804800,QLD
2009-05-27,0.5252037048339844,0.5375000238418579,0.5585939884185791,0.5350000262260437,0.5429689884185791,1290848000,QLD
2009-05-28,0.5394023656845093,0.5520309805870056,0.5548440217971802,0.5284379720687866,0.5459380149841309,1210444800,QLD
2009-05-29,0.551159143447876,0.5640630125999451,0.5651559829711914,0.5451560020446777,0.552344024181366,1094265600,QLD
2009-06-01,0.5844419002532959,0.5981249809265137,0.6007810235023499,0.572655975818634,0.5762500166893005,1440185600,QLD
2009-06-02,0.5844419002532959,0.5981249809265137,0.6101559996604919,0.588280975818634,0.5903130173683167,1315769600,QLD
2009-06-03,0.5829156041145325,0.5965629816055298,0.5965629816055298,0.5820310115814209,0.5942190289497375,1234854400,QLD
2009-06-04,0.594671368598938,0.6085940003395081,0.6095309853553772,0.5956249833106995,0.5976560115814209,1252921600,QLD
2009-06-05,0.5961976647377014,0.6101559996604919,0.6196879744529724,0.5976560115814209,0.6157810091972351,1269100800,QLD
2009-06-08,0.5916178822517395,0.6054689884185791,0.6150000095367432,0.5879690051078796,0.6018750071525574,1068640000,QLD
2009-06-09,0.6015415787696838,0.6156250238418579,0.6225000023841858,0.6059380173683167,0.6118749976158142,1092236800,QLD
2009-06-10,0.5968083739280701,0.6107810139656067,0.6232810020446777,0.5934380292892456,0.6228129863739014,1295692800,QLD
2009-06-11,0.5961976647377014,0.6101559996604919,0.6246880292892456,0.6087499856948853,0.6087499856948853,1083513600,QLD
2009-06-12,0.5919227004051208,0.6057810187339783,0.6073439717292786,0.5904690027236938,0.6057810187339783,968550400,QLD
2009-06-15,0.5664268136024475,0.5796880125999451,0.5945309996604919,0.5703129768371582,0.5939059853553772,1067923200,QLD
2009-06-16,0.5565019845962524,0.5695310235023499,0.5896880030632019,0.5682809948921204,0.5856249928474426,1090803200,QLD
2009-06-17,0.5658158659934998,0.5790629982948303,0.5903130173683167,0.5657809972763062,0.5728129744529724,1480448000,QLD
2009-06-18,0.5629146695137024,0.5760939717292786,0.5853130221366882,0.5698440074920654,0.5778130292892456,898086400,QLD
2009-06-19,0.5755870938301086,0.5890629887580872,0.5962499976158142,0.5820310115814209,0.5851560235023499,957408000,QLD
2009-06-22,0.5430664420127869,0.5557810068130493,0.5810940265655518,0.5526559948921204,0.578125,1129862400,QLD
2009-06-23,0.5400130152702332,0.5526559948921204,0.5604689717292786,0.5450000166893005,0.5589060187339783,1088000000,QLD
2009-06-24,0.5575710535049438,0.5706250071525574,0.5793750286102295,0.5609380006790161,0.5617190003395081,989632000,QLD
2009-06-25,0.5803194642066956,0.5939059853553772,0.5953130125999451,0.5609380006790161,0.5642189979553223,1075027200,QLD
2009-06-26,0.5824572443962097,0.596094012260437,0.5995309948921204,0.5854690074920654,0.5873439908027649,890060800,QLD
2009-06-29,0.5841370820999146,0.5978130102157593,0.6078130006790161,0.5876560211181641,0.5976560115814209,800243200,QLD
2009-06-30,0.5816940665245056,0.5953130125999451,0.6076560020446777,0.5870310068130493,0.6018750071525574,1058643200,QLD
2009-07-01,0.5826097726821899,0.5962499976158142,0.6110939979553223,0.596094012260437,0.6009380221366882,907660800,QLD
2009-07-02,0.5575710535049438,0.5706250071525574,0.586562991142273,0.567188024520874,0.586562991142273,689958400,QLD
2009-07-06,0.5523804426193237,0.5653129816055298,0.5684379935264587,0.5526559948921204,0.5637500286102295,716096000,QLD
2009-07-07,0.5247455835342407,0.5370309948921204,0.5667189955711365,0.5360940098762512,0.5645310282707214,1064294400,QLD
2009-07-08,0.5294787883758545,0.5418750047683716,0.5465630292892456,0.5293750166893005,0.5423439741134644,1116870400,QLD
2009-07-09,0.5305477380752563,0.5429689884185791,0.5510939955711365,0.5400000214576721,0.5448439717292786,738579200,QLD
2009-07-10,0.5358917117118835,0.5484380125999451,0.5548440217971802,0.5373439788818359,0.5398439764976501,918297600,QLD
2009-07-13,0.5557389259338379,0.5687500238418579,0.5693749785423279,0.5345309972763062,0.5496879816055298,700371200,QLD
2009-07-14,0.5597090125083923,0.5728129744529724,0.5756250023841858,0.5634379982948303,0.567188024520874,594323200,QLD
2009-07-15,0.5969619154930115,0.6109380125999451,0.6121879816055298,0.5870310068130493,0.5923439860343933,867648000,QLD
2009-07-16,0.6113128066062927,0.6256250143051147,0.6287500262260437,0.6056249737739563,0.6060940027236938,900710400,QLD
2009-07-17,0.6178780794143677,0.6323440074920654,0.633437991142273,0.6201559901237488,0.6260939836502075,669363200,QLD
2009-07-20,0.6299397349357605,0.6446880102157593,0.6481249928474426,0.6349999904632568,0.6392189860343933,854054400,QLD
2009-07-21,0.6397108435630798,0.6546880006790161,0.6546880006790161,0.6356250047683716,0.6503130197525024,904377600,QLD
2009-07-22,0.6488712430000305,0.6640629768371582,0.6715630292892456,0.6523439884185791,0.6554690003395081,907430400,QLD
2009-07-23,0.6781851649284363,0.6940630078315735,0.6992189884185791,0.6612499952316284,0.6626560091972351,1230208000,QLD
2009-07-24,0.6775744557380676,0.6934379935264587,0.6946880221366882,0.6740630269050598,0.6795309782028198,875334400,QLD
2009-07-27,0.6786424517631531,0.6945310235023499,0.6967189908027649,0.6776559948921204,0.6932809948921204,850739200,QLD
2009-07-28,0.6830708384513855,0.6990630030632019,0.7026559710502625,0.6795309782028198,0.6879690289497375,1101216000,QLD
2009-07-29,0.6775744557380676,0.6934379935264587,0.6967189908027649,0.6818749904632568,0.6926559805870056,737420800,QLD
2009-07-30,0.6853601932525635,0.7014060020446777,0.723438024520874,0.6998440027236938,0.7081249952316284,1027475200,QLD
2009-07-31,0.6806279420852661,0.6965630054473877,0.7117189764976501,0.6960939764976501,0.7018749713897705,804672000,QLD
2009-08-03,0.7012383937835693,0.7176560163497925,0.7192190289497375,0.7046880125999451,0.7129690051078796,821120000,QLD
2009-08-04,0.7007810473442078,0.7171880006790161,0.723438024520874,0.7087500095367432,0.7121880054473877,738816000,QLD
2009-08-05,0.6911623477935791,0.7073439955711365,0.721875011920929,0.697655975818634,0.7215629816055298,918073600,QLD
2009-08-06,0.6791008114814758,0.6949999928474426,0.7145310044288635,0.6899999976158142,0.7098439931869507,815564800,QLD
2009-08-07,0.6946741938591003,0.7109379768371582,0.7190629839897156,0.7023440003395081,0.7139059901237488,834496000,QLD
2009-08-10,0.6871921420097351,0.7032809853553772,0.7109379768371582,0.6932809948921204,0.7068750262260437,613286400,QLD
2009-08-11,0.6748257279396057,0.690625011920929,0.6989060044288635,0.6828129887580872,0.6957809925079346,802438400,QLD
2009-08-12,0.6955897808074951,0.7118750214576721,0.7239059805870056,0.6882809996604919,0.6890630125999451,865497600,QLD
2009-08-13,0.7026132345199585,0.7190629839897156,0.7220309972763062,0.7032809853553772,0.7198439836502075,734745600,QLD
2009-08-14,0.6865817308425903,0.7026559710502625,0.7151560187339783,0.6904690265655518,0.7129690051078796,659929600,QLD
2009-08-17,0.64658123254776,0.661719024181366,0.6804689764976501,0.6614059805870056,0.6804689764976501,836396800,QLD
2009-08-18,0.6647497415542603,0.680312991142273,0.6834380030632019,0.6667190194129944,0.6700000166893005,552870400,QLD
2009-08-19,0.6740627288818359,0.689844012260437,0.6935939788818359,0.6637499928474426,0.6656249761581421,616915200,QLD
2009-08-20,0.6903990507125854,0.7065629959106445,0.7092189788818359,0.6870309710502625,0.6895310282707214,541452800,QLD
2009-08-21,0.7074988484382629,0.724062979221344,0.7279689908027649,0.706250011920929,0.7153130173683167,713913600,QLD
2009-08-24,0.7064297795295715,0.7229689955711365,0.7353129982948303,0.71875,0.7278130054473877,703827200,QLD
2009-08-25,0.7111630439758301,0.7278130054473877,0.7418749928474426,0.7239059805870056,0.7278130054473877,714003200,QLD
2009-08-26,0.7093311548233032,0.7259380221366882,0.7365630269050598,0.7178130149841309,0.7254689931869507,665760000,QLD
2009-08-27,0.7122310996055603,0.728905975818634,0.7314059734344482,0.7029690146446228,0.7259380221366882,697203200,QLD
2009-08-28,0.7139107584953308,0.7306249737739563,0.7537500262260437,0.7207810282707214,0.7462499737739563,834809600,QLD
2009-08-31,0.6987956762313843,0.7151560187339783,0.721875011920929,0.7071880102157593,0.7198439836502075,605267200,QLD
2009-09-01,0.6728413701057434,0.6885939836502075,0.7357810139656067,0.6850000023841858,0.7101560235023499,1140915200,QLD
2009-09-02,0.6714674234390259,0.6871880292892456,0.6954690217971802,0.6806250214576721,0.6825000047683716,685971200,QLD
2009-09-03,0.6806279420852661,0.6965630054473877,0.6989060044288635,0.6800000071525574,0.6942189931869507,508556800,QLD
2009-09-04,0.7093311548233032,0.7259380221366882,0.7276560068130493,0.6973440051078796,0.6990630030632019,589465600,QLD
2009-09-08,0.7235294580459595,0.7404689788818359,0.7417190074920654,0.7304689884185791,0.7378129959106445,450502400,QLD
2009-09-09,0.7355909943580627,0.7528129816055298,0.7603129744529724,0.7351559996604919,0.7406250238418579,695750400,QLD
2009-09-10,0.749331533908844,0.7668750286102295,0.768750011920929,0.7498440146446228,0.7539060115814209,523660800,QLD
2009-09-11,0.7505530118942261,0.7681249976158142,0.7721880078315735,0.7576559782028198,0.7689059972763062,577024000,QLD
2009-09-14,0.7565073370933533,0.7742189764976501,0.7754690051078796,0.7573440074920654,0.7579690217971802,530265600,QLD
2009-09-15,0.7615456581115723,0.7793750166893005,0.7848439812660217,0.7707809805870056,0.7739059925079346,651955200,QLD
2009-09-16,0.7838366627693176,0.802187979221344,0.8045309782028198,0.7807809710502625,0.7857810258865356,640851200,QLD
2009-09-17,0.7832258939743042,0.801563024520874,0.8114060163497925,0.794530987739563,0.7985939979553223,708736000,QLD
2009-09-18,0.7870424389839172,0.8054689764976501,0.8109380006790161,0.7962499856948853,0.8092190027236938,465196800,QLD
2009-09-21,0.7904008030891418,0.8089060187339783,0.8140630125999451,0.793749988079071,0.7965630292892456,515968000,QLD
2009-09-22,0.793760359287262,0.8123440146446228,0.8192189931869507,0.8065630197525024,0.8187500238418579,544307200,QLD
2009-09-23,0.7855152487754822,0.8039060235023499,0.8323439955711365,0.8020309805870056,0.8190630078315735,875520000,QLD
2009-09-24,0.7720799446105957,0.7901560068130493,0.8139060139656067,0.7792189717292786,0.8110939860343933,662336000,QLD
2009-09-25,0.7586444020271301,0.7764059901237488,0.7906249761581421,0.7723439931869507,0.7793750166893005,590489600,QLD
2009-09-28,0.7842939496040344,0.8026559948921204,0.8118749856948853,0.7832810282707214,0.7848439812660217,446092800,QLD
2009-09-29,0.7777295708656311,0.7959380149841309,0.8109380006790161,0.7885940074920654,0.802344024181366,533849600,QLD
2009-09-30,0.7781867980957031,0.7964059710502625,0.8098440170288086,0.7723439931869507,0.8020309805870056,874406400,QLD
2009-10-01,0.7328426241874695,0.75,0.7921879887580872,0.75,0.7910940051078796,764659200,QLD
2009-10-02,0.7278044819831848,0.7448440194129944,0.7582809925079346,0.7392190098762512,0.739687979221344,680972800,QLD
2009-10-05,0.7398659586906433,0.7571880221366882,0.7640630006790161,0.7434380054473877,0.7528129816055298,556038400,QLD
2009-10-06,0.7655157446861267,0.7834380269050598,0.7909380197525024,0.7648440003395081,0.7649999856948853,782726400,QLD
2009-10-07,0.7699427604675293,0.7879689931869507,0.7889059782028198,0.7779690027236938,0.7818750143051147,514700800,QLD
2009-10-08,0.7769654393196106,0.7951560020446777,0.8092190027236938,0.7917190194129944,0.7976559996604919,578201600,QLD
2009-10-09,0.7849045395851135,0.8032810091972351,0.8067190051078796,0.7885940074920654,0.791405975818634,382720000,QLD
2009-10-12,0.7887224555015564,0.8071879744529724,0.8189060091972351,0.796875,0.8107810020446777,377670400,QLD
2009-10-13,0.7885687947273254,0.807030975818634,0.8140630125999451,0.800000011920929,0.8059380054473877,437312000,QLD
2009-10-14,0.810249388217926,0.8292189836502075,0.8317189812660217,0.8184379935264587,0.8274999856948853,567334400,QLD
2009-10-15,0.8073482513427734,0.8262500166893005,0.8284379839897156,0.8185939788818359,0.8203129768371582,500947200,QLD
2009-10-16,0.7969661951065063,0.815625011920929,0.8229690194129944,0.8040630221366882,0.8204690217971802,632384000,QLD
2009-10-19,0.8116230964660645,0.8306249976158142,0.8331249952316284,0.8081250190734863,0.8167189955711365,553945600,QLD
2009-10-20,0.8125395178794861,0.8315629959106445,0.8409379720687866,0.8214060068130493,0.8404690027236938,606630400,QLD
2009-10-21,0.8093326091766357,0.8282809853553772,0.8543750047683716,0.8256250023841858,0.8309379816055298,752947200,QLD
2009-10-22,0.8165087699890137,0.8356249928474426,0.8418750166893005,0.8153129816055298,0.825780987739563,638124800,QLD
2009-10-23,0.8099433779716492,0.8289059996604919,0.8514059782028198,0.8239060044288635,0.8500000238418579,797702400,QLD
2009-10-26,0.8041422963142395,0.8229690194129944,0.8523439764976501,0.8153129816055298,0.8293750286102295,875782400,QLD
2009-10-27,0.7803248167037964,0.7985939979553223,0.8273440003395081,0.7920309901237488,0.820937991142273,1075820800,QLD
2009-10-28,0.7447515726089478,0.7621880173683167,0.7967190146446228,0.7589060068130493,0.7921879887580872,975084800,QLD
2009-10-29,0.7693321704864502,0.7873439788818359,0.7912499904632568,0.7676560282707214,0.7721880078315735,686060800,QLD
2009-10-30,0.728262722492218,0.7453129887580872,0.7900000214576721,0.7440630197525024,0.786562979221344,1137433600,QLD
2009-11-02,0.734063982963562,0.7512500286102295,0.7674999833106995,0.7339059710502625,0.7470309734344482,1087539200,QLD
2009-11-03,0.7391019463539124,0.7564060091972351,0.758437991142273,0.7409380078315735,0.7457810044288635,779769600,QLD
2009-11-04,0.741544783115387,0.7589060068130493,0.7784379720687866,0.7570310235023499,0.7646880149841309,772992000,QLD
2009-11-05,0.7774236798286438,0.7956249713897705,0.7981250286102295,0.7751560211181641,0.7760940194129944,564224000,QLD
2009-11-06,0.7870424389839172,0.8054689764976501,0.8073440194129944,0.7860940098762512,0.7890629768371582,545548800,QLD
2009-11-09,0.8207836747169495,0.8399999737739563,0.8399999737739563,0.8162500262260437,0.8173440098762512,539545600,QLD
2009-11-10,0.82337886095047,0.8426560163497925,0.8495309948921204,0.8357809782028198,0.8379690051078796,562867200,QLD
2009-11-11,0.8346773386001587,0.8542190194129944,0.8642190098762512,0.8440629839897156,0.856249988079071,626726400,QLD
2009-11-12,0.8259751200675964,0.8453130125999451,0.8653129935264587,0.841405987739563,0.8559380173683167,650150400,QLD
2009-11-13,0.8398677706718445,0.8595309853553772,0.8637499809265137,0.8446879982948303,0.8500000238418579,488224000,QLD
2009-11-16,0.8569673895835876,0.8770310282707214,0.8843749761581421,0.8637499809265137,0.8667190074920654,540908800,QLD
2009-11-17,0.8615481853485107,0.8817189931869507,0.8820310235023499,0.8681250214576721,0.8720309734344482,521804800,QLD
2009-11-18,0.8526926040649414,0.872655987739563,0.878125011920929,0.8606250286102295,0.8768749833106995,541766400,QLD
2009-11-19,0.8252109885215759,0.8445309996604919,0.8610939979553223,0.832813024520874,0.8607810139656067,722201600,QLD
2009-11-20,0.818035900592804,0.8371880054473877,0.8404690027236938,0.8299999833106995,0.8354690074920654,402931200,QLD
2009-11-23,0.8427689671516418,0.862500011920929,0.8717190027236938,0.852187991142273,0.852187991142273,552499200,QLD
2009-11-24,0.8374249339103699,0.857030987739563,0.8631250262260437,0.8470309972763062,0.862500011920929,463801600,QLD
2009-11-25,0.844448447227478,0.8642190098762512,0.8659380078315735,0.8578130006790161,0.8626559972763062,264486400,QLD
2009-11-27,0.8192572593688965,0.8384379744529724,0.8506249785423279,0.814844012260437,0.817969024181366,394336000,QLD
2009-11-30,0.820172905921936,0.8393750190734863,0.8424999713897705,0.8232809901237488,0.8342189788818359,459718400,QLD
2009-12-01,0.837578296661377,0.8571879863739014,0.8685939908027649,0.852187991142273,0.8526560068130493,465657600,QLD
2009-12-02,0.8404785990715027,0.8601559996604919,0.8759379982948303,0.8565629720687866,0.8629689812660217,475456000,QLD
2009-12-03,0.8336083292961121,0.8531249761581421,0.8764060139656067,0.852187991142273,0.8668749928474426,494963200,QLD
2009-12-04,0.8418533802032471,0.8615630269050598,0.885155975818634,0.84375,0.8745309710502625,768160000,QLD
2009-12-07,0.8336083292961121,0.8531249761581421,0.8679689764976501,0.8498439788818359,0.8600000143051147,384108800,QLD
2009-12-08,0.82337886095047,0.8426560163497925,0.8567190170288086,0.8289059996604919,0.8443750143051147,519616000,QLD
2009-12-09,0.8398677706718445,0.8595309853553772,0.8614060282707214,0.8306249976158142,0.841405987739563,546700800,QLD
2009-12-10,0.8484176993370056,0.8682810068130493,0.8778129816055298,0.8662499785423279,0.8662499785423279,416896000,QLD
2009-12-11,0.8423104882240295,0.8620309829711914,0.8795310258865356,0.8550000190734863,0.877344012260437,403827200,QLD
2009-12-14,0.8577314615249634,0.8778129816055298,0.8799999952316284,0.864063024520874,0.8734380006790161,308512000,QLD
2009-12-15,0.8487234115600586,0.8685939908027649,0.8826559782028198,0.8631250262260437,0.872655987739563,294547200,QLD
2009-12-16,0.8510138392448425,0.8709380030632019,0.8837500214576721,0.8676559925079346,0.875,326617600,QLD
2009-12-17,0.8305549025535583,0.8500000238418579,0.8645309805870056,0.8471879959106445,0.8632810115814209,382662400,QLD
2009-12-18,0.8565101623535156,0.8765630125999451,0.877344012260437,0.859375,0.864844024181366,371008000,QLD
2009-12-21,0.8763574957847595,0.8968750238418579,0.903124988079071,0.8853129744529724,0.8853129744529724,373286400,QLD
2009-12-22,0.8867392539978027,0.9075000286102295,0.9112499952316284,0.8998439908027649,0.9018750190734863,303424000,QLD
2009-12-23,0.8992594480514526,0.9203130006790161,0.9209380149841309,0.9064059853553772,0.9112499952316284,303033600,QLD
2009-12-24,0.9157484173774719,0.9371880292892456,0.9375,0.9225000143051147,0.9234380125999451,163264000,QLD
2009-12-28,0.9249087572097778,0.9465630054473877,0.9503129720687866,0.9357810020446777,0.9415630102157593,257932800,QLD
2009-12-29,0.9177327156066895,0.9392189979553223,0.9487500190734863,0.9381250143051147,0.9470310211181641,185433600,QLD
2009-12-30,0.9230766296386719,0.9446880221366882,0.9484379887580872,0.9367190003395081,0.9375,328441600,QLD
2009-12-31,0.908113956451416,0.9293749928474426,0.9493749737739563,0.9251559972763062,0.9484379887580872,245497600,QLD
2010-01-04,0.932389497756958,0.9542189836502075,0.9570310115814209,0.9485939741134644,0.9504690170288086,328230400,QLD
2010-01-05,0.9330003261566162,0.9548439979553223,0.9582809805870056,0.9445310235023499,0.9540629982948303,325196800,QLD
2010-01-06,0.9227707982063293,0.9443749785423279,0.9603130221366882,0.940625011920929,0.9539059996604919,440864000,QLD
2010-01-07,0.9229233264923096,0.9445310235023499,0.9482809901237488,0.9342190027236938,0.9456250071525574,328576000,QLD
2010-01-08,0.9378857612609863,0.9598439931869507,0.9601560235023499,0.9350000023841858,0.9393749833106995,322451200,QLD
2010-01-11,0.9310159087181091,0.9528130292892456,0.9640629887580872,0.9424999952316284,0.9626560211181641,412710400,QLD
2010-01-12,0.9078092575073242,0.9290630221366882,0.9432809948921204,0.9182810187339783,0.9404690265655518,566784000,QLD
2010-01-13,0.9294886589050293,0.9512500166893005,0.9570310115814209,0.9214059710502625,0.934374988079071,566483200,QLD
2010-01-14,0.9307100176811218,0.9524999856948853,0.9582809805870056,0.9460939764976501,0.9471880197525024,367180800,QLD
2010-01-15,0.909946084022522,0.9312499761581421,0.9595310091972351,0.9231250286102295,0.9556249976158142,603424000,QLD
2010-01-19,0.9384967088699341,0.9604690074920654,0.9624999761581421,0.9345309734344482,0.9348440170288086,341350400,QLD
2010-01-20,0.9122364521026611,0.9335939884185791,0.9479690194129944,0.9131249785423279,0.9473440051078796,603532800,QLD
2010-01-21,0.8943735957145691,0.9153130054473877,0.950780987739563,0.9081249833106995,0.9385939836502075,999916800,QLD
2010-01-22,0.8429213762283325,0.8626559972763062,0.9151560068130493,0.8575000166893005,0.9096879959106445,964006400,QLD
2010-01-25,0.8478068113327026,0.8676559925079346,0.8790630102157593,0.8604689836502075,0.8712499737739563,584448000,QLD
2010-01-26,0.8496389985084534,0.869530975818634,0.8904690146446228,0.8578130006790161,0.8668749928474426,503206400,QLD
2010-01-27,0.8623113036155701,0.8824999928474426,0.8885939717292786,0.8557810187339783,0.8668749928474426,632224000,QLD
2010-01-28,0.8192572593688965,0.8384379744529724,0.8728129863739014,0.8285940289497375,0.8712499737739563,932531200,QLD
2010-01-29,0.7899435758590698,0.8084380030632019,0.8556249737739563,0.802187979221344,0.8503130078315735,986380800,QLD
2010-02-01,0.8064326643943787,0.8253129720687866,0.8267189860343933,0.8118749856948853,0.8128129839897156,573958400,QLD
2010-02-02,0.8212419152259827,0.8404690027236938,0.8456249833106995,0.817188024520874,0.8282809853553772,474022400,QLD
2010-02-03,0.8307074308395386,0.8501560091972351,0.8532810211181641,0.8317189812660217,0.8329690098762512,507424000,QLD
2010-02-04,0.7835307121276855,0.8018749952316284,0.8410940170288086,0.8010939955711365,0.8379690051078796,839059200,QLD
2010-02-05,0.7946759462356567,0.8132809996604919,0.8154690265655518,0.7820309996604919,0.8059380054473877,1072064000,QLD
2010-02-08,0.7845996022224426,0.8029689788818359,0.8218749761581421,0.8014060258865356,0.8125,682425600,QLD
2010-02-09,0.8007828593254089,0.8195310235023499,0.8339059948921204,0.8059380054473877,0.8214060068130493,816217600,QLD
2010-02-10,0.7974244952201843,0.8160939812660217,0.8268749713897705,0.8054689764976501,0.8195310235023499,485977600,QLD
2010-02-11,0.8207836747169495,0.8399999737739563,0.8445309996604919,0.8059380054473877,0.8159379959106445,557747200,QLD
2010-02-12,0.8247538208961487,0.8440629839897156,0.8481249809265137,0.8217189908027649,0.8251559734344482,661081600,QLD
2010-02-16,0.8455174565315247,0.8653129935264587,0.8664060235023499,0.8470309972763062,0.8553130030632019,337004800,QLD
2010-02-17,0.8545246720314026,0.8745309710502625,0.8748440146446228,0.8628129959106445,0.8725000023841858,354073600,QLD
2010-02-18,0.8655174374580383,0.8857809901237488,0.8890630006790161,0.8703129887580872,0.8735939860343933,313619200,QLD
2010-02-19,0.8644492030143738,0.8846880197525024,0.893750011920929,0.8767189979553223,0.8829690217971802,400153600,QLD
2010-02-22,0.8607851266860962,0.8809379935264587,0.8928130269050598,0.875,0.8926560282707214,348697600,QLD
2010-02-23,0.8389521837234497,0.8585940003395081,0.8814060091972351,0.8504689931869507,0.879688024520874,473395200,QLD
2010-02-24,0.8554410934448242,0.8754690289497375,0.8829690217971802,0.864687979221344,0.8673440217971802,398432000,QLD
2010-02-25,0.857273280620575,0.877344012260437,0.8793749809265137,0.8454689979553223,0.857030987739563,528851200,QLD
2010-02-26,0.8623113036155701,0.8824999928474426,0.8856250047683716,0.8675000071525574,0.8753129839897156,403936000,QLD
2010-03-01,0.8865869641304016,0.9073439836502075,0.9107810258865356,0.8890630006790161,0.8890630006790161,348070400,QLD
2010-03-02,0.8919308185577393,0.9128130078315735,0.9248440265655518,0.9092190265655518,0.9132810235023499,506035200,QLD
2010-03-03,0.8940679430961609,0.9150000214576721,0.9237499833106995,0.9082810282707214,0.9175000190734863,345363200,QLD
2010-03-04,0.8997166156768799,0.9207810163497925,0.9231250286102295,0.9070309996604919,0.9167190194129944,292128000,QLD
2010-03-05,0.9262825846672058,0.9479690194129944,0.9515630006790161,0.9309380054473877,0.9356250166893005,413708800,QLD
2010-03-08,0.9305574893951416,0.9523440003395081,0.9567189812660217,0.9489060044288635,0.9496880173683167,282956800,QLD
2010-03-09,0.9432300329208374,0.9653130173683167,0.973438024520874,0.9467189908027649,0.9467189908027649,471680000,QLD
2010-03-10,0.9560546278953552,0.9784380197525024,0.9829689860343933,0.9634379744529724,0.9635940194129944,436076800,QLD
2010-03-11,0.9629247784614563,0.9854689836502075,0.9857810139656067,0.9706249833106995,0.9745309948921204,371385600,QLD
2010-03-12,0.9642987251281738,0.9868749976158142,0.9925000071525574,0.9784380197525024,0.9925000071525574,391430400,QLD
2010-03-15,0.9603296518325806,0.9828130006790161,0.9868749976158142,0.9679690003395081,0.9818750023841858,318368000,QLD
2010-03-16,0.9720852971076965,0.9948440194129944,0.9967190027236938,0.981249988079071,0.9871879816055298,357785600,QLD
2010-03-17,0.9755972027778625,0.9984380006790161,1.0087499618530273,0.9931250214576721,0.9962499737739563,386912000,QLD
2010-03-18,0.9824672341346741,1.0054689645767212,1.0078129768371582,0.9962499737739563,1.0010939836502075,339347200,QLD
2010-03-19,0.9711688160896301,0.9939060211181641,1.0129690170288086,0.9865630269050598,0.9939060211181641,445228800,QLD
2010-03-22,0.9885740876197815,1.011718988418579,1.019531011581421,0.9837499856948853,0.9859380125999451,368710400,QLD
2010-03-23,1.0027729272842407,1.0262500047683716,1.0271879434585571,1.0053130388259888,1.015625,371296000,QLD
2010-03-24,0.9931541681289673,1.0164060592651367,1.0220309495925903,1.0112500190734863,1.021875023841858,317388800,QLD
2010-03-25,0.9888793230056763,1.0120309591293335,1.0401560068130493,1.010938048362732,1.0323439836502075,499904000,QLD
2010-03-26,0.9923909306526184,1.015625,1.0285940170288086,1.003906011581421,1.0207810401916504,408416000,QLD
2010-03-29,1.0012463331222534,1.0246880054473877,1.0317189693450928,1.0192190408706665,1.024999976158142,274681600,QLD
2010-03-30,1.00765860080719,1.03125,1.0378129482269287,1.0175000429153442,1.0296880006790161,277843200,QLD
2010-03-31,0.9991087913513184,1.0225000381469727,1.0331250429153442,1.0173439979553223,1.024219036102295,349491200,QLD
2010-04-01,0.9981931447982788,1.0215630531311035,1.0440629720687866,1.0054689645767212,1.0292190313339233,415923200,QLD
2010-04-05,1.0159035921096802,1.039687991142273,1.0446879863739014,1.0204689502716064,1.0253130197525024,266483200,QLD
2010-04-06,1.0215519666671753,1.045469045639038,1.0521880388259888,1.0307810306549072,1.034999966621399,311129600,QLD
2010-04-07,1.0177357196807861,1.0415630340576172,1.0512499809265137,1.029844045639038,1.0435940027236938,550726400,QLD
2010-04-08,1.0206358432769775,1.044530987739563,1.0487500429153442,1.024062991142273,1.0353130102157593,359904000,QLD
2010-04-09,1.0333082675933838,1.0575000047683716,1.058593988418579,1.0410939455032349,1.046875,287219200,QLD
2010-04-12,1.034834861755371,1.0590629577636719,1.0651559829711914,1.0543750524520874,1.0592190027236938,269728000,QLD
2010-04-13,1.045521855354309,1.0700000524520874,1.0715630054473877,1.050781011581421,1.0571880340576172,307072000,QLD
2010-04-14,1.0707132816314697,1.0957809686660767,1.096094012260437,1.078281044960022,1.080625057220459,381024000,QLD
2010-04-15,1.0800269842147827,1.1053129434585571,1.1081249713897705,1.0940630435943604,1.0943750143051147,393657600,QLD
2010-04-16,1.0545302629470825,1.0792189836502075,1.1050000190734863,1.064687967300415,1.097656011581421,999302400,QLD
2010-04-19,1.052698016166687,1.0773439407348633,1.084375023841858,1.0514060258865356,1.0714060068130493,598419200,QLD
2010-04-20,1.0636906623840332,1.0885939598083496,1.093593955039978,1.0745309591293335,1.0889060497283936,424723200,QLD
2010-04-21,1.0755985975265503,1.100780963897705,1.1076560020446777,1.0873440504074097,1.102344036102295,548140800,QLD
2010-04-22,1.0868974924087524,1.1123440265655518,1.1146880388259888,1.0670310258865356,1.0796879529953003,721132800,QLD
2010-04-23,1.0962101221084595,1.1218750476837158,1.1240630149841309,1.1035939455032349,1.1124999523162842,537888000,QLD
2010-04-26,1.0908663272857666,1.116405963897705,1.1279690265655518,1.1126559972763062,1.122655987739563,439411200,QLD
2010-04-27,1.0459800958633423,1.0704690217971802,1.1176559925079346,1.0640629529953003,1.1085939407348633,973030400,QLD
2010-04-28,1.0468957424163818,1.0714060068130493,1.0821880102157593,1.0540629625320435,1.0812499523162842,747993600,QLD
2010-04-29,1.08216392993927,1.1074999570846558,1.1121879816055298,1.0814059972763062,1.0814059972763062,405158400,QLD
2010-04-30,1.041247010231018,1.0656249523162842,1.1109379529953003,1.062656044960022,1.1065629720687866,484979200,QLD
2010-05-03,1.0691869258880615,1.0942189693450928,1.1045310497283936,1.0726560354232788,1.0728130340576172,361849600,QLD
2010-05-04,1.0046050548553467,1.0281250476837158,1.0674999952316284,1.013280987739563,1.066406011581421,715129600,QLD
2010-05-05,0.9948335886001587,1.018125057220459,1.031093955039978,0.9950000047683716,1.0087499618530273,731417600,QLD
2010-05-06,0.929030179977417,0.950780987739563,1.0237499475479126,0.7521880269050598,1.0059380531311035,1123078400,QLD
2010-05-07,0.8842966556549072,0.9049999713897705,0.9589059948921204,0.8642190098762512,0.9353129863739014,1490803200,QLD
2010-05-10,0.9725434184074402,0.9953129887580872,0.997655987739563,0.9778130054473877,0.9817190170288086,589920000,QLD
2010-05-11,0.9714745879173279,0.9942190051078796,1.021875023841858,0.9725000262260437,0.9773439764976501,573747200,QLD
2010-05-12,1.00765860080719,1.03125,1.0331250429153442,1.0012500286102295,1.0042190551757812,476441600,QLD
2010-05-13,0.9762076139450073,0.9990630149841309,1.0390629768371582,0.9942190051078796,1.0231250524520874,530073600,QLD
2010-05-14,0.9395655989646912,0.961562991142273,0.9851559996604919,0.9378129839897156,0.984375,768224000,QLD
2010-05-17,0.9453667998313904,0.9674999713897705,0.9745309948921204,0.9254689812660217,0.9654690027236938,538035200,QLD
2010-05-18,0.9192589521408081,0.9407809972763062,0.9870309829711914,0.9315630197525024,0.9826560020446777,705484800,QLD
2010-05-19,0.9030759930610657,0.924219012260437,0.9481250047683716,0.9042189717292786,0.9331250190734863,779827200,QLD
2010-05-20,0.8378833532333374,0.8575000166893005,0.8934379816055298,0.8523439764976501,0.8892189860343933,1186252800,QLD
2010-05-21,0.8551353216171265,0.8751559853553772,0.8873440027236938,0.8228129744529724,0.8289059996604919,1011052800,QLD
2010-05-24,0.8473497033119202,0.8671879768371582,0.893750011920929,0.8671879768371582,0.8739060163497925,668179200,QLD
2010-05-25,0.849334180355072,0.8692190051078796,0.8717190027236938,0.8125,0.8299999833106995,869248000,QLD
2010-05-26,0.8287227153778076,0.8481249809265137,0.9029690027236938,0.846875011920929,0.8807809948921204,659609600,QLD
2010-05-27,0.8937629461288452,0.914687991142273,0.9148439764976501,0.8842189908027649,0.8879690170288086,600940800,QLD
2010-05-28,0.882311999797821,0.9029690027236938,0.9185940027236938,0.887499988079071,0.9170309901237488,505446400,QLD
2010-06-01,0.8653648495674133,0.8856250047683716,0.9290630221366882,0.8843749761581421,0.8976560235023499,613779200,QLD
2010-06-02,0.9078092575073242,0.9290630221366882,0.9296879768371582,0.8848440051078796,0.8970310091972351,454592000,QLD
2010-06-03,0.9238398671150208,0.9454690217971802,0.9498440027236938,0.921875,0.9337499737739563,489971200,QLD
2010-06-04,0.8630743622779846,0.8832809925079346,0.9301559925079346,0.875,0.9067190289497375,932800000,QLD
2010-06-07,0.8308605551719666,0.8503130078315735,0.8956249952316284,0.8471879959106445,0.8909379839897156,568774400,QLD
2010-06-08,0.8273489475250244,0.8467190265655518,0.8573439717292786,0.8232809901237488,0.8529689908027649,793881600,QLD
2010-06-09,0.8126920461654663,0.8317189812660217,0.8737499713897705,0.8267189860343933,0.8576560020446777,502067200,QLD
2010-06-10,0.8589528799057007,0.8790630102157593,0.8809379935264587,0.8476560115814209,0.8529689908027649,377747200,QLD
2010-06-11,0.8749836087226868,0.8954690098762512,0.8976560235023499,0.8618749976158142,0.8623440265655518,392499200,QLD
2010-06-14,0.875136137008667,0.8956249952316284,0.925000011920929,0.892969012260437,0.9125000238418579,416998400,QLD
2010-06-15,0.9217017889022827,0.9432809948921204,0.945937991142273,0.9034379720687866,0.9048439860343933,344870400,QLD
2010-06-16,0.9305574893951416,0.9523440003395081,0.9606249928474426,0.9350000023841858,0.9382809996604919,455020800,QLD
2010-06-17,0.9359014630317688,0.957813024520874,0.9628130197525024,0.9409379959106445,0.9617189764976501,422809600,QLD
2010-06-18,0.9384967088699341,0.9604690074920654,0.9726560115814209,0.9534379839897156,0.9620310068130493,312044800,QLD
2010-06-21,0.9249087572097778,0.9465630054473877,0.9865630269050598,0.9315630197525024,0.9832810163497925,515155200,QLD
2010-06-22,0.9067401885986328,0.9279689788818359,0.9645310044288635,0.9245309829711914,0.9506250023841858,460352000,QLD
2010-06-23,0.9003273248672485,0.9214059710502625,0.9370309710502625,0.9057809710502625,0.9301559925079346,485587200,QLD
2010-06-24,0.8722350597381592,0.8926560282707214,0.9181249737739563,0.8862500190734863,0.9121879935264587,555456000,QLD
2010-06-25,0.8687242269515991,0.8890630006790161,0.9046880006790161,0.8765630125999451,0.8982809782028198,475219200,QLD
2010-06-28,0.8633803725242615,0.8835939764976501,0.8999999761581421,0.8710939884185791,0.8899999856948853,369177600,QLD
2010-06-29,0.7968138456344604,0.8154690265655518,0.8571879863739014,0.8029689788818359,0.856249988079071,779296000,QLD
2010-06-30,0.7725381255149841,0.7906249761581421,0.825780987739563,0.786719024181366,0.8100000023841858,528710400,QLD
2010-07-01,0.7679585218429565,0.785938024520874,0.7987499833106995,0.755312979221344,0.7943750023841858,787232000,QLD
2010-07-02,0.7635300755500793,0.7814059853553772,0.7960940003395081,0.7668750286102295,0.7881249785423279,488972800,QLD
2010-07-06,0.7675002217292786,0.7854689955711365,0.8137500286102295,0.7724999785423279,0.8037499785423279,528659200,QLD
2010-07-07,0.8162038922309875,0.8353130221366882,0.8373439908027649,0.7892190217971802,0.7907810211181641,507372800,QLD
2010-07-08,0.8247538208961487,0.8440629839897156,0.8517190217971802,0.824999988079071,0.8487499952316284,404166400,QLD
2010-07-09,0.8412425518035889,0.8609380125999451,0.8610939979553223,0.8403130173683167,0.8443750143051147,346713600,QLD
2010-07-12,0.8458223342895508,0.8656250238418579,0.8765630125999451,0.8545309901237488,0.8595309853553772,376147200,QLD
2010-07-13,0.8665862083435059,0.8868749737739563,0.8949999809265137,0.8679689764976501,0.880469024181366,490700800,QLD
2010-07-14,0.876663327217102,0.8971880078315735,0.9070309996604919,0.8843749761581421,0.8917189836502075,426745600,QLD
2010-07-15,0.8788002729415894,0.8993750214576721,0.903905987739563,0.8746880292892456,0.8931249976158142,472128000,QLD
2010-07-16,0.8304022550582886,0.8498439788818359,0.8946880102157593,0.8475000262260437,0.8918750286102295,554016000,QLD
2010-07-19,0.8438377976417542,0.8635939955711365,0.8668749928474426,0.8398439884185791,0.8545309901237488,374937600,QLD
2010-07-20,0.8632279634475708,0.883437991142273,0.8842189908027649,0.8301560282707214,0.8348439931869507,453990400,QLD
2010-07-21,0.8407841920852661,0.8604689836502075,0.9037500023841858,0.857030987739563,0.9035940170288086,551955200,QLD
2010-07-22,0.882922887802124,0.9035940170288086,0.911719024181366,0.8831250071525574,0.8845310211181641,441241600,QLD
2010-07-23,0.8942202925682068,0.9151560068130493,0.916405975818634,0.888280987739563,0.8920310139656067,457235200,QLD
2010-07-26,0.908113956451416,0.9293749928474426,0.9309380054473877,0.9090629816055298,0.9182810187339783,417894400,QLD
2010-07-27,0.9075032472610474,0.9287499785423279,0.9412500262260437,0.9210940003395081,0.9396880269050598,385216000,QLD
2010-07-28,0.8936094641685486,0.9145309925079346,0.9357810020446777,0.9078130125999451,0.927344024181366,337273600,QLD
2010-07-29,0.8801741003990173,0.900780975818634,0.9285939931869507,0.8828129768371582,0.924219012260437,471974400,QLD
2010-07-30,0.884602427482605,0.9053130149841309,0.9160940051078796,0.8757809996604919,0.887499988079071,494995200,QLD
2010-08-02,0.9169695973396301,0.9384379982948303,0.9434379935264587,0.9206249713897705,0.9275000095367432,276499200,QLD
2010-08-03,0.9097937345504761,0.9310939908027649,0.9399999976158142,0.921875,0.9368749856948853,295987200,QLD
2010-08-04,0.9282671809196472,0.949999988079071,0.9515630006790161,0.9317190051078796,0.9395310282707214,324870400,QLD
2010-08-05,0.9238398671150208,0.9454690217971802,0.9485939741134644,0.9328129887580872,0.9407809972763062,214611200,QLD
2010-08-06,0.9207863211631775,0.9423440098762512,0.945937991142273,0.9135940074920654,0.924219012260437,395404800,QLD
2010-08-09,0.932542085647583,0.9543750286102295,0.9593750238418579,0.9434379935264587,0.9518749713897705,227161600,QLD
2010-08-10,0.9180376529693604,0.9395310282707214,0.9493749737739563,0.9226559996604919,0.9401559829711914,435065600,QLD
2010-08-11,0.8671969175338745,0.887499988079071,0.9079689979553223,0.8795310258865356,0.9079689979553223,441561600,QLD
2010-08-12,0.8525400757789612,0.8725000023841858,0.880469024181366,0.8496879935264587,0.8540629744529724,439008000,QLD
2010-08-13,0.8406320810317993,0.8603129982948303,0.8735939860343933,0.8603129982948303,0.8668749928474426,275264000,QLD
2010-08-16,0.8438377976417542,0.8635939955711365,0.8754690289497375,0.8443750143051147,0.8512499928474426,314867200,QLD
2010-08-17,0.8652122616767883,0.8854690194129944,0.9012500047683716,0.872655987739563,0.8757809996604919,326419200,QLD
2010-08-18,0.8716241717338562,0.8920310139656067,0.903124988079071,0.8753129839897156,0.8828129768371582,334668800,QLD
2010-08-19,0.8455174565315247,0.8653129935264587,0.8889060020446777,0.8535940051078796,0.8821880221366882,435212800,QLD
2010-08-20,0.847654402256012,0.8675000071525574,0.8717190027236938,0.8531249761581421,0.8626559972763062,342144000,QLD
2010-08-23,0.831013023853302,0.8504689931869507,0.8839060068130493,0.8503130078315735,0.8801559805870056,343635200,QLD
2010-08-24,0.8009362816810608,0.8196880221366882,0.8370310068130493,0.8120309710502625,0.8326560258865356,515264000,QLD
2010-08-25,0.8151347041130066,0.8342189788818359,0.8418750166893005,0.8048440217971802,0.8076559901237488,487040000,QLD
2010-08-26,0.796355664730072,0.8149999976158142,0.8442190289497375,0.8129690289497375,0.8410940170288086,465657600,QLD
2010-08-27,0.8163561224937439,0.8354690074920654,0.8379690051078796,0.7932810187339783,0.8268749713897705,565452800,QLD
2010-08-30,0.7986458539962769,0.8173440098762512,0.8412500023841858,0.8168749809265137,0.8270310163497925,343564800,QLD
2010-08-31,0.7942185401916504,0.8128129839897156,0.825780987739563,0.8012499809265137,0.8085939884185791,620857600,QLD
2010-09-01,0.8397153615951538,0.859375,0.8653129935264587,0.8342189788818359,0.8349999785423279,467296000,QLD
2010-09-02,0.8592578172683716,0.8793749809265137,0.879688024520874,0.8584380149841309,0.8626559972763062,312345600,QLD
2010-09-03,0.8885714411735535,0.909375011920929,0.909375011920929,0.8904690146446228,0.8973439931869507,395308800,QLD
2010-09-07,0.8754420280456543,0.895937979221344,0.9087499976158142,0.892969012260437,0.900780975818634,337491200,QLD
2010-09-08,0.8962056636810303,0.9171879887580872,0.9251559972763062,0.9006249904632568,0.9012500047683716,337536000,QLD
2010-09-09,0.9029235243797302,0.9240630269050598,0.9353129863739014,0.9203130006790161,0.9339060187339783,295078400,QLD
2010-09-10,0.9094879031181335,0.9307810068130493,0.9337499737739563,0.9176560044288635,0.9268749952316284,242131200,QLD
2010-09-13,0.9355956315994263,0.9574999809265137,0.9617189764976501,0.9451559782028198,0.9460939764976501,272281600,QLD
2010-09-14,0.9430764317512512,0.9651560187339783,0.9750000238418579,0.9503129720687866,0.9546880125999451,358387200,QLD
2010-09-15,0.9551379680633545,0.9775000214576721,0.9792190194129944,0.9545310139656067,0.9604690074920654,304512000,QLD
2010-09-16,0.9624664783477783,0.9850000143051147,0.9865630269050598,0.96875,0.9746879935264587,286163200,QLD
2010-09-17,0.9687258005142212,0.9914060235023499,0.9981250166893005,0.9821879863739014,0.9978129863739014,450144000,QLD
2010-09-20,1.002468228340149,1.0259380340576172,1.0303130149841309,0.9970309734344482,0.9992190003395081,360742400,QLD
2010-09-21,1.0001776218414307,1.0235940217971802,1.040624976158142,1.0175000429153442,1.0268750190734863,645292800,QLD
2010-09-22,0.9968183040618896,1.0201560258865356,1.0343749523162842,1.009374976158142,1.0175000429153442,479168000,QLD
2010-09-23,0.9960547685623169,1.019374966621399,1.0401560068130493,1.0053130388259888,1.0076559782028198,544032000,QLD
2010-09-24,1.0362091064453125,1.0604690313339233,1.0621880292892456,1.039844036102295,1.043125033378601,392294400,QLD
2010-09-27,1.0255212783813477,1.0495309829711914,1.064844012260437,1.0481250286102295,1.0604690313339233,381331200,QLD
2010-09-28,1.0270485877990723,1.0510940551757812,1.0559380054473877,1.015781044960022,1.0548440217971802,636076800,QLD
2010-09-29,1.0210936069488525,1.0449999570846558,1.055312991142273,1.0378129482269287,1.045469045639038,341593600,QLD
2010-09-30,1.0120856761932373,1.0357810258865356,1.068750023841858,1.0223439931869507,1.0567189455032349,517926400,QLD
2010-10-01,1.009948968887329,1.033594012260437,1.055469036102295,1.0239059925079346,1.0528130531311035,369107200,QLD
2010-10-04,0.987811267375946,1.010938048362732,1.0346879959106445,0.9993749856948853,1.027343988418579,388454400,QLD
2010-10-05,1.035292625427246,1.0595309734344482,1.063905954360962,1.0325000286102295,1.0340629816055298,366233600,QLD
2010-10-06,1.018803596496582,1.0426559448242188,1.0620310306549072,1.0284379720687866,1.0573439598083496,479635200,QLD
2010-10-07,1.0244536399841309,1.0484379529953003,1.0549999475479126,1.0320310592651367,1.0542190074920654,370163200,QLD
2010-10-08,1.0369724035263062,1.0612499713897705,1.068750023841858,1.0357810258865356,1.050624966621399,446214400,QLD
2010-10-11,1.0400255918502808,1.0643750429153442,1.0750000476837158,1.0581250190734863,1.0645309686660767,250835200,QLD
2010-10-12,1.0552934408187866,1.0800000429153442,1.0834380388259888,1.042968988418579,1.0612499713897705,415667200,QLD
2010-10-13,1.0716297626495361,1.0967190265655518,1.1065629720687866,1.0860940217971802,1.091405987739563,349728000,QLD
2010-10-14,1.0675077438354492,1.0924999713897705,1.1017190217971802,1.0814059972763062,1.097656011581421,357203200,QLD
2010-10-15,1.1125470399856567,1.1385940313339233,1.1385940313339233,1.1015629768371582,1.1195310354232788,483948800,QLD
2010-10-18,1.1093411445617676,1.1353130340576172,1.1484379768371582,1.131250023841858,1.1399999856948853,383520000,QLD
2010-10-19,1.0829272270202637,1.1082810163497925,1.127344012260437,1.091405987739563,1.1082810163497925,562809600,QLD
2010-10-20,1.09880530834198,1.1245310306549072,1.1414060592651367,1.1112500429153442,1.115468978881836,411257600,QLD
2010-10-21,1.103234052658081,1.1290630102157593,1.1481250524520874,1.1074999570846558,1.1390630006790161,427968000,QLD
2010-10-22,1.1185014247894287,1.1446880102157593,1.1470309495925903,1.1260939836502075,1.1301560401916504,251724800,QLD
2010-10-25,1.1276615858078003,1.1540629863739014,1.1706249713897705,1.1534379720687866,1.1534379720687866,336550400,QLD
2010-10-26,1.1343796253204346,1.160938024520874,1.1670310497283936,1.1346880197525024,1.1432809829711914,317593600,QLD
2010-10-27,1.1424710750579834,1.1692190170288086,1.1706249713897705,1.1457810401916504,1.150156021118164,347468800,QLD
2010-10-28,1.1468985080718994,1.1737500429153442,1.180312991142273,1.153905987739563,1.1787500381469727,349484800,QLD
2010-10-29,1.1430819034576416,1.1698440313339233,1.1821880340576172,1.167968988418579,1.1725000143051147,281113600,QLD
2010-11-01,1.1433868408203125,1.1701560020446777,1.1940629482269287,1.1596879959106445,1.1775000095367432,355564800,QLD
2010-11-02,1.1673574447631836,1.1946879625320435,1.201719045639038,1.186094045639038,1.190000057220459,269388800,QLD
2010-11-03,1.1788074970245361,1.2064059972763062,1.207031011581421,1.1760940551757812,1.1978130340576172,482003200,QLD
2010-11-04,1.206594705581665,1.2348439693450928,1.2445310354232788,1.228124976158142,1.2334380149841309,448454400,QLD
2010-11-05,1.206899642944336,1.2351560592651367,1.2420309782028198,1.2285939455032349,1.236562967300415,332531200,QLD
2010-11-08,1.2099531888961792,1.238281011581421,1.2420309782028198,1.2253129482269287,1.2312500476837158,171699200,QLD
2010-11-09,1.1946855783462524,1.222656011581421,1.2526559829711914,1.2143750190734863,1.2481249570846558,302252800,QLD
2010-11-10,1.190868854522705,1.21875,1.2400000095367432,1.209218978881836,1.2287499904632568,310252800,QLD
2010-11-11,1.193769931793213,1.2217190265655518,1.2260940074920654,1.1890629529953003,1.2000000476837158,301350400,QLD
2010-11-12,1.1536163091659546,1.1806249618530273,1.2192189693450928,1.1637500524520874,1.2096879482269287,396966400,QLD
2010-11-15,1.1464401483535767,1.173280954360962,1.1985939741134644,1.1721880435943604,1.1939059495925903,227020800,QLD
2010-11-16,1.1079659461975098,1.1339060068130493,1.1696879863739014,1.1245310306549072,1.1553130149841309,441824000,QLD
2010-11-17,1.1140729188919067,1.1401560306549072,1.1526559591293335,1.1298439502716064,1.1354689598083496,332787200,QLD
2010-11-18,1.1497997045516968,1.1767189502716064,1.1931250095367432,1.1643749475479126,1.1654690504074097,310598400,QLD
2010-11-19,1.1514793634414673,1.1784379482269287,1.1846879720687866,1.1645309925079346,1.1739059686660767,284230400,QLD
2010-11-22,1.1716325283050537,1.1990629434585571,1.1990629434585571,1.165624976158142,1.1696879863739014,387603200,QLD
2010-11-23,1.1349903345108032,1.1615630388259888,1.177968978881836,1.1475000381469727,1.1748440265655518,390035200,QLD
2010-11-24,1.1797245740890503,1.2073440551757812,1.2134380340576172,1.1825000047683716,1.183750033378601,253817600,QLD
2010-11-26,1.1638457775115967,1.1910940408706665,1.2076560258865356,1.1870310306549072,1.1931250095367432,118848000,QLD
2010-11-29,1.1633870601654053,1.1906249523162842,1.1971880197525024,1.1610939502716064,1.1879689693450928,345734400,QLD
2010-11-30,1.133462905883789,1.159999966621399,1.1754690408706665,1.151563048362732,1.1649999618530273,450963200,QLD
2010-12-01,1.1815564632415771,1.209218978881836,1.2217190265655518,1.1942189931869507,1.1957809925079346,319737600,QLD
2010-12-02,1.2064425945281982,1.2346880435943604,1.238124966621399,1.2112499475479126,1.2134380340576172,276473600,QLD
2010-12-03,1.2119388580322266,1.2403130531311035,1.243749976158142,1.2240630388259888,1.2240630388259888,241017600,QLD
2010-12-06,1.2108696699142456,1.2392189502716064,1.2445310354232788,1.2323440313339233,1.240625023841858,209593600,QLD
2010-12-07,1.2133127450942993,1.2417190074920654,1.2698440551757812,1.2384380102157593,1.2689059972763062,341574400,QLD
2010-12-08,1.2227779626846313,1.251405954360962,1.2534379959106445,1.231874942779541,1.2479690313339233,271334400,QLD
2010-12-09,1.2238471508026123,1.252500057220459,1.2671879529953003,1.2445310354232788,1.2651560306549072,268787200,QLD
2010-12-10,1.240183711051941,1.2692190408706665,1.271718978881836,1.2510939836502075,1.2596880197525024,274688000,QLD
2010-12-13,1.231938362121582,1.2607810497283936,1.2803130149841309,1.2589060068130493,1.2793749570846558,296960000,QLD
2010-12-14,1.234534502029419,1.2634379863739014,1.274999976158142,1.257030963897705,1.2660939693450928,254560000,QLD
2010-12-15,1.2249163389205933,1.2535940408706665,1.2790629863739014,1.247499942779541,1.2637499570846558,233241600,QLD
2010-12-16,1.2423206567764282,1.2714060544967651,1.276563048362732,1.2495310306549072,1.2556250095367432,231820800,QLD
2010-12-17,1.2461382150650024,1.2753130197525024,1.282655954360962,1.2704689502716064,1.2759380340576172,209881600,QLD
2010-12-20,1.248733639717102,1.2779690027236938,1.2865630388259888,1.2589060068130493,1.2792190313339233,289990400,QLD
2010-12-21,1.261862874031067,1.2914060354232788,1.2920310497283936,1.2804689407348633,1.287343978881836,141920000,QLD
2010-12-22,1.2630841732025146,1.2926559448242188,1.2957810163497925,1.287500023841858,1.2910939455032349,129344000,QLD
2010-12-23,1.2563667297363281,1.2857810258865356,1.2914060354232788,1.2795310020446777,1.2870310544967651,136089600,QLD
2010-12-27,1.2565197944641113,1.285938024520874,1.290781021118164,1.2604689598083496,1.2804689407348633,159072000,QLD
2010-12-28,1.252855658531189,1.282188057899475,1.2940629720687866,1.2760939598083496,1.2915630340576172,108262400,QLD
2010-12-29,1.2578935623168945,1.287343978881836,1.2923439741134644,1.2848440408706665,1.2890629768371582,81356800,QLD
2010-12-30,1.2514808177947998,1.2807810306549072,1.2878129482269287,1.276563048362732,1.2878129482269287,109811200,QLD
2010-12-31,1.243237018585205,1.2723439931869507,1.2792190313339233,1.2603130340576172,1.2781250476837158,111283200,QLD
2011-01-03,1.2814054489135742,1.3114060163497925,1.329063057899475,1.2953130006790161,1.2956249713897705,231584000,QLD
2011-01-04,1.2791162729263306,1.3090629577636719,1.3228130340576172,1.2932809591293335,1.3217190504074097,282304000,QLD
2011-01-05,1.3014060258865356,1.331874966621399,1.3323440551757812,1.3003129959106445,1.3021880388259888,259660800,QLD
2011-01-06,1.3093453645706177,1.340000033378601,1.342344045639038,1.329063057899475,1.3345309495925903,214099200,QLD
2011-01-07,1.3076657056808472,1.3382810354232788,1.345937967300415,1.3120310306549072,1.344688057899475,232908800,QLD
2011-01-10,1.3163689374923706,1.3471879959106445,1.352187991142273,1.324218988418579,1.3309379816055298,214297600,QLD
2011-01-11,1.3198797702789307,1.350780963897705,1.3612500429153442,1.3417190313339233,1.3589060306549072,201600000,QLD
2011-01-12,1.3385062217712402,1.3698439598083496,1.3709379434585571,1.3534380197525024,1.3642189502716064,180627200,QLD
2011-01-13,1.3415602445602417,1.3729690313339233,1.378906011581421,1.3639060258865356,1.3721879720687866,200313600,QLD
2011-01-14,1.3607960939407349,1.3926559686660767,1.3932809829711914,1.3659379482269287,1.372499942779541,199692800,QLD
2011-01-18,1.3681252002716064,1.400156021118164,1.4034379720687866,1.3673440217971802,1.368906021118164,229184000,QLD
2011-01-19,1.337437391281128,1.368749976158142,1.4053130149841309,1.3587499856948853,1.403905987739563,280384000,QLD
2011-01-20,1.3165212869644165,1.3473440408706665,1.3609379529953003,1.327968955039978,1.3567190170288086,308268800,QLD
2011-01-21,1.296826720237732,1.3271880149841309,1.3665629625320435,1.3264060020446777,1.3621879816055298,219827200,QLD
2011-01-24,1.3333152532577515,1.3645310401916504,1.3650000095367432,1.328125,1.3314059972763062,240300800,QLD
2011-01-25,1.336215853691101,1.3674999475479126,1.3692189455032349,1.3454689979553223,1.3514059782028198,267814400,QLD
2011-01-26,1.3517897129058838,1.383437991142273,1.3903130292892456,1.3643749952316284,1.3734380006790161,258854400,QLD
2011-01-27,1.3679730892181396,1.399999976158142,1.4078129529953003,1.3873440027236938,1.391563057899475,253420800,QLD
2011-01-28,1.298505187034607,1.3289060592651367,1.401563048362732,1.316406011581421,1.3984379768371582,471219200,QLD
2011-01-31,1.3114830255508423,1.3421880006790161,1.3492189645767212,1.312656044960022,1.3324999809265137,261798400,QLD
2011-02-01,1.359728455543518,1.391563057899475,1.3982809782028198,1.3590630292892456,1.3610939979553223,277062400,QLD
2011-02-02,1.355453610420227,1.3871879577636719,1.397655963897705,1.3817189931869507,1.3854689598083496,237203200,QLD
2011-02-03,1.3594229221343994,1.3912500143051147,1.3959380388259888,1.360313057899475,1.3823440074920654,224467200,QLD
2011-02-04,1.3759117126464844,1.4081250429153442,1.4095309972763062,1.3848439455032349,1.393125057220459,207417600,QLD
2011-02-07,1.3891950845718384,1.421718955039978,1.4364060163497925,1.4090629816055298,1.413280963897705,230598400,QLD
2011-02-08,1.4088897705078125,1.4418749809265137,1.4418749809265137,1.4167189598083496,1.4212499856948853,187001600,QLD
2011-02-09,1.40263032913208,1.4354690313339233,1.4440629482269287,1.425781011581421,1.4343750476837158,212659200,QLD
2011-02-10,1.4076684713363647,1.4406249523162842,1.4429689645767212,1.4129689931869507,1.417968988418579,349913600,QLD
2011-02-11,1.4267524480819702,1.460155963897705,1.4614059925079346,1.4267189502716064,1.4309380054473877,282272000,QLD
2011-02-14,1.4336235523223877,1.4671880006790161,1.4706250429153442,1.457031011581421,1.4596879482269287,137292800,QLD
2011-02-15,1.4301115274429321,1.4635939598083496,1.4659379720687866,1.449375033378601,1.4612499475479126,176262400,QLD
2011-02-16,1.4490437507629395,1.482969045639038,1.4898439645767212,1.4693750143051147,1.469688057899475,256160000,QLD
2011-02-17,1.447822093963623,1.4817190170288086,1.486562967300415,1.4651559591293335,1.467344045639038,205248000,QLD
2011-02-18,1.4418680667877197,1.4756250381469727,1.4860939979553223,1.4631249904632568,1.4814059734344482,169043200,QLD
2011-02-22,1.3565216064453125,1.388280987739563,1.443750023841858,1.3842190504074097,1.436094045639038,346508800,QLD
2011-02-23,1.3345365524291992,1.3657809495925903,1.3978129625320435,1.3443750143051147,1.386875033378601,460089600,QLD
2011-02-24,1.3475145101547241,1.3790630102157593,1.388124942779541,1.3453129529953003,1.3717190027236938,402124800,QLD
2011-02-25,1.3858352899551392,1.4182809591293335,1.4221880435943604,1.392969012260437,1.3949999809265137,247705600,QLD
2011-02-28,1.3928587436676025,1.4254690408706665,1.4381250143051147,1.4078129529953003,1.4298440217971802,274624000,QLD
2011-03-01,1.3484302759170532,1.3799999952316284,1.4368749856948853,1.371250033378601,1.434999942779541,545312000,QLD
2011-03-02,1.3615607023239136,1.3934379816055298,1.4110939502716064,1.3756250143051147,1.377344012260437,486470400,QLD
2011-03-03,1.4149967432022095,1.4481250047683716,1.4524999856948853,1.4190629720687866,1.4190629720687866,271564800,QLD
2011-03-04,1.3994243144989014,1.4321880340576172,1.4479689598083496,1.4145309925079346,1.4474999904632568,289286400,QLD
2011-03-07,1.3632397651672363,1.3951560258865356,1.446874976158142,1.368906021118164,1.4443750381469727,308518400,QLD
2011-03-08,1.3734689950942993,1.4056249856948853,1.417968988418579,1.3737499713897705,1.3898439407348633,315264000,QLD
2011-03-09,1.3542323112487793,1.385938048362732,1.3982809782028198,1.3714059591293335,1.3949999809265137,336588800,QLD
2011-03-10,1.313315510749817,1.3440630435943604,1.3612500429153442,1.332031011581421,1.3550000190734863,515859200,QLD
2011-03-11,1.3282771110534668,1.359375,1.3676559925079346,1.3265630006790161,1.328125,324524800,QLD
2011-03-14,1.3186583518981934,1.3495310544967651,1.3648439645767212,1.329530954360962,1.345155954360962,322336000,QLD
2011-03-15,1.2827805280685425,1.3128130435943604,1.3274999856948853,1.2628129720687866,1.2707810401916504,474329600,QLD
2011-03-16,1.220945954322815,1.2495310306549072,1.3045309782028198,1.2303129434585571,1.2899999618530273,709523200,QLD
2011-03-17,1.2421679496765137,1.2712500095367432,1.2981250286102295,1.269531011581421,1.287500023841858,315584000,QLD
2011-03-18,1.237129807472229,1.2660939693450928,1.300781011581421,1.2637499570846558,1.300781011581421,273683200,QLD
2011-03-21,1.282474160194397,1.3125,1.3270310163497925,1.299375057220459,1.303905963897705,217376000,QLD
2011-03-22,1.280948281288147,1.3109380006790161,1.3190629482269287,1.3032809495925903,1.317188024520874,159833600,QLD
2011-03-23,1.293772578239441,1.3240629434585571,1.3312499523162842,1.2823439836502075,1.2996879816055298,208262400,QLD
2011-03-24,1.3427809476852417,1.3742189407348633,1.3765629529953003,1.3293750286102295,1.3429689407348633,195564800,QLD
2011-03-25,1.3461400270462036,1.3776559829711914,1.3959380388259888,1.3739060163497925,1.3795310258865356,219187200,QLD
2011-03-28,1.3301093578338623,1.3612500429153442,1.3901560306549072,1.3612500429153442,1.3893749713897705,147897600,QLD
2011-03-29,1.3562167882919312,1.3879690170288086,1.3879690170288086,1.3481249809265137,1.3564059734344482,122169600,QLD
2011-03-30,1.3695000410079956,1.401563048362732,1.4059380292892456,1.3889060020446777,1.4007810354232788,169632000,QLD
2011-03-31,1.3736212253570557,1.4057810306549072,1.408437967300415,1.3925000429153442,1.3970309495925903,144960000,QLD
2011-04-01,1.374690294265747,1.4068750143051147,1.428905963897705,1.399062991142273,1.4207810163497925,171475200,QLD
2011-04-04,1.3664464950561523,1.3984379768371582,1.4176559448242188,1.385938048362732,1.4145309925079346,168844800,QLD
2011-04-05,1.358048915863037,1.3898439407348633,1.408594012260437,1.3849999904632568,1.3923439979553223,168787200,QLD
2011-04-06,1.364614486694336,1.3965630531311035,1.4203130006790161,1.3809380531311035,1.4114060401916504,207411200,QLD
2011-04-07,1.3640037775039673,1.3959380388259888,1.4137500524520874,1.3754689693450928,1.3959380388259888,231155200,QLD
2011-04-08,1.350720763206482,1.3823440074920654,1.4118750095367432,1.3671879768371582,1.4082809686660767,157676800,QLD
2011-04-11,1.3417125940322876,1.3731249570846558,1.3987499475479126,1.3634380102157593,1.3925000429153442,182732800,QLD
2011-04-12,1.3238496780395508,1.3548439741134644,1.3673440217971802,1.3434380292892456,1.3609379529953003,247161600,QLD
2011-04-13,1.3456827402114868,1.377187967300415,1.3837499618530273,1.3553129434585571,1.3729690313339233,251180800,QLD
2011-04-14,1.3398805856704712,1.371250033378601,1.375156044960022,1.346250057220459,1.3574999570846558,211500800,QLD
2011-04-15,1.3356051445007324,1.3668750524520874,1.377344012260437,1.3489060401916504,1.3609379529953003,192992000,QLD
2011-04-18,1.3163689374923706,1.3471879959106445,1.3482810258865356,1.302968978881836,1.3401559591293335,336262400,QLD
2011-04-19,1.3330100774765015,1.3642189502716064,1.3642189502716064,1.3407809734344482,1.3545310497283936,183955200,QLD
2011-04-20,1.3924009799957275,1.4249999523162842,1.4282809495925903,1.408750057220459,1.4120310544967651,226995200,QLD
2011-04-21,1.4145387411117554,1.4476560354232788,1.4550000429153442,1.439844012260437,1.4550000429153442,168262400,QLD
2011-04-25,1.4226309061050415,1.4559379816055298,1.4574999809265137,1.4456249475479126,1.4510940313339233,126009600,QLD
2011-04-26,1.437592625617981,1.471250057220459,1.4823440313339233,1.456874966621399,1.4632810354232788,147200000,QLD
2011-04-27,1.4577460289001465,1.4918750524520874,1.4954689741134644,1.4642189741134644,1.477344036102295,159257600,QLD
2011-04-28,1.4540815353393555,1.488124966621399,1.4918750524520874,1.4746880531311035,1.4834380149841309,193920000,QLD
2011-04-29,1.4528602361679077,1.486875057220459,1.4950000047683716,1.4795310497283936,1.4824999570846558,131334400,QLD
2011-05-02,1.4466007947921753,1.480468988418579,1.4984380006790161,1.4723440408706665,1.490468978881836,219321600,QLD
2011-05-03,1.4316377639770508,1.4651559591293335,1.4809379577636719,1.4478130340576172,1.4785939455032349,240217600,QLD
2011-05-04,1.4285845756530762,1.4620310068130493,1.474843978881836,1.4364060163497925,1.4671880006790161,283552000,QLD
2011-05-05,1.4113327264785767,1.4443750381469727,1.4795310497283936,1.4353129863739014,1.447031021118164,299654400,QLD
2011-05-06,1.4223251342773438,1.455625057220459,1.4910939931869507,1.447031021118164,1.4745310544967651,284672000,QLD
2011-05-09,1.4325543642044067,1.4660940170288086,1.4765629768371582,1.4481250047683716,1.4589060544967651,155622400,QLD
2011-05-10,1.456066608428955,1.4901560544967651,1.4943749904632568,1.4695310592651367,1.4742189645767212,228844800,QLD
2011-05-11,1.4346915483474731,1.4682810306549072,1.4965629577636719,1.4481250047683716,1.4859379529953003,284064000,QLD
2011-05-12,1.4508757591247559,1.4848439693450928,1.4893749952316284,1.442188024520874,1.4573440551757812,236800000,QLD
2011-05-13,1.4172872304916382,1.4504690170288086,1.4835939407348633,1.4496879577636719,1.4785939455032349,263264000,QLD
2011-05-16,1.3679730892181396,1.399999976158142,1.4456249475479126,1.3937499523162842,1.4378130435943604,279456000,QLD
2011-05-17,1.3749959468841553,1.407188057899475,1.4089059829711914,1.3804689645767212,1.385938048362732,345625600,QLD
2011-05-18,1.3992708921432495,1.4320310354232788,1.436094045639038,1.4006249904632568,1.4043749570846558,196480000,QLD
2011-05-19,1.4069050550460815,1.439844012260437,1.446094036102295,1.4226560592651367,1.4409379959106445,259456000,QLD
2011-05-20,1.385530710220337,1.417968988418579,1.439687967300415,1.4142190217971802,1.436094045639038,274259200,QLD
2011-05-23,1.3459874391555786,1.377500057220459,1.3875000476837158,1.363281011581421,1.3803130388259888,307392000,QLD
2011-05-24,1.3287354707717896,1.3598439693450928,1.383437991142273,1.359218955039978,1.3829690217971802,289401600,QLD
2011-05-25,1.3386591672897339,1.3700000047683716,1.382030963897705,1.3542189598083496,1.3551559448242188,205920000,QLD
2011-05-26,1.3557589054107666,1.3875000476837158,1.3942190408706665,1.3609379529953003,1.3614059686660767,232396800,QLD
2011-05-27,1.369041919708252,1.4010939598083496,1.4032809734344482,1.3887499570846558,1.3917189836502075,130086400,QLD
2011-05-31,1.4114850759506226,1.444530963897705,1.4450000524520874,1.412343978881836,1.4267189502716064,182912000,QLD
2011-06-01,1.350720763206482,1.3823440074920654,1.4457809925079346,1.381250023841858,1.438905954360962,361216000,QLD
2011-06-02,1.3571321964263916,1.3889060020446777,1.3987499475479126,1.373594045639038,1.3878129720687866,296288000,QLD
2011-06-03,1.3168259859085083,1.347656011581421,1.3778129816055298,1.3432810306549072,1.3571879863739014,244384000,QLD
2011-06-06,1.2939252853393555,1.324218988418579,1.3553129434585571,1.3240629434585571,1.3415629863739014,275699200,QLD
2011-06-07,1.2902610301971436,1.3204690217971802,1.3421880006790161,1.318593978881836,1.3321880102157593,183795200,QLD
2011-06-08,1.2707189321517944,1.3004690408706665,1.318593978881836,1.2937500476837158,1.314844012260437,291296000,QLD
2011-06-09,1.2743830680847168,1.3042190074920654,1.3176560401916504,1.2932809591293335,1.3003129959106445,167129600,QLD
2011-06-10,1.2368243932724,1.265781044960022,1.2987500429153442,1.263124942779541,1.2934379577636719,212140800,QLD
2011-06-13,1.2349920272827148,1.2639060020446777,1.2785940170288086,1.256250023841858,1.2687499523162842,286105600,QLD
2011-06-14,1.265985369682312,1.2956249713897705,1.303905963897705,1.283750057220459,1.2840629816055298,162387200,QLD
2011-06-15,1.221556544303894,1.250156044960022,1.2889059782028198,1.243906021118164,1.2735940217971802,301126400,QLD
2011-06-16,1.2111749649047852,1.2395310401916504,1.258594036102295,1.2174999713897705,1.2506250143051147,307782400,QLD
2011-06-17,1.2029305696487427,1.2310940027236938,1.2651560306549072,1.2242189645767212,1.2615629434585571,244172800,QLD
2011-06-20,1.2146861553192139,1.2431249618530273,1.2517189979553223,1.2243750095367432,1.2251559495925903,181664000,QLD
2011-06-21,1.2664436101913452,1.2960939407348633,1.2996879816055298,1.2423440217971802,1.2531249523162842,245536000,QLD
2011-06-22,1.249496340751648,1.278749942779541,1.3009380102157593,1.277500033378601,1.2862499952316284,193638400,QLD
2011-06-23,1.2727031707763672,1.3025000095367432,1.3032809495925903,1.2426559925079346,1.251405954360962,350662400,QLD
2011-06-24,1.2282743453979492,1.257030963897705,1.2920310497283936,1.252187967300415,1.2889059782028198,237824000,QLD
2011-06-27,1.2681233882904053,1.297813057899475,1.3095309734344482,1.2545310258865356,1.2592190504074097,214291200,QLD
2011-06-28,1.3047653436660767,1.3353129625320435,1.3360940217971802,1.299219012260437,1.3032809495925903,187424000,QLD
2011-06-29,1.3162157535552979,1.3470309972763062,1.3518749475479126,1.3274999856948853,1.3428130149841309,217228800,QLD
2011-06-30,1.3501099348068237,1.3817189931869507,1.3840630054473877,1.354688048362732,1.3564059734344482,181779200,QLD
2011-07-01,1.3914854526519775,1.424062967300415,1.4271880388259888,1.3760939836502075,1.384531021118164,223680000,QLD
2011-07-05,1.4046144485473633,1.4375,1.4404690265655518,1.4201560020446777,1.4260940551757812,235436800,QLD
2011-07-06,1.4127063751220703,1.4457809925079346,1.4518749713897705,1.4253129959106445,1.4353129863739014,225888000,QLD
2011-07-07,1.453471064567566,1.4874999523162842,1.4948439598083496,1.464843988418579,1.4684380292892456,203776000,QLD
2011-07-08,1.4444630146026611,1.478281021118164,1.4785939455032349,1.4454690217971802,1.461719036102295,202688000,QLD
2011-07-11,1.3937746286392212,1.4264060258865356,1.4621880054473877,1.414844036102295,1.4473439455032349,306022400,QLD
2011-07-12,1.3705676794052124,1.4026559591293335,1.4306249618530273,1.4007810354232788,1.4249999523162842,287379200,QLD
2011-07-13,1.3824766874313354,1.414844036102295,1.4434380531311035,1.4049999713897705,1.4235939979553223,294278400,QLD
2011-07-14,1.350720763206482,1.3823440074920654,1.4357810020446777,1.3718750476837158,1.4231250286102295,309606400,QLD
2011-07-15,1.3862940073013306,1.4187500476837158,1.4189059734344482,1.393125057220459,1.4129689931869507,222656000,QLD
2011-07-18,1.3719428777694702,1.4040629863739014,1.4159380197525024,1.3765629529953003,1.4043749570846558,257024000,QLD
2011-07-19,1.4346915483474731,1.4682810306549072,1.4706250429153442,1.430469036102295,1.4321880340576172,157337600,QLD
2011-07-20,1.421256422996521,1.454530954360962,1.4850000143051147,1.4504690170288086,1.4835939407348633,195539200,QLD
2011-07-21,1.4420198202133179,1.475780963897705,1.4907809495925903,1.4424999952316284,1.4581249952316284,167936000,QLD
2011-07-22,1.4707235097885132,1.5051560401916504,1.509374976158142,1.471250057220459,1.4735939502716064,166470400,QLD
2011-07-25,1.465685248374939,1.5,1.5153130292892456,1.4754689931869507,1.4815629720687866,201280000,QLD
2011-07-26,1.4708765745162964,1.5053130388259888,1.5168750286102295,1.4909379482269287,1.4965629577636719,184896000,QLD
2011-07-27,1.396523118019104,1.4292190074920654,1.4889060258865356,1.4215630292892456,1.486719012260437,263609600,QLD
2011-07-28,1.4009506702423096,1.433750033378601,1.4698439836502075,1.4190629720687866,1.4292190074920654,285440000,QLD
2011-07-29,1.3910268545150757,1.4235939979553223,1.4537500143051147,1.3965630531311035,1.4104690551757812,242419200,QLD
2011-08-01,1.380949854850769,1.413280963897705,1.4642189741134644,1.3765629529953003,1.456874966621399,297760000,QLD
2011-08-02,1.3096508979797363,1.3403129577636719,1.4103130102157593,1.3370310068130493,1.3984379768371582,391955200,QLD
2011-08-03,1.3328578472137451,1.364063024520874,1.3682810068130493,1.2960939407348633,1.3442189693450928,579257600,QLD
2011-08-04,1.2107173204421997,1.239063024520874,1.330469012260437,1.239063024520874,1.3260940313339233,667404800,QLD
2011-08-05,1.1943808794021606,1.2223440408706665,1.277500033378601,1.153905987739563,1.266563057899475,1010163200,QLD
2011-08-08,1.0545302629470825,1.0792189836502075,1.1903129816055298,1.076719045639038,1.1485940217971802,886297600,QLD
2011-08-09,1.1520899534225464,1.1790629625320435,1.1809380054473877,1.0476560592651367,1.1053129434585571,622208000,QLD
2011-08-10,1.0577363967895508,1.0824999809265137,1.159999966621399,1.0801559686660767,1.1260939836502075,704128000,QLD
2011-08-11,1.1507153511047363,1.1776560544967651,1.203125,1.103124976158142,1.1129690408706665,532646400,QLD
2011-08-12,1.1699527502059937,1.1973439455032349,1.2128130197525024,1.167968988418579,1.192188024520874,450003200,QLD
2011-08-15,1.204304814338684,1.2324999570846558,1.2332810163497925,1.1967190504074097,1.2076560258865356,247948800,QLD
2011-08-16,1.1839988231658936,1.211719036102295,1.232969045639038,1.1801559925079346,1.2085939645767212,391424000,QLD
2011-08-17,1.1710216999053955,1.198438048362732,1.235780954360962,1.1734379529953003,1.2159379720687866,366169600,QLD
2011-08-18,1.056972622871399,1.0817190408706665,1.1337499618530273,1.0598440170288086,1.1331249475479126,450176000,QLD
2011-08-19,1.0183464288711548,1.042188048362732,1.1112500429153442,1.0403130054473877,1.0590629577636719,312012800,QLD
2011-08-22,1.024910807609558,1.0489059686660767,1.0924999713897705,1.0428129434585571,1.0907809734344482,410553600,QLD
2011-08-23,1.108271837234497,1.1342190504074097,1.1356250047683716,1.0548440217971802,1.0637500286102295,473881600,QLD
2011-08-24,1.1253716945648193,1.1517189741134644,1.157655954360962,1.1109379529953003,1.131093978881836,455878400,QLD
2011-08-25,1.0899509191513062,1.115468978881836,1.1626559495925903,1.1071879863739014,1.1510939598083496,446668800,QLD
2011-08-26,1.1430819034576416,1.1698440313339233,1.1795309782028198,1.0859379768371582,1.1085939407348633,427737600,QLD
2011-08-29,1.2091902494430542,1.2374999523162842,1.2389060258865356,1.1943750381469727,1.194530963897705,255494400,QLD
2011-08-30,1.2236946821212769,1.252344012260437,1.267969012260437,1.2134380340576172,1.227187991142273,342342400,QLD
2011-08-31,1.229343295097351,1.2581249475479126,1.2879689931869507,1.2359379529953003,1.2675000429153442,412832000,QLD
2011-09-01,1.2052206993103027,1.2334380149841309,1.283437967300415,1.2292189598083496,1.2635940313339233,249267200,QLD
2011-09-02,1.1488829851150513,1.175781011581421,1.200780987739563,1.1629689931869507,1.1907809972763062,272672000,QLD
2011-09-06,1.149341344833374,1.1762499809265137,1.1796879768371582,1.1157809495925903,1.1214059591293335,393312000,QLD
2011-09-07,1.207053303718567,1.235313057899475,1.236562967300415,1.2034380435943604,1.2090630531311035,299020800,QLD
2011-09-08,1.1959071159362793,1.2239060401916504,1.2598439455032349,1.2167190313339233,1.2237499952316284,375699200,QLD
2011-09-09,1.1427758932113647,1.169530987739563,1.2174999713897705,1.1557810306549072,1.206874966621399,420704000,QLD
2011-09-12,1.173158884048462,1.200624942779541,1.2009379863739014,1.143125057220459,1.1446880102157593,431276800,QLD
2011-09-13,1.2032355070114136,1.2314059734344482,1.2370309829711914,1.1971880197525024,1.2090630531311035,350265600,QLD
2011-09-14,1.2377405166625977,1.2667189836502075,1.2951560020446777,1.2200000286102295,1.2443749904632568,341222400,QLD
2011-09-15,1.2743830680847168,1.3042190074920654,1.308750033378601,1.2685940265655518,1.2948440313339233,423833600,QLD
2011-09-16,1.2960624694824219,1.3264060020446777,1.3309379816055298,1.305469036102295,1.3121880292892456,379180800,QLD
2011-09-19,1.2989634275436401,1.3293750286102295,1.3432810306549072,1.2739059925079346,1.2962499856948853,399872000,QLD
2011-09-20,1.2878178358078003,1.3179689645767212,1.3642189502716064,1.312343955039978,1.3431249856948853,384742400,QLD
2011-09-21,1.24247407913208,1.2715630531311035,1.3448439836502075,1.2715630531311035,1.330312967300415,447129600,QLD
2011-09-22,1.1621662378311157,1.1893750429153442,1.229688048362732,1.1518750190734863,1.205469012260437,821017600,QLD
2011-09-23,1.1861358880996704,1.2139060497283936,1.224843978881836,1.167968988418579,1.1699999570846558,474790400,QLD
2011-09-26,1.2133127450942993,1.2417190074920654,1.2467190027236938,1.1725000143051147,1.227187991142273,395289600,QLD
2011-09-27,1.2386562824249268,1.2676559686660767,1.3068749904632568,1.251405954360962,1.2848440408706665,387289600,QLD
2011-09-28,1.2020140886306763,1.2301559448242188,1.2964060306549072,1.2254689931869507,1.278905987739563,356844800,QLD
2011-09-29,1.1742275953292847,1.201719045639038,1.2712500095367432,1.1604690551757812,1.2671879529953003,512838400,QLD
2011-09-30,1.1137679815292358,1.1398439407348633,1.1940629482269287,1.1384379863739014,1.1714060306549072,522976000,QLD
2011-10-03,1.0555986166000366,1.080312967300415,1.1553130149841309,1.0796879529953003,1.1193749904632568,422918400,QLD
2011-10-04,1.09880530834198,1.1245310306549072,1.129688024520874,1.0370310544967651,1.058750033378601,844800000,QLD
2011-10-05,1.155295968055725,1.1823439598083496,1.1892189979553223,1.102344036102295,1.1196880340576172,623596800,QLD
2011-10-06,1.1934642791748047,1.2214059829711914,1.222499966621399,1.1690629720687866,1.1807810068130493,403289600,QLD
2011-10-07,1.1785024404525757,1.2060940265655518,1.2331249713897705,1.1907809972763062,1.221250057220459,429734400,QLD
2011-10-10,1.2591150999069214,1.2885940074920654,1.2890629768371582,1.2435940504074097,1.2467190027236938,199020800,QLD
2011-10-11,1.2749935388565063,1.3048440217971802,1.3137500286102295,1.2793749570846558,1.2831250429153442,214009600,QLD
2011-10-12,1.2896502017974854,1.3198440074920654,1.3492189645767212,1.3181250095367432,1.331874966621399,263923200,QLD
2011-10-13,1.3137725591659546,1.3445310592651367,1.3478130102157593,1.3125,1.314844012260437,256140800,QLD
2011-10-14,1.3611029386520386,1.392969012260437,1.394531011581421,1.363281011581421,1.3782809972763062,201920000,QLD
2011-10-17,1.3214070796966553,1.352344036102295,1.3896880149841309,1.336719036102295,1.3804689645767212,243449600,QLD
2011-10-18,1.3522467613220215,1.3839060068130493,1.3987499475479126,1.321874976158142,1.3473440408706665,351449600,QLD
2011-10-19,1.300184965133667,1.330625057220459,1.3778129816055298,1.3223439455032349,1.3704689741134644,264595200,QLD
2011-10-20,1.2885817289352417,1.318750023841858,1.3334380388259888,1.2806249856948853,1.3287500143051147,275187200,QLD
2011-10-21,1.3197271823883057,1.3506250381469727,1.3676559925079346,1.3268749713897705,1.3457809686660767,198899200,QLD
2011-10-24,1.3742324113845825,1.406406044960022,1.4143749475479126,1.357969045639038,1.3610939979553223,256755200,QLD
2011-10-25,1.3211008310317993,1.3520309925079346,1.3987499475479126,1.3456250429153442,1.3964060544967651,262771200,QLD
2011-10-26,1.317284107208252,1.3481249809265137,1.3718750476837158,1.299219012260437,1.3671879768371582,344857600,QLD
2011-10-27,1.3907208442687988,1.423280954360962,1.4387500286102295,1.3846880197525024,1.4129689931869507,324787200,QLD
2011-10-28,1.3936221599578857,1.4262499809265137,1.4299999475479126,1.4054689407348633,1.4054689407348633,178976000,QLD
2011-10-31,1.3476669788360596,1.3792190551757812,1.4121880531311035,1.3770309686660767,1.4006249904632568,198496000,QLD
2011-11-01,1.2766733169555664,1.3065630197525024,1.332031011581421,1.292188048362732,1.3135939836502075,396505600,QLD
2011-11-02,1.2972837686538696,1.3276560306549072,1.3409379720687866,1.3049999475479126,1.3335939645767212,259494400,QLD
2011-11-03,1.3517897129058838,1.383437991142273,1.3878129720687866,1.319530963897705,1.350780963897705,260204800,QLD
2011-11-04,1.3383543491363525,1.3696880340576172,1.381250023841858,1.3421880006790161,1.3692189455032349,168108800,QLD
2011-11-07,1.3568276166915894,1.3885940313339233,1.3914060592651367,1.340000033378601,1.3668750524520874,202124800,QLD
2011-11-08,1.387973427772522,1.420469045639038,1.4259380102157593,1.3781249523162842,1.408437967300415,266240000,QLD
2011-11-09,1.2920929193496704,1.3223439455032349,1.3698439598083496,1.312656044960022,1.3650000095367432,295443200,QLD
2011-11-10,1.2885817289352417,1.318750023841858,1.3495310544967651,1.294530987739563,1.3479690551757812,219596800,QLD
2011-11-11,1.3366743326187134,1.367969036102295,1.3768750429153442,1.3392189741134644,1.3429689407348633,183942400,QLD
2011-11-14,1.3214070796966553,1.352344036102295,1.3765629529953003,1.3421880006790161,1.3620309829711914,161331200,QLD
2011-11-15,1.3501099348068237,1.3817189931869507,1.392969012260437,1.3415629863739014,1.343593955039978,155987200,QLD
2011-11-16,1.304307460784912,1.3348439931869507,1.3823440074920654,1.331874966621399,1.363124966621399,224742400,QLD
2011-11-17,1.2465955018997192,1.2757810354232788,1.3307809829711914,1.2578129768371582,1.330312967300415,349638400,QLD
2011-11-18,1.2253742218017578,1.2540630102157593,1.2776559591293335,1.2503130435943604,1.275156021118164,234368000,QLD
2011-11-21,1.178960919380188,1.2065629959106445,1.2243750095367432,1.1810940504074097,1.2220309972763062,320736000,QLD
2011-11-22,1.184914469718933,1.212656021118164,1.221250057220459,1.1859380006790161,1.1998440027236938,261612800,QLD
2011-11-23,1.1313261985778809,1.1578129529953003,1.1989059448242188,1.1578129529953003,1.1965630054473877,258707200,QLD
2011-11-25,1.1149895191192627,1.1410939693450928,1.175781011581421,1.1410939693450928,1.1495310068130493,103091200,QLD
2011-11-28,1.1916322708129883,1.2195310592651367,1.2235939502716064,1.1956249475479126,1.1965630054473877,236576000,QLD
2011-11-29,1.1774336099624634,1.2050000429153442,1.2376559972763062,1.1989059448242188,1.2179689407348633,238483200,QLD
2011-11-30,1.2643059492111206,1.2939059734344482,1.2965630292892456,1.2626559734344482,1.2701560258865356,223404800,QLD
2011-12-01,1.2820159196853638,1.3120310306549072,1.3189059495925903,1.2926559448242188,1.2937500476837158,221132800,QLD
2011-12-02,1.2727031707763672,1.3025000095367432,1.3389060497283936,1.3025000095367432,1.3389060497283936,166988800,QLD
2011-12-05,1.3020164966583252,1.3324999809265137,1.350780963897705,1.318593978881836,1.344688057899475,181081600,QLD
2011-12-06,1.2957572937011719,1.3260940313339233,1.3429689407348633,1.3170310258865356,1.3356250524520874,179238400,QLD
2011-12-07,1.29697847366333,1.3273439407348633,1.337656021118164,1.2920310497283936,1.318750023841858,205849600,QLD
2011-12-08,1.2525500059127808,1.2818750143051147,1.3298439979553223,1.2767189741134644,1.3098440170288086,259174400,QLD
2011-12-09,1.2920929193496704,1.3223439455032349,1.330312967300415,1.2868750095367432,1.2879689931869507,206336000,QLD
2011-12-12,1.2638484239578247,1.2934379577636719,1.2959380149841309,1.2704689502716064,1.294374942779541,189075200,QLD
2011-12-13,1.2346874475479126,1.2635940313339233,1.3200000524520874,1.253906011581421,1.3098440170288086,244780800,QLD
2011-12-14,1.1975865364074707,1.2256250381469727,1.2567189931869507,1.2103129625320435,1.2540630102157593,289203200,QLD
2011-12-15,1.1899536848068237,1.2178130149841309,1.2484380006790161,1.2143750190734863,1.2473440170288086,205100800,QLD
2011-12-16,1.200792908668518,1.2289060354232788,1.2635940313339233,1.2262500524520874,1.2315629720687866,219481600,QLD
2011-12-19,1.1794183254241943,1.207031011581421,1.2450000047683716,1.1995309591293335,1.2398439645767212,152716800,QLD
2011-12-20,1.2481223344802856,1.277343988418579,1.2801560163497925,1.243906021118164,1.2451560497283936,204902400,QLD
2011-12-21,1.2116329669952393,1.2400000095367432,1.2623440027236938,1.211562991142273,1.2620309591293335,263955200,QLD
2011-12-22,1.2323969602584839,1.2612500190734863,1.2628129720687866,1.242969036102295,1.2459379434585571,125043200,QLD
2011-12-23,1.2540773153305054,1.283437967300415,1.2839059829711914,1.261718988418579,1.2664060592651367,83904000,QLD
2011-12-27,1.26140558719635,1.2909380197525024,1.2995309829711914,1.277343988418579,1.2799999713897705,79788800,QLD
2011-12-28,1.234534502029419,1.2634379863739014,1.2914060354232788,1.2549999952316284,1.2884379625320435,158092800,QLD
2011-12-29,1.249648928642273,1.278905987739563,1.2815630435943604,1.2578129768371582,1.2659380435943604,126259200,QLD
2011-12-30,1.2436953783035278,1.2728129625320435,1.2854690551757812,1.271875023841858,1.2737499475479126,80992000,QLD
2012-01-03,1.2890398502349854,1.3192189931869507,1.3340630531311035,1.3145309686660767,1.321094036102295,189516800,QLD
2012-01-04,1.300184965133667,1.330625057220459,1.3353129625320435,1.305312991142273,1.3157809972763062,125881600,QLD
2012-01-05,1.3223220109939575,1.353281021118164,1.3557809591293335,1.316406011581421,1.3268749713897705,145849600,QLD
2012-01-06,1.3307198286056519,1.361875057220459,1.368749976158142,1.3440630435943604,1.3543750047683716,173971200,QLD
2012-01-09,1.3230866193771362,1.3540630340576172,1.3709379434585571,1.3454689979553223,1.3698439598083496,169088000,QLD
2012-01-10,1.3421709537506104,1.373594045639038,1.3910939693450928,1.3667190074920654,1.3837499618530273,133561600,QLD
2012-01-11,1.3482776880264282,1.3798439502716064,1.3853130340576172,1.3629690408706665,1.3732810020446777,140518400,QLD
2012-01-12,1.359270691871643,1.3910939693450928,1.3935940265655518,1.3651560544967651,1.3857810497283936,197670400,QLD
2012-01-13,1.3496514558792114,1.381250023841858,1.3814059495925903,1.356874942779541,1.3762500286102295,193600000,QLD
2012-01-17,1.3717892169952393,1.403905987739563,1.417188048362732,1.3949999809265137,1.4054689407348633,157452800,QLD
2012-01-18,1.4084314107894897,1.441406011581421,1.4424999952316284,1.4056249856948853,1.4115630388259888,211724800,QLD
2012-01-19,1.4270585775375366,1.4604690074920654,1.4656250476837158,1.4504690170288086,1.4551559686660767,187814400,QLD
2012-01-20,1.4232418537139893,1.4565629959106445,1.4573440551757812,1.445937991142273,1.4479689598083496,153158400,QLD
2012-01-23,1.4235466718673706,1.456874966621399,1.4770309925079346,1.4401559829711914,1.4571880102157593,231923200,QLD
2012-01-24,1.4185086488723755,1.451719045639038,1.459375023841858,1.438438057899475,1.4448440074920654,178534400,QLD
2012-01-25,1.4536230564117432,1.4876559972763062,1.495313048362732,1.4595309495925903,1.4809379577636719,227187200,QLD
2012-01-26,1.4430891275405884,1.4768749475479126,1.506093978881836,1.4637500047683716,1.5007810592651367,326771200,QLD
2012-01-27,1.453318476676941,1.4873440265655518,1.4918750524520874,1.470155954360962,1.471094012260437,177049600,QLD
2012-01-30,1.45499849319458,1.489063024520874,1.492969036102295,1.4500000476837158,1.4620310068130493,263756800,QLD
2012-01-31,1.458508849143982,1.4926559925079346,1.5089060068130493,1.4737499952316284,1.5028129816055298,220172800,QLD
2012-02-01,1.4814109802246094,1.5160939693450928,1.5278129577636719,1.4993749856948853,1.5082809925079346,232448000,QLD
2012-02-02,1.491640567779541,1.526563048362732,1.5360939502716064,1.5145310163497925,1.526563048362732,187366400,QLD
2012-02-03,1.5322514772415161,1.5681250095367432,1.5715630054473877,1.5496879816055298,1.5543750524520874,146758400,QLD
2012-02-06,1.530877709388733,1.5667190551757812,1.5667190551757812,1.5487500429153442,1.556249976158142,149721600,QLD
2012-02-07,1.5368324518203735,1.5728130340576172,1.577968955039978,1.549375057220459,1.5628130435943604,227776000,QLD
2012-02-08,1.5510306358337402,1.5873440504074097,1.5885939598083496,1.5609380006790161,1.5729689598083496,241804800,QLD
2012-02-09,1.5748486518859863,1.611719012260437,1.6151560544967651,1.582031011581421,1.600000023841858,231404800,QLD
2012-02-10,1.552710771560669,1.589063048362732,1.597656011581421,1.5776560306549072,1.589063048362732,180582400,QLD
2012-02-13,1.5800387859344482,1.6170309782028198,1.6223440170288086,1.598438024520874,1.6129690408706665,171155200,QLD
2012-02-14,1.5887418985366821,1.625938057899475,1.6268750429153442,1.6003129482269287,1.609531044960022,185171200,QLD
2012-02-15,1.5658403635025024,1.6024999618530273,1.6598440408706665,1.5989060401916504,1.6421879529953003,352332800,QLD
2012-02-16,1.609963059425354,1.647655963897705,1.6514060497283936,1.5968749523162842,1.6057809591293335,299283200,QLD
2012-02-17,1.6000393629074097,1.6375000476837158,1.6506249904632568,1.623594045639038,1.6489059925079346,151673600,QLD
2012-02-21,1.6079789400100708,1.6456249952316284,1.6607810258865356,1.625938057899475,1.6409380435943604,133996800,QLD
2012-02-22,1.5942379236221313,1.6315629482269287,1.6496880054473877,1.6270309686660767,1.6403130292892456,163104000,QLD
2012-02-23,1.6156129837036133,1.6534379720687866,1.6565630435943604,1.6201560497283936,1.6353130340576172,223916800,QLD
2012-02-24,1.6262996196746826,1.6643749475479126,1.6703130006790161,1.65625,1.662343978881836,208902400,QLD
2012-02-27,1.6302694082260132,1.6684379577636719,1.6796879768371582,1.6315629482269287,1.6454689502716064,242604800,QLD
2012-02-28,1.6632473468780518,1.7021880149841309,1.7021880149841309,1.667968988418579,1.6714060306549072,276857600,QLD
2012-02-29,1.6496586799621582,1.6882810592651367,1.7167190313339233,1.6767189502716064,1.705312967300415,336422400,QLD
2012-03-01,1.6739342212677002,1.7131249904632568,1.7174999713897705,1.6906249523162842,1.7003129720687866,221427200,QLD
2012-03-02,1.6721022129058838,1.7112499475479126,1.722656011581421,1.700624942779541,1.7095309495925903,209164800,QLD
2012-03-05,1.6385135650634766,1.6768749952316284,1.7134380340576172,1.6654690504074097,1.7089060544967651,258227200,QLD
2012-03-06,1.6056880950927734,1.6432809829711914,1.6510939598083496,1.625938057899475,1.6454689502716064,280025600,QLD
2012-03-07,1.629353404045105,1.6675000190734863,1.675781011581421,1.6535940170288086,1.6573439836502075,201158400,QLD
2012-03-08,1.6652318239212036,1.7042189836502075,1.7137500047683716,1.6807810068130493,1.6870310306549072,167379200,QLD
2012-03-09,1.6792782545089722,1.718593955039978,1.7245310544967651,1.707813024520874,1.7087500095367432,130419200,QLD
2012-03-12,1.6806520223617554,1.7200000286102295,1.7232810258865356,1.7026560306549072,1.716405987739563,174617600,QLD
2012-03-13,1.7423332929611206,1.7831250429153442,1.7842190265655518,1.7317190170288086,1.7392189502716064,242240000,QLD
2012-03-14,1.7559210062026978,1.797031044960022,1.8098440170288086,1.7745310068130493,1.7878129482269287,280025600,QLD
2012-03-15,1.7641657590866089,1.805469036102295,1.8140629529953003,1.7890629768371582,1.8071880340576172,218937600,QLD
2012-03-16,1.761264443397522,1.8025000095367432,1.8125,1.795469045639038,1.8120310306549072,168396800,QLD
2012-03-19,1.7888985872268677,1.8307809829711914,1.8378130197525024,1.8012499809265137,1.8089059591293335,168576000,QLD
2012-03-20,1.7940905094146729,1.8360940217971802,1.8403129577636719,1.8009380102157593,1.8106249570846558,205926400,QLD
2012-03-21,1.7950056791305542,1.8370310068130493,1.856874942779541,1.8317190408706665,1.836562991142273,150438400,QLD
2012-03-22,1.786609172821045,1.8284380435943604,1.8371880054473877,1.8132810592651367,1.8135939836502075,252243200,QLD
2012-03-23,1.7861509323120117,1.827968955039978,1.834218978881836,1.8059380054473877,1.8332810401916504,216089600,QLD
2012-03-26,1.8473738431930542,1.890625,1.890625,1.8478130102157593,1.8506250381469727,201772800,QLD
2012-03-27,1.851954698562622,1.895313024520874,1.9112499952316284,1.8909380435943604,1.8925000429153442,175948800,QLD
2012-03-28,1.837297797203064,1.8803130388259888,1.912343978881836,1.8582810163497925,1.8982809782028198,252966400,QLD
2012-03-29,1.8253886699676514,1.8681249618530273,1.879688024520874,1.839843988418579,1.8628129959106445,182297600,QLD
2012-03-30,1.8160755634307861,1.8585939407348633,1.8842190504074097,1.8442189693450928,1.8831249475479126,156454400,QLD
2012-04-02,1.8531763553619385,1.8965630531311035,1.9020309448242188,1.8482810258865356,1.8543750047683716,183846400,QLD
2012-04-03,1.8534810543060303,1.896875023841858,1.9137500524520874,1.875,1.9009380340576172,242092800,QLD
2012-04-04,1.8032509088516235,1.8454689979553223,1.8698439598083496,1.823438048362732,1.867812991142273,292652800,QLD
2012-04-05,1.8240143060684204,1.8667190074920654,1.8709379434585571,1.8353129625320435,1.8384380340576172,162201600,QLD
2012-04-09,1.7976019382476807,1.8396879434585571,1.8542189598083496,1.8145309686660767,1.8196879625320435,327385600,QLD
2012-04-10,1.7382104396820068,1.778905987739563,1.8514059782028198,1.7692190408706665,1.8382810354232788,407417600,QLD
2012-04-11,1.7565315961837769,1.7976560592651367,1.8206249475479126,1.7879689931869507,1.8117189407348633,331948800,QLD
2012-04-12,1.7951589822769165,1.8371880054473877,1.8417190313339233,1.799219012260437,1.8040629625320435,291372800,QLD
2012-04-13,1.7418748140335083,1.782655954360962,1.8264060020446777,1.7807810306549072,1.8245309591293335,288684800,QLD
2012-04-16,1.7047755718231201,1.7446880340576172,1.8018749952316284,1.7315629720687866,1.8009380102157593,237664000,QLD
2012-04-17,1.7716466188430786,1.8131250143051147,1.824375033378601,1.7520309686660767,1.7581249475479126,135564800,QLD
2012-04-18,1.7617229223251343,1.802968978881836,1.8253129720687866,1.7937500476837158,1.8023439645767212,158099200,QLD
2012-04-19,1.7253857851028442,1.765781044960022,1.834375023841858,1.7504689693450928,1.7909380197525024,250995200,QLD
2012-04-20,1.713629961013794,1.753749966621399,1.797813057899475,1.7482810020446777,1.7820310592651367,215340800,QLD
2012-04-23,1.6843163967132568,1.7237499952316284,1.7267190217971802,1.690000057220459,1.7218749523162842,222835200,QLD
2012-04-24,1.6641632318496704,1.703125,1.7289060354232788,1.6885939836502075,1.7156250476837158,221664000,QLD
2012-04-25,1.7525625228881836,1.7935940027236938,1.7951560020446777,1.7676559686660767,1.7723439931869507,207820800,QLD
2012-04-26,1.7734785079956055,1.815000057220459,1.8221880197525024,1.7879689931869507,1.7915630340576172,102976000,QLD
2012-04-27,1.7945486307144165,1.836562991142273,1.847499966621399,1.8106249570846558,1.829530954360962,129600000,QLD
2012-04-30,1.769356369972229,1.8107810020446777,1.832031011581421,1.8070310354232788,1.8240629434585571,117510400,QLD
2012-05-01,1.7745479345321655,1.8160940408706665,1.8564059734344482,1.8001559972763062,1.805469036102295,133696000,QLD
2012-05-02,1.7827919721603394,1.8245309591293335,1.8284380435943604,1.7892190217971802,1.7973439693450928,118969600,QLD
2012-05-03,1.745692253112793,1.7865630388259888,1.830625057220459,1.777343988418579,1.8284380435943604,190444800,QLD
2012-05-04,1.6591250896453857,1.6979689598083496,1.7590630054473877,1.6979689598083496,1.7543749809265137,221401600,QLD
2012-05-07,1.661415696144104,1.7003129720687866,1.717344045639038,1.6767189502716064,1.6778130531311035,171616000,QLD
2012-05-08,1.6488957405090332,1.6875,1.6998440027236938,1.6337499618530273,1.6785939931869507,222617600,QLD
2012-05-09,1.6433988809585571,1.6818749904632568,1.6964060068130493,1.6356250047683716,1.6489059925079346,248121600,QLD
2012-05-10,1.6311856508255005,1.669374942779541,1.694530963897705,1.6589059829711914,1.693750023841858,356230400,QLD
2012-05-11,1.6321018934249878,1.6703130006790161,1.7059379816055298,1.6565630435943604,1.658437967300415,95542400,QLD
2012-05-14,1.6021777391433716,1.6396880149841309,1.6653130054473877,1.6340630054473877,1.6425000429153442,108832000,QLD
2012-05-15,1.590574026107788,1.6278129816055298,1.6749999523162842,1.622499942779541,1.6503130197525024,141740800,QLD
2012-05-16,1.568893551826477,1.605625033378601,1.6493749618530273,1.600000023841858,1.640625,125353600,QLD
2012-05-17,1.502632975578308,1.5378129482269287,1.611875057220459,1.5378129482269287,1.6071879863739014,112902400,QLD
2012-05-18,1.4647694826126099,1.4990630149841309,1.5556249618530273,1.454063057899475,1.5471880435943604,150716800,QLD
2012-05-21,1.5435497760772705,1.5796879529953003,1.5846879482269287,1.5003130435943604,1.5031249523162842,112732800,QLD
2012-05-22,1.5408010482788086,1.5768749713897705,1.6037499904632568,1.555312991142273,1.5893750190734863,88070400,QLD
2012-05-23,1.5493513345718384,1.5856250524520874,1.5918749570846558,1.5243749618530273,1.5528130531311035,185600000,QLD
2012-05-24,1.5291980504989624,1.565000057220459,1.5921880006790161,1.5399999618530273,1.591249942779541,102384000,QLD
2012-05-25,1.5230913162231445,1.558750033378601,1.5724999904632568,1.5503129959106445,1.5656249523162842,51385600,QLD
2012-05-29,1.561260461807251,1.5978130102157593,1.6134380102157593,1.5703129768371582,1.5878130197525024,117417600,QLD
2012-05-30,1.5359160900115967,1.571874976158142,1.5834380388259888,1.5525000095367432,1.5703129768371582,105878400,QLD
2012-05-31,1.522786021232605,1.5584379434585571,1.5759379863739014,1.534999966621399,1.5678130388259888,114307200,QLD
2012-06-01,1.4409520626068115,1.4746880531311035,1.5206249952316284,1.4743750095367432,1.503749966621399,135331200,QLD
2012-06-04,1.4623266458511353,1.4965629577636719,1.5018750429153442,1.456874966621399,1.4840630292892456,117708800,QLD
2012-06-05,1.4751511812210083,1.5096880197525024,1.5153130292892456,1.4859379529953003,1.4878129959106445,101417600,QLD
2012-06-06,1.54385507106781,1.5800000429153442,1.5815629959106445,1.5296880006790161,1.533750057220459,126076800,QLD
2012-06-07,1.5301144123077393,1.5659379959106445,1.611875057220459,1.5637500286102295,1.611875057220459,93830400,QLD
2012-06-08,1.561260461807251,1.5978130102157593,1.6006250381469727,1.551563024520874,1.5606249570846558,80960000,QLD
2012-06-11,1.511487603187561,1.546875,1.6228129863739014,1.5409380197525024,1.620313048362732,118960000,QLD
2012-06-12,1.5435497760772705,1.5796879529953003,1.5815629959106445,1.5368750095367432,1.5565630197525024,100153600,QLD
2012-06-13,1.522786021232605,1.5584379434585571,1.5953129529953003,1.5475000143051147,1.570937991142273,91203200,QLD
2012-06-14,1.5343892574310303,1.5703129768371582,1.5821880102157593,1.5418750047683716,1.5575000047683716,118316800,QLD
2012-06-15,1.5719469785690308,1.6087499856948853,1.613124966621399,1.5774999856948853,1.5787500143051147,77667200,QLD
2012-06-18,1.6015666723251343,1.6390630006790161,1.6471879482269287,1.5906250476837158,1.5971879959106445,103148800,QLD
2012-06-19,1.6342384815216064,1.6725000143051147,1.6865630149841309,1.6534379720687866,1.6556249856948853,104080000,QLD
2012-06-20,1.6388194561004639,1.6771880388259888,1.689687967300415,1.6509380340576172,1.6787500381469727,182857600,QLD
2012-06-21,1.5554580688476562,1.5918749570846558,1.676563024520874,1.5887500047683716,1.6709380149841309,151052800,QLD
2012-06-22,1.587520718574524,1.6246880292892456,1.6293749809265137,1.5940630435943604,1.6015629768371582,86742400,QLD
2012-06-25,1.5258395671844482,1.5615630149841309,1.5990630388259888,1.5537500381469727,1.5987499952316284,129110400,QLD
2012-06-26,1.5466036796569824,1.582813024520874,1.5909379720687866,1.558750033378601,1.5715630054473877,109488000,QLD
2012-06-27,1.564618706703186,1.6012500524520874,1.6150000095367432,1.5906250476837158,1.5950000286102295,77593600,QLD
2012-06-28,1.5310304164886475,1.5668749809265137,1.5796879529953003,1.5328129529953003,1.5774999856948853,136025600,QLD
2012-06-29,1.6256890296936035,1.6637500524520874,1.6640629768371582,1.6168750524520874,1.6246880292892456,102950400,QLD
2012-07-02,1.6360708475112915,1.674375057220459,1.6753129959106445,1.649062991142273,1.6687500476837158,70396800,QLD
2012-07-03,1.6629419326782227,1.7018749713897705,1.7018749713897705,1.6706249713897705,1.6753129959106445,44665600,QLD
2012-07-05,1.664773941040039,1.7037500143051147,1.720937967300415,1.6806249618530273,1.6981250047683716,105907200,QLD
2012-07-06,1.622941255569458,1.660938024520874,1.691249966621399,1.6378129720687866,1.689687967300415,104723200,QLD
2012-07-09,1.6183605194091797,1.65625,1.669374942779541,1.6390630006790161,1.6565630435943604,89248000,QLD
2012-07-10,1.5859932899475098,1.6231249570846558,1.681249976158142,1.6106250286102295,1.672813057899475,134803200,QLD
2012-07-11,1.5676723718643188,1.6043750047683716,1.627187967300415,1.5784380435943604,1.618749976158142,131379200,QLD
2012-07-12,1.5398855209350586,1.5759379863739014,1.5878130197525024,1.5459380149841309,1.5812499523162842,124108800,QLD
2012-07-13,1.5844669342041016,1.6215629577636719,1.629688024520874,1.5812499523162842,1.5821880102157593,109612800,QLD
2012-07-16,1.5765283107757568,1.6134380102157593,1.6290630102157593,1.6009379625320435,1.6150000095367432,98345600,QLD
2012-07-17,1.5914896726608276,1.628749966621399,1.640625,1.584375023841858,1.6325000524520874,126051200,QLD
2012-07-18,1.6354601383209229,1.6737500429153442,1.683750033378601,1.6228129863739014,1.6228129863739014,146134400,QLD
2012-07-19,1.6708810329437256,1.7100000381469727,1.7215629816055298,1.6909379959106445,1.6962499618530273,137782400,QLD
2012-07-20,1.6284373998641968,1.6665630340576172,1.7103129625320435,1.6643749475479126,1.7096879482269287,107200000,QLD
2012-07-23,1.5899633169174194,1.627187967300415,1.636875033378601,1.5759379863739014,1.6012500524520874,109763200,QLD
2012-07-24,1.5627868175506592,1.5993750095367432,1.6356250047683716,1.5793750286102295,1.6318750381469727,125699200,QLD
2012-07-25,1.5411070585250854,1.5771880149841309,1.598438024520874,1.5590629577636719,1.5768749713897705,126812800,QLD
2012-07-26,1.5808025598526,1.617812991142273,1.6387499570846558,1.5996880531311035,1.6253130435943604,124224000,QLD
2012-07-27,1.6601940393447876,1.6990629434585571,1.7018749713897705,1.6337499618530273,1.642812967300415,124211200,QLD
2012-07-30,1.6550025939941406,1.693750023841858,1.7193750143051147,1.6825000047683716,1.705625057220459,121913600,QLD
2012-07-31,1.652254581451416,1.6909379959106445,1.712499976158142,1.6893750429153442,1.6987500190734863,140627200,QLD
2012-08-01,1.6437056064605713,1.6821880340576172,1.7171880006790161,1.6703130006790161,1.7168749570846558,114822400,QLD
2012-08-02,1.6324067115783691,1.6706249713897705,1.704063057899475,1.6465630531311035,1.65625,141529600,QLD
2012-08-03,1.6925612688064575,1.7321879863739014,1.7487499713897705,1.7134380340576172,1.722499966621399,130505600,QLD
2012-08-06,1.7197366952896118,1.7599999904632568,1.7756249904632568,1.7440630197525024,1.752500057220459,85302400,QLD
2012-08-07,1.7487457990646362,1.789687991142273,1.8037500381469727,1.7699999809265137,1.776563048362732,83692800,QLD
2012-08-08,1.7453862428665161,1.7862499952316284,1.7959380149841309,1.7746880054473877,1.7793749570846558,70172800,QLD
2012-08-09,1.7560741901397705,1.7971880435943604,1.803125023841858,1.7809380292892456,1.7884379625320435,61443200,QLD
2012-08-10,1.7597384452819824,1.8009380102157593,1.801563024520874,1.7771879434585571,1.7862499952316284,64825600,QLD
2012-08-13,1.7673721313476562,1.808750033378601,1.8090629577636719,1.78125,1.801563024520874,57510400,QLD
2012-08-14,1.7695096731185913,1.8109380006790161,1.830312967300415,1.8009380102157593,1.8231250047683716,74710400,QLD
2012-08-15,1.7783647775650024,1.8200000524520874,1.8246879577636719,1.8071880340576172,1.807813048362732,48051200,QLD
2012-08-16,1.819892168045044,1.8624999523162842,1.8718750476837158,1.8293750286102295,1.834375023841858,93657600,QLD
2012-08-17,1.8357704877853394,1.878749966621399,1.879688024520874,1.8628129959106445,1.870313048362732,49180800,QLD
2012-08-20,1.8418775796890259,1.8849999904632568,1.8853130340576172,1.861875057220459,1.8762500286102295,58902400,QLD
2012-08-21,1.827831506729126,1.8706250190734863,1.9103130102157593,1.8553129434585571,1.8975000381469727,115910400,QLD
2012-08-22,1.841572642326355,1.8846880197525024,1.892812967300415,1.8515629768371582,1.8600000143051147,102854400,QLD
2012-08-23,1.8125636577606201,1.8550000190734863,1.8799999952316284,1.8450000286102295,1.8690630197525024,95843200,QLD
2012-08-24,1.8333278894424438,1.8762500286102295,1.8862500190734863,1.840000033378601,1.8456250429153442,82118400,QLD
2012-08-27,1.8397407531738281,1.8828129768371582,1.8984379768371582,1.875,1.894374966621399,62364800,QLD
2012-08-28,1.8397407531738281,1.8828129768371582,1.8934379816055298,1.8674999475479126,1.879688024520874,64476800,QLD
2012-08-29,1.8394345045089722,1.8825000524520874,1.892812967300415,1.8674999475479126,1.8837499618530273,46963200,QLD
2012-08-30,1.8027926683425903,1.8450000286102295,1.868749976158142,1.8396879434585571,1.8671879768371582,57337600,QLD
2012-08-31,1.828136920928955,1.8709379434585571,1.8853130340576172,1.832813024520874,1.872499942779541,103340800,QLD
2012-09-04,1.8235565423965454,1.8662500381469727,1.879688024520874,1.8293750286102295,1.8646880388259888,80265600,QLD
2012-09-05,1.8189767599105835,1.861562967300415,1.8803130388259888,1.8518749475479126,1.8637499809265137,62284800,QLD
2012-09-06,1.8986725807189941,1.9431250095367432,1.9450000524520874,1.884374976158142,1.884374976158142,106201600,QLD
2012-09-07,1.893481969833374,1.9378130435943604,1.9456249475479126,1.9284379482269287,1.9359380006790161,64566400,QLD
2012-09-10,1.8464581966400146,1.8896880149841309,1.9368749856948853,1.886875033378601,1.930312991142273,68544000,QLD
2012-09-11,1.8403514623641968,1.883437991142273,1.9040629863739014,1.877187967300415,1.8899999856948853,70592000,QLD
2012-09-12,1.851954698562622,1.895313024520874,1.9040629863739014,1.871250033378601,1.8971879482269287,87795200,QLD
2012-09-13,1.8992834091186523,1.943750023841858,1.961562991142273,1.893125057220459,1.8987499475479126,103171200,QLD
2012-09-14,1.9350099563598633,1.9803129434585571,1.9943749904632568,1.9584380388259888,1.961562991142273,109203200,QLD
2012-09-17,1.9362316131591797,1.9815629720687866,1.9824999570846558,1.9678130149841309,1.9821879863739014,50809600,QLD
2012-09-18,1.9398958683013916,1.985313057899475,1.986562967300415,1.971250057220459,1.9715629816055298,46108800,QLD
2012-09-19,1.9460028409957886,1.9915629625320435,2.002500057220459,1.9731249809265137,1.9856250286102295,58841600,QLD
2012-09-20,1.9429491758346558,1.9884380102157593,1.9912500381469727,1.962499976158142,1.9715629816055298,72864000,QLD
2012-09-21,1.944475769996643,1.9900000095367432,2.0112500190734863,1.9856250286102295,2.0065629482269287,48915200,QLD
2012-09-24,1.9188259840011597,1.9637500047683716,1.972499966621399,1.9481250047683716,1.955625057220459,54489600,QLD
2012-09-25,1.8660006523132324,1.9096879959106445,1.9846880435943604,1.908437967300415,1.9774999618530273,75536000,QLD
2012-09-26,1.8369919061660767,1.8799999952316284,1.9068750143051147,1.8600000143051147,1.9049999713897705,82028800,QLD
2012-09-27,1.8864589929580688,1.9306249618530273,1.939687967300415,1.8825000524520874,1.8884379863739014,69936000,QLD
2012-09-28,1.8574512004852295,1.9009380340576172,1.9296879768371582,1.8956249952316284,1.9175000190734863,87712000,QLD
2012-10-01,1.8489010334014893,1.8921879529953003,1.9409379959106445,1.8815629482269287,1.9187500476837158,85872000,QLD
2012-10-02,1.861725926399231,1.9053130149841309,1.9209380149841309,1.875,1.909999966621399,83744000,QLD
2012-10-03,1.8827946186065674,1.9268749952316284,1.934999942779541,1.8987499475479126,1.915624976158142,98425600,QLD
2012-10-04,1.8968406915664673,1.941249966621399,1.9524999856948853,1.922813057899475,1.9359380006790161,70044800,QLD
2012-10-05,1.8757715225219727,1.9196879863739014,1.9668749570846558,1.9115630388259888,1.9600000381469727,76176000,QLD
2012-10-08,1.8440152406692505,1.8871879577636719,1.90625,1.877187967300415,1.899062991142273,70921600,QLD
2012-10-09,1.7856929302215576,1.8274999856948853,1.8765629529953003,1.8174999952316284,1.875,123305600,QLD
2012-10-10,1.7673721313476562,1.808750033378601,1.8350000381469727,1.8012499809265137,1.8250000476837158,108448000,QLD
2012-10-11,1.753631353378296,1.7946879863739014,1.8368749618530273,1.7937500476837158,1.8346879482269287,87644800,QLD
2012-10-12,1.752714991569519,1.7937500476837158,1.815000057220459,1.787500023841858,1.7975000143051147,90560000,QLD
2012-10-15,1.7774487733840942,1.8190629482269287,1.8250000476837158,1.7862499952316284,1.8084379434585571,91878400,QLD
2012-10-16,1.8290528059005737,1.8718750476837158,1.875938057899475,1.8253129720687866,1.8253129720687866,92608000,QLD
2012-10-17,1.827831506729126,1.8706250190734863,1.881250023841858,1.847499966621399,1.8518749475479126,83411200,QLD
2012-10-18,1.785999059677124,1.8278130292892456,1.8693749904632568,1.8125,1.8574999570846558,110323200,QLD
2012-10-19,1.6998896598815918,1.7396880388259888,1.8237500190734863,1.7346880435943604,1.8228130340576172,127084800,QLD
2012-10-22,1.7182108163833618,1.758437991142273,1.765625,1.729688048362732,1.7362500429153442,131088000,QLD
2012-10-23,1.684011459350586,1.723438024520874,1.7531249523162842,1.712499976158142,1.7287499904632568,132508800,QLD
2012-10-24,1.6693546772003174,1.7084380388259888,1.747499942779541,1.7059379816055298,1.7424999475479126,101766400,QLD
2012-10-25,1.6714916229248047,1.7106250524520874,1.7403130531311035,1.7003129720687866,1.735313057899475,99580800,QLD
2012-10-26,1.6812632083892822,1.7206250429153442,1.7350000143051147,1.6846879720687866,1.7109379768371582,95478400,QLD
2012-10-31,1.6601940393447876,1.6990629434585571,1.7218749523162842,1.6875,1.7181249856948853,69708800,QLD
2012-11-01,1.7078287601470947,1.7478129863739014,1.7543749809265137,1.7112499475479126,1.719688057899475,67859200,QLD
2012-11-02,1.6669118404388428,1.7059379816055298,1.765625,1.7059379816055298,1.763124942779541,92390400,QLD
2012-11-05,1.6925612688064575,1.7321879863739014,1.739063024520874,1.7034380435943604,1.709375023841858,62732800,QLD
2012-11-06,1.6998896598815918,1.7396880388259888,1.7628129720687866,1.7259379625320435,1.7387499809265137,109587200,QLD
2012-11-07,1.6183605194091797,1.65625,1.7059379816055298,1.642812967300415,1.7034380435943604,175779200,QLD
2012-11-08,1.570725679397583,1.6074999570846558,1.6737500429153442,1.6065629720687866,1.665624976158142,129654400,QLD
2012-11-09,1.5826348066329956,1.6196880340576172,1.6531250476837158,1.6050000190734863,1.6074999570846558,151385600,QLD
2012-11-12,1.5798861980438232,1.6168750524520874,1.6409380435943604,1.6087499856948853,1.6375000476837158,78038400,QLD
2012-11-13,1.5600388050079346,1.5965629816055298,1.625938057899475,1.5859379768371582,1.5909379720687866,107510400,QLD
2012-11-14,1.5215643644332886,1.5571880340576172,1.6137499809265137,1.5528130531311035,1.610313057899475,147760000,QLD
2012-11-15,1.5102664232254028,1.5456249713897705,1.5700000524520874,1.5356249809265137,1.5606249570846558,160185600,QLD
2012-11-16,1.5230913162231445,1.558750033378601,1.5690629482269287,1.5106250047683716,1.5487500429153442,165094400,QLD
2012-11-19,1.596375584602356,1.6337499618530273,1.6365629434585571,1.59375,1.59375,113724800,QLD
2012-11-20,1.5972917079925537,1.6346880197525024,1.6399999856948853,1.6040630340576172,1.634374976158142,117488000,QLD
2012-11-21,1.6049250364303589,1.6425000429153442,1.646875023841858,1.6256250143051147,1.6384379863739014,79276800,QLD
2012-11-23,1.6525596380233765,1.691249966621399,1.6918749809265137,1.6590629816055298,1.6628129482269287,61795200,QLD
2012-11-26,1.6690486669540405,1.7081249952316284,1.7081249952316284,1.6731250286102295,1.684999942779541,81590400,QLD
2012-11-27,1.655918836593628,1.6946879625320435,1.7174999713897705,1.6890629529953003,1.704063057899475,105158400,QLD
2012-11-28,1.6843163967132568,1.7237499952316284,1.7265629768371582,1.6575000286102295,1.6793750524520874,120524800,QLD
2012-11-29,1.704164743423462,1.7440630197525024,1.756250023841858,1.7274999618530273,1.740625023841858,120460800,QLD
2012-11-30,1.7001945972442627,1.7400000095367432,1.747499942779541,1.7287499904632568,1.7456250190734863,78684800,QLD
2012-12-03,1.694393277168274,1.7340630292892456,1.7687499523162842,1.7309379577636719,1.7662500143051147,84460800,QLD
2012-12-04,1.6873700618743896,1.7268749475479126,1.736562967300415,1.7074999809265137,1.7321879863739014,87072000,QLD
2012-12-05,1.651949167251587,1.6906249523162842,1.7253129482269287,1.6725000143051147,1.7253129482269287,128528000,QLD
2012-12-06,1.673019289970398,1.7121880054473877,1.7215629816055298,1.671875,1.6818749904632568,95811200,QLD
2012-12-07,1.6528657674789429,1.6915630102157593,1.7337499856948853,1.6809380054473877,1.7300000190734863,84918400,QLD
2012-12-10,1.6632473468780518,1.7021880149841309,1.7200000286102295,1.6831250190734863,1.6843750476837158,68291200,QLD
2012-12-11,1.7069123983383179,1.7468750476837158,1.765625,1.7231249809265137,1.7259379625320435,106784000,QLD
2012-12-12,1.6977516412734985,1.7374999523162842,1.7653130292892456,1.729688048362732,1.7637499570846558,97667200,QLD
2012-12-13,1.671797275543213,1.7109379768371582,1.7565629482269287,1.6965630054473877,1.7334380149841309,109872000,QLD
2012-12-14,1.6406514644622803,1.6790629625320435,1.699375033378601,1.6678129434585571,1.6903129816055298,83673600,QLD
2012-12-17,1.6855379343032837,1.725000023841858,1.725000023841858,1.6775000095367432,1.6809380054473877,72534400,QLD
2012-12-18,1.735310435295105,1.7759380340576172,1.78125,1.731874942779541,1.746250033378601,193382400,QLD
2012-12-19,1.7200427055358887,1.7603130340576172,1.787500023841858,1.759374976158142,1.7862499952316284,87712000,QLD
2012-12-20,1.7188212871551514,1.7590630054473877,1.7687499523162842,1.7431249618530273,1.7668750286102295,94310400,QLD
2012-12-21,1.6849271059036255,1.7243750095367432,1.7278130054473877,1.691249966621399,1.7065629959106445,89622400,QLD
2012-12-24,1.6757667064666748,1.715000033378601,1.719688057899475,1.7087500095367432,1.714063048362732,17148800,QLD
2012-12-26,1.6492230892181396,1.6853129863739014,1.7193750143051147,1.672813057899475,1.7134380340576172,36294400,QLD
2012-12-27,1.6431071758270264,1.6790629625320435,1.6906249523162842,1.6362500190734863,1.6862499713897705,121686400,QLD
2012-12-28,1.6109964847564697,1.6462500095367432,1.6790629625320435,1.6449999809265137,1.6534379720687866,83398400,QLD
2012-12-31,1.676134467124939,1.7128130197525024,1.722499966621399,1.635938048362732,1.640625,182608000,QLD
2013-01-02,1.7843904495239258,1.823438048362732,1.8253129720687866,1.7862499952316284,1.7984379529953003,169932800,QLD
2013-01-03,1.7678768634796143,1.8065630197525024,1.8321880102157593,1.7946879863739014,1.8240629434585571,78960000,QLD
2013-01-04,1.755033016204834,1.7934379577636719,1.8065630197525024,1.784999966621399,1.806249976158142,59609600,QLD
2013-01-07,1.7583959102630615,1.796875,1.800624966621399,1.7731250524520874,1.783750057220459,80233600,QLD
2013-01-08,1.7535035610198975,1.7918750047683716,1.8037500381469727,1.769374966621399,1.7934379577636719,89875200,QLD
2013-01-09,1.7614545822143555,1.7999999523162842,1.8109380006790161,1.7903130054473877,1.7925000190734863,70227200,QLD
2013-01-10,1.7831676006317139,1.8221880197525024,1.8284380435943604,1.7893749475479126,1.8250000476837158,109206400,QLD
2013-01-11,1.7889772653579712,1.828125,1.829063057899475,1.8131250143051147,1.8206249475479126,52985600,QLD
2013-01-14,1.7721583843231201,1.8109380006790161,1.8215630054473877,1.7956249713897705,1.8081250190734863,67878400,QLD
2013-01-15,1.7553380727767944,1.7937500476837158,1.7984379529953003,1.7771879434585571,1.7937500476837158,75315200,QLD
2013-01-16,1.7687939405441284,1.8075000047683716,1.8193750381469727,1.7918750047683716,1.799062967300415,72732800,QLD
2013-01-17,1.7850019931793213,1.8240629434585571,1.8387500047683716,1.816249966621399,1.823438048362732,87804800,QLD
2013-01-18,1.778579831123352,1.8174999952316284,1.8200000524520874,1.7999999523162842,1.8128130435943604,60041600,QLD
2013-01-22,1.7850019931793213,1.8240629434585571,1.8246879577636719,1.7981250286102295,1.8206249475479126,73785600,QLD
2013-01-23,1.8027390241622925,1.8421880006790161,1.8550000190734863,1.8371880054473877,1.8428130149841309,91958400,QLD
2013-01-24,1.7556445598602295,1.7940629720687866,1.8271880149841309,1.7878129482269287,1.7953130006790161,96988800,QLD
2013-01-25,1.7733817100524902,1.8121880292892456,1.821874976158142,1.797813057899475,1.8056249618530273,78489600,QLD
2013-01-28,1.7807203531265259,1.8196879625320435,1.831874966621399,1.8081250190734863,1.8128130435943604,92531200,QLD
2013-01-29,1.773992896080017,1.8128130435943604,1.8278130292892456,1.7912499904632568,1.814687967300415,95520000,QLD
2013-01-30,1.7755216360092163,1.8143750429153442,1.8378130197525024,1.8040629625320435,1.8259379863739014,96940800,QLD
2013-01-31,1.7651240825653076,1.8037500381469727,1.8300000429153442,1.801563024520874,1.8112499713897705,74070400,QLD
2013-02-01,1.8064087629318237,1.845937967300415,1.8528130054473877,1.815000057220459,1.8300000429153442,76403200,QLD
2013-02-04,1.7431058883666992,1.78125,1.8356250524520874,1.78125,1.824375033378601,115728000,QLD
2013-02-05,1.7972346544265747,1.836562991142273,1.8456250429153442,1.7893749475479126,1.7965630292892456,73308800,QLD
2013-02-06,1.7837791442871094,1.8228130340576172,1.8393750190734863,1.8118749856948853,1.8228130340576172,75728000,QLD
2013-02-07,1.787448763847351,1.8265630006790161,1.8300000429153442,1.785938024520874,1.8262499570846558,79718400,QLD
2013-02-08,1.8238390684127808,1.8637499809265137,1.871250033378601,1.8431249856948853,1.8453129529953003,64883200,QLD
2013-02-11,1.8241453170776367,1.864063024520874,1.867812991142273,1.852187991142273,1.8650000095367432,52332800,QLD
2013-02-12,1.8091604709625244,1.8487499952316284,1.8668750524520874,1.845937967300415,1.860313057899475,54332800,QLD
2013-02-13,1.8220043182373047,1.861875057220459,1.875938057899475,1.8509379625320435,1.859375,42649600,QLD
2013-02-14,1.819864273071289,1.8596880435943604,1.8665629625320435,1.8431249856948853,1.84375,46646400,QLD
2013-02-15,1.8109955787658691,1.8506250381469727,1.8696880340576172,1.8396879434585571,1.8600000143051147,61129600,QLD
2013-02-19,1.8363778591156006,1.8765629529953003,1.877187967300415,1.8565629720687866,1.8574999570846558,40140800,QLD
2013-02-20,1.7798025608062744,1.818750023841858,1.8768750429153442,1.818750023841858,1.8768750429153442,81913600,QLD
2013-02-21,1.7415775060653687,1.7796880006790161,1.808750033378601,1.766563057899475,1.8049999475479126,129289600,QLD
2013-02-22,1.7761330604553223,1.815000057220459,1.8153129816055298,1.7865630388259888,1.799062967300415,61004800,QLD
2013-02-25,1.7317919731140137,1.7696880102157593,1.8512500524520874,1.7675000429153442,1.8393750190734863,153708800,QLD
2013-02-26,1.7443290948867798,1.7825000286102295,1.7903130054473877,1.752187967300415,1.774999976158142,128537600,QLD
2013-02-27,1.779497504234314,1.8184380531311035,1.8418749570846558,1.778749942779541,1.783437967300415,130291200,QLD
2013-02-28,1.7736868858337402,1.8125,1.8471879959106445,1.8125,1.8196879625320435,98643200,QLD
2013-03-01,1.7880600690841675,1.8271880149841309,1.8337500095367432,1.7825000286102295,1.8003129959106445,65846400,QLD
2013-03-04,1.8045740127563477,1.8440630435943604,1.8440630435943604,1.8109380006790161,1.8153129816055298,86352000,QLD
2013-03-05,1.859007477760315,1.8996880054473877,1.9031250476837158,1.8659379482269287,1.8668750524520874,97840000,QLD
2013-03-06,1.8486100435256958,1.8890630006790161,1.9112499952316284,1.8837499618530273,1.9112499952316284,56294400,QLD
2013-03-07,1.859007477760315,1.8996880054473877,1.9049999713897705,1.8862500190734863,1.8921879529953003,45395200,QLD
2013-03-08,1.8611479997634888,1.9018750190734863,1.917188048362732,1.8887499570846558,1.910938024520874,46614400,QLD
2013-03-11,1.873991847038269,1.9149999618530273,1.9153130054473877,1.886875033378601,1.8987499475479126,42518400,QLD
2013-03-12,1.8608423471450806,1.901563048362732,1.9118750095367432,1.8825000524520874,1.9034379720687866,64576000,QLD
2013-03-13,1.8544201850891113,1.8949999809265137,1.909999966621399,1.8828129768371582,1.9034379720687866,63180800,QLD
2013-03-14,1.867570161819458,1.908437967300415,1.9159380197525024,1.899999976158142,1.908437967300415,52873600,QLD
2013-03-15,1.8571727275848389,1.8978129625320435,1.9128129482269287,1.8878129720687866,1.909999966621399,66950400,QLD
2013-03-18,1.847387433052063,1.8878129720687866,1.903749942779541,1.8537499904632568,1.8628129959106445,54707200,QLD
2013-03-19,1.842187762260437,1.8825000524520874,1.907188057899475,1.8481249809265137,1.9003130197525024,110000000,QLD
2013-03-20,1.8652044534683228,1.9018750190734863,1.9112499952316284,1.8862500190734863,1.9031250476837158,52937600,QLD
2013-03-21,1.825669288635254,1.861562967300415,1.8781249523162842,1.8515629768371582,1.8700000047683716,88086400,QLD
2013-03-22,1.8596878051757812,1.8962500095367432,1.8987499475479126,1.8715629577636719,1.875,46230400,QLD
2013-03-25,1.84528386592865,1.8815629482269287,1.9159380197525024,1.8643749952316284,1.907188057899475,86172800,QLD
2013-03-26,1.8667367696762085,1.9034379720687866,1.9034379720687866,1.8884379863739014,1.896875023841858,44544000,QLD
2013-03-27,1.8713337182998657,1.9081250429153442,1.9103130102157593,1.8718750476837158,1.877500057220459,47273600,QLD
2013-03-28,1.8814480304718018,1.9184379577636719,1.9215630292892456,1.8984379768371582,1.9075000286102295,45878400,QLD
2013-04-01,1.854478359222412,1.8909380435943604,1.9231250286102295,1.881250023841858,1.9199999570846558,71558400,QLD
2013-04-02,1.8839000463485718,1.9209380149841309,1.932813048362732,1.9056249856948853,1.908437967300415,70921600,QLD
2013-04-03,1.8495750427246094,1.885938048362732,1.9278130531311035,1.8765629529953003,1.9221880435943604,86080000,QLD
2013-04-04,1.8511062860488892,1.8875000476837158,1.895313024520874,1.8662500381469727,1.8840630054473877,59216000,QLD
2013-04-05,1.819540023803711,1.8553129434585571,1.8606250286102295,1.8181250095367432,1.8271880149841309,86979200,QLD
2013-04-08,1.8391541242599487,1.8753130435943604,1.8753130435943604,1.8453129529953003,1.8553129434585571,45264000,QLD
2013-04-09,1.8624461889266968,1.899062991142273,1.9143749475479126,1.8668750524520874,1.8846880197525024,86963200,QLD
2013-04-10,1.9360002279281616,1.9740630388259888,1.9787499904632568,1.9112499952316284,1.9112499952316284,57779200,QLD
2013-04-11,1.9323225021362305,1.9703129529953003,1.9809379577636719,1.9600000381469727,1.9631249904632568,64160000,QLD
2013-04-12,1.930789828300476,1.96875,1.9718749523162842,1.939687967300415,1.9634380340576172,55929600,QLD
2013-04-15,1.8550913333892822,1.891563057899475,1.9603129625320435,1.8875000476837158,1.9546879529953003,69660800,QLD
2013-04-16,1.9047402143478394,1.942188024520874,1.945937991142273,1.9049999713897705,1.9137500524520874,45411200,QLD
2013-04-17,1.8302662372589111,1.8662500381469727,1.908437967300415,1.84375,1.9065630435943604,122806400,QLD
2013-04-18,1.7787786722183228,1.8137500286102295,1.8762500286102295,1.7981250286102295,1.875938057899475,109776000,QLD
2013-04-19,1.8281211853027344,1.864063024520874,1.871250033378601,1.8156249523162842,1.820937991142273,109193600,QLD
2013-04-22,1.8633655309677124,1.899999976158142,1.914687991142273,1.863124966621399,1.8765629529953003,65868800,QLD
2013-04-23,1.8995294570922852,1.9368749856948853,1.9509379863739014,1.9028129577636719,1.9246879816055298,91984000,QLD
2013-04-24,1.8979979753494263,1.9353129863739014,1.9503129720687866,1.9190629720687866,1.928125023841858,90688000,QLD
2013-04-25,1.9182246923446655,1.9559379816055298,1.9715629816055298,1.9456249475479126,1.9456249475479126,83571200,QLD
2013-04-26,1.9074980020523071,1.9450000524520874,1.955312967300415,1.9278130531311035,1.9462499618530273,78204800,QLD
2013-04-29,1.9421298503875732,1.9803129434585571,1.9950000047683716,1.955625057220459,1.956874966621399,71712000,QLD
2013-04-30,1.9690991640090942,2.007812976837158,2.009687900543213,1.9706250429153442,1.9846880435943604,83516800,QLD
2013-05-01,1.9525498151779175,1.9909379482269287,2.0165629386901855,1.9824999570846558,2.009687900543213,114310400,QLD
2013-05-02,2.0009734630584717,2.0403130054473877,2.04843807220459,1.9934380054473877,1.9968750476837158,46361600,QLD
2013-05-03,2.048475980758667,2.088749885559082,2.1006250381469727,2.077500104904175,2.078749895095825,60713600,QLD
2013-05-06,2.0634937286376953,2.104063034057617,2.11093807220459,2.0924999713897705,2.095937967300415,60169600,QLD
2013-05-07,2.061042547225952,2.101562976837158,2.114687919616699,2.0865631103515625,2.111562967300415,57040000,QLD
2013-05-08,2.081575393676758,2.122499942779541,2.125624895095825,2.093125104904175,2.098750114440918,41248000,QLD
2013-05-09,2.0775909423828125,2.1184380054473877,2.1449999809265137,2.108438014984131,2.1128129959106445,60803200,QLD
2013-05-10,2.0996575355529785,2.1409380435943604,2.143749952316284,2.1178131103515625,2.124687910079956,49872000,QLD
2013-05-13,2.106705904006958,2.148124933242798,2.1575000286102295,2.130625009536743,2.135313034057617,40915200,QLD
2013-05-14,2.1278533935546875,2.1696879863739014,2.182499885559082,2.1468749046325684,2.1475000381469727,43753600,QLD
2013-05-15,2.1361284255981445,2.1781249046325684,2.182499885559082,2.150624990463257,2.160938024520874,35145600,QLD
2013-05-16,2.1324501037597656,2.174375057220459,2.203125,2.171250104904175,2.1828129291534424,50179200,QLD
2013-05-17,2.171373128890991,2.2140629291534424,2.2171878814697266,2.182188034057617,2.1940629482269287,71779200,QLD
2013-05-20,2.165243148803711,2.207813024520874,2.2228128910064697,2.1912500858306885,2.202812910079956,60352000,QLD
2013-05-21,2.169227123260498,2.2118749618530273,2.2296879291534424,2.1912500858306885,2.2068750858306885,64400000,QLD
2013-05-22,2.134596586227417,2.176563024520874,2.2537500858306885,2.1518750190734863,2.21875,166185600,QLD
2013-05-23,2.1211113929748535,2.1628129482269287,2.1784379482269287,2.128124952316284,2.135624885559082,130096000,QLD
2013-05-24,2.1208035945892334,2.1624999046325684,2.1624999046325684,2.1234378814697266,2.134999990463257,66115200,QLD
2013-05-28,2.1477739810943604,2.190000057220459,2.2281250953674316,2.177187919616699,2.2118749618530273,82128000,QLD
2013-05-29,2.1269330978393555,2.168750047683716,2.184999942779541,2.1443750858306885,2.1728129386901855,99123200,QLD
2013-05-30,2.1490001678466797,2.1912500858306885,2.2118749618530273,2.170938014984131,2.170938014984131,67289600,QLD
2013-05-31,2.1091578006744385,2.150624990463257,2.207813024520874,2.148437976837158,2.1753129959106445,79737600,QLD
2013-06-03,2.1180458068847656,2.1596879959106445,2.1600000858306885,2.104063034057617,2.1543750762939453,107315200,QLD
2013-06-04,2.095980167388916,2.137187957763672,2.184999942779541,2.119374990463257,2.166249990463257,124944000,QLD
2013-06-05,2.0426533222198486,2.082813024520874,2.1387500762939453,2.078125,2.1237499713897705,97526400,QLD
2013-06-06,2.0576703548431396,2.0981249809265137,2.100938081741333,2.047499895095825,2.0868749618530273,89244800,QLD
2013-06-07,2.115900754928589,2.1575000286102295,2.1628129482269287,2.1078128814697266,2.119374990463257,77740800,QLD
2013-06-10,2.118964672088623,2.1606249809265137,2.180000066757202,2.150938034057617,2.166874885559082,56844800,QLD
2013-06-11,2.0763657093048096,2.117187976837158,2.155625104904175,2.1024999618530273,2.117187976837158,88905600,QLD
2013-06-12,2.027942657470703,2.067812919616699,2.143125057220459,2.061875104904175,2.1415629386901855,96025600,QLD
2013-06-13,2.0775909423828125,2.1184380054473877,2.1287500858306885,2.0509378910064697,2.0625,83049600,QLD
2013-06-14,2.0521533489227295,2.0924999713897705,2.125,2.085937976837158,2.1206250190734863,57596800,QLD
2013-06-17,2.089850664138794,2.1309380531311035,2.15625,2.1106250286102295,2.125624895095825,72758400,QLD
2013-06-18,2.124481678009033,2.166249990463257,2.1753129959106445,2.137500047683716,2.137813091278076,67235200,QLD
2013-06-19,2.076978921890259,2.1178131103515625,2.1728129386901855,2.114687919616699,2.168750047683716,101926400,QLD
2013-06-20,1.9755351543426514,2.0143749713897705,2.0840630531311035,2.004688024520874,2.070312976837158,160064000,QLD
2013-06-21,1.9583728313446045,1.9968750476837158,2.027812957763672,1.964063048362732,2.01718807220459,88009600,QLD
2013-06-24,1.9188379049301147,1.9565629959106445,1.9874999523162842,1.924375057220459,1.9646879434585571,106896000,QLD
2013-06-25,1.9455010890960693,1.9837499856948853,2.0012500286102295,1.9612499475479126,1.9950000047683716,76316800,QLD
2013-06-26,1.9785996675491333,2.0174999237060547,2.027812957763672,2.005000114440918,2.0184381008148193,72160000,QLD
2013-06-27,1.9982140064239502,2.0374999046325684,2.0634379386901855,2.0356249809265137,2.040937900543213,68038400,QLD
2013-06-28,2.0000531673431396,2.039375066757202,2.067188024520874,2.015625,2.023750066757202,78371200,QLD
2013-07-01,2.0288612842559814,2.0687499046325684,2.1006250381469727,2.0637500286102295,2.0709381103515625,81539200,QLD
2013-07-02,2.029475212097168,2.0693750381469727,2.0950000286102295,2.0481250286102295,2.065624952316284,44448000,QLD
2013-07-03,2.0466365814208984,2.0868749618530273,2.105937957763672,2.052187919616699,2.054687976837158,27404800,QLD
2013-07-05,2.0763657093048096,2.117187976837158,2.119062900543213,2.0768749713897705,2.11093807220459,59292800,QLD
2013-07-08,2.0800435543060303,2.1209380626678467,2.140625,2.1071879863739014,2.140312910079956,38166400,QLD
2013-07-09,2.1054799556732178,2.1468749046325684,2.156874895095825,2.122499942779541,2.1409380435943604,36035200,QLD
2013-07-10,2.130918025970459,2.1728129386901855,2.1781249046325684,2.142812967300415,2.143125057220459,37033600,QLD
2013-07-11,2.2188758850097656,2.262500047683716,2.262500047683716,2.2168750762939453,2.21875,54336000,QLD
2013-07-12,2.2351200580596924,2.2790629863739014,2.28125,2.25,2.262813091278076,43164800,QLD
2013-07-15,2.245540142059326,2.2896881103515625,2.291563034057617,2.270937919616699,2.283437967300415,40771200,QLD
2013-07-16,2.2397167682647705,2.283750057220459,2.296250104904175,2.2715630531311035,2.2925000190734863,49744000,QLD
2013-07-17,2.249830484390259,2.294063091278076,2.305000066757202,2.2815630435943604,2.296875,46243200,QLD
2013-07-18,2.238490343093872,2.2825000286102295,2.305000066757202,2.275624990463257,2.2928130626678467,57660800,QLD
2013-07-19,2.193131685256958,2.2362499237060547,2.244374990463257,2.2221879959106445,2.2437500953674316,56723200,QLD
2013-07-22,2.203859806060791,2.247188091278076,2.2584381103515625,2.234999895095825,2.2540628910064697,34041600,QLD
2013-07-23,2.173517942428589,2.216249942779541,2.257499933242798,2.2118749618530273,2.257499933242798,45657600,QLD
2013-07-24,2.1866965293884277,2.2296879291534424,2.260624885559082,2.2196879386901855,2.2590630054473877,46150400,QLD
2013-07-25,2.2127463817596436,2.2562499046325684,2.262500047683716,2.226875066757202,2.2512500286102295,41510400,QLD
2013-07-26,2.2366514205932617,2.280625104904175,2.2815630435943604,2.2321879863739014,2.2406249046325684,33664000,QLD
2013-07-29,2.2286832332611084,2.2725000381469727,2.2921879291534424,2.2609379291534424,2.2721879482269287,46835200,QLD
2013-07-30,2.2513620853424072,2.2956249713897705,2.315624952316284,2.280313014984131,2.289062976837158,51635200,QLD
2013-07-31,2.261169910430908,2.3056249618530273,2.3318750858306885,2.296875,2.3056249618530273,55315200,QLD
2013-08-01,2.305914878845215,2.351249933242798,2.359062910079956,2.3324999809265137,2.3371880054473877,42681600,QLD
2013-08-02,2.3328845500946045,2.3787500858306885,2.379688024520874,2.3424999713897705,2.354374885559082,36521600,QLD
2013-08-05,2.3362560272216797,2.382188081741333,2.385624885559082,2.367187976837158,2.3731250762939453,27232000,QLD
2013-08-06,2.308366537094116,2.353749990463257,2.379688024520874,2.3343749046325684,2.375,50659200,QLD
2013-08-07,2.2997851371765137,2.3450000286102295,2.3524999618530273,2.3109378814697266,2.340938091278076,64249600,QLD
2013-08-08,2.3206257820129395,2.3662500381469727,2.378124952316284,2.3368749618530273,2.371562957763672,55721600,QLD
2013-08-09,2.303769826889038,2.349062919616699,2.3759379386901855,2.335313081741333,2.361562967300415,40556800,QLD
2013-08-12,2.3123514652252197,2.3578128814697266,2.367500066757202,2.32968807220459,2.330312967300415,65683200,QLD
2013-08-13,2.338094711303711,2.3840630054473877,2.3965630531311035,2.3315629959106445,2.364375114440918,70147200,QLD
2013-08-14,2.321851968765259,2.367500066757202,2.390312910079956,2.3612499237060547,2.3837499618530273,71340800,QLD
2013-08-15,2.244619369506836,2.288749933242798,2.3165628910064697,2.2746880054473877,2.3165628910064697,57756800,QLD
2013-08-16,2.240328788757324,2.284374952316284,2.3081250190734863,2.2774999141693115,2.2881250381469727,57670400,QLD
2013-08-19,2.233280658721924,2.2771880626678467,2.3240630626678467,2.275938034057617,2.286875009536743,57177600,QLD
2013-08-20,2.2528955936431885,2.2971880435943604,2.318125009536743,2.2815630435943604,2.286562919616699,45008000,QLD
2013-08-21,2.2372641563415527,2.28125,2.3215630054473877,2.264688014984131,2.2831249237060547,63923200,QLD
2013-08-22,2.279557704925537,2.3243749141693115,2.3284380435943604,2.299062967300415,2.3006250858306885,55203200,QLD
2013-08-23,2.3120439052581787,2.3575000762939453,2.362499952316284,2.3415629863739014,2.359062910079956,61897600,QLD
2013-08-26,2.312656879425049,2.3581249713897705,2.3943750858306885,2.3496880531311035,2.359999895095825,78521600,QLD
2013-08-27,2.2170369625091553,2.260624885559082,2.3259379863739014,2.252500057220459,2.3037500381469727,118259200,QLD
2013-08-28,2.2369582653045654,2.280937910079956,2.299375057220459,2.257499933242798,2.258125066757202,59622400,QLD
2013-08-29,2.267299175262451,2.311875104904175,2.3340630531311035,2.2721879482269287,2.278125047683716,64089600,QLD
2013-08-30,2.2375710010528564,2.2815630435943604,2.3162500858306885,2.266249895095825,2.3162500858306885,68828800,QLD
2013-09-03,2.2608630657196045,2.3053131103515625,2.3399999141693115,2.2874999046325684,2.320312976837158,62048000,QLD
2013-09-04,2.3117377758026123,2.3571879863739014,2.364063024520874,2.3106250762939453,2.323124885559082,65494400,QLD
2013-09-05,2.319706439971924,2.3653130531311035,2.378124952316284,2.358438014984131,2.3596880435943604,45568000,QLD
2013-09-06,2.324915647506714,2.3706250190734863,2.3946878910064697,2.317500114440918,2.380000114440918,91158400,QLD
2013-09-09,2.3782424926757812,2.424999952316284,2.434062957763672,2.390312910079956,2.390312910079956,49776000,QLD
2013-09-10,2.402454376220703,2.449687957763672,2.456249952316284,2.432499885559082,2.453749895095825,70390400,QLD
2013-09-11,2.3935673236846924,2.440624952316284,2.443125009536743,2.411562919616699,2.4181249141693115,46428800,QLD
2013-09-12,2.3889694213867188,2.4359378814697266,2.452188014984131,2.427187919616699,2.43906307220459,51107200,QLD
2013-09-13,2.3932607173919678,2.4403131008148193,2.444688081741333,2.414375066757202,2.4437499046325684,32937600,QLD
2013-09-16,2.3794686794281006,2.4262499809265137,2.480937957763672,2.416249990463257,2.479063034057617,38761600,QLD
2013-09-17,2.411954402923584,2.4593749046325684,2.4646880626678467,2.436875104904175,2.436875104904175,35030400,QLD
2013-09-18,2.469266176223755,2.517812967300415,2.527812957763672,2.456249952316284,2.4668750762939453,45824000,QLD
2013-09-19,2.4806056022644043,2.5293750762939453,2.541249990463257,2.5218749046325684,2.5331249237060547,30729600,QLD
2013-09-20,2.462829113006592,2.5112500190734863,2.546875,2.5093750953674316,2.5421879291534424,37628800,QLD
2013-09-23,2.452408790588379,2.500624895095825,2.538749933242798,2.478749990463257,2.5353128910064697,39772800,QLD
2013-09-24,2.4533298015594482,2.50156307220459,2.528438091278076,2.484999895095825,2.5115630626678467,33462400,QLD
2013-09-25,2.4386181831359863,2.486562967300415,2.512187957763672,2.4749999046325684,2.5043749809265137,54444800,QLD
2013-09-26,2.474782705307007,2.523437976837158,2.5353128910064697,2.503124952316284,2.5043749809265137,40940800,QLD
2013-09-27,2.469266176223755,2.517812967300415,2.525938034057617,2.486875057220459,2.4959380626678467,52864000,QLD
2013-09-30,2.451490879058838,2.499687910079956,2.51718807220459,2.4484379291534424,2.4649999141693115,79593600,QLD
2013-10-01,2.5063490867614746,2.5556249618530273,2.5578129291534424,2.5018749237060547,2.505000114440918,49129600,QLD
2013-10-02,2.503591299057007,2.5528130531311035,2.5606250762939453,2.5159380435943604,2.520625114440918,52505600,QLD
2013-10-03,2.4459738731384277,2.494062900543213,2.5581250190734863,2.4671878814697266,2.5471880435943604,59833600,QLD
2013-10-04,2.4867348670959473,2.5356249809265137,2.543437957763672,2.489063024520874,2.4928131103515625,39856000,QLD
2013-10-07,2.445667028427124,2.4937500953674316,2.533750057220459,2.4906249046325684,2.4934380054473877,51856000,QLD
2013-10-08,2.354337453842163,2.400624990463257,2.4978129863739014,2.3968749046325684,2.494999885559082,89462400,QLD
2013-10-09,2.3371753692626953,2.383125066757202,2.411250114440918,2.344374895095825,2.4096879959106445,85142400,QLD
2013-10-10,2.434020757675171,2.481874942779541,2.494374990463257,2.4337499141693115,2.4337499141693115,87622400,QLD
2013-10-11,2.474170207977295,2.522813081741333,2.5265629291534424,2.471250057220459,2.471874952316284,66112000,QLD
2013-10-14,2.508188486099243,2.557499885559082,2.5578129291534424,2.4878129959106445,2.491563081741333,57417600,QLD
2013-10-15,2.4894936084747314,2.538438081741333,2.5784380435943604,2.5325000286102295,2.5537500381469727,113964800,QLD
2013-10-16,2.5455782413482666,2.5956249237060547,2.598438024520874,2.5581250190734863,2.5603129863739014,88153600,QLD
2013-10-17,2.5746936798095703,2.6253130435943604,2.627187967300415,2.5684380531311035,2.5715630054473877,78169600,QLD
2013-10-18,2.657747983932495,2.7100000381469727,2.7121880054473877,2.658437967300415,2.6728129386901855,86137600,QLD
2013-10-21,2.668780565261841,2.721250057220459,2.7353129386901855,2.706249952316284,2.7206249237060547,74185600,QLD
2013-10-22,2.6733782291412354,2.725938081741333,2.759687900543213,2.6962499618530273,2.7412500381469727,107747200,QLD
2013-10-23,2.6454885005950928,2.697499990463257,2.713749885559082,2.671250104904175,2.703749895095825,109894400,QLD
2013-10-24,2.6675546169281006,2.7200000286102295,2.731874942779541,2.692500114440918,2.7009379863739014,60364800,QLD
2013-10-25,2.7046384811401367,2.757812976837158,2.783750057220459,2.733750104904175,2.7718749046325684,95027200,QLD
2013-10-28,2.7073965072631836,2.760624885559082,2.7690629959106445,2.73593807220459,2.7593750953674316,82665600,QLD
2013-10-29,2.715059757232666,2.7684381008148193,2.78281307220459,2.7456250190734863,2.7771880626678467,132425600,QLD
2013-10-30,2.710461139678955,2.7637500762939453,2.797499895095825,2.7378129959106445,2.789062976837158,137129600,QLD
2013-10-31,2.69820237159729,2.7512500286102295,2.7853128910064697,2.731250047683716,2.7509379386901855,118224000,QLD
2013-11-01,2.6991219520568848,2.752187967300415,2.775938034057617,2.725938081741333,2.7674999237060547,85600000,QLD
2013-11-04,2.705557346343994,2.7587499618530273,2.770313024520874,2.7409379482269287,2.770313024520874,39737600,QLD
2013-11-05,2.71321964263916,2.7665629386901855,2.789062976837158,2.723438024520874,2.7371881008148193,54521600,QLD
2013-11-06,2.711686611175537,2.765000104904175,2.791249990463257,2.747499942779541,2.788438081741333,71820800,QLD
2013-11-07,2.610244035720825,2.661562919616699,2.773437976837158,2.656874895095825,2.7643749713897705,105452800,QLD
2013-11-08,2.680734634399414,2.733438014984131,2.733750104904175,2.665937900543213,2.6787500381469727,87696000,QLD
2013-11-11,2.6724581718444824,2.7249999046325684,2.7384378910064697,2.7059381008148193,2.721874952316284,56755200,QLD
2013-11-12,2.6795079708099365,2.7321879863739014,2.740000009536743,2.7043750286102295,2.7068750858306885,93792000,QLD
2013-11-13,2.74509334564209,2.799062967300415,2.799062967300415,2.6962499618530273,2.697499990463257,95593600,QLD
2013-11-14,2.7601094245910645,2.8143749237060547,2.8193750381469727,2.772813081741333,2.781874895095825,94236800,QLD
2013-11-15,2.7708370685577393,2.825313091278076,2.8265628814697266,2.802500009536743,2.8168749809265137,82048000,QLD
2013-11-18,2.7199628353118896,2.773437976837158,2.835937976837158,2.7609379291534424,2.8237500190734863,99974400,QLD
2013-11-19,2.7012672424316406,2.7543749809265137,2.794063091278076,2.7456250190734863,2.7690629959106445,126345600,QLD
2013-11-20,2.690847396850586,2.7437500953674316,2.7906250953674316,2.7253129482269287,2.770313024520874,172729600,QLD
2013-11-21,2.7417218685150146,2.7956249713897705,2.801875114440918,2.759687900543213,2.7618749141693115,127251200,QLD
2013-11-22,2.772982120513916,2.827500104904175,2.8293750286102295,2.802500009536743,2.8078129291534424,128771200,QLD
2013-11-25,2.785240650177002,2.8399999141693115,2.8531250953674316,2.8265628814697266,2.8481249809265137,93516800,QLD
2013-11-26,2.814356565475464,2.869688034057617,2.8840630054473877,2.8293750286102295,2.8421878814697266,91990400,QLD
2013-11-27,2.8529720306396484,2.9090631008148193,2.911875009536743,2.877187967300415,2.882188081741333,97398400,QLD
2013-11-29,2.8845388889312744,2.9412500858306885,2.952812910079956,2.9284379482269287,2.931562900543213,46563200,QLD
2013-12-02,2.869828224182129,2.9262499809265137,2.960313081741333,2.919063091278076,2.9518749713897705,75283200,QLD
2013-12-03,2.86523175239563,2.921562910079956,2.938124895095825,2.900312900543213,2.92343807220459,88048000,QLD
2013-12-04,2.8707475662231445,2.927187919616699,2.947187900543213,2.879688024520874,2.898750066757202,92038400,QLD
2013-12-05,2.865537643432617,2.921875,2.9393749237060547,2.905625104904175,2.934375047683716,84457600,QLD
2013-12-06,2.9056856632232666,2.962812900543213,2.9749999046325684,2.934375047683716,2.9696879386901855,95856000,QLD
2013-12-09,2.9283652305603027,2.98593807220459,2.999063014984131,2.976249933242798,2.984375,94905600,QLD
2013-12-10,2.9249932765960693,2.9825000762939453,2.9934380054473877,2.970937967300415,2.9753129482269287,74976000,QLD
2013-12-11,2.8502132892608643,2.90625,2.990000009536743,2.8975000381469727,2.9821879863739014,106236800,QLD
2013-12-12,2.8364224433898926,2.89218807220459,2.921875,2.8865630626678467,2.9090631008148193,103916800,QLD
2013-12-13,2.8272290229797363,2.882812976837158,2.919374942779541,2.8712499141693115,2.916249990463257,64057600,QLD
2013-12-16,2.858182191848755,2.914375066757202,2.947499990463257,2.9071879386901855,2.911562919616699,57100800,QLD
2013-12-17,2.8480684757232666,2.9040629863739014,2.9281249046325684,2.89218807220459,2.916249990463257,43561600,QLD
2013-12-18,2.9142677783966064,2.9715631008148193,2.9753129482269287,2.825624942779541,2.9096879959106445,166835200,QLD
2013-12-19,2.89526629447937,2.952188014984131,2.960313081741333,2.927187919616699,2.958750009536743,114192000,QLD
2013-12-20,2.9534964561462402,3.0115630626678467,3.025624990463257,2.960937976837158,2.9621880054473877,93168000,QLD
2013-12-23,3.0160162448883057,3.075313091278076,3.0762500762939453,3.044374942779541,3.0612499713897705,67436800,QLD
2013-12-24,3.020000696182251,3.0793750286102295,3.0824999809265137,3.0665628910064697,3.0784380435943604,31331200,QLD
2013-12-26,3.0386962890625,3.098438024520874,3.103749990463257,3.078125,3.088438034057617,61670400,QLD
2013-12-27,3.0230655670166016,3.0824999809265137,3.1096880435943604,3.0759379863739014,3.1053130626678467,75680000,QLD
2013-12-30,3.01387095451355,3.073124885559082,3.0821878910064697,3.056874990463257,3.0734379291534424,55686400,QLD
2013-12-31,3.0524868965148926,3.112499952316284,3.112499952316284,3.082813024520874,3.082813024520874,55052800,QLD
2014-01-02,3.005596876144409,3.064687967300415,3.086250066757202,3.0471880435943604,3.0850000381469727,70310400,QLD
2014-01-03,2.962996006011963,3.021250009536743,3.070312976837158,3.0190629959106445,3.065624952316284,92188800,QLD
2014-01-06,2.9387850761413574,2.996562957763672,3.028125047683716,2.975938081741333,3.0218749046325684,131728000,QLD
2014-01-07,2.992417573928833,3.0512499809265137,3.061563014984131,3.014688014984131,3.0243749618530273,132166400,QLD
2014-01-08,3.007741689682007,3.0668749809265137,3.082813024520874,3.040937900543213,3.0528130531311035,117705600,QLD
2014-01-09,2.986288547515869,3.0450000762939453,3.0896880626678467,3.0250000953674316,3.0871880054473877,109100800,QLD
2014-01-10,3.005596876144409,3.064687967300415,3.0718750953674316,3.015000104904175,3.062187910079956,104531200,QLD
2014-01-13,2.9145731925964355,2.971874952316284,3.077812910079956,2.9509379863739014,3.054687976837158,146083200,QLD
2014-01-14,3.028275489807129,3.087812900543213,3.0915629863739014,2.994374990463257,2.994374990463257,113846400,QLD
2014-01-15,3.0763912200927734,3.1368749141693115,3.150624990463257,3.1071879863739014,3.1112499237060547,104457600,QLD
2014-01-16,3.079763412475586,3.140312910079956,3.148124933242798,3.1231250762939453,3.1318750381469727,72393600,QLD
2014-01-17,3.0435996055603027,3.103437900543213,3.137813091278076,3.088438034057617,3.1206250190734863,73616000,QLD
2014-01-21,3.0895705223083496,3.150312900543213,3.152812957763672,3.0978128910064697,3.1434381008148193,81907200,QLD
2014-01-22,3.107651710510254,3.168750047683716,3.181562900543213,3.1475000381469727,3.1653130054473877,69168000,QLD
2014-01-23,3.085279703140259,3.145937919616699,3.1471879482269287,3.101249933242798,3.1465630531311035,101129600,QLD
2014-01-24,2.9596259593963623,3.017812967300415,3.1231250762939453,3.017812967300415,3.1153130531311035,152416000,QLD
2014-01-27,2.9066052436828613,2.963749885559082,3.030937910079956,2.9175000190734863,3.023124933242798,204976000,QLD
2014-01-28,2.9023144245147705,2.9593749046325684,2.9643750190734863,2.921875,2.9309380054473877,94243200,QLD
2014-01-29,2.8407139778137207,2.8965630531311035,2.950624942779541,2.8834381103515625,2.9071879386901855,196211200,QLD
2014-01-30,2.9406239986419678,2.9984378814697266,3.0215630531311035,2.9600000381469727,2.9671878814697266,97337600,QLD
2014-01-31,2.92805814743042,2.9856250286102295,3.0143749713897705,2.929063081741333,2.9359378814697266,121593600,QLD
2014-02-03,2.7965807914733887,2.851562976837158,3.0012500286102295,2.833437919616699,2.976562976837158,177078400,QLD
2014-02-04,2.8342771530151367,2.890000104904175,2.9131250381469727,2.8603129386901855,2.877187967300415,121347200,QLD
2014-02-05,2.819565534591675,2.875,2.895625114440918,2.8103129863739014,2.8706250190734863,108406400,QLD
2014-02-06,2.888829469680786,2.945625066757202,2.95468807220459,2.890625,2.8915629386901855,83212800,QLD
2014-02-07,2.992112159729004,3.0509378910064697,3.056562900543213,2.9640629291534424,2.9825000762939453,109321600,QLD
2014-02-10,3.027355909347534,3.0868749618530273,3.090625047683716,3.0481250286102295,3.049375057220459,87689600,QLD
2014-02-11,3.096005916595459,3.156874895095825,3.1703128814697266,3.0946879386901855,3.0999999046325684,117619200,QLD
2014-02-12,3.1082651615142822,3.169374942779541,3.184375047683716,3.1515629291534424,3.171250104904175,98265600,QLD
2014-02-13,3.153623342514038,3.215625047683716,3.221874952316284,3.1231250762939453,3.1231250762939453,104150400,QLD
2014-02-14,3.1677205562591553,3.2300000190734863,3.244374990463257,3.1962499618530273,3.213438034057617,84371200,QLD
2014-02-18,3.1986753940582275,3.2615630626678467,3.273750066757202,3.2249999046325684,3.2378129959106445,64608000,QLD
2014-02-19,3.155155658721924,3.2171878814697266,3.2637500762939453,3.203125,3.247499942779541,115001600,QLD
2014-02-20,3.1808998584747314,3.2434380054473877,3.258125066757202,3.1940629482269287,3.220937967300415,111888000,QLD
2014-02-21,3.1720118522644043,3.234375,3.276249885559082,3.2300000190734863,3.266249895095825,91769600,QLD
2014-02-24,3.210014581680298,3.273124933242798,3.3012499809265137,3.2456250190734863,3.2512500286102295,70592000,QLD
2014-02-25,3.2002077102661133,3.263124942779541,3.294374942779541,3.2437500953674316,3.280313014984131,112841600,QLD
2014-02-26,3.194998264312744,3.257812976837158,3.302187919616699,3.2328128814697266,3.283437967300415,116316800,QLD
2014-02-27,3.237291097640991,3.3009378910064697,3.306874990463257,3.249375104904175,3.259687900543213,82201600,QLD
2014-02-28,3.228403091430664,3.291874885559082,3.338124990463257,3.2356250286102295,3.299062967300415,106700800,QLD
2014-03-03,3.181206226348877,3.2437500953674316,3.260624885559082,3.1859378814697266,3.229374885559082,104294400,QLD
2014-03-04,3.2624216079711914,3.3265628814697266,3.338749885559082,3.3084380626678467,3.31406307220459,130777600,QLD
2014-03-05,3.2805042266845703,3.3450000286102295,3.356250047683716,3.3237500190734863,3.3371880054473877,85004800,QLD
2014-03-06,3.2728426456451416,3.3371880054473877,3.364687919616699,3.314687967300415,3.358750104904175,90723200,QLD
2014-03-07,3.24096941947937,3.304687976837158,3.3659379482269287,3.2721879482269287,3.36093807220459,124304000,QLD
2014-03-10,3.2458724975585938,3.309688091278076,3.3143749237060547,3.268749952316284,3.302500009536743,77929600,QLD
2014-03-11,3.219515800476074,3.28281307220459,3.34375,3.2634379863739014,3.327188014984131,135974400,QLD
2014-03-12,3.2418882846832275,3.3056249618530273,3.309688091278076,3.228749990463257,3.2537500858306885,110128000,QLD
2014-03-13,3.1520917415618896,3.2140629291534424,3.333750009536743,3.1834380626678467,3.3321878910064697,176160000,QLD
2014-03-14,3.1067330837249756,3.1678130626678467,3.220937967300415,3.1671879291534424,3.1912500858306885,129161600,QLD
2014-03-17,3.1634302139282227,3.2256250381469727,3.2768750190734863,3.2065629959106445,3.2090630531311035,93056000,QLD
2014-03-18,3.2391300201416016,3.3028130531311035,3.309375047683716,3.231250047683716,3.2321879863739014,108176000,QLD
2014-03-19,3.205418586730957,3.2684381008148193,3.311563014984131,3.223438024520874,3.305000066757202,128336000,QLD
2014-03-20,3.221048593521118,3.284374952316284,3.304063081741333,3.2328128814697266,3.246875047683716,98176000,QLD
2014-03-21,3.142590284347534,3.2043750286102295,3.325313091278076,3.193125009536743,3.320312976837158,169881600,QLD
2014-03-24,3.089876890182495,3.150624990463257,3.233438014984131,3.0918750762939453,3.228749990463257,196688000,QLD
2014-03-25,3.107959747314453,3.169063091278076,3.2221879959106445,3.1178131103515625,3.182499885559082,171043200,QLD
2014-03-26,3.0279691219329834,3.0875000953674316,3.2146880626678467,3.0868749618530273,3.2018749713897705,162048000,QLD
2014-03-27,2.9942567348480225,3.0531249046325684,3.106874942779541,3.020313024520874,3.0809381008148193,136320000,QLD
2014-03-28,3.006822347640991,3.0659379959106445,3.1318750381469727,3.0481250286102295,3.072813034057617,103923200,QLD
2014-03-31,3.0478897094726562,3.1078128814697266,3.148750066757202,3.1050000190734863,3.1112499237060547,107219200,QLD
2014-04-01,3.1542367935180664,3.216249942779541,3.2206249237060547,3.1368749141693115,3.137500047683716,111977600,QLD
2014-04-02,3.1710922718048096,3.233438014984131,3.250624895095825,3.2043750286102295,3.244062900543213,107459200,QLD
2014-04-03,3.121443748474121,3.1828129291534424,3.2503130435943604,3.1468749046325684,3.2412500381469727,103200000,QLD
2014-04-04,2.952883243560791,3.0109379291534424,3.230937957763672,2.996875047683716,3.2228128910064697,228656000,QLD
2014-04-07,2.900169849395752,2.9571878910064697,3.0296878814697266,2.914062976837158,2.9756250381469727,183072000,QLD
2014-04-08,2.9510440826416016,3.0090630054473877,3.01718807220459,2.9415628910064697,2.9618749618530273,135984000,QLD
2014-04-09,3.053100109100342,3.1131250858306885,3.116563081741333,3.016249895095825,3.0321879386901855,105782400,QLD
2014-04-10,2.864619493484497,2.920938014984131,3.1162500381469727,2.903438091278076,3.114375114440918,244662400,QLD
2014-04-11,2.7981128692626953,2.8531250953674316,2.943125009536743,2.838438034057617,2.8678131103515625,173683200,QLD
2014-04-14,2.8407139778137207,2.8965630531311035,2.926563024520874,2.842813014984131,2.900624990463257,149254400,QLD
2014-04-15,2.858794927597046,2.9149999618530273,2.948124885559082,2.793750047683716,2.915937900543213,180780800,QLD
2014-04-16,2.9332683086395264,2.9909379482269287,2.9928131103515625,2.918437957763672,2.9668750762939453,89075200,QLD
2014-04-17,2.9351084232330322,2.9928131103515625,3.022813081741333,2.955312967300415,2.971250057220459,69481600,QLD
2014-04-21,2.979545831680298,3.0381250381469727,3.038438081741333,2.9803130626678467,3.0084381103515625,70403200,QLD
2014-04-22,3.027663469314575,3.0871880054473877,3.100938081741333,3.0481250286102295,3.056874990463257,55772800,QLD
2014-04-23,2.9731101989746094,3.0315630435943604,3.088124990463257,3.027812957763672,3.0865631103515625,64211200,QLD
2014-04-24,3.031033992767334,3.090625047683716,3.132812976837158,3.023750066757202,3.132812976837158,94345600,QLD
2014-04-25,2.9332683086395264,2.9909379482269287,3.059375047683716,2.976562976837158,3.052500009536743,84854400,QLD
2014-04-28,2.9544148445129395,3.012500047683716,3.0537500381469727,2.9153130054473877,3.0174999237060547,147641600,QLD
2014-04-29,2.998854398727417,3.0578129291534424,3.0687499046325684,2.999063014984131,3.028749942779541,62643200,QLD
2014-04-30,3.014791250228882,3.0740630626678467,3.0793750286102295,3.0140628814697266,3.0315630435943604,65504000,QLD
2014-05-01,3.0340983867645264,3.09375,3.12656307220459,3.0684380531311035,3.0815629959106445,69664000,QLD
2014-05-02,3.0224523544311523,3.0818750858306885,3.124063014984131,3.0662500858306885,3.111562967300415,92012800,QLD
2014-05-05,3.053100109100342,3.1131250858306885,3.114063024520874,3.0296878814697266,3.0450000762939453,59558400,QLD
2014-05-06,2.9734160900115967,3.031874895095825,3.106563091278076,3.0293750762939453,3.104374885559082,79705600,QLD
2014-05-07,2.955334424972534,3.0134379863739014,3.0506250858306885,2.9437499046325684,3.045938014984131,105225600,QLD
2014-05-08,2.950737237930298,3.0087499618530273,3.080625057220459,2.9796879291534424,2.9928131103515625,110300800,QLD
2014-05-09,2.9734160900115967,3.031874895095825,3.034374952316284,2.965312957763672,3.0034379959106445,88915200,QLD
2014-05-12,3.068730354309082,3.1290628910064697,3.132188081741333,3.061875104904175,3.067188024520874,48515200,QLD
2014-05-13,3.072713851928711,3.133125066757202,3.1571879386901855,3.1231250762939453,3.1362500190734863,48579200,QLD
2014-05-14,3.040534734725952,3.1003129482269287,3.1393749713897705,3.0875000953674316,3.1156249046325684,37392000,QLD
2014-05-15,2.994562864303589,3.0534379482269287,3.11093807220459,3.0140628814697266,3.1003129482269287,81430400,QLD
2014-05-16,3.0331790447235107,3.092813014984131,3.0965631008148193,3.020313024520874,3.059375047683716,52339200,QLD
2014-05-19,3.0770046710968018,3.137500047683716,3.1449999809265137,3.06406307220459,3.075624942779541,45942400,QLD
2014-05-20,3.0540196895599365,3.114063024520874,3.155313014984131,3.0868749618530273,3.1318750381469727,58121600,QLD
2014-05-21,3.1116366386413574,3.1728129386901855,3.174999952316284,3.1206250190734863,3.124063014984131,44745600,QLD
2014-05-22,3.1370739936828613,3.1987500190734863,3.2171878814697266,3.1700000762939453,3.1787500381469727,46982400,QLD
2014-05-23,3.1842713356018066,3.246875047683716,3.247499942779541,3.1918749809265137,3.206249952316284,26233600,QLD
2014-05-27,3.2645673751831055,3.328749895095825,3.328749895095825,3.2696878910064697,3.276249885559082,33321600,QLD
2014-05-28,3.2428078651428223,3.306562900543213,3.3350000381469727,3.3012499809265137,3.3243749141693115,55068800,QLD
2014-05-29,3.283569097518921,3.3481249809265137,3.3496880531311035,3.3165628910064697,3.330625057220459,39878400,QLD
2014-05-30,3.2857136726379395,3.3503129482269287,3.3606250286102295,3.315000057220459,3.3506250381469727,32217600,QLD
2014-06-02,3.2774386405944824,3.3418750762939453,3.359375,3.3009378910064697,3.3578128814697266,31388800,QLD
2014-06-03,3.275907278060913,3.340312957763672,3.3503129482269287,3.3125,3.320625066757202,26681600,QLD
2014-06-04,3.297973155975342,3.3628129959106445,3.375,3.313124895095825,3.323124885559082,28883200,QLD
2014-06-05,3.3546712398529053,3.4206249713897705,3.4334380626678467,3.3478128910064697,3.3703129291534424,39452800,QLD
2014-06-06,3.3926737308502197,3.4593749046325684,3.4593749046325684,3.4328129291534424,3.447499990463257,36284800,QLD
2014-06-09,3.3874640464782715,3.4540629386901855,3.4721879959106445,3.4356250762939453,3.4621880054473877,30595200,QLD
2014-06-10,3.397883653640747,3.4646880626678467,3.4700000286102295,3.4409379959106445,3.4487500190734863,30547200,QLD
2014-06-11,3.396045207977295,3.462812900543213,3.4746880531311035,3.436563014984131,3.442188024520874,36630400,QLD
2014-06-12,3.3381216526031494,3.403749942779541,3.458125114440918,3.378124952316284,3.450624942779541,58752000,QLD
2014-06-13,3.3562045097351074,3.4221880435943604,3.43906307220459,3.3924999237060547,3.431562900543213,37555200,QLD
2014-06-16,3.361412763595581,3.427500009536743,3.447813034057617,3.395625114440918,3.411250114440918,28521600,QLD
2014-06-17,3.3647847175598145,3.4309380054473877,3.449687957763672,3.410938024520874,3.424375057220459,31670400,QLD
2014-06-18,3.405852794647217,3.4728128910064697,3.479063034057617,3.400312900543213,3.43906307220459,36428800,QLD
2014-06-19,3.3984968662261963,3.465312957763672,3.484999895095825,3.434688091278076,3.4800000190734863,31721600,QLD
2014-06-20,3.4049320220947266,3.471874952316284,3.478749990463257,3.4549999237060547,3.469374895095825,25084800,QLD
2014-06-23,3.4067718982696533,3.473750114440918,3.476249933242798,3.4540629386901855,3.471874952316284,27811200,QLD
2014-06-24,3.400641679763794,3.4674999713897705,3.5321879386901855,3.447813034057617,3.473750114440918,60083200,QLD
2014-06-25,3.4445388317108154,3.5065629482269287,3.5174999237060547,3.445312976837158,3.4465630054473877,47814400,QLD
2014-06-26,3.4473021030426025,3.5093750953674316,3.512500047683716,3.455625057220459,3.509687900543213,55641600,QLD
2014-06-27,3.476156711578369,3.538749933242798,3.540937900543213,3.4987499713897705,3.4987499713897705,41836800,QLD
2014-06-30,3.4902777671813965,3.5531249046325684,3.569688081741333,3.5346879959106445,3.536875009536743,30547200,QLD
2014-07-01,3.567328453063965,3.6315629482269287,3.648437976837158,3.5734379291534424,3.575313091278076,32204800,QLD
2014-07-02,3.5780720710754395,3.6424999237060547,3.6524999141693115,3.6278131008148193,3.6340630054473877,34329600,QLD
2014-07-03,3.6201276779174805,3.6853129863739014,3.6859378814697266,3.645937919616699,3.6649999618530273,32624000,QLD
2014-07-07,3.5992534160614014,3.664062976837158,3.688124895095825,3.651249885559082,3.6787500381469727,54601600,QLD
2014-07-08,3.5142221450805664,3.577500104904175,3.6549999713897705,3.546562910079956,3.6518750190734863,67916800,QLD
2014-07-09,3.56579327583313,3.630000114440918,3.6365630626678467,3.574687957763672,3.595937967300415,50086400,QLD
2014-07-10,3.5436906814575195,3.6075000762939453,3.6362500190734863,3.528125047683716,3.538749933242798,43686400,QLD
2014-07-11,3.5857462882995605,3.650312900543213,3.6518750190734863,3.6028130054473877,3.6234378814697266,36265600,QLD
2014-07-14,3.6327130794525146,3.698124885559082,3.7125000953674316,3.6731250286102295,3.6856250762939453,27360000,QLD
2014-07-15,3.607541084289551,3.672499895095825,3.71875,3.6181249618530273,3.708750009536743,59190400,QLD
2014-07-16,3.6348628997802734,3.700313091278076,3.731250047683716,3.692500114440918,3.7231249809265137,27206400,QLD
2014-07-17,3.5390865802764893,3.6028130054473877,3.705625057220459,3.5784380435943604,3.6787500381469727,64441600,QLD
2014-07-18,3.6474475860595703,3.713124990463257,3.719374895095825,3.630312919616699,3.640625,43590400,QLD
2014-07-21,3.6391611099243164,3.70468807220459,3.717813014984131,3.671562910079956,3.6984379291534424,24688000,QLD
2014-07-22,3.688582181930542,3.755000114440918,3.7640628814697266,3.7328128814697266,3.739375114440918,25222400,QLD
2014-07-23,3.7337074279785156,3.8009378910064697,3.809375047683716,3.7659380435943604,3.7799999713897705,31715200,QLD
2014-07-24,3.726339817047119,3.793437957763672,3.823124885559082,3.7815630435943604,3.8137500286102295,40937600,QLD
2014-07-25,3.6934938430786133,3.759999990463257,3.772813081741333,3.723750114440918,3.755625009536743,31808000,QLD
2014-07-28,3.69779109954834,3.7643749713897705,3.783437967300415,3.7068750858306885,3.768749952316284,30073600,QLD
2014-07-29,3.6867406368255615,3.753124952316284,3.7971880435943604,3.7453129291534424,3.7796878814697266,57894400,QLD
2014-07-30,3.714982032775879,3.781874895095825,3.807499885559082,3.7528131008148193,3.791563034057617,38521600,QLD
2014-07-31,3.5633373260498047,3.627500057220459,3.7300000190734863,3.616874933242798,3.72031307220459,63817600,QLD
2014-08-01,3.5378596782684326,3.601562976837158,3.6524999141693115,3.552500009536743,3.6137499809265137,73062400,QLD
2014-08-04,3.584211826324463,3.648750066757202,3.6781249046325684,3.5896880626678467,3.619062900543213,44748800,QLD
2014-08-05,3.5311052799224854,3.5946879386901855,3.641249895095825,3.5603129863739014,3.6203129291534424,69804800,QLD
2014-08-06,3.5240445137023926,3.5875000953674316,3.6312499046325684,3.544374942779541,3.54843807220459,53731200,QLD
2014-08-07,3.5031707286834717,3.5662500858306885,3.6343750953674316,3.5403130054473877,3.6187500953674316,58691200,QLD
2014-08-08,3.551980495452881,3.6159379482269287,3.624375104904175,3.545938014984131,3.577812910079956,47734400,QLD
2014-08-11,3.5949559211730957,3.6596879959106445,3.681874990463257,3.640312910079956,3.64218807220459,29232000,QLD
2014-08-12,3.5897367000579834,3.6543750762939453,3.674375057220459,3.6184380054473877,3.650624990463257,34995200,QLD
2014-08-13,3.6680147647857666,3.734062910079956,3.73593807220459,3.681562900543213,3.6875,31372800,QLD
2014-08-14,3.7057723999023438,3.7725000381469727,3.772813081741333,3.7331249713897705,3.742187976837158,34316800,QLD
2014-08-15,3.7401533126831055,3.807499885559082,3.8259379863739014,3.7378129959106445,3.8134379386901855,49251200,QLD
2014-08-18,3.7994000911712646,3.8678131103515625,3.874063014984131,3.8371880054473877,3.844374895095825,27491200,QLD
2014-08-19,3.8411481380462646,3.9103128910064697,3.914375066757202,3.8812499046325684,3.885624885559082,18812800,QLD
2014-08-20,3.8432960510253906,3.9124999046325684,3.9256250858306885,3.897813081741333,3.9024999141693115,22620800,QLD
2014-08-21,3.856496810913086,3.9259378910064697,3.931562900543213,3.9021880626678467,3.916249990463257,18966400,QLD
2014-08-22,3.8672404289245605,3.936875104904175,3.953125,3.911562919616699,3.9284379482269287,24585600,QLD
2014-08-25,3.895481586456299,3.965625047683716,3.9878129959106445,3.9465630054473877,3.9749999046325684,31219200,QLD
2014-08-26,3.904691457748413,3.9749999046325684,3.9825000762939453,3.955625057220459,3.9771881103515625,18704000,QLD
2014-08-27,3.904998540878296,3.9753129482269287,3.983750104904175,3.958125114440918,3.9756250381469727,14576000,QLD
2014-08-28,3.8936400413513184,3.963749885559082,3.974375009536743,3.940000057220459,3.948124885559082,24307200,QLD
2014-08-29,3.9249515533447266,3.9956250190734863,3.9959380626678467,3.95468807220459,3.9831249713897705,16944000,QLD
2014-09-02,3.947360038757324,4.01843786239624,4.019999980926514,3.9853129386901855,4.015313148498535,28064000,QLD
2014-09-03,3.901007652282715,3.971250057220459,4.038125038146973,3.9565629959106445,4.038125038146973,42441600,QLD
2014-09-04,3.8905701637268066,3.960624933242798,4.028749942779541,3.943125009536743,3.989375114440918,43699200,QLD
2014-09-05,3.934159755706787,4.005000114440918,4.006875038146973,3.934688091278076,3.976562976837158,33385600,QLD
2014-09-08,3.946747303009033,4.017813205718994,4.036874771118164,3.981563091278076,4.002500057220459,44963200,QLD
2014-09-09,3.8822829723358154,3.952188014984131,4.0478129386901855,3.936563014984131,4.014688014984131,57907200,QLD
2014-09-10,3.942448854446411,4.0134382247924805,4.018750190734863,3.9393749237060547,3.9615631103515625,34265600,QLD
2014-09-11,3.9393787384033203,4.010313034057617,4.0134382247924805,3.9509379863739014,3.9803130626678467,48048000,QLD
2014-09-12,3.8976311683654785,3.967813014984131,4.003749847412109,3.9434380531311035,4.002500057220459,78454400,QLD
2014-09-15,3.820888042449951,3.889688014984131,3.9771881103515625,3.867187976837158,3.9756250381469727,77958400,QLD
2014-09-16,3.8881139755249023,3.958125114440918,3.973438024520874,3.8553130626678467,3.8612499237060547,62556800,QLD
2014-09-17,3.9022350311279297,3.9725000858306885,4.007812976837158,3.9262499809265137,3.9574999809265137,39696000,QLD
2014-09-18,3.9587180614471436,4.03000020980835,4.030624866485596,3.9871881008148193,3.994999885559082,21830400,QLD
2014-09-19,3.9516589641571045,4.022812843322754,4.06531286239624,3.9928131103515625,4.062812805175781,42764800,QLD
2014-09-22,3.881054162979126,3.9509379863739014,4.006563186645508,3.915937900543213,4.004063129425049,46976000,QLD
2014-09-23,3.8595662117004395,3.929063081741333,3.963749885559082,3.9124999046325684,3.919374942779541,50550400,QLD
2014-09-24,3.9418342113494873,4.012813091278076,4.015625,3.9100000858306885,3.9334380626678467,39996800,QLD
2014-09-25,3.776683807373047,3.8446879386901855,3.996875047683716,3.8415629863739014,3.9862499237060547,67840000,QLD
2014-09-26,3.858952522277832,3.9284379482269287,3.9387500286102295,3.856250047683716,3.866563081741333,47913600,QLD
2014-09-29,3.8475937843322754,3.916874885559082,3.9359378814697266,3.843125104904175,3.8475000858306885,60716800,QLD
2014-09-30,3.8592584133148193,3.9287500381469727,3.9668750762939453,3.8893749713897705,3.937187910079956,63036800,QLD
2014-10-01,3.7343215942382812,3.801563024520874,3.9106249809265137,3.775938034057617,3.90625,88470400,QLD
2014-10-02,3.731865882873535,3.799062967300415,3.8237500190734863,3.70468807220459,3.8003129959106445,98915200,QLD
2014-10-03,3.806767463684082,3.8753130435943604,3.90625,3.8187499046325684,3.8415629863739014,50595200,QLD
2014-10-06,3.790191173553467,3.858438014984131,3.9178130626678467,3.835313081741333,3.895937919616699,48710400,QLD
2014-10-07,3.6830573081970215,3.749375104904175,3.84375,3.7478129863739014,3.820312976837158,69747200,QLD
2014-10-08,3.8294835090637207,3.898437976837158,3.9175000190734863,3.707813024520874,3.755312919616699,66444800,QLD
2014-10-09,3.7008609771728516,3.7674999237060547,3.903125047683716,3.755625009536743,3.8843750953674316,121603200,QLD
2014-10-10,3.5154500007629395,3.578749895095825,3.7659380435943604,3.578125,3.721874952316284,78640000,QLD
2014-10-13,3.407088279724121,3.468437910079956,3.6203129291534424,3.461250066757202,3.5662500858306885,134067200,QLD
2014-10-14,3.4055542945861816,3.4668750762939453,3.5559380054473877,3.4484379291534424,3.512187957763672,141110400,QLD
2014-10-15,3.364419460296631,3.424999952316284,3.450624942779541,3.2640628814697266,3.3621881008148193,159776000,QLD
2014-10-16,3.319908857345581,3.379688024520874,3.4375,3.2765629291534424,3.2796878814697266,155302400,QLD
2014-10-17,3.408623218536377,3.4700000286102295,3.533437967300415,3.4284379482269287,3.46875,133523200,QLD
2014-10-20,3.509310007095337,3.572499990463257,3.577500104904175,3.4543750286102295,3.465625047683716,66249600,QLD
2014-10-21,3.6928796768188477,3.7593750953674316,3.7593750953674316,3.642812967300415,3.6596879959106445,92204800,QLD
2014-10-22,3.6535868644714355,3.719374895095825,3.7928130626678467,3.715938091278076,3.7796878814697266,67129600,QLD
2014-10-23,3.765632390975952,3.833437919616699,3.8737499713897705,3.7825000286102295,3.791874885559082,80630400,QLD
2014-10-24,3.8230361938476562,3.8918750286102295,3.8990631103515625,3.8190629482269287,3.8450000286102295,64921600,QLD
2014-10-27,3.83316707611084,3.9021880626678467,3.914375066757202,3.8475000858306885,3.87656307220459,57811200,QLD
2014-10-28,3.946438789367676,4.017499923706055,4.01843786239624,3.931562900543213,3.931874990463257,61228800,QLD
2014-10-29,3.9160492420196533,3.986562967300415,4.011875152587891,3.9309380054473877,3.9906249046325684,96761600,QLD
2014-10-30,3.935081958770752,4.0059380531311035,4.022812843322754,3.934375047683716,3.9518749713897705,63936000,QLD
2014-10-31,4.041600704193115,4.114375114440918,4.14218807220459,4.088125228881836,4.137813091278076,64524800,QLD
2014-11-03,4.064930438995361,4.138124942779541,4.159999847412109,4.1178131103515625,4.122499942779541,32784000,QLD
2014-11-04,4.039759159088135,4.112500190734863,4.132500171661377,4.054999828338623,4.11218786239624,56838400,QLD
2014-11-05,4.037302494049072,4.110000133514404,4.1646881103515625,4.082812786102295,4.163750171661377,55926400,QLD
2014-11-06,4.06431770324707,4.137499809265137,4.13937520980835,4.07687520980835,4.109375,49459200,QLD
2014-11-07,4.055108070373535,4.128125190734863,4.155313014984131,4.087500095367432,4.150625228881836,41660800,QLD
2014-11-10,4.086113452911377,4.1596879959106445,4.1696882247924805,4.111875057220459,4.132812976837158,31795200,QLD
2014-11-11,4.10944128036499,4.183437824249268,4.183437824249268,4.1384382247924805,4.1621880531311035,36137600,QLD
2014-11-12,4.124790668487549,4.199062824249268,4.207812786102295,4.150000095367432,4.151249885559082,28262400,QLD
2014-11-13,4.1591715812683105,4.234063148498535,4.2665629386901855,4.196249961853027,4.215938091278076,47875200,QLD
2014-11-14,4.184035301208496,4.259375095367432,4.260313034057617,4.205313205718994,4.2321882247924805,24310400,QLD
2014-11-17,4.158250331878662,4.23312520980835,4.259687900543213,4.1959381103515625,4.241562843322754,30188800,QLD
2014-11-18,4.223023414611816,4.299063205718994,4.309688091278076,4.242499828338623,4.242499828338623,21846400,QLD
2014-11-19,4.184035301208496,4.259375095367432,4.289374828338623,4.22156286239624,4.289374828338623,36588800,QLD
2014-11-20,4.221794128417969,4.2978129386901855,4.304687976837158,4.216875076293945,4.224999904632568,19459200,QLD
2014-11-21,4.237448692321777,4.31374979019165,4.381563186645508,4.287813186645508,4.375312805175781,39462400,QLD
2014-11-24,4.304983615875244,4.382500171661377,4.385313034057617,4.330625057220459,4.337812900543213,25868800,QLD
2014-11-25,4.317875862121582,4.395625114440918,4.42062520980835,4.372188091278076,4.3940629959106445,30569600,QLD
2014-11-26,4.374053001403809,4.452813148498535,4.457812786102295,4.394688129425049,4.403438091278076,28668800,QLD
2014-11-28,4.41303825378418,4.492499828338623,4.513124942779541,4.47156286239624,4.476562976837158,15664000,QLD
2014-12-01,4.312349319458008,4.389999866485596,4.484375,4.35812520980835,4.468124866485596,47571200,QLD
2014-12-02,4.346731185913086,4.425000190734863,4.441563129425049,4.381875038146973,4.3990631103515625,30246400,QLD
2014-12-03,4.364230155944824,4.442812919616699,4.453750133514404,4.388124942779541,4.437812805175781,32976000,QLD
2014-12-04,4.357475280761719,4.435937881469727,4.471875190734863,4.400938034057617,4.433750152587891,40777600,QLD
2014-12-05,4.359624862670898,4.438125133514404,4.465312957763672,4.419063091278076,4.452499866485596,26636800,QLD
2014-12-08,4.2948527336120605,4.372188091278076,4.453750133514404,4.328125,4.418125152587891,37024000,QLD
2014-12-09,4.326470851898193,4.404375076293945,4.4071879386901855,4.241875171661377,4.270625114440918,54467200,QLD
2014-12-10,4.188333034515381,4.263750076293945,4.406562805175781,4.246874809265137,4.387813091278076,53939200,QLD
2014-12-11,4.228547096252441,4.304687976837158,4.404687881469727,4.286250114440918,4.286874771118164,34550400,QLD
2014-12-12,4.136455535888672,4.210937976837158,4.3184380531311035,4.209374904632568,4.220624923706055,48355200,QLD
2014-12-15,4.052037239074707,4.125,4.28406286239624,4.097813129425049,4.254063129425049,73699200,QLD
2014-12-16,3.9185049533843994,3.989063024520874,4.191249847412109,3.987499952316284,4.0684380531311035,75068800,QLD
2014-12-17,4.057870864868164,4.1309380531311035,4.15749979019165,3.984375,3.994688034057617,80835200,QLD
2014-12-18,4.258323669433594,4.335000038146973,4.335625171661377,4.230000019073486,4.254687786102295,61945600,QLD
2014-12-19,4.286871910095215,4.364062786102295,4.406875133514404,4.322187900543213,4.341249942779541,48790400,QLD
2014-12-22,4.316357612609863,4.3915629386901855,4.393125057220459,4.350313186645508,4.356249809265137,38771200,QLD
2014-12-23,4.288100242614746,4.3628129959106445,4.423749923706055,4.349062919616699,4.42343807220459,27267200,QLD
2014-12-24,4.293015956878662,4.3678131103515625,4.400000095367432,4.364062786102295,4.369688034057617,8214400,QLD
2014-12-26,4.3538312911987305,4.429687976837158,4.446562767028809,4.390937805175781,4.392813205718994,16185600,QLD
2014-12-29,4.351987838745117,4.4278130531311035,4.445624828338623,4.415937900543213,4.420312881469727,20131200,QLD
2014-12-30,4.290249347686768,4.364999771118164,4.420938014984131,4.3546881675720215,4.397812843322754,28761600,QLD
2014-12-31,4.199949264526367,4.273125171661377,4.415312767028809,4.264062881469727,4.378749847412109,36044800,QLD
2015-01-02,4.182442665100098,4.255312919616699,4.353750228881836,4.209688186645508,4.315625190734863,49910400,QLD
2015-01-05,4.054975509643555,4.125625133514404,4.223124980926514,4.102812767028809,4.2140631675720215,56867200,QLD
2015-01-06,3.948087453842163,4.01687479019165,4.150938034057617,3.979063034057617,4.138124942779541,52531200,QLD
2015-01-07,4.0466814041137695,4.117187976837158,4.136875152587891,4.048749923706055,4.069375038146973,52400000,QLD
2015-01-08,4.201484680175781,4.274687767028809,4.2921881675720215,4.1803131103515625,4.190000057220459,52544000,QLD
2015-01-09,4.147426605224609,4.2196879386901855,4.305624961853027,4.171563148498535,4.3003129959106445,55964800,QLD
2015-01-12,4.062039852142334,4.132812976837158,4.242187976837158,4.1103129386901855,4.2378129959106445,41520000,QLD
2015-01-13,4.055896282196045,4.12656307220459,4.299063205718994,4.062812805175781,4.2115631103515625,75494400,QLD
2015-01-14,4.015660285949707,4.085625171661377,4.124688148498535,4.011250019073486,4.044063091278076,73990400,QLD
2015-01-15,3.9096932411193848,3.9778130054473877,4.1334381103515625,3.9668750762939453,4.121250152587891,57065600,QLD
2015-01-16,4.001837730407715,4.071562767028809,4.079999923706055,3.9540629386901855,3.962812900543213,70736000,QLD
2015-01-20,4.0635762214660645,4.134375095367432,4.153124809265137,4.026875019073486,4.119688034057617,62960000,QLD
2015-01-21,4.104732990264893,4.176249980926514,4.213125228881836,4.079999923706055,4.109687805175781,58675200,QLD
2015-01-22,4.25646448135376,4.330625057220459,4.338749885559082,4.134062767028809,4.207188129425049,63420800,QLD
2015-01-23,4.2748942375183105,4.349374771118164,4.375625133514404,4.304999828338623,4.33093786239624,55900800,QLD
2015-01-26,4.266292572021484,4.340624809265137,4.355312824249268,4.29562520980835,4.340312957763672,45145600,QLD
2015-01-27,4.047603607177734,4.118124961853027,4.206874847412109,4.0865631103515625,4.203750133514404,64156800,QLD
2015-01-28,4.003373146057129,4.073124885559082,4.254063129425049,4.070000171661377,4.247188091278076,67196800,QLD
2015-01-29,4.076781749725342,4.147812843322754,4.163437843322754,3.994374990463257,4.063125133514404,60240000,QLD
2015-01-30,4.017196178436279,4.087187767028809,4.20468807220459,4.074062824249268,4.143125057220459,50736000,QLD
2015-02-02,4.085382461547852,4.156562805175781,4.163437843322754,3.9778130054473877,4.1021881103515625,51113600,QLD
2015-02-03,4.163704872131348,4.236249923706055,4.240938186645508,4.131249904632568,4.185625076293945,51491200,QLD
2015-02-04,4.154184341430664,4.226562976837158,4.28406286239624,4.181875228881836,4.1984381675720215,57708800,QLD
2015-02-05,4.2269768714904785,4.300624847412109,4.305937767028809,4.227812767028809,4.24875020980835,41363200,QLD
2015-02-06,4.175684928894043,4.248437881469727,4.334374904632568,4.218124866485596,4.316249847412109,41513600,QLD
2015-02-09,4.148654937744141,4.220938205718994,4.2609381675720215,4.20187520980835,4.215312957763672,32976000,QLD
2015-02-10,4.278271675109863,4.352812767028809,4.364062786102295,4.254063129425049,4.268750190734863,37068800,QLD
2015-02-11,4.310216426849365,4.385313034057617,4.403438091278076,4.34656286239624,4.3603129386901855,40476800,QLD
2015-02-12,4.408504009246826,4.4853129386901855,4.489375114440918,4.4278130531311035,4.440625190734863,42793600,QLD
2015-02-13,4.4837541580200195,4.561874866485596,4.56374979019165,4.495625019073486,4.513124942779541,52553600,QLD
2015-02-17,4.49266242980957,4.5709381103515625,4.57687520980835,4.540937900543213,4.561874866485596,30774400,QLD
2015-02-18,4.505868911743164,4.584374904632568,4.588438034057617,4.5478129386901855,4.560625076293945,27852800,QLD
2015-02-19,4.54979133605957,4.629063129425049,4.634375095367432,4.5759382247924805,4.578437805175781,37606400,QLD
2015-02-20,4.610299110412598,4.690625190734863,4.6959381103515625,4.5946879386901855,4.623437881469727,42032000,QLD
2015-02-23,4.621048927307129,4.701562881469727,4.702188014984131,4.665312767028809,4.687812805175781,28160000,QLD
2015-02-24,4.626884937286377,4.707499980926514,4.71750020980835,4.661250114440918,4.6884379386901855,33712000,QLD
2015-02-25,4.602928161621094,4.683125019073486,4.728125095367432,4.663437843322754,4.692812919616699,32339200,QLD
2015-02-26,4.649613380432129,4.730625152587891,4.735000133514404,4.667500019073486,4.691563129425049,29814400,QLD
2015-02-27,4.609070301055908,4.689374923706055,4.732812881469727,4.674375057220459,4.7271881103515625,25292800,QLD
2015-03-02,4.691999435424805,4.773749828338623,4.776249885559082,4.70437479019165,4.705313205718994,36713600,QLD
2015-03-03,4.645928382873535,4.726874828338623,4.754063129425049,4.668749809265137,4.743750095367432,48896000,QLD
2015-03-04,4.6124491691589355,4.692812919616699,4.710312843322754,4.640625,4.698124885559082,41088000,QLD
2015-03-05,4.6265788078308105,4.707188129425049,4.736249923706055,4.6696882247924805,4.716249942779541,34275200,QLD
2015-03-06,4.51969051361084,4.598437786102295,4.713749885559082,4.577499866485596,4.696562767028809,46400000,QLD
2015-03-09,4.544877529144287,4.624063014984131,4.649687767028809,4.5815629959106445,4.619062900543213,29580800,QLD
2015-03-10,4.381781578063965,4.458125114440918,4.5625,4.45593786239624,4.56125020980835,58320000,QLD
2015-03-11,4.328644752502441,4.4040632247924805,4.478750228881836,4.400625228881836,4.468438148498535,43008000,QLD
2015-03-12,4.387308597564697,4.463749885559082,4.472499847412109,4.39187479019165,4.3965630531311035,39644800,QLD
2015-03-13,4.346765995025635,4.422500133514404,4.488749980926514,4.367499828338623,4.45468807220459,60326400,QLD
2015-03-16,4.46133279800415,4.539062976837158,4.539062976837158,4.4459381103515625,4.45437479019165,39872000,QLD
2015-03-17,4.472390174865723,4.5503129959106445,4.56406307220459,4.491250038146973,4.5109381675720215,30633600,QLD
2015-03-18,4.561769485473633,4.641250133514404,4.680624961853027,4.479374885559082,4.525000095367432,36582400,QLD
2015-03-19,4.5740556716918945,4.653749942779541,4.678438186645508,4.637499809265137,4.650938034057617,28147200,QLD
2015-03-20,4.637021064758301,4.717813014984131,4.759687900543213,4.713438034057617,4.728437900543213,28662400,QLD
2015-03-23,4.613985061645508,4.694375038146973,4.7353129386901855,4.692187786102295,4.710000038146973,28208000,QLD
2015-03-24,4.581120014190674,4.660937786102295,4.736875057220459,4.65906286239624,4.693124771118164,28886400,QLD
2015-03-25,4.370888710021973,4.444687843322754,4.681875228881836,4.441874980926514,4.675000190734863,73417600,QLD
2015-03-26,4.341693878173828,4.414999961853027,4.465000152587891,4.342813014984131,4.374063014984131,73030400,QLD
2015-03-27,4.377034664154053,4.4509382247924805,4.47031307220459,4.400312900543213,4.4121880531311035,38044800,QLD
2015-03-30,4.483670711517334,4.559374809265137,4.559374809265137,4.504687786102295,4.505000114440918,51913600,QLD
2015-03-31,4.3807220458984375,4.45468807220459,4.545000076293945,4.453437805175781,4.527187824249268,37097600,QLD
2015-04-01,4.335548400878906,4.408750057220459,4.45593786239624,4.351562976837158,4.453125,47820800,QLD
2015-04-02,4.339850425720215,4.413125038146973,4.441563129425049,4.387499809265137,4.417500019073486,29948800,QLD
2015-04-06,4.411145210266113,4.48562479019165,4.510000228881836,4.348750114440918,4.361563205718994,45132800,QLD
2015-04-07,4.39578104019165,4.46999979019165,4.5446882247924805,4.46999979019165,4.4821882247924805,31840000,QLD
2015-04-08,4.465539932250977,4.540937900543213,4.553124904632568,4.4721879959106445,4.474062919616699,44048000,QLD
2015-04-09,4.5214715003967285,4.597813129425049,4.600313186645508,4.5059380531311035,4.5371880531311035,32569600,QLD
2015-04-10,4.55773401260376,4.634687900543213,4.635624885559082,4.5734381675720215,4.59531307220459,26812800,QLD
2015-04-13,4.534378528594971,4.61093807220459,4.6884379386901855,4.601562976837158,4.642813205718994,33088000,QLD
2015-04-14,4.50917911529541,4.585312843322754,4.6284379959106445,4.533438205718994,4.602499961853027,32924800,QLD
2015-04-15,4.562036514282227,4.639062881469727,4.661250114440918,4.598750114440918,4.610000133514404,32646400,QLD
2015-04-16,4.550972938537598,4.62781286239624,4.644374847412109,4.6046881675720215,4.616875171661377,25638400,QLD
2015-04-17,4.4108405113220215,4.4853129386901855,4.56531286239624,4.445312976837158,4.540937900543213,56896000,QLD
2015-04-20,4.542062282562256,4.618750095367432,4.633124828338623,4.526249885559082,4.529375076293945,42476800,QLD
2015-04-21,4.57955265045166,4.656875133514404,4.6875,4.648125171661377,4.670000076293945,31036800,QLD
2015-04-22,4.629031658172607,4.707188129425049,4.723124980926514,4.621562957763672,4.681562900543213,38540800,QLD
2015-04-23,4.6662139892578125,4.744999885559082,4.78406286239624,4.6753129959106445,4.677499771118164,35187200,QLD
2015-04-24,4.789752960205078,4.870625019073486,4.884062767028809,4.828437805175781,4.84375,35782400,QLD
2015-04-27,4.767934799194336,4.848437786102295,4.926249980926514,4.827188014984131,4.909375190734863,44921600,QLD
2015-04-28,4.7455010414123535,4.825624942779541,4.872499942779541,4.746562957763672,4.854063034057617,40409600,QLD
2015-04-29,4.688650131225586,4.767813205718994,4.82937479019165,4.714687824249268,4.771249771118164,52985600,QLD
2015-04-30,4.537759304046631,4.614375114440918,4.75156307220459,4.568749904632568,4.714375019073486,66310400,QLD
2015-05-01,4.661297798156738,4.739999771118164,4.743750095367432,4.651875019073486,4.652187824249268,50771200,QLD
2015-05-04,4.673898220062256,4.75281286239624,4.8125,4.74875020980835,4.770312786102295,32883200,QLD
2015-05-05,4.525465488433838,4.601874828338623,4.733749866485596,4.59499979019165,4.718124866485596,56124800,QLD
2015-05-06,4.464926242828369,4.540312767028809,4.640625,4.474062919616699,4.614687919616699,69468800,QLD
2015-05-07,4.5134806632995605,4.589687824249268,4.614687919616699,4.525938034057617,4.53281307220459,59894400,QLD
2015-05-08,4.624420166015625,4.702499866485596,4.723750114440918,4.67062520980835,4.6828131675720215,46412800,QLD
2015-05-11,4.5869293212890625,4.664374828338623,4.728125095367432,4.660937786102295,4.710000038146973,33456000,QLD
2015-05-12,4.548515319824219,4.625312805175781,4.671249866485596,4.541250228881836,4.61093807220459,35318400,QLD
2015-05-13,4.5660319328308105,4.643125057220459,4.712812900543213,4.630000114440918,4.665937900543213,33769600,QLD
2015-05-14,4.698175430297852,4.777500152587891,4.786874771118164,4.684374809265137,4.717187881469727,39398400,QLD
2015-05-15,4.700325965881348,4.779687881469727,4.816249847412109,4.756249904632568,4.804687976837158,25430400,QLD
2015-05-18,4.7405829429626465,4.820624828338623,4.838438034057617,4.755000114440918,4.760624885559082,19603200,QLD
2015-05-19,4.72798490524292,4.8078131675720215,4.84499979019165,4.7946882247924805,4.82968807220459,23190400,QLD
2015-05-20,4.733209133148193,4.813125133514404,4.872499942779541,4.765625,4.814374923706055,20947200,QLD
2015-05-21,4.784222602844238,4.864999771118164,4.877500057220459,4.785624980926514,4.800624847412109,15408000,QLD
2015-05-22,4.778076648712158,4.858749866485596,4.890625,4.847499847412109,4.854374885559082,16776000,QLD
2015-05-26,4.663756370544434,4.742499828338623,4.846875190734863,4.704999923706055,4.831874847412109,20833600,QLD
2015-05-27,4.813724994659424,4.894999980926514,4.905624866485596,4.75124979019165,4.773125171661377,19657600,QLD
2015-05-28,4.792827606201172,4.87375020980835,4.898749828338623,4.844375133514404,4.878125190734863,13361600,QLD
2015-05-29,4.738741397857666,4.818749904632568,4.880624771118164,4.794374942779541,4.866250038146973,20968000,QLD
2015-06-01,4.765168190002441,4.845624923706055,4.873125076293945,4.770625114440918,4.865624904632568,24211200,QLD
2015-06-02,4.736281394958496,4.816249847412109,4.863124847412109,4.765625,4.810625076293945,18238400,QLD
2015-06-03,4.763940334320068,4.844375133514404,4.881249904632568,4.822500228881836,4.859375,20905600,QLD
2015-06-04,4.695101261138916,4.774374961853027,4.851874828338623,4.741250038146973,4.788125038146973,28294400,QLD
2015-06-05,4.6705169677734375,4.749374866485596,4.78125,4.693124771118164,4.761250019073486,30273600,QLD
2015-06-08,4.576479434967041,4.653749942779541,4.75,4.633124828338623,4.743124961853027,25294400,QLD
2015-06-09,4.561728000640869,4.638750076293945,4.670000076293945,4.566874980926514,4.630000114440918,36558400,QLD
2015-06-10,4.679736614227295,4.758749961853027,4.789999961853027,4.658750057220459,4.668125152587891,29083200,QLD
2015-06-11,4.696331024169922,4.775625228881836,4.819375038146973,4.758749961853027,4.796875,23548800,QLD
2015-06-12,4.619502544403076,4.697500228881836,4.745625019073486,4.68625020980835,4.725625038146973,21289600,QLD
2015-06-15,4.575863838195801,4.653124809265137,4.664999961853027,4.573750019073486,4.627500057220459,30616000,QLD
2015-06-16,4.621962070465088,4.699999809265137,4.716249942779541,4.637499809265137,4.639999866485596,19147200,QLD
2015-06-17,4.647775173187256,4.726250171661377,4.757500171661377,4.668749809265137,4.716875076293945,30118400,QLD
2015-06-18,4.7799201011657715,4.86062479019165,4.879374980926514,4.756875038146973,4.760000228881836,37004800,QLD
2015-06-19,4.734437942504883,4.814374923706055,4.87624979019165,4.813125133514404,4.869999885559082,21691200,QLD
2015-06-22,4.804503917694092,4.885624885559082,4.916250228881836,4.865624904632568,4.890625,25342400,QLD
2015-06-23,4.813108444213867,4.894374847412109,4.903124809265137,4.855625152587891,4.897500038146973,18539200,QLD
2015-06-24,4.765782833099365,4.846250057220459,4.924375057220459,4.841875076293945,4.882500171661377,20600000,QLD
2015-06-25,4.743042469024658,4.823124885559082,4.891250133514404,4.809374809265137,4.880000114440918,18832000,QLD
2015-06-26,4.685267448425293,4.76437520980835,4.84375,4.724999904632568,4.821875095367432,24121600,QLD
2015-06-29,4.465848445892334,4.541250228881836,4.708125114440918,4.533124923706055,4.653749942779541,60380800,QLD
2015-06-30,4.495964527130127,4.571875095367432,4.623125076293945,4.540625095367432,4.606249809265137,41563200,QLD
2015-07-01,4.564187526702881,4.641250133514404,4.676249980926514,4.599374771118164,4.660624980926514,35521600,QLD
2015-07-02,4.567875385284424,4.644999980926514,4.675000190734863,4.615624904632568,4.663125038146973,24888000,QLD
2015-07-06,4.546363830566406,4.623125076293945,4.673749923706055,4.565625190734863,4.585625171661377,30097600,QLD
2015-07-07,4.564187526702881,4.641250133514404,4.653124809265137,4.461249828338623,4.629374980926514,45302400,QLD
2015-07-08,4.407459735870361,4.481874942779541,4.587500095367432,4.466249942779541,4.576250076293945,34675200,QLD
2015-07-09,4.401311874389648,4.475625038146973,4.60812520980835,4.473124980926514,4.598750114440918,33920000,QLD
2015-07-10,4.53898811340332,4.615624904632568,4.646874904632568,4.563125133514404,4.595624923706055,30080000,QLD
2015-07-13,4.693258285522461,4.772500038146973,4.78249979019165,4.691874980926514,4.693749904632568,35947200,QLD
2015-07-14,4.755949020385742,4.836249828338623,4.862500190734863,4.783124923706055,4.785624980926514,27507200,QLD
2015-07-15,4.767014026641846,4.847499847412109,4.883749961853027,4.819375038146973,4.854374885559082,28744000,QLD
2015-07-16,4.899771690368652,4.982500076293945,4.984375,4.90749979019165,4.925000190734863,29054400,QLD
2015-07-17,5.04236364364624,5.127500057220459,5.127500057220459,5.048749923706055,5.0625,26270400,QLD
2015-07-20,5.081084728240967,5.166874885559082,5.203750133514404,5.120625019073486,5.15749979019165,32852800,QLD
2015-07-21,5.071250915527344,5.156875133514404,5.183750152587891,5.129374980926514,5.168125152587891,21862400,QLD
2015-07-22,4.961233615875244,5.045000076293945,5.090624809265137,5.000625133514404,5.000625133514404,25454400,QLD
2015-07-23,4.91943883895874,5.002500057220459,5.084374904632568,4.978750228881836,5.054375171661377,23305600,QLD
2015-07-24,4.826015472412109,4.90749979019165,5.0625,4.891250133514404,5.056875228881836,25414400,QLD
2015-07-27,4.743042469024658,4.823124885559082,4.89187479019165,4.803750038146973,4.849374771118164,33828800,QLD
2015-07-28,4.824787616729736,4.90625,4.926249980926514,4.790625095367432,4.868124961853027,35726400,QLD
2015-07-29,4.864738464355469,4.946875095367432,4.965624809265137,4.891250133514404,4.926875114440918,22785600,QLD
2015-07-30,4.908376216888428,4.991250038146973,5.007500171661377,4.863124847412109,4.920000076293945,29233600,QLD
2015-07-31,4.896697998046875,4.979374885559082,5.026875019073486,4.958749771118164,5.023125171661377,24971200,QLD
2015-08-03,4.869655132293701,4.95187520980835,5.007500171661377,4.883124828338623,4.980625152587891,31363200,QLD
2015-08-04,4.846915245056152,4.928750038146973,4.959374904632568,4.887499809265137,4.944375038146973,29428800,QLD
2015-08-05,4.92066764831543,5.003749847412109,5.070624828338623,4.973750114440918,4.983749866485596,31587200,QLD
2015-08-06,4.767014026641846,4.847499847412109,5.026249885559082,4.800000190734863,5.011250019073486,33689600,QLD
2015-08-07,4.751033306121826,4.831250190734863,4.855000019073486,4.753125190734863,4.821249961853027,34811200,QLD
2015-08-10,4.8585920333862305,4.940625190734863,4.962500095367432,4.889999866485596,4.889999866485596,28721600,QLD
2015-08-11,4.736896991729736,4.816874980926514,4.928124904632568,4.761250019073486,4.887499809265137,34705600,QLD
2015-08-12,4.765168190002441,4.845624923706055,4.866875171661377,4.646874904632568,4.74875020980835,45950400,QLD
2015-08-13,4.747960090637207,4.828125,4.903749942779541,4.81125020980835,4.857500076293945,27896000,QLD
2015-08-14,4.76332426071167,4.84375,4.859375,4.789999961853027,4.809374809265137,22438400,QLD
2015-08-17,4.842611312866211,4.924375057220459,4.928750038146973,4.798749923706055,4.821875095367432,23760000,QLD
2015-08-18,4.795898914337158,4.876874923706055,4.92062520980835,4.862500190734863,4.913125038146973,18832000,QLD
2015-08-19,4.731363773345947,4.81125020980835,4.897500038146973,4.755000114440918,4.847499847412109,43784000,QLD
2015-08-20,4.471993446350098,4.547500133514404,4.753749847412109,4.543749809265137,4.721875190734863,57112000,QLD
2015-08-21,4.088469505310059,4.15749979019165,4.492499828338623,4.15749979019165,4.419374942779541,72264000,QLD
2015-08-24,3.780543804168701,3.844374895095825,4.15625,3.4375,3.4906249046325684,62776000,QLD
2015-08-25,3.736290454864502,3.799375057220459,4.160624980926514,3.7950000762939453,4.112500190734863,48299200,QLD
2015-08-26,4.110595226287842,4.179999828338623,4.195624828338623,3.862499952316284,4.018125057220459,62598400,QLD
2015-08-27,4.317107200622559,4.389999866485596,4.398125171661377,4.200624942779541,4.300624847412109,77176000,QLD
2015-08-28,4.322025775909424,4.394999980926514,4.421249866485596,4.32687520980835,4.351250171661377,35776000,QLD
2015-08-31,4.210780143737793,4.281875133514404,4.388750076293945,4.260000228881836,4.341875076293945,33188800,QLD
2015-09-01,3.956324577331543,4.023125171661377,4.196875095367432,3.9781250953674316,4.072500228881836,52409600,QLD
2015-09-02,4.170829772949219,4.241250038146973,4.241250038146973,4.068124771118164,4.15500020980835,34131200,QLD
2015-09-03,4.125347137451172,4.195000171661377,4.329999923706055,4.175000190734863,4.276249885559082,30068800,QLD
2015-09-04,4.028850078582764,4.096875190734863,4.153749942779541,4.050624847412109,4.081250190734863,36164800,QLD
2015-09-08,4.255031108856201,4.32687520980835,4.337500095367432,4.221250057220459,4.257500171661377,26227200,QLD
2015-09-09,4.161608695983887,4.231874942779541,4.432499885559082,4.208749771118164,4.431250095367432,33084800,QLD
2015-09-10,4.248271465301514,4.320000171661377,4.378125190734863,4.213749885559082,4.220624923706055,32974400,QLD
2015-09-11,4.296210765838623,4.368750095367432,4.368750095367432,4.258749961853027,4.281875133514404,22892800,QLD
2015-09-14,4.269783020019531,4.341875076293945,4.402500152587891,4.310625076293945,4.401249885559082,16958400,QLD
2015-09-15,4.368736743927002,4.442500114440918,4.472499847412109,4.333749771118164,4.362500190734863,25451200,QLD
2015-09-16,4.4197516441345215,4.494375228881836,4.503749847412109,4.416250228881836,4.448124885559082,29134400,QLD
2015-09-17,4.42405366897583,4.49875020980835,4.632500171661377,4.461249828338623,4.491250038146973,47859200,QLD
2015-09-18,4.30112886428833,4.37375020980835,4.476250171661377,4.357500076293945,4.362500190734863,29516800,QLD
2015-09-21,4.326327800750732,4.399374961853027,4.46875,4.320624828338623,4.419374942779541,30708800,QLD
2015-09-22,4.197872638702393,4.268750190734863,4.293749809265137,4.18625020980835,4.261250019073486,33185600,QLD
2015-09-23,4.200331211090088,4.271249771118164,4.311874866485596,4.230625152587891,4.287499904632568,22238400,QLD
2015-09-24,4.1745171546936035,4.244999885559082,4.273125171661377,4.118124961853027,4.18625020980835,38792000,QLD
2015-09-25,4.100762367248535,4.170000076293945,4.340000152587891,4.118124961853027,4.333749771118164,32265600,QLD
2015-09-28,3.8672051429748535,3.932499885559082,4.138750076293945,3.9081249237060547,4.131249904632568,42627200,QLD
2015-09-29,3.829099178314209,3.893749952316284,4.031875133514404,3.8343749046325684,3.953125,44256000,QLD
2015-09-30,3.9981203079223633,4.065625190734863,4.078750133514404,3.9706249237060547,4.001874923706055,46081600,QLD
2015-10-01,4.034997463226318,4.103125095367432,4.105625152587891,3.976249933242798,4.080625057220459,33644800,QLD
2015-10-02,4.1763596534729,4.246874809265137,4.250625133514404,3.9668750762939453,3.992500066757202,46131200,QLD
2015-10-05,4.299899578094482,4.372499942779541,4.393750190734863,4.293125152587891,4.308125019073486,42155200,QLD
2015-10-06,4.259334087371826,4.331250190734863,4.378749847412109,4.261875152587891,4.352499961853027,29628800,QLD
2015-10-07,4.30727481842041,4.380000114440918,4.400000095367432,4.270625114440918,4.383124828338623,43841600,QLD
2015-10-08,4.341693878173828,4.414999961853027,4.429999828338623,4.263124942779541,4.346250057220459,47060800,QLD
2015-10-09,4.377957820892334,4.45187520980835,4.472499847412109,4.396249771118164,4.421249866485596,32612800,QLD
2015-10-12,4.403156280517578,4.477499961853027,4.492499828338623,4.441249847412109,4.473750114440918,16592000,QLD
2015-10-13,4.3423075675964355,4.415625095367432,4.515625,4.410624980926514,4.423749923706055,32056000,QLD
2015-10-14,4.332474708557129,4.405624866485596,4.462500095367432,4.366875171661377,4.418125152587891,24844800,QLD
2015-10-15,4.474451541900635,4.550000190734863,4.550000190734863,4.425000190734863,4.4375,32547200,QLD
2015-10-16,4.513788223266602,4.590000152587891,4.591875076293945,4.525625228881836,4.566874980926514,21331200,QLD
2015-10-19,4.5648016929626465,4.64187479019165,4.645625114440918,4.554999828338623,4.574375152587891,21553600,QLD
2015-10-20,4.5174760818481445,4.59375,4.64187479019165,4.5625,4.62624979019165,18777600,QLD
2015-10-21,4.460315704345703,4.535624980926514,4.646874904632568,4.531875133514404,4.634375095367432,21136000,QLD
2015-10-22,4.64285945892334,4.721250057220459,4.726874828338623,4.591249942779541,4.614375114440918,37652800,QLD
2015-10-23,4.9022297859191895,4.985000133514404,5.022500038146973,4.923749923706055,4.96999979019165,33454400,QLD
2015-10-26,4.909604072570801,4.992499828338623,5.009375095367432,4.940000057220459,4.974374771118164,19278400,QLD
2015-10-27,4.926199436187744,5.009375095367432,5.024374961853027,4.962500095367432,4.962500095367432,15944000,QLD
2015-10-28,5.009174346923828,5.09375,5.09375,4.947500228881836,5.03000020980835,28817600,QLD
2015-10-29,4.993807792663574,5.078125,5.094375133514404,5.036250114440918,5.044374942779541,17475200,QLD
2015-10-30,4.950170993804932,5.033750057220459,5.099374771118164,5.03125,5.081250190734863,21201600,QLD
2015-11-02,5.063260555267334,5.148749828338623,5.15625,5.037499904632568,5.060625076293945,16329600,QLD
2015-11-03,5.0970635414123535,5.183125019073486,5.216249942779541,5.110000133514404,5.125,13467200,QLD
2015-11-04,5.098293781280518,5.184374809265137,5.221250057220459,5.13937520980835,5.215000152587891,21131200,QLD
2015-11-05,5.063875198364258,5.149374961853027,5.215624809265137,5.099999904632568,5.1875,16120000,QLD
2015-11-06,5.076168060302734,5.161874771118164,5.17312479019165,5.068124771118164,5.131249904632568,25353600,QLD
2015-11-09,4.968608379364014,5.052499771118164,5.134375095367432,4.986875057220459,5.121874809265137,22112000,QLD
2015-11-10,4.938492298126221,5.021874904632568,5.033750057220459,4.966875076293945,4.996874809265137,16998400,QLD
2015-11-11,4.928659439086914,5.011875152587891,5.099374771118164,4.994999885559082,5.053124904632568,16364800,QLD
2015-11-12,4.831548690795898,4.913125038146973,5.017499923706055,4.90749979019165,4.96875,22065600,QLD
2015-11-13,4.643472671508789,4.721875190734863,4.883124828338623,4.715624809265137,4.87375020980835,30329600,QLD
2015-11-16,4.775617599487305,4.856249809265137,4.85812520980835,4.691874980926514,4.710625171661377,21680000,QLD
2015-11-17,4.781764030456543,4.862500190734863,4.932499885559082,4.837500095367432,4.875,30881600,QLD
2015-11-18,4.962461471557617,5.046249866485596,5.058750152587891,4.891250133514404,4.900625228881836,26038400,QLD
2015-11-19,4.971066951751709,5.054999828338623,5.101874828338623,5.038125038146973,5.053124904632568,22539200,QLD
2015-11-20,5.036832332611084,5.121874809265137,5.131249904632568,5.093124866485596,5.101874828338623,16281600,QLD
2015-11-23,5.0097880363464355,5.094375133514404,5.164999961853027,5.051249980926514,5.124374866485596,14972800,QLD
2015-11-24,5.003643989562988,5.088125228881836,5.108749866485596,4.977499961853027,5.027500152587891,19467200,QLD
2015-11-25,5.008559226989746,5.093124866485596,5.112500190734863,5.073124885559082,5.098124980926514,13878400,QLD
2015-11-27,5.024538516998291,5.109375,5.128749847412109,5.074999809265137,5.113749980926514,6292800,QLD
2015-11-30,4.997496128082275,5.081874847412109,5.137499809265137,5.048749923706055,5.134375095367432,17892800,QLD
2015-12-01,5.09768009185791,5.183750152587891,5.183750152587891,5.109375,5.120625019073486,19022400,QLD
2015-12-02,5.037447929382324,5.122499942779541,5.23562479019165,5.103750228881836,5.191249847412109,16875200,QLD
2015-12-03,4.864123344421387,4.946249961853027,5.161874771118164,4.885000228881836,5.146249771118164,26660800,QLD
2015-12-04,5.0884599685668945,5.174375057220459,5.192500114440918,4.954999923706055,4.971250057220459,25499200,QLD
2015-12-07,5.044822692871094,5.130000114440918,5.185625076293945,5.080625057220459,5.180624961853027,14718400,QLD
2015-12-08,5.046667575836182,5.131875038146973,5.161874771118164,5.017499923706055,5.023749828338623,18996800,QLD
2015-12-09,4.892395496368408,4.974999904632568,5.13937520980835,4.912499904632568,5.084374904632568,30688000,QLD
2015-12-10,4.934804439544678,5.018125057220459,5.083749771118164,4.966249942779541,4.997499942779541,25616000,QLD
2015-12-11,4.709852695465088,4.789374828338623,4.926249980926514,4.78000020980835,4.903749942779541,33006400,QLD
2015-12-14,4.782993316650391,4.863749980926514,4.863749980926514,4.664999961853027,4.804375171661377,38403200,QLD
2015-12-15,4.838309288024902,4.920000076293945,5.002500057220459,4.905624866485596,4.944375038146973,23908800,QLD
2015-12-16,4.974140644073486,5.058125019073486,5.078750133514404,4.877500057220459,4.982500076293945,32404800,QLD
2015-12-17,4.836465358734131,4.918125152587891,5.109375,4.914999961853027,5.109375,29236800,QLD
2015-12-18,4.6569952964782715,4.73562479019165,4.904375076293945,4.730000019073486,4.880000114440918,34099200,QLD
2015-12-21,4.7528767585754395,4.833125114440918,4.833749771118164,4.746874809265137,4.815000057220459,27478400,QLD
2015-12-22,4.814743518829346,4.893125057220459,4.905624866485596,4.829999923706055,4.879374980926514,15635200,QLD
2015-12-23,4.887311935424805,4.966875076293945,4.970624923706055,4.925624847412109,4.941249847412109,13251200,QLD
2015-12-24,4.883624076843262,4.963125228881836,4.990624904632568,4.957499980926514,4.962500095367432,7520000,QLD
2015-12-28,4.874399662017822,4.953750133514404,4.956250190734863,4.866250038146973,4.938125133514404,18648000,QLD
2015-12-29,5.027529239654541,5.109375,5.132500171661377,5.011250019073486,5.013750076293945,15214400,QLD
2015-12-30,4.940817356109619,5.021249771118164,5.105625152587891,5.018750190734863,5.099999904632568,10608000,QLD
2015-12-31,4.8190484046936035,4.897500038146973,5.000625133514404,4.893750190734863,4.981249809265137,20696000,QLD
2016-01-04,4.617947578430176,4.693124771118164,4.696249961853027,4.567500114440918,4.678750038146973,35806400,QLD
2016-01-05,4.593348979949951,4.668125152587891,4.746250152587891,4.628125190734863,4.730000019073486,26548800,QLD
2016-01-06,4.510324478149414,4.583749771118164,4.633749961853027,4.508749961853027,4.508749961853027,27740800,QLD
2016-01-07,4.229275226593018,4.29812479019165,4.5,4.290625095367432,4.386875152587891,48697600,QLD
2016-01-08,4.155475616455078,4.223124980926514,4.409999847412109,4.215000152587891,4.364375114440918,42179200,QLD
2016-01-11,4.184995651245117,4.253125190734863,4.307499885559082,4.121874809265137,4.284375190734863,41776000,QLD
2016-01-12,4.282164573669434,4.351874828338623,4.391250133514404,4.226874828338623,4.331250190734863,38926400,QLD
2016-01-13,3.9838945865631104,4.048749923706055,4.402500152587891,4.033750057220459,4.381875038146973,50889600,QLD
2016-01-14,4.15117073059082,4.21875,4.290625095367432,3.9493749141693115,4.080625057220459,68628800,QLD
2016-01-15,3.894106388092041,3.9574999809265137,4.04562520980835,3.8499999046325684,3.9356250762939453,65014400,QLD
2016-01-19,3.9107110500335693,3.974375009536743,4.075624942779541,3.880625009536743,4.065625190734863,39897600,QLD
2016-01-20,3.8885715007781982,3.9518749713897705,4.033750057220459,3.674999952316284,3.853749990463257,71588800,QLD
2016-01-21,3.897796869277954,3.961250066757202,4.074375152587891,3.8768749237060547,3.9800000190734863,39494400,QLD
2016-01-22,4.119807720184326,4.186874866485596,4.18874979019165,4.088749885559082,4.109375,30761600,QLD
2016-01-25,3.9998841285705566,4.065000057220459,4.202499866485596,4.054375171661377,4.161874771118164,21739200,QLD
2016-01-26,4.070608615875244,4.136875152587891,4.167500019073486,4.025625228881836,4.093124866485596,21836800,QLD
2016-01-27,3.866431951522827,3.929374933242798,4.120625019073486,3.8943750858306885,4.087500095367432,35966400,QLD
2016-01-28,3.973439931869507,4.038125038146973,4.06125020980835,3.903749942779541,4.054375171661377,42700800,QLD
2016-01-29,4.140101909637451,4.207499980926514,4.209374904632568,4.033750057220459,4.038125038146973,38099200,QLD
2016-02-01,4.1567063331604,4.224374771118164,4.261250019073486,4.135000228881836,4.164374828338623,38388800,QLD
2016-02-02,3.980820417404175,4.04562520980835,4.193124771118164,4.021249771118164,4.190625190734863,40942400,QLD
2016-02-03,3.944535970687866,4.008749961853027,4.097499847412109,3.8681249618530273,4.097499847412109,61872000,QLD
2016-02-04,3.9433062076568604,4.007500171661377,4.068749904632568,3.911875009536743,3.9856250286102295,38441600,QLD
2016-02-05,3.666560411453247,3.726249933242798,3.976875066757202,3.6968750953674316,3.976875066757202,68220800,QLD
2016-02-08,3.555248260498047,3.6131250858306885,3.6443750858306885,3.476875066757202,3.5893750190734863,89908800,QLD
2016-02-09,3.5312633514404297,3.588749885559082,3.698124885559082,3.505000114440918,3.515625,62656000,QLD
2016-02-10,3.5613973140716553,3.619374990463257,3.765625,3.612499952316284,3.676875114440918,52228800,QLD
2016-02-11,3.554633617401123,3.612499952316284,3.663749933242798,3.505000114440918,3.5243749618530273,64488000,QLD
2016-02-12,3.6567208766937256,3.716249942779541,3.7231249809265137,3.619999885559082,3.6893749237060547,37144000,QLD
2016-02-16,3.8160030841827393,3.878124952316284,3.878124952316284,3.7793750762939453,3.823124885559082,39641600,QLD
2016-02-17,3.993734836578369,4.058750152587891,4.070624828338623,3.9206249713897705,3.942500114440918,51164800,QLD
2016-02-18,3.9051764011383057,3.96875,4.084374904632568,3.955625057220459,4.082499980926514,37030400,QLD
2016-02-19,3.9279305934906006,3.991874933242798,4.01437520980835,3.911250114440918,3.9331250190734863,21908800,QLD
2016-02-22,4.054004192352295,4.119999885559082,4.126874923706055,4.056875228881836,4.065000057220459,25412800,QLD
2016-02-23,3.920551300048828,3.984375,4.09375,3.978749990463257,4.070000171661377,24014400,QLD
2016-02-24,3.9955790042877197,4.060625076293945,4.068749904632568,3.8418750762939453,3.8924999237060547,47172800,QLD
2016-02-25,4.071837902069092,4.138124942779541,4.138124942779541,4.003749847412109,4.078125,36518400,QLD
2016-02-26,4.062612056732178,4.128749847412109,4.203750133514404,4.110000133514404,4.198750019073486,28660800,QLD
2016-02-29,3.990044593811035,4.054999828338623,4.181875228881836,4.054999828338623,4.121250152587891,23267200,QLD
2016-03-01,4.244035720825195,4.313125133514404,4.315625190734863,4.107500076293945,4.128125190734863,29036800,QLD
2016-03-02,4.2483391761779785,4.317500114440918,4.318749904632568,4.25124979019165,4.303750038146973,33582400,QLD
2016-03-03,4.233580112457275,4.302499771118164,4.3125,4.241250038146973,4.308750152587891,27324800,QLD
2016-03-04,4.237270832061768,4.306250095367432,4.36062479019165,4.25,4.308750152587891,27908800,QLD
2016-03-07,4.186225891113281,4.254374980926514,4.310625076293945,4.190625190734863,4.261875152587891,33275200,QLD
2016-03-08,4.113041877746582,4.179999828338623,4.266250133514404,4.165625095367432,4.191249847412109,31656000,QLD
2016-03-09,4.1671600341796875,4.235000133514404,4.23562479019165,4.166250228881836,4.216875076293945,33705600,QLD
2016-03-10,4.1567063331604,4.224374771118164,4.318124771118164,4.115624904632568,4.275000095367432,51094400,QLD
2016-03-11,4.298768043518066,4.368750095367432,4.368750095367432,4.286874771118164,4.315625190734863,34801600,QLD
2016-03-14,4.3116841316223145,4.381875038146973,4.404375076293945,4.335000038146973,4.335625171661377,36288000,QLD
2016-03-15,4.309839248657227,4.380000114440918,4.388124942779541,4.324999809265137,4.349999904632568,18264000,QLD
2016-03-16,4.386096477508545,4.457499980926514,4.480625152587891,4.356874942779541,4.356874942779541,26411200,QLD
2016-03-17,4.38117790222168,4.452499866485596,4.472499847412109,4.399374961853027,4.429375171661377,22763200,QLD
2016-03-18,4.397781848907471,4.469375133514404,4.488749980926514,4.421249866485596,4.472499847412109,19916800,QLD
2016-03-21,4.42976188659668,4.501874923706055,4.506875038146973,4.445000171661377,4.451250076293945,18492800,QLD
2016-03-22,4.454360485076904,4.526875019073486,4.54812479019165,4.447500228881836,4.447500228881836,20251200,QLD
2016-03-23,4.376871585845947,4.448124885559082,4.510000228881836,4.431250095367432,4.506875038146973,19715200,QLD
2016-03-24,4.379333019256592,4.450624942779541,4.453125,4.389999866485596,4.401249885559082,31988800,QLD
2016-03-28,4.368263244628906,4.439374923706055,4.476874828338623,4.422500133514404,4.476874828338623,21395200,QLD
2016-03-29,4.502328872680664,4.575624942779541,4.585625171661377,4.40625,4.421875,26508800,QLD
2016-03-30,4.552759170532227,4.626874923706055,4.681250095367432,4.605625152587891,4.633124828338623,21083200,QLD
2016-03-31,4.538614273071289,4.612500190734863,4.651249885559082,4.596875190734863,4.621874809265137,21683200,QLD
2016-04-01,4.632091999053955,4.707499980926514,4.711874961853027,4.542500019073486,4.554999828338623,27049600,QLD
2016-04-04,4.595193386077881,4.670000076293945,4.713749885559082,4.651875019073486,4.704999923706055,15491200,QLD
2016-04-05,4.512169361114502,4.585625171661377,4.634375095367432,4.571249961853027,4.598124980926514,22894400,QLD
2016-04-06,4.657307147979736,4.73312520980835,4.734375,4.591249942779541,4.591249942779541,24446400,QLD
2016-04-07,4.517091274261475,4.590624809265137,4.693749904632568,4.556875228881836,4.679999828338623,25952000,QLD
2016-04-08,4.517091274261475,4.590624809265137,4.675000190734863,4.557499885559082,4.653124809265137,20640000,QLD
2016-04-11,4.4820356369018555,4.554999828338623,4.673749923706055,4.553750038146973,4.630000114440918,21836800,QLD
2016-04-12,4.558908939361572,4.633124828338623,4.648125171661377,4.505000114440918,4.558750152587891,22438400,QLD
2016-04-13,4.674526691436768,4.750625133514404,4.763750076293945,4.690625190734863,4.702499866485596,29584000,QLD
2016-04-14,4.673912048339844,4.75,4.784375190734863,4.724999904632568,4.752500057220459,17824000,QLD
2016-04-15,4.6493120193481445,4.724999904632568,4.761250019073486,4.702499866485596,4.741250038146973,13128000,QLD
2016-04-18,4.698511600494385,4.775000095367432,4.777500152587891,4.693124771118164,4.698750019073486,15134400,QLD
2016-04-19,4.640701770782471,4.716249942779541,4.804999828338623,4.664999961853027,4.786874771118164,15326400,QLD
2016-04-20,4.646236419677734,4.721875190734863,4.767499923706055,4.684999942779541,4.715624809265137,16120000,QLD
2016-04-21,4.6486968994140625,4.724374771118164,4.758124828338623,4.684374809265137,4.721875190734863,15380800,QLD
2016-04-22,4.510324478149414,4.583749771118164,4.644999980926514,4.511875152587891,4.605625152587891,20971200,QLD
2016-04-25,4.509710311889648,4.583125114440918,4.583125114440918,4.538125038146973,4.553124904632568,20844800,QLD
2016-04-26,4.468506336212158,4.541250228881836,4.616250038146973,4.510624885559082,4.599999904632568,21633600,QLD
2016-04-27,4.391632556915283,4.463125228881836,4.485000133514404,4.391250133514404,4.445000171661377,35660800,QLD
2016-04-28,4.289543151855469,4.359375,4.527500152587891,4.336874961853027,4.474374771118164,28190400,QLD
2016-04-29,4.240959644317627,4.309999942779541,4.373125076293945,4.244375228881836,4.351874828338623,34160000,QLD
2016-05-02,4.319676876068115,4.389999866485596,4.403124809265137,4.297500133514404,4.32687520980835,20142400,QLD
2016-05-03,4.241575717926025,4.310625076293945,4.367499828338623,4.287499904632568,4.328125,17856000,QLD
2016-05-04,4.186225891113281,4.254374980926514,4.288750171661377,4.233749866485596,4.260000228881836,22870400,QLD
2016-05-05,4.185610771179199,4.253749847412109,4.302499771118164,4.23562479019165,4.28125,14476800,QLD
2016-05-06,4.22866153717041,4.297500133514404,4.297500133514404,4.201250076293945,4.214375019073486,18067200,QLD
2016-05-09,4.250800132751465,4.320000171661377,4.359375,4.293125152587891,4.29562520980835,18638400,QLD
2016-05-10,4.367647647857666,4.43874979019165,4.443124771118164,4.336249828338623,4.353125095367432,12568000,QLD
2016-05-11,4.290159702301025,4.360000133514404,4.45187520980835,4.355625152587891,4.425624847412109,14916800,QLD
2016-05-12,4.250800132751465,4.320000171661377,4.387499809265137,4.258749961853027,4.382500171661377,32142400,QLD
2016-05-13,4.221280574798584,4.289999961853027,4.364375114440918,4.271874904632568,4.31374979019165,16592000,QLD
2016-05-16,4.323368549346924,4.393750190734863,4.425624847412109,4.292500019073486,4.300000190734863,16824000,QLD
2016-05-17,4.216360092163086,4.284999847412109,4.411250114440918,4.260624885559082,4.387499809265137,19136000,QLD
2016-05-18,4.245880126953125,4.315000057220459,4.361249923706055,4.247499942779541,4.26687479019165,26556800,QLD
2016-05-19,4.202830791473389,4.271249771118164,4.300000190734863,4.206874847412109,4.281875133514404,20454400,QLD
2016-05-20,4.291388511657715,4.361249923706055,4.397500038146973,4.29812479019165,4.304999828338623,15123200,QLD
2016-05-23,4.27970552444458,4.349374771118164,4.404375076293945,4.34375,4.368124961853027,12968000,QLD
2016-05-24,4.454360485076904,4.526875019073486,4.535624980926514,4.396874904632568,4.396874904632568,18547200,QLD
2016-05-25,4.518320083618164,4.591875076293945,4.617499828338623,4.545000076293945,4.559374809265137,18772800,QLD
2016-05-26,4.543534278869629,4.617499828338623,4.628749847412109,4.578125,4.605000019073486,11008000,QLD
2016-05-27,4.590273380279541,4.664999961853027,4.666250228881836,4.621874809265137,4.623125076293945,11939200,QLD
2016-05-31,4.608723163604736,4.683750152587891,4.696875095367432,4.636875152587891,4.679999828338623,12563200,QLD
2016-06-01,4.606263160705566,4.681250095367432,4.70437479019165,4.648125171661377,4.651875019073486,13427200,QLD
2016-06-02,4.628403186798096,4.703750133514404,4.703750133514404,4.613749980926514,4.663125038146973,9129600,QLD
2016-06-03,4.582892417907715,4.65749979019165,4.6875,4.598124980926514,4.684374809265137,15198400,QLD
2016-06-06,4.614257335662842,4.689374923706055,4.715624809265137,4.659375190734863,4.675624847412109,11830400,QLD
2016-06-07,4.595808982849121,4.67062520980835,4.705625057220459,4.663750171661377,4.696249961853027,8638400,QLD
2016-06-08,4.6081085205078125,4.683125019073486,4.702499866485596,4.650625228881836,4.678750038146973,10907200,QLD
2016-06-09,4.592118740081787,4.666874885559082,4.678124904632568,4.628125190734863,4.648749828338623,15601600,QLD
2016-06-10,4.489415168762207,4.5625,4.600625038146973,4.530624866485596,4.582499980926514,18483200,QLD
2016-06-13,4.411311626434326,4.48312520980835,4.559999942779541,4.474999904632568,4.511875152587891,24073600,QLD
2016-06-14,4.4156174659729,4.487500190734863,4.51687479019165,4.420000076293945,4.466875076293945,19985600,QLD
2016-06-15,4.388558387756348,4.460000038146973,4.517499923706055,4.446875095367432,4.507500171661377,15638400,QLD
2016-06-16,4.415000915527344,4.486875057220459,4.491875171661377,4.359375,4.414999961853027,27001600,QLD
2016-06-17,4.312913417816162,4.383124828338623,4.46875,4.360000133514404,4.46875,24080000,QLD
2016-06-20,4.362727165222168,4.433750152587891,4.523125171661377,4.428750038146973,4.484375,17139200,QLD
2016-06-21,4.391016960144043,4.462500095367432,4.479374885559082,4.430624961853027,4.449999809265137,15651200,QLD
2016-06-22,4.369479656219482,4.438125133514404,4.516250133514404,4.431250095367432,4.466249942779541,18288000,QLD
2016-06-23,4.492547512054443,4.563125133514404,4.565625190734863,4.470624923706055,4.506249904632568,17403200,QLD
2016-06-24,4.127655029296875,4.192500114440918,4.374374866485596,4.171875,4.235000133514404,44379200,QLD
2016-06-27,3.9682834148406982,4.030624866485596,4.137499809265137,3.9862499237060547,4.137499809265137,34388800,QLD
2016-06-28,4.135037899017334,4.199999809265137,4.20187520980835,4.109375,4.11062479019165,25536000,QLD
2016-06-29,4.279642581939697,4.346875190734863,4.363749980926514,4.261250019073486,4.262499809265137,23608000,QLD
2016-06-30,4.37870979309082,4.447500228881836,4.453125,4.332499980926514,4.363124847412109,19667200,QLD
2016-07-01,4.422399997711182,4.491875171661377,4.525000095367432,4.441874980926514,4.446249961853027,17614400,QLD
2016-07-05,4.3670196533203125,4.435625076293945,4.454999923706055,4.389999866485596,4.449375152587891,14720000,QLD
2016-07-06,4.437782287597656,4.507500171661377,4.512499809265137,4.367499828338623,4.395625114440918,21640000,QLD
2016-07-07,4.466087818145752,4.536250114440918,4.555624961853027,4.494375228881836,4.515625,22222400,QLD
2016-07-08,4.603922367095947,4.676249980926514,4.680624961853027,4.569375038146973,4.581250190734863,23932800,QLD
2016-07-11,4.658071041107178,4.731249809265137,4.763124942779541,4.704999923706055,4.704999923706055,16667200,QLD
2016-07-12,4.702375888824463,4.776249885559082,4.800624847412109,4.766250133514404,4.787499904632568,12889600,QLD
2016-07-13,4.682069778442383,4.755624771118164,4.803124904632568,4.753125190734863,4.801875114440918,13334400,QLD
2016-07-14,4.7411417961120605,4.815625190734863,4.835000038146973,4.794374942779541,4.815625190734863,13686400,QLD
2016-07-15,4.727603912353516,4.801875114440918,4.84499979019165,4.78125,4.838749885559082,11956800,QLD
2016-07-18,4.790367603302002,4.865624904632568,4.881249904632568,4.806250095367432,4.806250095367432,10432000,QLD
2016-07-19,4.754677772521973,4.82937479019165,4.858749866485596,4.813125133514404,4.833749771118164,15460800,QLD
2016-07-20,4.866669178009033,4.943124771118164,4.960625171661377,4.871250152587891,4.883749961853027,15251200,QLD
2016-07-21,4.8451337814331055,4.921249866485596,4.96750020980835,4.893125057220459,4.950624942779541,10196800,QLD
2016-07-22,4.883284091949463,4.960000038146973,4.971250057220459,4.898125171661377,4.926875114440918,7872000,QLD
2016-07-25,4.885745048522949,4.962500095367432,4.962500095367432,4.928124904632568,4.948750019073486,7715200,QLD
2016-07-26,4.898051738739014,4.974999904632568,5.008124828338623,4.922500133514404,4.958125114440918,17550400,QLD
2016-07-27,4.960816383361816,5.038750171661377,5.066249847412109,4.998125076293945,5.055624961853027,19049600,QLD
2016-07-28,4.998965740203857,5.077499866485596,5.088125228881836,5.025000095367432,5.056875228881836,16355200,QLD
2016-07-29,5.018043041229248,5.096875190734863,5.124374866485596,5.066249847412109,5.098124980926514,13929600,QLD
2016-08-01,5.070346355438232,5.150000095367432,5.176249980926514,5.09250020980835,5.104374885559082,17864000,QLD
2016-08-02,4.9934282302856445,5.071875095367432,5.14187479019165,5.006875038146973,5.136250019073486,23694400,QLD
2016-08-03,5.028502941131592,5.107500076293945,5.107500076293945,5.059999942779541,5.063125133514404,13172800,QLD
2016-08-04,5.056191921234131,5.135624885559082,5.144374847412109,5.078750133514404,5.105625152587891,14243200,QLD
2016-08-05,5.15218448638916,5.23312520980835,5.255624771118164,5.176249980926514,5.189374923706055,18352000,QLD
2016-08-08,5.142339706420898,5.223124980926514,5.241250038146973,5.188125133514404,5.237500190734863,9110400,QLD
2016-08-09,5.165721416473389,5.246874809265137,5.276875019073486,5.223124980926514,5.228125095367432,12280000,QLD
2016-08-10,5.139261245727539,5.21999979019165,5.255000114440918,5.191874980926514,5.25,10563200,QLD
2016-08-11,5.182335376739502,5.263750076293945,5.285624980926514,5.232500076293945,5.252500057220459,10595200,QLD
2016-08-12,5.189104080200195,5.270625114440918,5.270625114440918,5.23312520980835,5.244375228881836,12123200,QLD
2016-08-15,5.233409404754639,5.315625190734863,5.338125228881836,5.28125,5.28249979019165,11044800,QLD
2016-08-16,5.176181793212891,5.257500171661377,5.29562520980835,5.253749847412109,5.293749809265137,10518400,QLD
2016-08-17,5.19156551361084,5.273125171661377,5.276249885559082,5.199999809265137,5.258124828338623,19310400,QLD
2016-08-18,5.196488380432129,5.278124809265137,5.289374828338623,5.245625019073486,5.266250133514404,12105600,QLD
2016-08-19,5.192180633544922,5.273749828338623,5.296249866485596,5.230625152587891,5.260624885559082,13158400,QLD
2016-08-22,5.198334693908691,5.28000020980835,5.29812479019165,5.239375114440918,5.256249904632568,9748800,QLD
2016-08-23,5.216179370880127,5.29812479019165,5.340624809265137,5.29562520980835,5.318749904632568,10059200,QLD
2016-08-24,5.147877216339111,5.228750228881836,5.306250095367432,5.196875095367432,5.293125152587891,14985600,QLD
2016-08-25,5.1306471824646,5.211249828338623,5.244999885559082,5.190625190734863,5.202499866485596,9433600,QLD
2016-08-26,5.146645545959473,5.227499961853027,5.295000076293945,5.166874885559082,5.21750020980835,21740800,QLD
2016-08-29,5.16141414642334,5.242499828338623,5.270625114440918,5.230625152587891,5.231249809265137,7222400,QLD
2016-08-30,5.127571105957031,5.208125114440918,5.254374980926514,5.172500133514404,5.224999904632568,12595200,QLD
2016-08-31,5.1140336990356445,5.194375038146973,5.207499980926514,5.153749942779541,5.191249847412109,12654400,QLD
2016-09-01,5.140492916107178,5.221250057220459,5.235000133514404,5.150000095367432,5.201250076293945,18008000,QLD
2016-09-02,5.173105716705322,5.254374980926514,5.296249866485596,5.21750020980835,5.273125171661377,9112000,QLD
2016-09-06,5.238330841064453,5.320624828338623,5.321875095367432,5.252500057220459,5.272500038146973,11809600,QLD
2016-09-07,5.246945858001709,5.32937479019165,5.345624923706055,5.288125038146973,5.329999923706055,9542400,QLD
2016-09-08,5.183566570281982,5.264999866485596,5.298749923706055,5.239375114440918,5.296249866485596,17118400,QLD
2016-09-09,4.9208197593688965,4.998125076293945,5.200624942779541,4.998125076293945,5.176249980926514,28272000,QLD
2016-09-12,5.094958782196045,5.175000190734863,5.192500114440918,4.942500114440918,4.945000171661377,32851200,QLD
2016-09-13,5.007580757141113,5.086249828338623,5.15625,5.038125038146973,5.125,27662400,QLD
2016-09-14,5.058038234710693,5.137499809265137,5.190000057220459,5.096250057220459,5.097499847412109,26166400,QLD
2016-09-15,5.2143330574035645,5.296249866485596,5.307499885559082,5.135624885559082,5.139999866485596,21566400,QLD
2016-09-16,5.207563877105713,5.289374828338623,5.298749923706055,5.238749980926514,5.28249979019165,19907200,QLD
2016-09-19,5.1607985496521,5.241875171661377,5.348750114440918,5.221875190734863,5.314374923706055,20796800,QLD
2016-09-20,5.179874420166016,5.261250019073486,5.303750038146973,5.243124961853027,5.278749942779541,12260800,QLD
2016-09-21,5.2801737785339355,5.363124847412109,5.378125190734863,5.244375228881836,5.303750038146973,24152000,QLD
2016-09-22,5.3663201332092285,5.450624942779541,5.461874961853027,5.416874885559082,5.428750038146973,14419200,QLD
2016-09-23,5.296172618865967,5.379374980926514,5.434999942779541,5.365624904632568,5.433125019073486,18270400,QLD
2016-09-26,5.208794116973877,5.290625095367432,5.331874847412109,5.275000095367432,5.320000171661377,13180800,QLD
2016-09-27,5.309709548950195,5.393125057220459,5.398125171661377,5.274374961853027,5.286874771118164,18976000,QLD
2016-09-28,5.330014228820801,5.413750171661377,5.418749809265137,5.357500076293945,5.40500020980835,15054400,QLD
2016-09-29,5.249405860900879,5.331874847412109,5.413750171661377,5.287499904632568,5.395625114440918,25457600,QLD
2016-09-30,5.325092792510986,5.408750057220459,5.444375038146973,5.349999904632568,5.361875057220459,20096000,QLD
2016-10-03,5.31217098236084,5.395625114440918,5.409375190734863,5.355625152587891,5.393750190734863,14316800,QLD
2016-10-04,5.298018455505371,5.381249904632568,5.45187520980835,5.339375019073486,5.423749923706055,25336000,QLD
2016-10-05,5.333093166351318,5.416874885559082,5.45187520980835,5.40625,5.40749979019165,11352000,QLD
2016-10-06,5.329400062561035,5.413125038146973,5.431875228881836,5.36062479019165,5.403749942779541,15828800,QLD
2016-10-07,5.305402755737305,5.388750076293945,5.434999942779541,5.336249828338623,5.421875,18608000,QLD
2016-10-10,5.3687825202941895,5.453125,5.478750228881836,5.438125133514404,5.438125133514404,10912000,QLD
2016-10-11,5.2143330574035645,5.296249866485596,5.447500228881836,5.253125190734863,5.443124771118164,19296000,QLD
2016-10-12,5.210639953613281,5.292500019073486,5.32687520980835,5.260000228881836,5.304375171661377,9936000,QLD
2016-10-13,5.173105716705322,5.254374980926514,5.28125,5.158124923706055,5.21999979019165,17497600,QLD
2016-10-14,5.1811041831970215,5.262499809265137,5.345624923706055,5.258124828338623,5.300000190734863,15888000,QLD
2016-10-17,5.154644966125488,5.23562479019165,5.276249885559082,5.223750114440918,5.260000228881836,11208000,QLD
2016-10-18,5.245715618133545,5.328125,5.376874923706055,5.322500228881836,5.356249809265137,12230400,QLD
2016-10-19,5.24263858795166,5.324999809265137,5.341875076293945,5.308750152587891,5.318124771118164,8024000,QLD
2016-10-20,5.23279333114624,5.315000057220459,5.335625171661377,5.253125190734863,5.31125020980835,14680000,QLD
2016-10-21,5.27217435836792,5.355000019073486,5.359375,5.286874771118164,5.321875095367432,10553600,QLD
2016-10-24,5.398317337036133,5.48312520980835,5.488124847412109,5.42062520980835,5.421875,12548800,QLD
2016-10-25,5.360783100128174,5.445000171661377,5.489999771118164,5.429999828338623,5.48562479019165,15875200,QLD
2016-10-26,5.2912492752075195,5.374374866485596,5.431875228881836,5.343124866485596,5.375625133514404,17249600,QLD
2016-10-27,5.244483470916748,5.32687520980835,5.425624847412109,5.308750152587891,5.420000076293945,15204800,QLD
2016-10-28,5.171874523162842,5.253125190734863,5.348124980926514,5.224374771118164,5.288750171661377,25560000,QLD
2016-10-31,5.1620306968688965,5.243124961853027,5.294374942779541,5.241875171661377,5.291874885559082,12478400,QLD
2016-11-01,5.088190078735352,5.168125152587891,5.26437520980835,5.07687520980835,5.262499809265137,19878400,QLD
2016-11-02,5.0038886070251465,5.082499980926514,5.181250095367432,5.058750152587891,5.159999847412109,18243200,QLD
2016-11-03,4.907896995544434,4.985000133514404,5.099999904632568,4.973124980926514,5.066874980926514,12520000,QLD
2016-11-04,4.870362281799316,4.946875095367432,5.025000095367432,4.929999828338623,4.957499980926514,16256000,QLD
2016-11-07,5.106035232543945,5.18625020980835,5.193124771118164,5.09375,5.104374885559082,17072000,QLD
2016-11-08,5.171874523162842,5.253125190734863,5.297500133514404,5.148125171661377,5.171249866485596,19294400,QLD
2016-11-09,5.215564250946045,5.297500133514404,5.315000057220459,5.116875171661377,5.121250152587891,27628800,QLD
2016-11-10,5.046347618103027,5.125625133514404,5.361875057220459,4.987500190734863,5.34250020980835,45632000,QLD
2016-11-11,5.05188512802124,5.131249904632568,5.151875019073486,5.046875,5.080625057220459,24038400,QLD
2016-11-14,4.950969696044922,5.028749942779541,5.14187479019165,4.974374771118164,5.135624885559082,27435200,QLD
2016-11-15,5.088805198669434,5.168749809265137,5.199375152587891,5.088749885559082,5.100625038146973,20566400,QLD
2016-11-16,5.147262096405029,5.228125095367432,5.23312520980835,5.118750095367432,5.121874809265137,11209600,QLD
2016-11-17,5.221101760864258,5.303124904632568,5.304375171661377,5.200624942779541,5.222499847412109,14073600,QLD
2016-11-18,5.183566570281982,5.264999866485596,5.333749771118164,5.254374980926514,5.310625076293945,9241600,QLD
2016-11-21,5.288173198699951,5.371250152587891,5.381249904632568,5.284999847412109,5.288750171661377,13617600,QLD
2016-11-22,5.3226318359375,5.40625,5.431250095367432,5.377500057220459,5.411874771118164,14211200,QLD
2016-11-23,5.279559135437012,5.362500190734863,5.380000114440918,5.3125,5.368124961853027,13320000,QLD
2016-11-25,5.31217098236084,5.395625114440918,5.398749828338623,5.36062479019165,5.371250152587891,5251200,QLD
2016-11-28,5.289402484893799,5.372499942779541,5.419374942779541,5.358749866485596,5.378125190734863,12137600,QLD
2016-11-29,5.324477195739746,5.408124923706055,5.458125114440918,5.349999904632568,5.376874923706055,12667200,QLD
2016-11-30,5.19156551361084,5.273125171661377,5.42312479019165,5.271249771118164,5.416250228881836,18036800,QLD
2016-12-01,5.017426013946533,5.096250057220459,5.273125171661377,5.077499866485596,5.273125171661377,20212800,QLD
2016-12-02,5.032810211181641,5.111875057220459,5.153749942779541,5.070624828338623,5.100625038146973,18075200,QLD
2016-12-05,5.110340595245361,5.190625190734863,5.231874942779541,5.118750095367432,5.166250228881836,12681600,QLD
2016-12-06,5.136801719665527,5.21750020980835,5.234375,5.173749923706055,5.214375019073486,14288000,QLD
2016-12-07,5.265406131744385,5.348124980926514,5.360000133514404,5.163750171661377,5.194375038146973,17998400,QLD
2016-12-08,5.283249855041504,5.366250038146973,5.393125057220459,5.331250190734863,5.353125095367432,17940800,QLD
2016-12-09,5.3657050132751465,5.449999809265137,5.45437479019165,5.40625,5.408124923706055,17382400,QLD
2016-12-12,5.316479206085205,5.400000095367432,5.423749923706055,5.356249809265137,5.401249885559082,12670400,QLD
2016-12-13,5.451235771179199,5.536874771118164,5.595624923706055,5.434374809265137,5.435625076293945,25563200,QLD
2016-12-14,5.426623344421387,5.511875152587891,5.585625171661377,5.48312520980835,5.546249866485596,23904000,QLD
2016-12-15,5.443851947784424,5.529375076293945,5.59499979019165,5.502500057220459,5.525000095367432,20779200,QLD
2016-12-16,5.407547473907471,5.492499828338623,5.571875095367432,5.468124866485596,5.553750038146973,14985600,QLD
2016-12-19,5.450621128082275,5.536250114440918,5.601874828338623,5.488124847412109,5.501874923706055,13302400,QLD
2016-12-20,5.493078708648682,5.57937479019165,5.596875190734863,5.557499885559082,5.567500114440918,11360000,QLD
2016-12-21,5.481319427490234,5.56374979019165,5.581250190734863,5.539374828338623,5.576250076293945,5710400,QLD
2016-12-22,5.449915885925293,5.531875133514404,5.565625190734863,5.489999771118164,5.564374923706055,10484800,QLD
2016-12-23,5.45607328414917,5.538125038146973,5.541874885559082,5.503125190734863,5.51437520980835,4673600,QLD
2016-12-27,5.516415596008301,5.599374771118164,5.659375190734863,5.557499885559082,5.5625,7228800,QLD
2016-12-28,5.428979873657227,5.510624885559082,5.628749847412109,5.5,5.618750095367432,12851200,QLD
2016-12-29,5.41050910949707,5.491875171661377,5.529375076293945,5.459374904632568,5.504374980926514,8950400,QLD
2016-12-30,5.302753925323486,5.382500171661377,5.512499809265137,5.349374771118164,5.510624885559082,16683200,QLD
2017-01-03,5.3944993019104,5.475625038146973,5.51687479019165,5.416874885559082,5.45437479019165,13486400,QLD
2017-01-04,5.45114803314209,5.533124923706055,5.553124904632568,5.485000133514404,5.485000133514404,9744000,QLD
2017-01-05,5.512105464935303,5.59499979019165,5.602499961853027,5.527500152587891,5.527500152587891,9990400,QLD
2017-01-06,5.608777046203613,5.693124771118164,5.722499847412109,5.578750133514404,5.606249809265137,13712000,QLD
2017-01-09,5.646337509155273,5.731249809265137,5.750625133514404,5.695624828338623,5.699375152587891,12824000,QLD
2017-01-10,5.670967102050781,5.756249904632568,5.788750171661377,5.708125114440918,5.732500076293945,11523200,QLD
2017-01-11,5.69744348526001,5.783124923706055,5.784375190734863,5.699999809265137,5.755000114440918,19227200,QLD
2017-01-12,5.680203437805176,5.765625,5.773749828338623,5.660624980926514,5.741250038146973,15232000,QLD
2017-01-13,5.720841884613037,5.806875228881836,5.826250076293945,5.775000095367432,5.776249885559082,12737600,QLD
2017-01-17,5.685129642486572,5.770625114440918,5.793125152587891,5.737500190734863,5.773125171661377,10734400,QLD
2017-01-18,5.7109904289245605,5.796875,5.803750038146973,5.758749961853027,5.786874771118164,11449600,QLD
2017-01-19,5.701754093170166,5.787499904632568,5.848750114440918,5.764999866485596,5.806250095367432,12588800,QLD
2017-01-20,5.726999759674072,5.813125133514404,5.868124961853027,5.783750057220459,5.838749885559082,15254400,QLD
2017-01-23,5.735619068145752,5.821875095367432,5.836874961853027,5.749374866485596,5.803124904632568,12027200,QLD
2017-01-24,5.813818454742432,5.901249885559082,5.918749809265137,5.826250076293945,5.84375,12608000,QLD
2017-01-25,5.929577827453613,6.018750190734863,6.021874904632568,5.965624809265137,5.973124980926514,12539200,QLD
2017-01-26,5.938813209533691,6.028124809265137,6.056250095367432,6.010624885559082,6.034375190734863,11788800,QLD
2017-01-27,5.96159553527832,6.051249980926514,6.064374923706055,6.016250133514404,6.053124904632568,9688000,QLD
2017-01-30,5.872313976287842,5.960625171661377,6.012499809265137,5.893125057220459,6.011875152587891,16958400,QLD
2017-01-31,5.847685813903809,5.935625076293945,5.9375,5.866875171661377,5.918125152587891,14944000,QLD
2017-02-01,5.927115440368652,6.016250133514404,6.038750171661377,5.962500095367432,6.01437520980835,19384000,QLD
2017-02-02,5.916646480560303,6.005624771118164,6.039374828338623,5.961249828338623,5.994999885559082,12419200,QLD
2017-02-03,5.947433948516846,6.036874771118164,6.050624847412109,6.006249904632568,6.019374847412109,13200000,QLD
2017-02-06,5.963443279266357,6.053124904632568,6.054999828338623,6.008749961853027,6.01437520980835,9465600,QLD
2017-02-07,6.006544589996338,6.096875190734863,6.121874809265137,6.068124771118164,6.074999809265137,13507200,QLD
2017-02-08,6.029327392578125,6.119999885559082,6.133749961853027,6.057499885559082,6.07937479019165,9296000,QLD
2017-02-09,6.071198463439941,6.162499904632568,6.1875,6.122499942779541,6.130624771118164,15824000,QLD
2017-02-10,6.109989643096924,6.20187520980835,6.21875,6.167500019073486,6.183750152587891,17462400,QLD
2017-02-13,6.179569244384766,6.272500038146973,6.286874771118164,6.234375,6.239375114440918,14137600,QLD
2017-02-14,6.218975067138672,6.3125,6.31374979019165,6.235000133514404,6.275000095367432,14966400,QLD
2017-02-15,6.290401935577393,6.385000228881836,6.391250133514404,6.296875,6.301249980926514,14771200,QLD
2017-02-16,6.2885541915893555,6.383124828338623,6.418749809265137,6.350625038146973,6.394374847412109,16126400,QLD
2017-02-17,6.343353271484375,6.43874979019165,6.43874979019165,6.362500190734863,6.365624904632568,10902400,QLD
2017-02-21,6.4036970138549805,6.5,6.508124828338623,6.455625057220459,6.461249828338623,18315200,QLD
2017-02-22,6.409240245819092,6.505624771118164,6.513750076293945,6.46750020980835,6.488124847412109,13968000,QLD
2017-02-23,6.363058567047119,6.458749771118164,6.523125171661377,6.404375076293945,6.522500038146973,18371200,QLD
2017-02-24,6.3827619552612305,6.478750228881836,6.478750228881836,6.39187479019165,6.400625228881836,17516800,QLD
2017-02-27,6.400618553161621,6.496874809265137,6.496874809265137,6.433750152587891,6.456250190734863,14411200,QLD
2017-02-28,6.359981060028076,6.455625057220459,6.498125076293945,6.420000076293945,6.490624904632568,14988800,QLD
2017-03-01,6.497906684875488,6.595624923706055,6.619375228881836,6.513124942779541,6.534999847412109,15451200,QLD
2017-03-02,6.433868885040283,6.530624866485596,6.59375,6.51437520980835,6.59375,11808000,QLD
2017-03-03,6.456035137176514,6.553124904632568,6.556250095367432,6.48562479019165,6.51687479019165,13326400,QLD
2017-03-06,6.428327560424805,6.525000095367432,6.545000076293945,6.471250057220459,6.508124828338623,11216000,QLD
2017-03-07,6.402466773986816,6.49875020980835,6.557499885559082,6.478750228881836,6.496874809265137,10406400,QLD
2017-03-08,6.425864219665527,6.522500038146973,6.563125133514404,6.494999885559082,6.505000114440918,8952000,QLD
2017-03-09,6.43448543548584,6.53125,6.550000190734863,6.463125228881836,6.520625114440918,12166400,QLD
2017-03-10,6.489901065826416,6.587500095367432,6.608749866485596,6.53249979019165,6.589375019073486,11372800,QLD
2017-03-13,6.509604454040527,6.607500076293945,6.61062479019165,6.574999809265137,6.581250190734863,6617600,QLD
2017-03-14,6.475740909576416,6.573124885559082,6.583749771118164,6.523125171661377,6.578125,9457600,QLD
2017-03-15,6.556401252746582,6.65500020980835,6.685625076293945,6.561874866485596,6.602499961853027,13812800,QLD
2017-03-16,6.551476001739502,6.650000095367432,6.681875228881836,6.618750095367432,6.681250095367432,11846400,QLD
2017-03-17,6.53916072845459,6.637499809265137,6.676875114440918,6.636875152587891,6.659375190734863,7243200,QLD
2017-03-20,6.5533223152160645,6.651875019073486,6.683750152587891,6.618750095367432,6.638124942779541,8475200,QLD
2017-03-21,6.358747959136963,6.45437479019165,6.715624809265137,6.444375038146973,6.70187520980835,17296000,QLD
2017-03-22,6.441826820373535,6.537499904632568,6.550000190734863,6.435625076293945,6.456874847412109,13499200,QLD
2017-03-23,6.411651134490967,6.506875038146973,6.556250095367432,6.481874942779541,6.520625114440918,11168000,QLD
2017-03-24,6.430126190185547,6.525625228881836,6.595624923706055,6.480625152587891,6.543125152587891,12824000,QLD
2017-03-27,6.455991744995117,6.551875114440918,6.573124885559082,6.40749979019165,6.438125133514404,11979200,QLD
2017-03-28,6.532974720001221,6.630000114440918,6.669374942779541,6.523125171661377,6.54812479019165,12640000,QLD
2017-03-29,6.593943119049072,6.691874980926514,6.695624828338623,6.625625133514404,6.639999866485596,8689600,QLD
2017-03-30,6.612419605255127,6.710625171661377,6.726874828338623,6.674375057220459,6.688125133514404,10065600,QLD
2017-03-31,6.605645656585693,6.703750133514404,6.738749980926514,6.678750038146973,6.693124771118164,11584000,QLD
2017-04-03,6.595789432525635,6.693749904632568,6.745625019073486,6.622499942779541,6.714375019073486,11862400,QLD
2017-04-04,6.614265441894531,6.712500095367432,6.716249942779541,6.652500152587891,6.655624866485596,6385600,QLD
2017-04-05,6.563767433166504,6.661250114440918,6.810625076293945,6.635624885559082,6.73312520980835,16068800,QLD
2017-04-06,6.569925785064697,6.667500019073486,6.70187520980835,6.633124828338623,6.676875114440918,12670400,QLD
2017-04-07,6.563150882720947,6.660624980926514,6.699999809265137,6.612500190734863,6.659999847412109,10004800,QLD
2017-04-10,6.569308280944824,6.666874885559082,6.718124866485596,6.630000114440918,6.67312479019165,8843200,QLD
2017-04-11,6.513265609741211,6.610000133514404,6.669374942779541,6.510000228881836,6.648125171661377,16848000,QLD
2017-04-12,6.459071159362793,6.554999828338623,6.613749980926514,6.538750171661377,6.605000019073486,12068800,QLD
2017-04-13,6.404261589050293,6.499374866485596,6.609375,6.497499942779541,6.535624980926514,13960000,QLD
2017-04-17,6.508955478668213,6.605625152587891,6.60812520980835,6.531875133514404,6.536250114440918,8764800,QLD
2017-04-18,6.49232816696167,6.588749885559082,6.624374866485596,6.553750038146973,6.561874866485596,12592000,QLD
2017-04-19,6.510802745819092,6.607500076293945,6.684999942779541,6.587500095367432,6.640625,13726400,QLD
2017-04-20,6.614265441894531,6.712500095367432,6.744999885559082,6.639999866485596,6.659999847412109,13692800,QLD
2017-04-21,6.614265441894531,6.712500095367432,6.731874942779541,6.679375171661377,6.726874828338623,10641600,QLD
2017-04-24,6.773772239685059,6.874374866485596,6.885624885559082,6.839375019073486,6.856874942779541,11488000,QLD
2017-04-25,6.87230920791626,6.974374771118164,6.996250152587891,6.908750057220459,6.918125152587891,8708800,QLD
2017-04-26,6.852601528167725,6.95437479019165,7.010000228881836,6.945000171661377,6.978750228881836,11865600,QLD
2017-04-27,6.9326629638671875,7.035624980926514,7.035624980926514,6.979374885559082,6.987500190734863,9142400,QLD
2017-04-28,6.957296371459961,7.060625076293945,7.096875190734863,7.038125038146973,7.091875076293945,9145600,QLD
2017-05-01,7.074924468994141,7.179999828338623,7.203750133514404,7.103125095367432,7.106874942779541,8368000,QLD
2017-05-02,7.103870391845703,7.209374904632568,7.215000152587891,7.166874885559082,7.205625057220459,8174400,QLD
2017-05-03,7.057681083679199,7.162499904632568,7.181250095367432,7.12375020980835,7.179375171661377,9921600,QLD
2017-05-04,7.062608242034912,7.167500019073486,7.183750152587891,7.116875171661377,7.163125038146973,9598400,QLD
2017-05-05,7.113108158111572,7.21875,7.21875,7.149374961853027,7.203750133514404,8523200,QLD
2017-05-08,7.143899917602539,7.25,7.25,7.198750019073486,7.223124980926514,6856000,QLD
2017-05-09,7.194400310516357,7.301249980926514,7.331250190734863,7.259375095367432,7.268125057220459,9747200,QLD
2017-05-10,7.200559139251709,7.307499885559082,7.31374979019165,7.257500171661377,7.308750152587891,7777600,QLD
2017-05-11,7.188858985900879,7.29562520980835,7.29812479019165,7.199999809265137,7.269999980926514,12984000,QLD
2017-05-12,7.221497535705566,7.328750133514404,7.331874847412109,7.291250228881836,7.300624847412109,6872000,QLD
2017-05-15,7.26584005355835,7.37375020980835,7.381875038146973,7.323750019073486,7.333125114440918,7286400,QLD
2017-05-16,7.328657150268555,7.4375,7.4375,7.369999885559082,7.408124923706055,7971200,QLD
2017-05-17,6.952985763549805,7.056250095367432,7.34250020980835,7.054375171661377,7.317500114440918,24633600,QLD
2017-05-18,7.071228981018066,7.176249980926514,7.224999904632568,7.035624980926514,7.054375171661377,22795200,QLD
2017-05-19,7.13466215133667,7.240624904632568,7.300000190734863,7.224374771118164,7.227499961853027,13368000,QLD
2017-05-22,7.254755020141602,7.362500190734863,7.369375228881836,7.266250133514404,7.269374847412109,8078400,QLD
2017-05-23,7.266454219818115,7.374374866485596,7.406875133514404,7.341249942779541,7.406875133514404,10201600,QLD
2017-05-24,7.335431098937988,7.444375038146973,7.449999809265137,7.377500057220459,7.42062520980835,10771200,QLD
2017-05-25,7.456754684448242,7.567500114440918,7.606249809265137,7.46750020980835,7.5,13491200,QLD
2017-05-26,7.482618808746338,7.59375,7.599374771118164,7.551875114440918,7.570000171661377,7923200,QLD
2017-05-30,7.496784687042236,7.60812520980835,7.625,7.57937479019165,7.583125114440918,5656000,QLD
2017-05-31,7.487547397613525,7.598750114440918,7.658750057220459,7.523749828338623,7.65625,12798400,QLD
2017-06-01,7.55282735824585,7.664999961853027,7.664999961853027,7.568749904632568,7.632500171661377,13092800,QLD
2017-06-02,7.716645240783691,7.831250190734863,7.836249828338623,7.688125133514404,7.715624809265137,8580800,QLD
2017-06-05,7.715412139892578,7.829999923706055,7.85812520980835,7.808750152587891,7.833125114440918,7500800,QLD
2017-06-06,7.658754348754883,7.772500038146973,7.861249923706055,7.748125076293945,7.811874866485596,11993600,QLD
2017-06-07,7.713563919067383,7.828125,7.840624809265137,7.739999771118164,7.806250095367432,12206400,QLD
2017-06-08,7.731424808502197,7.846250057220459,7.868124961853027,7.759375095367432,7.863749980926514,14518400,QLD
2017-06-09,7.342822074890137,7.45187520980835,7.879374980926514,7.243124961853027,7.86062479019165,39006400,QLD
2017-06-12,7.261528968811035,7.369375228881836,7.394374847412109,7.181875228881836,7.327499866485596,40088000,QLD
2017-06-13,7.379158020019531,7.488749980926514,7.508749961853027,7.37624979019165,7.451250076293945,23492800,QLD
2017-06-14,7.313260555267334,7.421875,7.550000190734863,7.303750038146973,7.550000190734863,21617600,QLD
2017-06-15,7.244899749755859,7.352499961853027,7.371874809265137,7.181250095367432,7.271874904632568,27932800,QLD
2017-06-16,7.1925530433654785,7.299375057220459,7.353750228881836,7.237500190734863,7.351250171661377,17182400,QLD
2017-06-19,7.423498153686523,7.533750057220459,7.54812479019165,7.410624980926514,7.429375171661377,18313600,QLD
2017-06-20,7.309565544128418,7.418125152587891,7.537499904632568,7.411874771118164,7.518750190734863,13609600,QLD
2017-06-21,7.452267646789551,7.5625,7.565625190734863,7.439374923706055,7.448124885559082,18323200,QLD
2017-06-22,7.4467244148254395,7.556875228881836,7.612500190734863,7.518750190734863,7.581874847412109,15884800,QLD
2017-06-23,7.5015387535095215,7.612500190734863,7.633749961853027,7.49875020980835,7.540625095367432,11470400,QLD
2017-06-26,7.4344072341918945,7.544374942779541,7.726250171661377,7.511250019073486,7.698124885559082,20366400,QLD
2017-06-27,7.164646148681641,7.270625114440918,7.502500057220459,7.268750190734863,7.48562479019165,32388800,QLD
2017-06-28,7.364194869995117,7.473124980926514,7.488124847412109,7.238124847412109,7.320624828338623,24598400,QLD
2017-06-29,7.111063480377197,7.216249942779541,7.414374828338623,7.074375152587891,7.409375190734863,39684800,QLD
2017-06-30,7.102441310882568,7.207499980926514,7.293125152587891,7.175624847412109,7.258749961853027,19865600,QLD
2017-07-03,6.9663310050964355,7.069375038146973,7.303124904632568,7.059374809265137,7.283124923706055,14022400,QLD
2017-07-05,7.101825714111328,7.206874847412109,7.244999885559082,7.064374923706055,7.109375,15768000,QLD
2017-07-06,6.971872329711914,7.074999809265137,7.15749979019165,7.025625228881836,7.095624923706055,21062400,QLD
2017-07-07,7.117222309112549,7.222499847412109,7.265625,7.121874809265137,7.121874809265137,13872000,QLD
2017-07-10,7.215764999389648,7.322500228881836,7.356874942779541,7.20187520980835,7.237500190734863,14107200,QLD
2017-07-11,7.25518274307251,7.362500190734863,7.380000114440918,7.248125076293945,7.297500133514404,15385600,QLD
2017-07-12,7.430711269378662,7.540625095367432,7.553750038146973,7.458749771118164,7.487500190734863,13705600,QLD
2017-07-13,7.461506366729736,7.571875095367432,7.605000019073486,7.526249885559082,7.554375171661377,11862400,QLD
2017-07-14,7.574829578399658,7.686874866485596,7.707499980926514,7.590000152587891,7.634375095367432,13230400,QLD
2017-07-17,7.582837104797363,7.695000171661377,7.747499942779541,7.666250228881836,7.702499866485596,6811200,QLD
2017-07-18,7.686305999755859,7.800000190734863,7.800000190734863,7.637499809265137,7.683750152587891,7520000,QLD
2017-07-19,7.774993896484375,7.889999866485596,7.911250114440918,7.838749885559082,7.84250020980835,7757600,QLD
2017-07-20,7.794703006744385,7.909999847412109,7.9375,7.837500095367432,7.929999828338623,9481600,QLD
2017-07-21,7.7836174964904785,7.898749828338623,7.900000095367432,7.818749904632568,7.84499979019165,5974400,QLD
2017-07-24,7.852596759796143,7.96875,7.983749866485596,7.880000114440918,7.898749828338623,6931200,QLD
2017-07-25,7.819337368011475,7.934999942779541,7.96750020980835,7.888750076293945,7.917500019073486,6710400,QLD
2017-07-26,7.867377758026123,7.983749866485596,7.989999771118164,7.948750019073486,7.972499847412109,5128800,QLD
2017-07-27,7.774993896484375,7.889999866485596,8.101249694824219,7.698750019073486,8.087499618530273,22096000,QLD
2017-07-28,7.754054546356201,7.868750095367432,7.893750190734863,7.761250019073486,7.786250114440918,9999200,QLD
2017-07-31,7.6850738525390625,7.798749923706055,7.929999828338623,7.767499923706055,7.909999847412109,9078400,QLD
2017-08-01,7.718331813812256,7.832499980926514,7.857500076293945,7.791250228881836,7.847499847412109,6574400,QLD
2017-08-02,7.76021146774292,7.875,7.93874979019165,7.732500076293945,7.93625020980835,11362400,QLD
2017-08-03,7.7084784507751465,7.822500228881836,7.894999980926514,7.788750171661377,7.894999980926514,10845600,QLD
2017-08-04,7.728187561035156,7.84250020980835,7.877500057220459,7.78000020980835,7.84499979019165,8856000,QLD
2017-08-07,7.821801662445068,7.9375,7.941249847412109,7.849999904632568,7.868750095367432,6524800,QLD
2017-08-08,7.799629211425781,7.914999961853027,8.038749694824219,7.867499828338623,7.908750057220459,12042400,QLD
2017-08-09,7.777456760406494,7.892499923706055,7.897500038146973,7.747499942779541,7.787499904632568,17067200,QLD
2017-08-10,7.439949989318848,7.550000190734863,7.8125,7.538750171661377,7.806250095367432,24116800,QLD
2017-08-11,7.552042007446289,7.663750171661377,7.699999809265137,7.538750171661377,7.573750019073486,15600000,QLD
2017-08-14,7.74789571762085,7.862500190734863,7.887499809265137,7.783750057220459,7.784999847412109,13187200,QLD
2017-08-15,7.757749080657959,7.872499942779541,7.903749942779541,7.832499980926514,7.897500038146973,9633600,QLD
2017-08-16,7.787312030792236,7.902500152587891,7.974999904632568,7.849999904632568,7.90749979019165,11654400,QLD
2017-08-17,7.469512462615967,7.579999923706055,7.862500190734863,7.577499866485596,7.84250020980835,19133600,QLD
2017-08-18,7.449803352355957,7.559999942779541,7.668749809265137,7.505000114440918,7.585000038146973,19329600,QLD
2017-08-21,7.4411821365356445,7.551249980926514,7.596250057220459,7.451250076293945,7.567500114440918,11562400,QLD
2017-08-22,7.662902355194092,7.776249885559082,7.791250228881836,7.622499942779541,7.62624979019165,10056800,QLD
2017-08-23,7.605008602142334,7.71750020980835,7.753749847412109,7.684999942779541,7.697500228881836,9434400,QLD
2017-08-24,7.565590858459473,7.677499771118164,7.769999980926514,7.586249828338623,7.753749847412109,11104000,QLD
2017-08-25,7.531102180480957,7.642499923706055,7.768750190734863,7.621250152587891,7.730000019073486,12544000,QLD
2017-08-28,7.569287300109863,7.681250095367432,7.721250057220459,7.637499809265137,7.684999942779541,6819200,QLD
2017-08-29,7.632106304168701,7.744999885559082,7.771249771118164,7.537499904632568,7.554999828338623,7864800,QLD
2017-08-30,7.814410209655762,7.929999828338623,7.949999809265137,7.74875020980835,7.760000228881836,12700800,QLD
2017-08-31,7.959760665893555,8.077500343322754,8.0962495803833,7.962500095367432,7.96875,10594400,QLD
2017-09-01,7.958529949188232,8.076250076293945,8.138750076293945,8.03125,8.117500305175781,7959200,QLD
2017-09-05,7.811947345733643,7.927499771118164,8.05875015258789,7.808750152587891,8.020000457763672,16024800,QLD
2017-09-06,7.857522964477539,7.973750114440918,8.011249542236328,7.861249923706055,7.972499847412109,8940800,QLD
2017-09-07,7.895707130432129,8.012499809265137,8.052499771118164,7.952499866485596,8.005000114440918,7624000,QLD
2017-09-08,7.761444568634033,7.87624979019165,7.996250152587891,7.856249809265137,7.989999771118164,7356000,QLD
2017-09-11,7.928966522216797,8.046250343322754,8.078749656677246,7.992499828338623,7.992499828338623,7383200,QLD
2017-09-12,7.9733099937438965,8.0912504196167,8.113750457763672,8.017499923706055,8.100000381469727,10645600,QLD
2017-09-13,7.995483875274658,8.113750457763672,8.114999771118164,8.037500381469727,8.0649995803833,5560800,QLD
2017-09-14,7.899402618408203,8.016249656677246,8.09749984741211,8.007499694824219,8.052499771118164,7819200,QLD
2017-09-15,7.949906349182129,8.067500114440918,8.130000114440918,7.988749980926514,8.017499923706055,7004000,QLD
2017-09-18,7.932662487030029,8.050000190734863,8.138750076293945,8.001250267028809,8.083749771118164,6916000,QLD
2017-09-19,7.959760665893555,8.077500343322754,8.098750114440918,8.022500038146973,8.079999923706055,4793600,QLD
2017-09-20,7.9129533767700195,8.029999732971191,8.085000038146973,7.901249885559082,8.072500228881836,10851200,QLD
2017-09-21,7.809484004974365,7.925000190734863,8.016249656677246,7.872499942779541,8.016249656677246,8819200,QLD
2017-09-22,7.797165870666504,7.912499904632568,7.931250095367432,7.860000133514404,7.875,5692800,QLD
2017-09-25,7.634570121765137,7.747499942779541,7.856249809265137,7.666250228881836,7.846250057220459,12168000,QLD
2017-09-26,7.671525001525879,7.784999847412109,7.852499961853027,7.730000019073486,7.820000171661377,8515200,QLD
2017-09-27,7.80825138092041,7.923749923706055,7.981249809265137,7.824999809265137,7.863749980926514,12598400,QLD
2017-09-28,7.800861358642578,7.916250228881836,7.931250095367432,7.848750114440918,7.887499809265137,8776800,QLD
2017-09-29,7.910490036010742,8.02750015258789,8.039999961853027,7.90625,7.945000171661377,9125600,QLD
2017-10-02,7.921575546264648,8.038749694824219,8.107500076293945,7.972499847412109,8.053750038146973,8859200,QLD
2017-10-03,7.960991382598877,8.078749656677246,8.09375,8.0287504196167,8.0600004196167,6309600,QLD
2017-10-04,7.972079277038574,8.09000015258789,8.125,8.032500267028809,8.047499656677246,6527200,QLD
2017-10-05,8.129746437072754,8.25,8.255000114440918,8.131250381469727,8.146249771118164,8244800,QLD
2017-10-06,8.146992683410645,8.267499923706055,8.268750190734863,8.192500114440918,8.192500114440918,7084000,QLD
2017-10-09,8.132208824157715,8.2524995803833,8.306249618530273,8.231249809265137,8.295000076293945,4552000,QLD
2017-10-10,8.143299102783203,8.263750076293945,8.322500228881836,8.188750267028809,8.305000305175781,6088000,QLD
2017-10-11,8.192567825317383,8.313750267028809,8.313750267028809,8.234999656677246,8.256250381469727,4819200,QLD
2017-10-12,8.161772727966309,8.282500267028809,8.3462495803833,8.263750076293945,8.28499984741211,6525600,QLD
2017-10-13,8.220898628234863,8.342499732971191,8.362500190734863,8.328749656677246,8.34749984741211,4937600,QLD
2017-10-16,8.277557373046875,8.399999618530273,8.40250015258789,8.351249694824219,8.381250381469727,5237600,QLD
2017-10-17,8.296034812927246,8.418749809265137,8.421250343322754,8.367500305175781,8.393750190734863,4802400,QLD
2017-10-18,8.277557373046875,8.399999618530273,8.4375,8.376250267028809,8.4350004196167,4096800,QLD
2017-10-19,8.21596908569336,8.337499618530273,8.337499618530273,8.220000267028809,8.30875015258789,8650400,QLD
2017-10-20,8.257853507995605,8.380000114440918,8.417499542236328,8.359999656677246,8.407500267028809,5980800,QLD
2017-10-23,8.150688171386719,8.271249771118164,8.414999961853027,8.248749732971191,8.413749694824219,10334400,QLD
2017-10-24,8.18148136138916,8.302499771118164,8.332500457763672,8.237500190734863,8.296250343322754,10473600,QLD
2017-10-25,8.114967346191406,8.234999656677246,8.319999694824219,8.112500190734863,8.265000343322754,9878400,QLD
2017-10-26,8.068157196044922,8.1875,8.263750076293945,8.178750038146973,8.227499961853027,7840000,QLD
2017-10-27,8.52391529083252,8.649999618530273,8.6875,8.430000305175781,8.448749542236328,13812000,QLD
2017-10-30,8.570722579956055,8.697500228881836,8.762499809265137,8.448749542236328,8.448749542236328,8524000,QLD
2017-10-31,8.632314682006836,8.760000228881836,8.78499984741211,8.701250076293945,8.75,5910400,QLD
2017-11-01,8.628619194030762,8.756250381469727,8.838749885559082,8.6899995803833,8.824999809265137,8323200,QLD
2017-11-02,8.589200973510742,8.7162504196167,8.739999771118164,8.602499961853027,8.732500076293945,8817600,QLD
2017-11-03,8.75179672241211,8.881250381469727,8.888750076293945,8.72249984741211,8.786250114440918,10007200,QLD
2017-11-06,8.813385009765625,8.943750381469727,8.951250076293945,8.866250038146973,8.8725004196167,4132000,QLD
2017-11-07,8.82323932647705,8.953749656677246,8.977499961853027,8.893750190734863,8.932499885559082,7084800,QLD
2017-11-08,8.895912170410156,9.02750015258789,9.03125,8.928750038146973,8.949999809265137,4901600,QLD
2017-11-09,8.797370910644531,8.927499771118164,8.9399995803833,8.7475004196167,8.881250381469727,10623200,QLD
2017-11-10,8.799833297729492,8.930000305175781,8.943750381469727,8.858750343322754,8.890000343322754,5646400,QLD
2017-11-13,8.81830883026123,8.948749542236328,8.97249984741211,8.862500190734863,8.862500190734863,4464800,QLD
2017-11-14,8.757952690124512,8.887499809265137,8.904999732971191,8.800000190734863,8.881250381469727,7810400,QLD
2017-11-15,8.666802406311035,8.795000076293945,8.8462495803833,8.708749771118164,8.8100004196167,8024000,QLD
2017-11-16,8.892217636108398,9.023750305175781,9.063750267028809,8.890000343322754,8.891249656677246,9411200,QLD
2017-11-17,8.824470520019531,8.954999923706055,9.038749694824219,8.938750267028809,9.02750015258789,5201600,QLD
2017-11-20,8.809686660766602,8.9399995803833,8.981249809265137,8.916250228881836,8.96875,4398400,QLD
2017-11-21,8.996918678283691,9.130000114440918,9.138750076293945,9.016249656677246,9.017499923706055,5812800,QLD
2017-11-22,9.021554946899414,9.154999732971191,9.170000076293945,9.114999771118164,9.149999618530273,4404000,QLD
2017-11-24,9.0880708694458,9.22249984741211,9.223750114440918,9.162500381469727,9.170000076293945,4624800,QLD
2017-11-27,9.078219413757324,9.212499618530273,9.251250267028809,9.170000076293945,9.212499618530273,7015200,QLD
2017-11-28,9.123793601989746,9.258749961853027,9.267499923706055,9.15250015258789,9.25374984741211,11962400,QLD
2017-11-29,8.810918807983398,8.94124984741211,9.233750343322754,8.848750114440918,9.233750343322754,19259200,QLD
2017-11-30,8.952574729919434,9.085000038146973,9.114999771118164,8.96875,9.008749961853027,13880000,QLD
2017-12-01,8.876206398010254,9.007499694824219,9.092499732971191,8.738750457763672,8.967499732971191,17671200,QLD
2017-12-04,8.67172908782959,8.800000190734863,9.131250381469727,8.779999732971191,9.12125015258789,17936000,QLD
2017-12-05,8.674193382263184,8.802499771118164,9.006250381469727,8.723750114440918,8.7837495803833,14808800,QLD
2017-12-06,8.75302791595459,8.882499694824219,8.912500381469727,8.720000267028809,8.737500190734863,10258400,QLD
2017-12-07,8.814614295959473,8.944999694824219,8.99625015258789,8.863750457763672,8.885000228881836,9636800,QLD
2017-12-08,8.892217636108398,9.023750305175781,9.117500305175781,8.994999885559082,9.073749542236328,8942400,QLD
2017-12-11,9.03017807006836,9.163749694824219,9.166250228881836,9.0287504196167,9.029999732971191,7212800,QLD
2017-12-12,9.004308700561523,9.137499809265137,9.1899995803833,9.100000381469727,9.154999732971191,6592800,QLD
2017-12-13,9.036334991455078,9.170000076293945,9.228750228881836,9.146249771118164,9.207500457763672,7186400,QLD
2017-12-14,9.022786140441895,9.15625,9.244999885559082,9.137499809265137,9.204999923706055,7492000,QLD
2017-12-15,9.219873428344727,9.356249809265137,9.383749961853027,9.197500228881836,9.227499961853027,10990400,QLD
2017-12-18,9.378772735595703,9.517499923706055,9.536250114440918,9.452500343322754,9.483750343322754,9395200,QLD
2017-12-19,9.27283763885498,9.40999984741211,9.5,9.356249809265137,9.483750343322754,9002400,QLD
2017-12-20,9.249433517456055,9.386249542236328,9.477499961853027,9.311249732971191,9.475000381469727,11491200,QLD
2017-12-21,9.250665664672852,9.387499809265137,9.46875,9.364999771118164,9.407500267028809,6385600,QLD
2017-12-22,9.228492736816406,9.364999771118164,9.369999885559082,9.3149995803833,9.354999542236328,6430400,QLD
2017-12-26,9.1287202835083,9.263750076293945,9.28499984741211,9.193750381469727,9.267499923706055,5585600,QLD
2017-12-27,9.12995433807373,9.265000343322754,9.3125,9.243749618530273,9.256250381469727,4949600,QLD
2017-12-28,9.148427963256836,9.2837495803833,9.319999694824219,9.262499809265137,9.31624984741211,6582400,QLD
2017-12-29,9.032641410827637,9.166250228881836,9.300000190734863,9.15999984741211,9.298749923706055,9567200,QLD
2018-01-02,9.345513343811035,9.483750343322754,9.492500305175781,9.217499732971191,9.257499694824219,10641600,QLD
2018-01-03,9.527816772460938,9.668749809265137,9.6875,9.50374984741211,9.507499694824219,10131200,QLD
2018-01-04,9.56230640411377,9.703749656677246,9.762499809265137,9.682499885559082,9.742500305175781,8392000,QLD
2018-01-05,9.752001762390137,9.896249771118164,9.911250114440918,9.761249542236328,9.792499542236328,9568800,QLD
2018-01-08,9.824675559997559,9.970000267028809,9.984999656677246,9.891249656677246,9.90250015258789,9283200,QLD
2018-01-09,9.833297729492188,9.978750228881836,10.032500267028809,9.916250228881836,10.015000343322754,9404000,QLD
2018-01-10,9.77910041809082,9.923749923706055,9.930000305175781,9.795000076293945,9.87874984741211,10728800,QLD
2018-01-11,9.914593696594238,10.061249732971191,10.061249732971191,9.931249618530273,9.962499618530273,11340800,QLD
2018-01-12,10.055018424987793,10.203749656677246,10.228750228881836,10.021249771118164,10.041250228881836,10579200,QLD
2018-01-16,9.998356819152832,10.146249771118164,10.447500228881836,10.0912504196167,10.338749885559082,19343200,QLD
2018-01-17,10.213915824890137,10.364999771118164,10.398750305175781,10.148750305175781,10.242500305175781,12359200,QLD
2018-01-18,10.217612266540527,10.368749618530273,10.417499542236328,10.28499984741211,10.336250305175781,10056000,QLD
2018-01-19,10.28289794921875,10.4350004196167,10.4662504196167,10.333749771118164,10.4350004196167,10224000,QLD
2018-01-22,10.500923156738281,10.65625,10.65625,10.4037504196167,10.421250343322754,9268000,QLD
2018-01-23,10.672142028808594,10.829999923706055,10.852499961853027,10.713749885559082,10.725000381469727,10878400,QLD
2018-01-24,10.541569709777832,10.697500228881836,10.926250457763672,10.568750381469727,10.875,22814400,QLD
2018-01-25,10.528022766113281,10.68375015258789,10.8412504196167,10.612500190734863,10.829999923706055,12841600,QLD
2018-01-26,10.835968017578125,10.99625015258789,10.9975004196167,10.760000228881836,10.798749923706055,9285600,QLD
2018-01-29,10.738656997680664,10.897500038146973,11.001250267028809,10.853750228881836,10.954999923706055,13812000,QLD
2018-01-30,10.566205978393555,10.72249984741211,10.80875015258789,10.608750343322754,10.698749542236328,14988800,QLD
2018-01-31,10.643810272216797,10.801250457763672,10.87874984741211,10.671250343322754,10.84000015258789,11579200,QLD
2018-02-01,10.467665672302246,10.6225004196167,10.84375,10.553750038146973,10.640000343322754,12460800,QLD
2018-02-02,10.04393196105957,10.192500114440918,10.585000038146973,10.181249618530273,10.542499542236328,31801600,QLD
2018-02-05,9.266680717468262,9.4037504196167,10.336250305175781,9.382499694824219,10.001250267028809,34402400,QLD
2018-02-06,9.738450050354004,9.882499694824219,9.911250114440918,9.032500267028809,9.125,32716000,QLD
2018-02-07,9.489631652832031,9.630000114440918,10.041250228881836,9.630000114440918,9.827500343322754,20606400,QLD
2018-02-08,8.698827743530273,8.827500343322754,9.699999809265137,8.819999694824219,9.677499771118164,23687200,QLD
2018-02-09,8.984602928161621,9.117500305175781,9.25,8.4350004196167,9.069999694824219,38595200,QLD
2018-02-12,9.312256813049316,9.449999809265137,9.569999694824219,9.161250114440918,9.307499885559082,21568800,QLD
2018-02-13,9.396014213562012,9.53499984741211,9.578749656677246,9.307499885559082,9.345000267028809,11773600,QLD
2018-02-14,9.755695343017578,9.899999618530273,9.927499771118164,9.425000190734863,9.427499771118164,20396000,QLD
2018-02-15,10.105520248413086,10.255000114440918,10.256250381469727,9.866250038146973,10.071249961853027,22069600,QLD
2018-02-16,10.030381202697754,10.178750038146973,10.391249656677246,10.137499809265137,10.198749542236328,18961600,QLD
2018-02-20,10.055018424987793,10.203749656677246,10.381250381469727,10.087499618530273,10.100000381469727,14119200,QLD
2018-02-21,9.995894432067871,10.143750190734863,10.508749961853027,10.141249656677246,10.300000190734863,19419200,QLD
2018-02-22,10.006979942321777,10.154999732971191,10.34375,10.095000267028809,10.243749618530273,16747200,QLD
2018-02-23,10.402379989624023,10.556249618530273,10.556249618530273,10.226249694824219,10.300000190734863,13585600,QLD
2018-02-26,10.675834655761719,10.833749771118164,10.833749771118164,10.643750190734863,10.6537504196167,13797600,QLD
2018-02-27,10.409771919250488,10.563750267028809,10.880000114440918,10.563750267028809,10.845000267028809,26056000,QLD
2018-02-28,10.27920150756836,10.431249618530273,10.758749961853027,10.422499656677246,10.692500114440918,15216000,QLD
2018-03-01,9.954012870788574,10.101249694824219,10.537500381469727,9.9087495803833,10.446249961853027,31126400,QLD
2018-03-02,10.127692222595215,10.27750015258789,10.3125,9.78125,9.8462495803833,19491200,QLD
2018-03-05,10.346951484680176,10.5,10.556249618530273,10.108750343322754,10.18375015258789,18609600,QLD
2018-03-06,10.433172225952148,10.587499618530273,10.664999961853027,10.46500015258789,10.603750228881836,18846400,QLD
2018-03-07,10.479982376098633,10.635000228881836,10.65625,10.396249771118164,10.427499771118164,16130400,QLD
2018-03-08,10.597001075744629,10.75374984741211,10.770000457763672,10.641249656677246,10.720000267028809,11268800,QLD
2018-03-09,10.999792098999023,11.162500381469727,11.162500381469727,10.8774995803833,10.912500381469727,15151200,QLD
2018-03-12,11.100799560546875,11.265000343322754,11.3412504196167,11.1850004196167,11.233750343322754,15638400,QLD
2018-03-13,10.827343940734863,10.987500190734863,11.4350004196167,10.925000190734863,11.381250381469727,20951200,QLD
2018-03-14,10.818721771240234,10.978750228881836,11.112500190734863,10.881250381469727,11.092499732971191,17603200,QLD
2018-03-15,10.78915786743164,10.948749542236328,11.086250305175781,10.875,10.9975004196167,15205600,QLD
2018-03-16,10.737424850463867,10.896249771118164,11.039999961853027,10.881250381469727,10.987500190734863,12656000,QLD
2018-03-19,10.281665802001953,10.43375015258789,10.701250076293945,10.238750457763672,10.701250076293945,23240000,QLD
2018-03-20,10.339559555053711,10.492500305175781,10.538749694824219,10.366250038146973,10.422499656677246,10019200,QLD
2018-03-21,10.243481636047363,10.395000457763672,10.630000114440918,10.3100004196167,10.442500114440918,15803200,QLD
2018-03-22,9.733524322509766,9.8774995803833,10.255000114440918,9.862500190734863,10.116250038146973,26274400,QLD
2018-03-23,9.21617603302002,9.352499961853027,9.914999961853027,9.352499961853027,9.862500190734863,25210400,QLD
2018-03-26,9.909667015075684,10.056249618530273,10.081250190734863,9.4375,9.734999656677246,24511200,QLD
2018-03-27,9.255593299865723,9.392499923706055,10.203749656677246,9.234999656677246,10.201250076293945,25253600,QLD
2018-03-28,9.053581237792969,9.1875,9.477499961853027,9.045000076293945,9.302499771118164,31148800,QLD
2018-03-29,9.386161804199219,9.524999618530273,9.703749656677246,9.114999771118164,9.289999961853027,18369600,QLD
2018-04-02,8.846641540527344,8.977499961853027,9.473750114440918,8.77750015258789,9.386249542236328,24124000,QLD
2018-04-03,9.036334991455078,9.170000076293945,9.248749732971191,8.850000381469727,9.141249656677246,24143200,QLD
2018-04-04,9.270374298095703,9.407500267028809,9.516249656677246,8.796250343322754,8.821249961853027,27109600,QLD
2018-04-05,9.420650482177734,9.5600004196167,9.677499771118164,9.430000305175781,9.642499923706055,24580000,QLD
2018-04-06,8.96612548828125,9.098750114440918,9.542499542236328,8.9975004196167,9.362500190734863,20556000,QLD
2018-04-09,9.07082748413086,9.204999923706055,9.577500343322754,9.182499885559082,9.24625015258789,15968000,QLD
2018-04-10,9.469922065734863,9.609999656677246,9.678750038146973,9.368749618530273,9.49625015258789,16132800,QLD
2018-04-11,9.371380805969238,9.510000228881836,9.712499618530273,9.487500190734863,9.507499694824219,13467200,QLD
2018-04-12,9.585711479187012,9.727499961853027,9.798749923706055,9.612500190734863,9.631250381469727,13984000,QLD
2018-04-13,9.4957914352417,9.636249542236328,9.857500076293945,9.555000305175781,9.833749771118164,13190400,QLD
2018-04-16,9.63005256652832,9.772500038146973,9.848750114440918,9.648750305175781,9.761249542236328,8600800,QLD
2018-04-17,10.040238380432129,10.188750267028809,10.241250038146973,9.94124984741211,9.973750114440918,10188800,QLD
2018-04-18,10.087045669555664,10.236249923706055,10.311249732971191,10.102499961853027,10.207500457763672,9190400,QLD
2018-04-19,9.915828704833984,10.0625,10.182499885559082,9.979999542236328,10.142499923706055,12736800,QLD
2018-04-20,9.593100547790527,9.734999656677246,10.010000228881836,9.662500381469727,9.9975004196167,16163200,QLD
2018-04-23,9.541365623474121,9.682499885559082,9.898750305175781,9.574999809265137,9.823749542236328,13684800,QLD
2018-04-24,9.1361083984375,9.271249771118164,9.801250457763672,9.143750190734863,9.771249771118164,21473600,QLD
2018-04-25,9.164441108703613,9.300000190734863,9.367500305175781,9.037500381469727,9.303750038146973,17077600,QLD
2018-04-26,9.533975601196289,9.675000190734863,9.739999771118164,9.46875,9.529999732971191,13362400,QLD
2018-04-27,9.549986839294434,9.69124984741211,9.963749885559082,9.582500457763672,9.958749771118164,17289600,QLD
2018-04-30,9.410795211791992,9.550000190734863,9.854999542236328,9.505000114440918,9.737500190734863,15795200,QLD
2018-05-01,9.617735862731934,9.760000228881836,9.772500038146973,9.458749771118164,9.505000114440918,15316000,QLD
2018-05-02,9.514266967773438,9.654999732971191,9.862500190734863,9.632499694824219,9.805000305175781,12085600,QLD
2018-05-03,9.508108139038086,9.648750305175781,9.71875,9.342499732971191,9.561249732971191,18940000,QLD
2018-05-04,9.866554260253906,10.012499809265137,10.05875015258789,9.551250457763672,9.568750381469727,12237600,QLD
2018-05-07,10.021759986877441,10.170000076293945,10.243749618530273,10.092499732971191,10.108750343322754,11336000,QLD
2018-05-08,9.999588012695312,10.147500038146973,10.198749542236328,10.010000228881836,10.133749961853027,11168000,QLD
2018-05-09,10.231161117553711,10.382499694824219,10.393750190734863,10.125,10.199999809265137,10900000,QLD
2018-05-10,10.438101768493652,10.592499732971191,10.606249809265137,10.430000305175781,10.443750381469727,13800800,QLD
2018-05-11,10.4183931350708,10.572500228881836,10.619999885559082,10.477499961853027,10.551250457763672,11444800,QLD
2018-05-14,10.449188232421875,10.603750228881836,10.738750457763672,10.571249961853027,10.617500305175781,11264800,QLD
2018-05-15,10.218846321105957,10.369999885559082,10.446249961853027,10.257499694824219,10.436249732971191,18564800,QLD
2018-05-16,10.355572700500488,10.508749961853027,10.552499771118164,10.386249542236328,10.397500038146973,10063200,QLD
2018-05-17,10.268115043640137,10.420000076293945,10.582500457763672,10.322500228881836,10.436249732971191,10403200,QLD
2018-05-18,10.162182807922363,10.3125,10.411250114440918,10.28499984741211,10.34749984741211,7439200,QLD
2018-05-21,10.28043270111084,10.432499885559082,10.5649995803833,10.342499732971191,10.4712495803833,11191200,QLD
2018-05-22,10.250870704650879,10.40250015258789,10.556249618530273,10.363750457763672,10.524999618530273,7474400,QLD
2018-05-23,10.422088623046875,10.576250076293945,10.576250076293945,10.241250038146973,10.242500305175781,10725600,QLD
2018-05-24,10.41223430633545,10.56624984741211,10.602499961853027,10.354999542236328,10.568750381469727,10844000,QLD
2018-05-25,10.434407234191895,10.588749885559082,10.663749694824219,10.524999618530273,10.5625,8568800,QLD
2018-05-29,10.340789794921875,10.493749618530273,10.609999656677246,10.368749618530273,10.484999656677246,12250400,QLD
2018-05-30,10.484910011291504,10.640000343322754,10.678750038146973,10.521249771118164,10.568750381469727,8212800,QLD
2018-05-31,10.47136116027832,10.626250267028809,10.766249656677246,10.573749542236328,10.631250381469727,13189600,QLD
2018-06-01,10.80024528503418,10.960000038146973,10.96875,10.726249694824219,10.729999542236328,9189600,QLD
2018-06-04,10.985013008117676,11.147500038146973,11.162500381469727,11.001250267028809,11.013750076293945,8380000,QLD
2018-06-05,11.056455612182617,11.220000267028809,11.262499809265137,11.1274995803833,11.199999809265137,8060000,QLD
2018-06-06,11.188254356384277,11.353750228881836,11.353750228881836,11.133749961853027,11.251250267028809,7833600,QLD
2018-06-07,11.013343811035156,11.176250457763672,11.356249809265137,11.05875015258789,11.354999542236328,9358400,QLD
2018-06-08,11.002257347106934,11.164999961853027,11.199999809265137,11.007499694824219,11.047499656677246,9008800,QLD
2018-06-11,11.061382293701172,11.225000381469727,11.279999732971191,11.145000457763672,11.151249885559082,5928000,QLD
2018-06-12,11.178400039672852,11.34375,11.364999771118164,11.236249923706055,11.256250381469727,5282400,QLD
2018-06-13,11.168546676635742,11.333749771118164,11.507499694824219,11.293749809265137,11.380000114440918,10618400,QLD
2018-06-14,11.40135383605957,11.569999694824219,11.601249694824219,11.426250457763672,11.4350004196167,9347200,QLD
2018-06-15,11.3212890625,11.488750457763672,11.532500267028809,11.373749732971191,11.488750457763672,12302400,QLD
2018-06-18,11.307738304138184,11.475000381469727,11.489999771118164,11.267499923706055,11.3412504196167,11745600,QLD
2018-06-19,11.238758087158203,11.404999732971191,11.40625,11.111249923706055,11.180000305175781,12672800,QLD
2018-06-20,11.398886680603027,11.567500114440918,11.661250114440918,11.488750457763672,11.507499694824219,9612000,QLD
2018-06-21,11.196877479553223,11.362500190734863,11.641249656677246,11.319999694824219,11.62125015258789,11680000,QLD
2018-06-22,11.125434875488281,11.289999961853027,11.447500228881836,11.232500076293945,11.44124984741211,8013600,QLD
2018-06-25,10.641345977783203,10.798749923706055,11.137499809265137,10.601249694824219,11.107500076293945,25484800,QLD
2018-06-26,10.731266975402832,10.890000343322754,11.012499809265137,10.798749923706055,10.87874984741211,14937600,QLD
2018-06-27,10.427014350891113,10.581250190734863,11.074999809265137,10.577500343322754,10.978750228881836,18160000,QLD
2018-06-28,10.61670970916748,10.773750305175781,10.842499732971191,10.520000457763672,10.556249618530273,16586400,QLD
2018-06-29,10.649968147277832,10.807499885559082,10.988750457763672,10.800000190734863,10.876250267028809,10381600,QLD
2018-07-02,10.810099601745605,10.970000267028809,10.976249694824219,10.578749656677246,10.623749732971191,8789600,QLD
2018-07-03,10.557585716247559,10.713749885559082,11.051250457763672,10.697500228881836,11.043749809265137,8424800,QLD
2018-07-05,10.819952964782715,10.979999542236328,10.993749618530273,10.744999885559082,10.857500076293945,10808000,QLD
2018-07-06,11.146376609802246,11.311249732971191,11.335000038146973,10.987500190734863,11.024999618530273,9174400,QLD
2018-07-09,11.353312492370605,11.521249771118164,11.524999618530273,11.34749984741211,11.430000305175781,9883200,QLD
2018-07-10,11.370559692382812,11.538749694824219,11.586250305175781,11.458749771118164,11.552499771118164,8161600,QLD
2018-07-11,11.257234573364258,11.423749923706055,11.5,11.337499618530273,11.362500190734863,9681600,QLD
2018-07-12,11.6267671585083,11.798749923706055,11.805000305175781,11.506250381469727,11.521249771118164,9515200,QLD
2018-07-13,11.65017318725586,11.822500228881836,11.864999771118164,11.744999885559082,11.802499771118164,7636000,QLD
2018-07-16,11.59967041015625,11.771249771118164,11.869999885559082,11.732500076293945,11.831250190734863,7059200,QLD
2018-07-17,11.745020866394043,11.918749809265137,11.961250305175781,11.518750190734863,11.518750190734863,8197600,QLD
2018-07-18,11.693284034729004,11.866250038146973,11.926250457763672,11.793749809265137,11.90999984741211,8352000,QLD
2018-07-19,11.578727722167969,11.75,11.856249809265137,11.71875,11.789999961853027,9615200,QLD
2018-07-20,11.563948631286621,11.734999656677246,11.890000343322754,11.712499618530273,11.822500228881836,10312800,QLD
2018-07-23,11.636624336242676,11.80875015258789,11.819999694824219,11.573749542236328,11.662500381469727,7251200,QLD
2018-07-24,11.737628936767578,11.911250114440918,12.138750076293945,11.8149995803833,12.057499885559082,11300800,QLD
2018-07-25,12.059125900268555,12.237500190734863,12.25374984741211,11.90999984741211,11.920000076293945,10581600,QLD
2018-07-26,11.709299087524414,11.882499694824219,11.983750343322754,11.838749885559082,11.9037504196167,11900000,QLD
2018-07-27,11.38657283782959,11.555000305175781,12.029999732971191,11.412500381469727,12.022500038146973,18134400,QLD
2018-07-30,11.060149192810059,11.223750114440918,11.55875015258789,11.109999656677246,11.551250457763672,14644800,QLD
2018-07-31,11.187024116516113,11.352499961853027,11.476249694824219,11.182499885559082,11.300000190734863,11528800,QLD
2018-08-01,11.305274963378906,11.47249984741211,11.542499542236328,11.348750114440918,11.444999694824219,9388800,QLD
2018-08-02,11.613221168518066,11.78499984741211,11.811249732971191,11.300000190734863,11.3100004196167,12026400,QLD
2018-08-03,11.679733276367188,11.852499961853027,11.856249809265137,11.727499961853027,11.81624984741211,8567200,QLD
2018-08-06,11.825084686279297,12.0,12.0,11.80875015258789,11.8462495803833,10143200,QLD
2018-08-07,11.895297050476074,12.071249961853027,12.123749732971191,12.007499694824219,12.055000305175781,7208800,QLD
2018-08-08,11.916238784790039,12.092499732971191,12.151249885559082,11.978750228881836,12.043749809265137,6814400,QLD
2018-08-09,11.906384468078613,12.082500457763672,12.181249618530273,12.057499885559082,12.09375,6632800,QLD
2018-08-10,11.729005813598633,11.90250015258789,11.9975004196167,11.81624984741211,11.925000190734863,12099200,QLD
2018-08-13,11.708067893981934,11.881250381469727,12.0962495803833,11.864999771118164,11.9399995803833,9997600,QLD
2018-08-14,11.849720001220703,12.024999618530273,12.052499771118164,11.8412504196167,11.967499732971191,6780800,QLD
2018-08-15,11.565181732177734,11.736249923706055,11.907500267028809,11.582500457763672,11.84375,13655200,QLD
2018-08-16,11.629233360290527,11.801250457763672,11.954999923706055,11.757499694824219,11.907500267028809,8097600,QLD
2018-08-17,11.635392189025879,11.807499885559082,11.866250038146973,11.598750114440918,11.737500190734863,9157600,QLD
2018-08-20,11.618144989013672,11.789999961853027,11.867500305175781,11.694999694824219,11.864999771118164,9772800,QLD
2018-08-21,11.698211669921875,11.87125015258789,12.012499809265137,11.842499732971191,11.859999656677246,10044000,QLD
2018-08-22,11.78443717956543,11.958749771118164,11.987500190734863,11.789999961853027,11.8149995803833,5916800,QLD
2018-08-23,11.749945640563965,11.923749923706055,12.087499618530273,11.887499809265137,11.921250343322754,9630400,QLD
2018-08-24,11.965509414672852,12.142499923706055,12.163749694824219,11.9975004196167,11.9975004196167,6557600,QLD
2018-08-27,12.206937789916992,12.387499809265137,12.387499809265137,12.229999542236328,12.272500038146973,8938400,QLD
2018-08-28,12.245122909545898,12.426250457763672,12.478750228881836,12.373749732971191,12.457500457763672,6043200,QLD
2018-08-29,12.52843189239502,12.713749885559082,12.725000381469727,12.458749771118164,12.462499618530273,6626400,QLD
2018-08-30,12.475468635559082,12.65999984741211,12.813750267028809,12.579999923706055,12.661250114440918,8798400,QLD
2018-08-31,12.50502872467041,12.6899995803833,12.765000343322754,12.602499961853027,12.6274995803833,5545600,QLD
2018-09-04,12.404023170471191,12.587499618530273,12.65250015258789,12.448749542236328,12.619999885559082,6148000,QLD
2018-09-05,12.082527160644531,12.261249542236328,12.541250228881836,12.176250457763672,12.541250228881836,11512000,QLD
2018-09-06,11.864500999450684,12.039999961853027,12.295000076293945,11.8725004196167,12.267499923706055,14222400,QLD
2018-09-07,11.790595054626465,11.96500015258789,12.148750305175781,11.853750228881836,11.866250038146973,13063200,QLD
2018-09-10,11.844795227050781,12.020000457763672,12.0912504196167,11.891249656677246,12.074999809265137,7935200,QLD
2018-09-11,12.024635314941406,12.202500343322754,12.243749618530273,11.863750457763672,11.918749809265137,8543200,QLD
2018-09-12,11.960580825805664,12.137499809265137,12.186249732971191,11.926250457763672,12.15625,11160800,QLD
2018-09-13,12.194620132446289,12.375,12.43375015258789,12.273750305175781,12.273750305175781,8707200,QLD
2018-09-14,12.13056755065918,12.3100004196167,12.442500114440918,12.217499732971191,12.404999732971191,10212800,QLD
2018-09-17,11.788130760192871,11.962499618530273,12.286250114440918,11.936249732971191,12.270000457763672,9657600,QLD
2018-09-18,11.976595878601074,12.1537504196167,12.270000457763672,11.970000267028809,11.977499961853027,6864000,QLD
2018-09-19,11.961812973022461,12.138750076293945,12.212499618530273,11.979999542236328,12.1537504196167,5288800,QLD
2018-09-20,12.210633277893066,12.391249656677246,12.432499885559082,12.242500305175781,12.297499656677246,9399200,QLD
2018-09-21,12.086221694946289,12.265000343322754,12.5024995803833,12.234999656677246,12.475000381469727,7732000,QLD
2018-09-24,12.145346641540527,12.324999809265137,12.338749885559082,11.986249923706055,12.087499618530273,8125600,QLD
2018-09-25,12.183534622192383,12.363750457763672,12.382499694824219,12.234999656677246,12.313750267028809,4893600,QLD
2018-09-26,12.192154884338379,12.3725004196167,12.609999656677246,12.332500457763672,12.3774995803833,7184000,QLD
2018-09-27,12.399091720581055,12.582500457763672,12.672499656677246,12.4662504196167,12.473750114440918,7039200,QLD
2018-09-28,12.401558876037598,12.585000038146973,12.645000457763672,12.473750114440918,12.507499694824219,5012800,QLD
2018-10-01,12.442208290100098,12.626250267028809,12.8125,12.567500114440918,12.7212495803833,8796800,QLD
2018-10-02,12.384313583374023,12.567500114440918,12.763750076293945,12.513750076293945,12.5962495803833,5109600,QLD
2018-10-03,12.420035362243652,12.603750228881836,12.734999656677246,12.5600004196167,12.678750038146973,5771200,QLD
2018-10-04,11.938409805297852,12.114999771118164,12.50374984741211,11.9350004196167,12.489999771118164,14784800,QLD
2018-10-05,11.652637481689453,11.824999809265137,12.186249732971191,11.586250305175781,12.106249809265137,17824800,QLD
2018-10-08,11.502359390258789,11.672499656677246,11.8774995803833,11.392499923706055,11.707500457763672,15397600,QLD
2018-10-09,11.566412925720215,11.737500190734863,11.921250343322754,11.631250381469727,11.686249732971191,12202400,QLD
2018-10-10,10.558815956115723,10.71500015258789,11.609999656677246,10.681249618530273,11.59749984741211,37497600,QLD
2018-10-11,10.293984413146973,10.446249961853027,10.912500381469727,10.2162504196167,10.619999885559082,37673600,QLD
2018-10-12,10.865531921386719,11.026249885559082,11.086250305175781,10.608750343322754,10.989999771118164,25358400,QLD
2018-10-15,10.589611053466797,10.74625015258789,10.981249809265137,10.673749923706055,10.946249961853027,20704800,QLD
2018-10-16,11.205500602722168,11.37125015258789,11.431249618530273,10.936249732971191,10.970000267028809,14580800,QLD
2018-10-17,11.219051361083984,11.385000228881836,11.5024995803833,11.15250015258789,11.494999885559082,15159200,QLD
2018-10-18,10.717717170715332,10.876250267028809,11.301250457763672,10.761249542236328,11.292499542236328,19958400,QLD
2018-10-19,10.677064895629883,10.835000038146973,11.213749885559082,10.755000114440918,11.012499809265137,21019200,QLD
2018-10-22,10.78915786743164,10.948749542236328,11.107500076293945,10.77750015258789,10.961250305175781,14622400,QLD
2018-10-23,10.71894645690918,10.8774995803833,10.96875,10.301250457763672,10.551250457763672,30164800,QLD
2018-10-24,9.723670959472656,9.867500305175781,10.869999885559082,9.831250190734863,10.842499732971191,24856000,QLD
2018-10-25,10.380208969116211,10.5337495803833,10.666250228881836,10.081250190734863,10.176250457763672,21328800,QLD
2018-10-26,9.882569313049316,10.0287504196167,10.404999732971191,9.703749656677246,9.833749771118164,36252800,QLD
2018-10-29,9.501951217651367,9.642499923706055,10.381250381469727,9.213749885559082,10.295000076293945,25815200,QLD
2018-10-30,9.752001762390137,9.896249771118164,9.917499542236328,9.447500228881836,9.537500381469727,25826400,QLD
2018-10-31,10.200368881225586,10.351249694824219,10.542499542236328,10.2212495803833,10.22249984741211,20238400,QLD
2018-11-01,10.49476432800293,10.649999618530273,10.663749694824219,10.244999885559082,10.40250015258789,15801600,QLD
2018-11-02,10.178196907043457,10.328749656677246,10.703749656677246,10.170000076293945,10.578749656677246,23082400,QLD
2018-11-05,10.10798454284668,10.257499694824219,10.34000015258789,10.02750015258789,10.335000038146973,11281600,QLD
2018-11-06,10.261957168579102,10.413749694824219,10.526249885559082,10.226249694824219,10.25,9108000,QLD
2018-11-07,10.896322250366211,11.057499885559082,11.057499885559082,10.616250038146973,10.657500267028809,16076000,QLD
2018-11-08,10.763290405273438,10.922499656677246,11.024999618530273,10.8149995803833,10.962499618530273,9666400,QLD
2018-11-09,10.397455215454102,10.551250457763672,10.761249542236328,10.380000114440918,10.713749885559082,14313600,QLD
2018-11-12,9.782794952392578,9.927499771118164,10.4350004196167,9.890000343322754,10.397500038146973,17848000,QLD
2018-11-13,9.786490440368652,9.931249618530273,10.28499984741211,9.869999885559082,10.0024995803833,16548000,QLD
2018-11-14,9.622662544250488,9.765000343322754,10.1875,9.662500381469727,10.118749618530273,15684800,QLD
2018-11-15,9.96509838104248,10.112500190734863,10.163749694824219,9.56624984741211,9.727499961853027,18927200,QLD
2018-11-16,9.898581504821777,10.045000076293945,10.140000343322754,9.837499618530273,9.921250343322754,13453600,QLD
2018-11-19,9.246970176696777,9.383749961853027,9.96500015258789,9.327500343322754,9.948749542236328,17876000,QLD
2018-11-20,8.92301082611084,9.055000305175781,9.303750038146973,8.8125,8.953749656677246,24724800,QLD
2018-11-21,9.049884796142578,9.18375015258789,9.364999771118164,9.15625,9.282500267028809,12043200,QLD
2018-11-23,8.918086051940918,9.050000190734863,9.237500190734863,9.0337495803833,9.038749694824219,4828000,QLD
2018-11-26,9.329499244689941,9.467499732971191,9.476249694824219,9.226249694824219,9.295000076293945,12930400,QLD
2018-11-27,9.396014213562012,9.53499984741211,9.577500343322754,9.270000457763672,9.364999771118164,9388000,QLD
2018-11-28,9.987271308898926,10.135000228881836,10.140000343322754,9.5600004196167,9.668749809265137,16129600,QLD
2018-11-29,9.928144454956055,10.074999809265137,10.208749771118164,9.914999961853027,10.05875015258789,11163200,QLD
2018-11-30,10.08088493347168,10.229999542236328,10.231249809265137,10.012499809265137,10.09749984741211,8653600,QLD
2018-12-03,10.415929794311523,10.569999694824219,10.692500114440918,10.420000076293945,10.670000076293945,14574400,QLD
2018-12-04,9.617735862731934,9.760000228881836,10.520000457763672,9.739999771118164,10.460000038146973,18368800,QLD
2018-12-06,9.755695343017578,9.899999618530273,9.899999618530273,9.296250343322754,9.375,28344000,QLD
2018-12-07,9.102852821350098,9.237500190734863,9.923749923706055,9.182499885559082,9.805000305175781,22570400,QLD
2018-12-10,9.297475814819336,9.4350004196167,9.515000343322754,9.018750190734863,9.207500457763672,25332800,QLD
2018-12-11,9.355364799499512,9.493749618530273,9.75,9.335000038146973,9.733750343322754,16714400,QLD
2018-12-12,9.521657943725586,9.662500381469727,9.960000038146973,9.65250015258789,9.7787504196167,15156000,QLD
2018-12-13,9.530280113220215,9.671250343322754,9.868749618530273,9.541250228881836,9.773750305175781,12075200,QLD
2018-12-14,9.037566184997559,9.171250343322754,9.511249542236328,9.151249885559082,9.442500114440918,13204800,QLD
2018-12-17,8.658180236816406,8.786250114440918,9.256250381469727,8.633749961853027,9.116250038146973,25010400,QLD
2018-12-18,8.75302791595459,8.882499694824219,9.056249618530273,8.731249809265137,8.912500381469727,16136800,QLD
2018-12-19,8.339149475097656,8.462499618530273,9.147500038146973,8.31624984741211,8.863750457763672,27059200,QLD
2018-12-20,8.089096069335938,8.208749771118164,8.59000015258789,7.991250038146973,8.407500267028809,32672000,QLD
2018-12-21,7.568053722381592,7.679999828338623,8.386249542236328,7.607500076293945,8.273750305175781,40079200,QLD
2018-12-24,7.208376407623291,7.315000057220459,7.767499923706055,7.304999828338623,7.573750019073486,20820000,QLD
2018-12-26,8.095863342285156,8.210000038146973,8.210000038146973,7.360000133514404,7.457499980926514,35284800,QLD
2018-12-27,8.163658142089844,8.2787504196167,8.28125,7.630000114440918,7.994999885559082,29698400,QLD
2018-12-28,8.15379524230957,8.268750190734863,8.541250228881836,8.125,8.3725004196167,23563200,QLD
2018-12-31,8.281991958618164,8.398750305175781,8.477499961853027,8.231249809265137,8.422499656677246,18244000,QLD
2019-01-02,8.343619346618652,8.461250305175781,8.557499885559082,8.0287504196167,8.042499542236328,17621600,QLD
2019-01-03,7.7840094566345215,7.893750190734863,8.28499984741211,7.871250152587891,8.217499732971191,21891200,QLD
2019-01-04,8.481672286987305,8.601249694824219,8.662500381469727,8.109999656677246,8.1587495803833,25744800,QLD
2019-01-07,8.653009414672852,8.774999618530273,8.868749618530273,8.569999694824219,8.6225004196167,16092000,QLD
2019-01-08,8.825575828552246,8.949999809265137,9.007499694824219,8.6875,8.949999809265137,14865600,QLD
2019-01-09,8.957466125488281,9.083749771118164,9.166250228881836,8.938750267028809,9.008749961853027,16208000,QLD
2019-01-10,9.003072738647461,9.130000114440918,9.148750305175781,8.84749984741211,8.947500228881836,13630400,QLD
2019-01-11,8.948837280273438,9.074999809265137,9.088749885559082,8.9712495803833,9.0337495803833,8992800,QLD
2019-01-14,8.786131858825684,8.90999984741211,8.987500190734863,8.832500457763672,8.912500381469727,11020000,QLD
2019-01-15,9.132495880126953,9.261249542236328,9.28125,8.981249809265137,8.986249923706055,17195200,QLD
2019-01-16,9.130034446716309,9.258749961853027,9.416250228881836,9.2475004196167,9.287500381469727,12770400,QLD
2019-01-17,9.259455680847168,9.390000343322754,9.475000381469727,9.162500381469727,9.19124984741211,14449600,QLD
2019-01-18,9.439420700073242,9.572500228881836,9.668749809265137,9.417499542236328,9.529999732971191,18348800,QLD
2019-01-22,9.07949447631836,9.207500457763672,9.447500228881836,9.05875015258789,9.436249732971191,21948800,QLD
2019-01-23,9.090591430664062,9.21875,9.37125015258789,9.011249542236328,9.289999961853027,20761600,QLD
2019-01-24,9.20029354095459,9.329999923706055,9.361249923706055,9.207500457763672,9.271249771118164,11466400,QLD
2019-01-25,9.432025909423828,9.5649995803833,9.612500190734863,9.420000076293945,9.475000381469727,14160800,QLD
2019-01-28,9.190430641174316,9.319999694824219,9.319999694824219,9.164999961853027,9.313750267028809,11272000,QLD
2019-01-29,9.010467529296875,9.137499809265137,9.333749771118164,9.077500343322754,9.328749656677246,8624000,QLD
2019-01-30,9.486261367797852,9.619999885559082,9.673749923706055,9.291250228881836,9.34749984741211,18242400,QLD
2019-01-31,9.758672714233398,9.896249771118164,9.983750343322754,9.696249961853027,9.71500015258789,18085600,QLD
2019-02-01,9.668691635131836,9.805000305175781,9.942500114440918,9.75374984741211,9.797499656677246,13536000,QLD
2019-02-04,9.906584739685059,10.046250343322754,10.046250343322754,9.792499542236328,9.80875015258789,10956800,QLD
2019-02-05,10.085315704345703,10.227499961853027,10.2475004196167,10.072500228881836,10.074999809265137,10905600,QLD
2019-02-06,10.018752098083496,10.15999984741211,10.266249656677246,10.072500228881836,10.229999542236328,10268800,QLD
2019-02-07,9.748808860778809,9.886249542236328,10.029999732971191,9.737500190734863,9.983750343322754,25721600,QLD
2019-02-08,9.77962589263916,9.917499542236328,9.921250343322754,9.69124984741211,9.711250305175781,13643200,QLD
2019-02-11,9.767300605773926,9.904999732971191,10.043749809265137,9.858750343322754,9.993749618530273,8244000,QLD
2019-02-12,10.059431076049805,10.201250076293945,10.226249694824219,10.016249656677246,10.042499542236328,8245600,QLD
2019-02-13,10.065595626831055,10.207500457763672,10.34749984741211,10.1899995803833,10.2837495803833,11249600,QLD
2019-02-14,10.082850456237793,10.225000381469727,10.305000305175781,10.067500114440918,10.12874984741211,16321600,QLD
2019-02-15,10.17776107788086,10.321249961853027,10.388750076293945,10.22249984741211,10.388750076293945,13076800,QLD
2019-02-19,10.211044311523438,10.354999542236328,10.420000076293945,10.251250267028809,10.251250267028809,10092000,QLD
2019-02-20,10.209809303283691,10.353750228881836,10.451250076293945,10.242500305175781,10.373749732971191,13265600,QLD
2019-02-21,10.125991821289062,10.268750190734863,10.350000381469727,10.166250228881836,10.295000076293945,10931200,QLD
2019-02-22,10.280070304870605,10.425000190734863,10.438750267028809,10.305000305175781,10.31624984741211,8028000,QLD
2019-02-25,10.354028701782227,10.5,10.637499809265137,10.486249923706055,10.578749656677246,9064000,QLD
2019-02-26,10.372518539428711,10.518750190734863,10.585000038146973,10.418749809265137,10.4375,9204800,QLD
2019-02-27,10.355259895324707,10.501250267028809,10.529999732971191,10.28499984741211,10.430000305175781,9379200,QLD
2019-02-28,10.307188034057617,10.452500343322754,10.52750015258789,10.396249771118164,10.4350004196167,6304000,QLD
2019-03-01,10.457566261291504,10.604999542236328,10.62874984741211,10.454999923706055,10.603750228881836,7465600,QLD
2019-03-04,10.452638626098633,10.600000381469727,10.766249656677246,10.364999771118164,10.717499732971191,14304800,QLD
2019-03-05,10.467428207397461,10.614999771118164,10.678750038146973,10.510000228881836,10.608750343322754,6786400,QLD
2019-03-06,10.344165802001953,10.489999771118164,10.635000228881836,10.458749771118164,10.6274995803833,9884000,QLD
2019-03-07,10.092710494995117,10.234999656677246,10.444999694824219,10.1587495803833,10.43375015258789,16847200,QLD
2019-03-08,10.056964874267578,10.198749542236328,10.208749771118164,9.981249809265137,10.0024995803833,12748800,QLD
2019-03-11,10.477289199829102,10.625,10.637499809265137,10.279999732971191,10.279999732971191,8944800,QLD
2019-03-12,10.595622062683105,10.744999885559082,10.795000076293945,10.631250381469727,10.675000190734863,10898400,QLD
2019-03-13,10.749698638916016,10.901249885559082,11.013750076293945,10.823749542236328,10.848750114440918,9967200,QLD
2019-03-14,10.709023475646973,10.859999656677246,10.9375,10.854999542236328,10.9087495803833,5555200,QLD
2019-03-15,10.892683982849121,11.046250343322754,11.126250267028809,10.93375015258789,10.944999694824219,9206400,QLD
2019-03-18,10.949385643005371,11.103750228881836,11.180000305175781,11.008749961853027,11.052499771118164,9306400,QLD
2019-03-19,11.028270721435547,11.18375015258789,11.305000305175781,11.09375,11.201250076293945,10556800,QLD
2019-03-20,11.11868667602539,11.267499923706055,11.398750305175781,11.078749656677246,11.178750038146973,13987200,QLD
2019-03-21,11.460362434387207,11.613750457763672,11.645000457763672,11.192500114440918,11.194999694824219,12127200,QLD
2019-03-22,10.947232246398926,11.09375,11.574999809265137,11.079999923706055,11.511249542236328,21494400,QLD
2019-03-25,10.91886043548584,11.0649995803833,11.136249542236328,10.9037504196167,11.022500038146973,17850400,QLD
2019-03-26,11.017539978027344,11.164999961853027,11.362500190734863,11.050000190734863,11.225000381469727,11055200,QLD
2019-03-27,10.886791229248047,11.032500267028809,11.241250038146973,10.856249809265137,11.1875,12356000,QLD
2019-03-28,10.921329498291016,11.067500114440918,11.145000457763672,10.9350004196167,11.068750381469727,11332000,QLD
2019-03-29,11.09278392791748,11.241250038146973,11.251250267028809,11.102499961853027,11.225000381469727,11311200,QLD
2019-04-01,11.390055656433105,11.542499542236328,11.555000305175781,11.369999885559082,11.451250076293945,10333600,QLD
2019-04-02,11.460362434387207,11.613750457763672,11.635000228881836,11.493749618530273,11.551250457763672,8560800,QLD
2019-04-03,11.592347145080566,11.7475004196167,11.890000343322754,11.672499656677246,11.743749618530273,11328800,QLD
2019-04-04,11.582479476928711,11.737500190734863,11.835000038146973,11.5962495803833,11.7475004196167,10709600,QLD
2019-04-05,11.695959091186523,11.852499961853027,11.866250038146973,11.771249771118164,11.806249618530273,8264800,QLD
2019-04-08,11.756403923034668,11.913749694824219,11.928750038146973,11.72249984741211,11.8125,10833600,QLD
2019-04-09,11.673758506774902,11.829999923706055,11.9087495803833,11.77750015258789,11.824999809265137,8942400,QLD
2019-04-10,11.799577713012695,11.957500457763672,11.958749771118164,11.829999923706055,11.859999656677246,6844800,QLD
2019-04-11,11.741598129272461,11.898750305175781,11.989999771118164,11.850000381469727,11.984999656677246,6588000,QLD
2019-04-12,11.837811470031738,11.99625015258789,12.010000228881836,11.898750305175781,11.998749732971191,7475200,QLD
2019-04-15,11.839046478271484,11.9975004196167,12.022500038146973,11.837499618530273,11.994999885559082,7102400,QLD
2019-04-16,11.919221878051758,12.078749656677246,12.131250381469727,12.007499694824219,12.079999923706055,7738400,QLD
2019-04-17,11.99940013885498,12.15999984741211,12.258749961853027,12.09000015258789,12.234999656677246,7839200,QLD
2019-04-18,12.025301933288574,12.186249732971191,12.201250076293945,12.047499656677246,12.198749542236328,6980000,QLD
2019-04-22,12.096844673156738,12.258749961853027,12.265000343322754,12.0625,12.078749656677246,5758400,QLD
2019-04-23,12.401516914367676,12.567500114440918,12.595000267028809,12.28499984741211,12.311249732971191,9048800,QLD
2019-04-24,12.322575569152832,12.487500190734863,12.618749618530273,12.479999542236328,12.579999923706055,7058400,QLD
2019-04-25,12.406453132629395,12.572500228881836,12.681249618530273,12.451250076293945,12.673749923706055,8656800,QLD
2019-04-26,12.443456649780273,12.609999656677246,12.609999656677246,12.335000038146973,12.547499656677246,9377600,QLD
2019-04-29,12.480461120605469,12.647500038146973,12.69124984741211,12.5649995803833,12.602499961853027,5885600,QLD
2019-04-30,12.295437812805176,12.460000038146973,12.494999885559082,12.282500267028809,12.452500343322754,10799200,QLD
2019-05-01,12.200459480285645,12.363750457763672,12.688750267028809,12.357500076293945,12.616250038146973,13489600,QLD
2019-05-02,12.107946395874023,12.270000457763672,12.492500305175781,12.101249694824219,12.366250038146973,17077600,QLD
2019-05-03,12.487860679626465,12.654999732971191,12.671250343322754,12.426250457763672,12.467499732971191,11482400,QLD
2019-05-06,12.34230899810791,12.507499694824219,12.53125,12.077500343322754,12.117500305175781,12828800,QLD
2019-05-07,11.846447944641113,12.005000114440918,12.329999923706055,11.78125,12.220000267028809,26300000,QLD
2019-05-08,11.77490520477295,11.932499885559082,12.126250267028809,11.850000381469727,11.930000305175781,16962400,QLD
2019-05-09,11.666357040405273,11.822500228881836,11.896249771118164,11.47249984741211,11.686249732971191,25925600,QLD
2019-05-10,11.68979263305664,11.8462495803833,11.957500457763672,11.337499618530273,11.726249694824219,19810400,QLD
2019-05-13,10.869521141052246,11.015000343322754,11.357500076293945,10.952500343322754,11.241250038146973,28607200,QLD
2019-05-14,11.108817100524902,11.257499694824219,11.392499923706055,11.055000305175781,11.135000228881836,14888800,QLD
2019-05-15,11.41225814819336,11.5649995803833,11.633749961853027,11.103750228881836,11.113750457763672,20064000,QLD
2019-05-16,11.644155502319336,11.800000190734863,11.951250076293945,11.556249618530273,11.579999923706055,19188000,QLD
2019-05-17,11.406088829040527,11.55875015258789,11.885000228881836,11.543749809265137,11.567500114440918,19876000,QLD
2019-05-20,11.029876708984375,11.177499771118164,11.326250076293945,11.095000267028809,11.243749618530273,18007200,QLD
2019-05-21,11.250670433044434,11.401249885559082,11.463749885559082,11.293749809265137,11.362500190734863,9770400,QLD
2019-05-22,11.150757789611816,11.300000190734863,11.425000190734863,11.268750190734863,11.272500038146973,7378400,QLD
2019-05-23,10.804144859313965,10.948749542236328,11.047499656677246,10.8125,11.045000076293945,18256000,QLD
2019-05-24,10.789344787597656,10.93375015258789,11.146249771118164,10.912500381469727,11.076250076293945,10604000,QLD
2019-05-28,10.707935333251953,10.851249694824219,11.12125015258789,10.851249694824219,10.992500305175781,10436000,QLD
2019-05-29,10.536479949951172,10.677499771118164,10.792499542236328,10.55875015258789,10.725000381469727,17305600,QLD
2019-05-30,10.6265230178833,10.768750190734863,10.821249961853027,10.640000343322754,10.734999656677246,13569600,QLD
2019-05-31,10.27127742767334,10.4087495803833,10.579999923706055,10.407500267028809,10.510000228881836,16176800,QLD
2019-06-03,9.839555740356445,9.9712495803833,10.412500381469727,9.854999542236328,10.363750457763672,30019200,QLD
2019-06-04,10.377358436584473,10.516249656677246,10.521249771118164,10.102499961853027,10.175000190734863,14740800,QLD
2019-06-05,10.53031063079834,10.671250343322754,10.71875,10.452500343322754,10.71500015258789,16856800,QLD
2019-06-06,10.69189739227295,10.835000038146973,10.891249656677246,10.612500190734863,10.704999923706055,12558400,QLD
2019-06-07,11.101418495178223,11.25,11.34749984741211,10.926250457763672,10.948749542236328,14323200,QLD
2019-06-10,11.35551643371582,11.507499694824219,11.732500076293945,11.40250015258789,11.40250015258789,14978400,QLD
2019-06-11,11.394987106323242,11.547499656677246,11.801250457763672,11.473750114440918,11.761249542236328,12202400,QLD
2019-06-12,11.269174575805664,11.420000076293945,11.529999732971191,11.375,11.481249809265137,7091200,QLD
2019-06-13,11.399922370910645,11.552499771118164,11.600000381469727,11.463749885559082,11.510000228881836,7874400,QLD
2019-06-14,11.286441802978516,11.4375,11.505000114440918,11.358750343322754,11.420000076293945,8337600,QLD
2019-06-17,11.429526329040527,11.582500457763672,11.647500038146973,11.47249984741211,11.492500305175781,6988000,QLD
2019-06-18,11.76257038116455,11.920000076293945,12.082500457763672,11.797499656677246,11.850000381469727,13854400,QLD
2019-06-19,11.848912239074707,12.007499694824219,12.063750267028809,11.80875015258789,11.961250305175781,12580800,QLD
2019-06-20,12.064775466918945,12.226249694824219,12.3462495803833,12.050000190734863,12.34000015258789,14650400,QLD
2019-06-21,12.035171508789062,12.196249961853027,12.34749984741211,12.141249656677246,12.192500114440918,11025600,QLD
2019-06-24,12.031469345092773,12.192500114440918,12.260000228881836,12.177499771118164,12.236249923706055,5284800,QLD
2019-06-25,11.61449909210205,11.765000343322754,12.178750038146973,11.733750343322754,12.168749809265137,13850400,QLD
2019-06-26,11.718155860900879,11.869999885559082,12.068750381469727,11.837499618530273,11.920000076293945,8439200,QLD
2019-06-27,11.81194019317627,11.96500015258789,12.017499923706055,11.898750305175781,11.957500457763672,6425600,QLD
2019-06-28,11.847725868225098,12.001250267028809,12.046250343322754,11.904999732971191,12.018750190734863,10090400,QLD
2019-07-01,12.15499496459961,12.3125,12.479999542236328,12.201250076293945,12.448749542236328,11168800,QLD
2019-07-02,12.253713607788086,12.412500381469727,12.412500381469727,12.234999656677246,12.303750038146973,7073600,QLD
2019-07-03,12.427709579467773,12.588749885559082,12.588749885559082,12.442500114440918,12.463749885559082,4602400,QLD
2019-07-05,12.386987686157227,12.547499656677246,12.586250305175781,12.323749542236328,12.422499656677246,7598400,QLD
2019-07-08,12.204357147216797,12.362500190734863,12.382499694824219,12.262499809265137,12.382499694824219,4544800,QLD
2019-07-09,12.327756881713867,12.487500190734863,12.516249656677246,12.223750114440918,12.239999771118164,6504000,QLD
2019-07-10,12.568387031555176,12.731249809265137,12.803750038146973,12.5912504196167,12.637499809265137,8825600,QLD
2019-07-11,12.548643112182617,12.711250305175781,12.832500457763672,12.633749961853027,12.776249885559082,9186400,QLD
2019-07-12,12.693021774291992,12.857500076293945,12.857500076293945,12.712499618530273,12.737500190734863,5073600,QLD
2019-07-15,12.763362884521484,12.928750038146973,12.942500114440918,12.845000267028809,12.913749694824219,4829600,QLD
2019-07-16,12.63625717163086,12.800000190734863,12.926250457763672,12.723750114440918,12.895000457763672,6689600,QLD
2019-07-17,12.515326499938965,12.677499771118164,12.8462495803833,12.673749923706055,12.807499885559082,4691200,QLD
2019-07-18,12.55481243133545,12.717499732971191,12.75,12.47249984741211,12.557499885559082,8288800,QLD
2019-07-19,12.341331481933594,12.501250267028809,12.888750076293945,12.487500190734863,12.888750076293945,9793600,QLD
2019-07-22,12.553580284118652,12.7162504196167,12.761249542236328,12.573749542236328,12.579999923706055,5620000,QLD
2019-07-23,12.711533546447754,12.876250267028809,12.876250267028809,12.680000305175781,12.850000381469727,6175200,QLD
2019-07-24,12.887995719909668,13.055000305175781,13.055000305175781,12.772500038146973,12.78125,6628800,QLD
2019-07-25,12.638726234436035,12.802499771118164,12.9662504196167,12.758749961853027,12.961250305175781,8358400,QLD
2019-07-26,12.892931938171387,13.0600004196167,13.100000381469727,12.952500343322754,12.9662504196167,5265600,QLD
2019-07-29,12.813955307006836,12.979999542236328,13.048749923706055,12.8125,13.048749923706055,6031200,QLD
2019-07-30,12.695491790771484,12.859999656677246,12.963749885559082,12.757499694824219,12.779999732971191,4669600,QLD
2019-07-31,12.35860824584961,12.518750190734863,12.944999694824219,12.271249771118164,12.932499885559082,15574400,QLD
2019-08-01,12.219161033630371,12.3774995803833,13.006250381469727,12.262499809265137,12.553750038146973,20566400,QLD
2019-08-02,11.863768577575684,12.017499923706055,12.225000381469727,11.863750457763672,12.201250076293945,18462400,QLD
2019-08-05,11.003663063049316,11.146249771118164,11.516249656677246,10.963749885559082,11.512499809265137,26062400,QLD
2019-08-06,11.326974868774414,11.473750114440918,11.536250114440918,11.203749656677246,11.369999885559082,14356000,QLD
2019-08-07,11.42446231842041,11.572500228881836,11.623749732971191,11.052499771118164,11.227499961853027,21372000,QLD
2019-08-08,11.940277099609375,12.095000267028809,12.100000381469727,11.633749961853027,11.712499618530273,11144000,QLD
2019-08-09,11.713217735290527,11.864999771118164,12.056249618530273,11.678750038146973,11.976249694824219,15328000,QLD
2019-08-12,11.446672439575195,11.595000267028809,11.787500381469727,11.484999656677246,11.71875,10623200,QLD
2019-08-13,11.9600191116333,12.114999771118164,12.25374984741211,11.552499771118164,11.583749771118164,17779200,QLD
2019-08-14,11.215911865234375,11.361249923706055,11.78499984741211,11.335000038146973,11.702500343322754,19658400,QLD
2019-08-15,11.201105117797852,11.3462495803833,11.47249984741211,11.173749923706055,11.411250114440918,15259200,QLD
2019-08-16,11.555267333984375,11.704999923706055,11.765000343322754,11.539999961853027,11.539999961853027,8902400,QLD
2019-08-19,11.90819263458252,12.0625,12.130000114440918,11.963749885559082,12.032500267028809,8017600,QLD
2019-08-20,11.747770309448242,11.899999618530273,12.104999542236328,11.892499923706055,12.024999618530273,8296800,QLD
2019-08-21,11.951382637023926,12.106249809265137,12.178750038146973,12.022500038146973,12.108750343322754,5812800,QLD
2019-08-22,11.873641967773438,12.02750015258789,12.203749656677246,11.835000038146973,12.147500038146973,8872800,QLD
2019-08-23,11.125829696655273,11.270000457763672,12.076250076293945,11.196249961853027,11.864999771118164,18804800,QLD
2019-08-26,11.4503755569458,11.598750114440918,11.600000381469727,11.380000114440918,11.516249656677246,9049600,QLD
2019-08-27,11.410884857177734,11.55875015258789,11.795000076293945,11.457500457763672,11.755000114440918,10804000,QLD
2019-08-28,11.477524757385254,11.626250267028809,11.666250228881836,11.362500190734863,11.4712495803833,7570400,QLD
2019-08-29,11.829215049743652,11.982500076293945,12.047499656677246,11.828749656677246,11.913749694824219,9375200,QLD
2019-08-30,11.776153564453125,11.928750038146973,12.113750457763672,11.793749809265137,12.107500076293945,8736000,QLD
2019-09-03,11.542925834655762,11.692500114440918,11.886249542236328,11.612500190734863,11.770000457763672,10075200,QLD
2019-09-04,11.87610912322998,12.029999732971191,12.045000076293945,11.853750228881836,11.913749694824219,6433600,QLD
2019-09-05,12.312947273254395,12.47249984741211,12.5337495803833,12.279999732971191,12.287500381469727,7368800,QLD
2019-09-06,12.284566879272461,12.443750381469727,12.513750076293945,12.392499923706055,12.5,6122400,QLD
2019-09-09,12.226567268371582,12.385000228881836,12.524999618530273,12.258749961853027,12.517499923706055,6916800,QLD
2019-09-10,12.168570518493652,12.326250076293945,12.326250076293945,12.09000015258789,12.251250267028809,7916800,QLD
2019-09-11,12.386987686157227,12.547499656677246,12.553750038146973,12.303750038146973,12.357500076293945,6238400,QLD
2019-09-12,12.47953987121582,12.641249656677246,12.837499618530273,12.611249923706055,12.698749542236328,11579200,QLD
2019-09-13,12.398094177246094,12.55875015258789,12.664999961853027,12.522500038146973,12.607500076293945,5365600,QLD
2019-09-16,12.273459434509277,12.432499885559082,12.491250038146973,12.364999771118164,12.387499809265137,7053600,QLD
2019-09-17,12.390690803527832,12.551250457763672,12.557499885559082,12.392499923706055,12.4375,3535200,QLD
2019-09-18,12.389457702636719,12.550000190734863,12.556249618530273,12.236249923706055,12.507499694824219,7505600,QLD
2019-09-19,12.42524242401123,12.586250305175781,12.739999771118164,12.538749694824219,12.59000015258789,4820800,QLD
2019-09-20,12.162398338317871,12.319999694824219,12.643750190734863,12.231249809265137,12.625,8774400,QLD
2019-09-23,12.169803619384766,12.327500343322754,12.398750305175781,12.225000381469727,12.30875015258789,6104000,QLD
2019-09-24,11.839086532592773,11.992500305175781,12.488750457763672,11.898750305175781,12.442500114440918,15376000,QLD
2019-09-25,12.106868743896484,12.263750076293945,12.328749656677246,11.776249885559082,11.97249984741211,9322400,QLD
2019-09-26,12.01801872253418,12.173749923706055,12.2524995803833,11.993749618530273,12.242500305175781,9116000,QLD
2019-09-27,11.730496406555176,11.882499694824219,12.227499961853027,11.707500457763672,12.212499618530273,11147200,QLD
2019-09-30,11.936576843261719,12.0912504196167,12.131250381469727,11.922499656677246,11.957500457763672,8552000,QLD
2019-10-01,11.74036693572998,11.892499923706055,12.319999694824219,11.861249923706055,12.180000305175781,10512800,QLD
2019-10-02,11.336846351623535,11.483750343322754,11.739999771118164,11.362500190734863,11.739999771118164,12161600,QLD
2019-10-03,11.589818954467773,11.739999771118164,11.751250267028809,11.206250190734863,11.487500190734863,13472000,QLD
2019-10-04,11.931638717651367,12.086250305175781,12.114999771118164,11.838749885559082,11.853750228881836,8134400,QLD
2019-10-07,11.851428985595703,12.005000114440918,12.197500228881836,11.962499618530273,12.008749961853027,6994400,QLD
2019-10-08,11.48369312286377,11.632499694824219,11.953749656677246,11.6274995803833,11.851249694824219,11548800,QLD
2019-10-09,11.729260444641113,11.881250381469727,11.977499961853027,11.770000457763672,11.832500457763672,6865600,QLD
2019-10-10,11.892152786254883,12.046250343322754,12.143750190734863,11.862500190734863,11.87125015258789,6428800,QLD
2019-10-11,12.193246841430664,12.351249694824219,12.555000305175781,12.3125,12.324999809265137,13950400,QLD
2019-10-14,12.204357147216797,12.362500190734863,12.431249618530273,12.302499771118164,12.319999694824219,4255200,QLD
2019-10-15,12.505455017089844,12.667499542236328,12.726249694824219,12.421250343322754,12.430000305175781,6500000,QLD
2019-10-16,12.44251823425293,12.603750228881836,12.662500381469727,12.52750015258789,12.59375,5408000,QLD
2019-10-17,12.511622428894043,12.673749923706055,12.795000076293945,12.582500457763672,12.757499694824219,5344000,QLD
2019-10-18,12.269757270812988,12.428750038146973,12.6850004196167,12.300000190734863,12.642499923706055,7823200,QLD
2019-10-21,12.485709190368652,12.647500038146973,12.662500381469727,12.4975004196167,12.552499771118164,4286400,QLD
2019-10-22,12.285798072814941,12.444999694824219,12.78125,12.438750267028809,12.734999656677246,5113600,QLD
2019-10-23,12.331459045410156,12.491250038146973,12.492500305175781,12.352499961853027,12.383749961853027,3968800,QLD
2019-10-24,12.564685821533203,12.727499961853027,12.743749618530273,12.556249618530273,12.668749809265137,5922400,QLD
2019-10-25,12.758423805236816,12.923749923706055,12.943750381469727,12.59375,12.598750114440918,6609600,QLD
2019-10-28,13.016335487365723,13.1850004196167,13.2212495803833,13.051250457763672,13.051250457763672,5828000,QLD
2019-10-29,12.821357727050781,12.987500190734863,13.177499771118164,12.977499961853027,13.140000343322754,6106400,QLD
2019-10-30,12.923783302307129,13.0912504196167,13.147500038146973,12.882499694824219,13.03499984741211,6336800,QLD
2019-10-31,12.943527221679688,13.111249923706055,13.1899995803833,12.967499732971191,13.175000190734863,7887200,QLD
2019-11-01,13.185392379760742,13.356249809265137,13.356249809265137,13.188750267028809,13.227499961853027,6411200,QLD
2019-11-04,13.337175369262695,13.510000228881836,13.574999809265137,13.46875,13.53499984741211,7344800,QLD
2019-11-05,13.34211254119873,13.515000343322754,13.574999809265137,13.44124984741211,13.551250457763672,4214400,QLD
2019-11-06,13.293985366821289,13.4662504196167,13.5,13.336250305175781,13.5,5488800,QLD
2019-11-07,13.382833480834961,13.556249618530273,13.728750228881836,13.477499961853027,13.603750228881836,6590400,QLD
2019-11-08,13.488960266113281,13.663749694824219,13.663749694824219,13.4350004196167,13.506250381469727,4704800,QLD
2019-11-11,13.450704574584961,13.625,13.633749961853027,13.487500190734863,13.5337495803833,3490400,QLD
2019-11-12,13.521042823791504,13.696249961853027,13.792499542236328,13.604999542236328,13.647500038146973,4613600,QLD
2019-11-13,13.502533912658691,13.677499771118164,13.731249809265137,13.59000015258789,13.606249809265137,6140000,QLD
2019-11-14,13.509939193725586,13.6850004196167,13.701250076293945,13.524999618530273,13.603750228881836,4528000,QLD
2019-11-15,13.677763938903809,13.854999542236328,13.869999885559082,13.761249542236328,13.845000267028809,4488000,QLD
2019-11-18,13.732056617736816,13.90999984741211,13.949999809265137,13.729999542236328,13.842499732971191,5767200,QLD
2019-11-19,13.762909889221191,13.94124984741211,14.008749961853027,13.8412504196167,14.008749961853027,4820800,QLD
2019-11-20,13.596317291259766,13.772500038146973,13.954999923706055,13.5649995803833,13.875,10796000,QLD
2019-11-21,13.53461742401123,13.710000038146973,13.761249542236328,13.625,13.741250038146973,4807200,QLD
2019-11-22,13.554361343383789,13.729999542236328,13.793749809265137,13.586250305175781,13.772500038146973,4209600,QLD
2019-11-25,13.872734069824219,14.052499771118164,14.056249618530273,13.836250305175781,13.836250305175781,4988000,QLD
2019-11-26,13.924564361572266,14.104999542236328,14.138750076293945,14.037500381469727,14.067500114440918,3788800,QLD
2019-11-27,14.117071151733398,14.300000190734863,14.300000190734863,14.143750190734863,14.180000305175781,6480000,QLD
2019-11-29,13.983796119689941,14.164999961853027,14.268750190734863,14.15250015258789,14.231249809265137,2859200,QLD
2019-12-02,13.675293922424316,13.852499961853027,14.173749923706055,13.7162504196167,14.168749809265137,10956800,QLD
2019-12-03,13.476616859436035,13.651249885559082,13.664999961853027,13.358750343322754,13.505000114440918,11588000,QLD
2019-12-04,13.613595008850098,13.789999961853027,13.859999656677246,13.757499694824219,13.798749923706055,4644800,QLD
2019-12-05,13.665422439575195,13.842499732971191,13.891249656677246,13.71500015258789,13.891249656677246,6520000,QLD
2019-12-06,13.950480461120605,14.131250381469727,14.161250114440918,14.0287504196167,14.037500381469727,6270400,QLD
2019-12-09,13.833248138427734,14.012499809265137,14.2212495803833,14.00374984741211,14.087499618530273,4480800,QLD
2019-12-10,13.809803009033203,13.988750457763672,14.117500305175781,13.926250457763672,14.020000457763672,5700000,QLD
2019-12-11,13.95788288116455,14.138750076293945,14.162500381469727,14.007499694824219,14.045000076293945,4825600,QLD
2019-12-12,14.166430473327637,14.350000381469727,14.449999809265137,14.067500114440918,14.102499961853027,16383200,QLD
2019-12-13,14.251575469970703,14.436249732971191,14.53499984741211,14.270000457763672,14.332500457763672,15720000,QLD
2019-12-16,14.524292945861816,14.712499618530273,14.758749961853027,14.618749618530273,14.618749618530273,6349600,QLD
2019-12-17,14.540336608886719,14.728750228881836,14.782500267028809,14.692500114440918,14.763750076293945,5134400,QLD
2019-12-18,14.561310768127441,14.75,14.842499732971191,14.737500190734863,14.766249656677246,3756800,QLD
2019-12-19,14.75382137298584,14.944999694824219,14.951250076293945,14.774999618530273,14.776249885559082,5753600,QLD
2019-12-20,14.875984191894531,15.068750381469727,15.114999771118164,15.005000114440918,15.086250305175781,7419200,QLD
2019-12-23,14.943855285644531,15.137499809265137,15.188750267028809,15.116250038146973,15.173749923706055,5128000,QLD
2019-12-24,14.951263427734375,15.138750076293945,15.172499656677246,15.076250076293945,15.161250114440918,3299200,QLD
2019-12-26,15.224092483520508,15.414999961853027,15.414999961853027,15.19124984741211,15.19124984741211,3947200,QLD
2019-12-27,15.187055587768555,15.3774995803833,15.523750305175781,15.307499885559082,15.523750305175781,6070400,QLD
2019-12-30,14.98212718963623,15.170000076293945,15.382499694824219,15.03125,15.364999771118164,9577600,QLD
2019-12-31,15.047555923461914,15.236249923706055,15.255000114440918,15.038749694824219,15.087499618530273,5025600,QLD
2020-01-02,15.541363716125488,15.736249923706055,15.738750457763672,15.43375015258789,15.488750457763672,7477600,QLD
2020-01-03,15.26606559753418,15.457500457763672,15.638750076293945,15.322500228881836,15.322500228881836,10924000,QLD
2020-01-06,15.447539329528809,15.641249656677246,15.6537504196167,15.168749809265137,15.199999809265137,6679200,QLD
2020-01-07,15.440132141113281,15.633749961853027,15.731249809265137,15.548749923706055,15.661250114440918,5158400,QLD
2020-01-08,15.673456192016602,15.869999885559082,16.022499084472656,15.587499618530273,15.630000114440918,9110400,QLD
2020-01-09,15.951225280761719,16.1512508392334,16.202499389648438,15.957500457763672,16.136249542236328,7167200,QLD
2020-01-10,15.867278099060059,16.06624984741211,16.272499084472656,16.006250381469727,16.272499084472656,8929600,QLD
2020-01-13,16.222820281982422,16.426250457763672,16.434999465942383,16.146249771118164,16.18375015258789,5419200,QLD
2020-01-14,16.103071212768555,16.30500030517578,16.466249465942383,16.24625015258789,16.4012508392334,7709600,QLD
2020-01-15,16.105539321899414,16.3075008392334,16.459999084472656,16.206249237060547,16.315000534057617,6817600,QLD
2020-01-16,16.409231185913086,16.614999771118164,16.62125015258789,16.4012508392334,16.4637508392334,4939200,QLD
2020-01-17,16.575891494750977,16.783750534057617,16.806249618530273,16.5987491607666,16.763750076293945,5762400,QLD
2020-01-21,16.561079025268555,16.768749237060547,16.850000381469727,16.678749084472656,16.6875,6591200,QLD
2020-01-22,16.645021438598633,16.853750228881836,17.046249389648438,16.809999465942383,16.931249618530273,5920000,QLD
2020-01-23,16.74378776550293,16.953750610351562,16.967500686645508,16.678749084472656,16.831249237060547,5767200,QLD
2020-01-24,16.45737648010254,16.66374969482422,17.149999618530273,16.517499923706055,17.127500534057617,13505600,QLD
2020-01-27,15.779626846313477,15.977499961853027,16.153749465942383,15.8125,15.927499771118164,14857600,QLD
2020-01-28,16.256149291992188,16.459999084472656,16.53874969482422,16.1200008392334,16.198749542236328,5929600,QLD
2020-01-29,16.3067626953125,16.511249542236328,16.686250686645508,16.376249313354492,16.65250015258789,8316800,QLD
2020-01-30,16.42527961730957,16.631250381469727,16.64875030517578,16.208749771118164,16.303749084472656,9340000,QLD
2020-01-31,15.89320182800293,16.092500686645508,16.780000686645508,15.984999656677246,16.764999389648438,14463200,QLD
2020-02-03,16.366024017333984,16.571250915527344,16.6612491607666,16.243749618530273,16.2549991607666,8365600,QLD
2020-02-04,17.119077682495117,17.333749771118164,17.40625,16.93000030517578,17.037500381469727,7303200,QLD
2020-02-05,17.249937057495117,17.466249465942383,17.77375030517578,17.25374984741211,17.77375030517578,13258400,QLD
2020-02-06,17.536348342895508,17.756250381469727,17.771249771118164,17.426250457763672,17.549999237060547,5023200,QLD
2020-02-07,17.37833023071289,17.596250534057617,17.797500610351562,17.5049991607666,17.602500915527344,5877600,QLD
2020-02-10,17.80917739868164,18.032499313354492,18.032499313354492,17.482500076293945,17.491249084472656,5871200,QLD
2020-02-11,17.80917739868164,18.032499313354492,18.346250534057617,17.94124984741211,18.228750228881836,13471200,QLD
2020-02-12,18.158544540405273,18.386249542236328,18.399999618530273,18.162500381469727,18.238750457763672,8524800,QLD
2020-02-13,18.098051071166992,18.325000762939453,18.485000610351562,18.087499618530273,18.127500534057617,8584000,QLD
2020-02-14,18.194345474243164,18.422500610351562,18.4737491607666,18.268749237060547,18.389999389648438,5173600,QLD
2020-02-18,18.225204467773438,18.453750610351562,18.518749237060547,18.21875,18.2450008392334,7386400,QLD
2020-02-19,18.567169189453125,18.799999237060547,18.8799991607666,18.633750915527344,18.662500381469727,4651200,QLD
2020-02-20,18.206689834594727,18.434999465942383,18.793750762939453,17.991249084472656,18.719999313354492,10793600,QLD
2020-02-21,17.528940200805664,17.748750686645508,18.325000762939453,17.594999313354492,18.274999618530273,11076800,QLD
2020-02-24,16.167264938354492,16.3700008392334,16.806249618530273,16.1924991607666,16.37874984741211,32115200,QLD
2020-02-25,15.29446029663086,15.486249923706055,16.75,15.385000228881836,16.636249542236328,32688800,QLD
2020-02-26,15.426552772521973,15.619999885559082,16.177499771118164,15.404999732971191,15.657500267028809,28350400,QLD
2020-02-27,13.882168769836426,14.056249618530273,15.318750381469727,14.053750038146973,14.842499732971191,44845600,QLD
2020-02-28,14.021669387817383,14.197500228881836,14.271249771118164,13.043749809265137,13.136249542236328,52608800,QLD
2020-03-02,15.34136962890625,15.5337495803833,15.547499656677246,14.098750114440918,14.49625015258789,27213600,QLD
2020-03-03,14.362399101257324,14.542499542236328,15.991250038146973,14.272500038146973,15.635000228881836,36943200,QLD
2020-03-04,15.541363716125488,15.736249923706055,15.756250381469727,14.797499656677246,15.0912504196167,19877600,QLD
2020-03-05,14.605599403381348,14.788749694824219,15.4712495803833,14.571249961853027,14.9350004196167,23922400,QLD
2020-03-06,14.113024711608887,14.289999961853027,14.4375,13.572500228881836,13.805000305175781,25092000,QLD
2020-03-09,12.169891357421875,12.322500228881836,13.336250305175781,12.25,12.3125,18062400,QLD
2020-03-10,13.47477912902832,13.643750190734863,13.661250114440918,12.3125,13.257499694824219,27948800,QLD
2020-03-11,12.299515724182129,12.453749656677246,13.186249732971191,12.114999771118164,13.0024995803833,29296000,QLD
2020-03-12,10.023063659667969,10.148750305175781,11.868749618530273,10.118749618530273,10.7837495803833,36395200,QLD
2020-03-13,11.93286418914795,12.082500457763672,12.137499809265137,10.258749961853027,11.272500038146973,32360800,QLD
2020-03-16,9.035447120666504,9.148750305175781,10.90250015258789,9.0,9.563750267028809,23924800,QLD
2020-03-17,10.253915786743164,10.382499694824219,10.632499694824219,9.061249732971191,9.661250114440918,31902400,QLD
2020-03-18,9.611967086791992,9.732500076293945,10.038749694824219,8.641249656677246,9.198749542236328,30875200,QLD
2020-03-19,9.744064331054688,9.866250038146973,10.4975004196167,9.199999809265137,9.633749961853027,35715200,QLD
2020-03-20,8.965080261230469,9.077500343322754,10.4350004196167,9.020000457763672,10.30875015258789,36707200,QLD
2020-03-23,9.01075553894043,9.123749732971191,9.493749618530273,8.50374984741211,9.140000343322754,33055200,QLD
2020-03-24,10.382307052612305,10.512499809265137,10.520000457763672,9.901249885559082,10.069999694824219,31956000,QLD
2020-03-25,10.196985244750977,10.323749542236328,11.170000076293945,10.077500343322754,10.578749656677246,28396800,QLD
2020-03-26,11.294590950012207,11.4350004196167,11.518750190734863,10.482500076293945,10.515000343322754,22880000,QLD
2020-03-27,10.46613883972168,10.5962495803833,11.258749961853027,10.5625,10.8412504196167,17913600,QLD
2020-03-30,11.267430305480957,11.407500267028809,11.460000038146973,10.762499809265137,10.835000038146973,16922400,QLD
2020-03-31,11.060007095336914,11.197500228881836,11.7837495803833,11.069999694824219,11.359999656677246,20289600,QLD
2020-04-01,10.136487007141113,10.262499809265137,10.885000228881836,10.09375,10.552499771118164,15729600,QLD
2020-04-02,10.538984298706055,10.670000076293945,10.69124984741211,10.104999542236328,10.161250114440918,17881600,QLD
2020-04-03,10.252545356750488,10.380000114440918,10.792499542236328,10.130000114440918,10.611249923706055,11934400,QLD
2020-04-06,11.710667610168457,11.856249809265137,11.973750114440918,11.0287504196167,11.161250114440918,16623200,QLD
2020-04-07,11.664986610412598,11.8100004196167,12.578749656677246,11.788749694824219,12.5337495803833,23536800,QLD
2020-04-08,12.172429084777832,12.323749542236328,12.399999618530273,11.832500457763672,12.039999961853027,18464800,QLD
2020-04-09,12.203291893005371,12.354999542236328,12.65999984741211,12.143750190734863,12.536250114440918,20278400,QLD
2020-04-13,12.483561515808105,12.638750076293945,12.6875,12.112500190734863,12.260000228881836,13797600,QLD
2020-04-14,13.56264591217041,13.731249809265137,13.802499771118164,13.055000305175781,13.145000457763672,23470400,QLD
2020-04-15,13.252747535705566,13.417499542236328,13.657500267028809,13.125,13.302499771118164,14076000,QLD
2020-04-16,13.75525188446045,13.926250457763672,14.045000076293945,13.454999923706055,13.71500015258789,23693600,QLD
2020-04-17,13.982426643371582,14.15625,14.329999923706055,13.751250267028809,14.258749961853027,17477600,QLD
2020-04-20,13.65894889831543,13.828749656677246,14.25374984741211,13.822500228881836,13.90625,14834400,QLD
2020-04-21,12.642828941345215,12.800000190734863,13.630000114440918,12.654999732971191,13.561249732971191,24203200,QLD
2020-04-22,13.42436695098877,13.5912504196167,13.736249923706055,13.244999885559082,13.353750228881836,14567200,QLD
2020-04-23,13.360161781311035,13.526249885559082,14.015000343322754,13.462499618530273,13.681249618530273,16400000,QLD
2020-04-24,13.799696922302246,13.9712495803833,13.992500305175781,13.388750076293945,13.568750381469727,12976800,QLD
2020-04-27,13.967612266540527,14.141249656677246,14.303750038146973,14.02750015258789,14.244999885559082,13344800,QLD
2020-04-28,13.470046997070312,13.637499809265137,14.399999618530273,13.600000381469727,14.399999618530273,18484800,QLD
2020-04-29,14.388627052307129,14.567500114440918,14.7212495803833,14.100000381469727,14.242500305175781,16485600,QLD
2020-04-30,14.442952156066895,14.6225004196167,14.731249809265137,14.376250267028809,14.729999542236328,14748000,QLD
2020-05-01,13.570053100585938,13.738750457763672,14.28125,13.619999885559082,13.992500305175781,15874400,QLD
2020-05-04,13.909584045410156,14.082500457763672,14.104999542236328,13.545000076293945,13.608750343322754,11196800,QLD
2020-05-05,14.219480514526367,14.396249771118164,14.717499732971191,14.289999961853027,14.358750343322754,11768000,QLD
2020-05-06,14.39233112335205,14.571249961853027,14.8412504196167,14.456250190734863,14.6225004196167,11310400,QLD
2020-05-07,14.77383804321289,14.957500457763672,15.06624984741211,14.767499923706055,14.9399995803833,10453600,QLD
2020-05-08,15.161521911621094,15.350000381469727,15.369999885559082,15.047499656677246,15.177499771118164,11151200,QLD
2020-05-11,15.4133882522583,15.604999542236328,15.771249771118164,15.133749961853027,15.168749809265137,9703200,QLD
2020-05-12,14.798532485961914,14.982500076293945,15.797499656677246,14.973750114440918,15.707500457763672,10824000,QLD
2020-05-13,14.42937183380127,14.608750343322754,15.307499885559082,14.244999885559082,15.055000305175781,18562400,QLD
2020-05-14,14.744206428527832,14.927499771118164,14.93375015258789,14.15250015258789,14.431249618530273,16701600,QLD
2020-05-15,14.934342384338379,15.119999885559082,15.132499694824219,14.4662504196167,14.520000457763672,13533600,QLD
2020-05-18,15.505986213684082,15.698749542236328,15.828749656677246,15.426250457763672,15.529999732971191,15345600,QLD
2020-05-19,15.405978202819824,15.59749984741211,16.017499923706055,15.592499732971191,15.7212495803833,14496800,QLD
2020-05-20,16.033184051513672,16.232500076293945,16.27750015258789,15.96875,15.96875,10851200,QLD
2020-05-21,15.680074691772461,15.875,16.331249237060547,15.807499885559082,16.2450008392334,14448800,QLD
2020-05-22,15.777609825134277,15.973750114440918,16.011249542236328,15.686249732971191,15.8125,7922400,QLD
2020-05-26,15.714642524719238,15.90999984741211,16.521249771118164,15.867500305175781,16.49250030517578,12181600,QLD
2020-05-27,15.864035606384277,16.061250686645508,16.084999084472656,15.1875,15.823749542236328,21416800,QLD
2020-05-28,15.802302360534668,15.998749732971191,16.508750915527344,15.896249771118164,15.897500038146973,16858400,QLD
2020-05-29,16.231958389282227,16.43375015258789,16.52375030517578,15.851249694824219,16.094999313354492,23090400,QLD
2020-06-01,16.40481185913086,16.608749389648438,16.647499084472656,16.306249618530273,16.354999542236328,9300800,QLD
2020-06-02,16.608530044555664,16.815000534057617,16.815000534057617,16.303749084472656,16.64875030517578,10876800,QLD
2020-06-03,16.75421905517578,16.962499618530273,17.071250915527344,16.7762508392334,16.89875030517578,7372000,QLD
2020-06-04,16.51469612121582,16.719999313354492,17.1200008392334,16.5362491607666,16.903749465942383,14243200,QLD
2020-06-05,17.16165542602539,17.375,17.4737491607666,16.8125,16.86750030517578,12560800,QLD
2020-06-08,17.44438934326172,17.6612491607666,17.670000076293945,17.133750915527344,17.357500076293945,12563200,QLD
2020-06-09,17.682676315307617,17.90250015258789,18.042499542236328,17.516250610351562,17.524999618530273,11370400,QLD
2020-06-10,18.122209548950195,18.34749984741211,18.577499389648438,18.092500686645508,18.162500381469727,15496800,QLD
2020-06-11,16.330734252929688,16.533750534057617,17.948749542236328,16.516250610351562,17.748750686645508,20905600,QLD
2020-06-12,16.55914878845215,16.764999389648438,17.421249389648438,16.202499389648438,17.247499465942383,24397600,QLD
2020-06-15,16.972753524780273,17.18375015258789,17.290000915527344,16.153749465942383,16.282499313354492,16255200,QLD
2020-06-16,17.582672119140625,17.801250457763672,18.108749389648438,17.157499313354492,17.921249389648438,17252000,QLD
2020-06-17,17.667861938476562,17.887500762939453,18.170000076293945,17.780000686645508,18.006250381469727,10474400,QLD
2020-06-18,17.777748107910156,17.998750686645508,18.028749465942383,17.729999542236328,17.846250534057617,11544800,QLD
2020-06-19,17.75551986694336,17.97624969482422,18.392499923706055,17.725000381469727,18.362499237060547,12873600,QLD
2020-06-22,18.196292877197266,18.422500610351562,18.438749313354492,17.920000076293945,17.977500915527344,8647200,QLD
2020-06-23,18.486433029174805,18.716249465942383,19.065000534057617,18.577499389648438,18.65999984741211,8218400,QLD
2020-06-24,17.74564552307129,17.966249465942383,18.799999237060547,17.72624969482422,18.602500915527344,16951200,QLD
2020-06-25,18.086406707763672,18.311250686645508,18.328750610351562,17.587499618530273,17.967500686645508,11276800,QLD
2020-06-26,17.20240020751953,17.416250228881836,18.258750915527344,17.350000381469727,18.2549991607666,15106400,QLD
2020-06-29,17.565387725830078,17.783750534057617,17.8075008392334,17.006250381469727,17.393749237060547,12743200,QLD
2020-06-30,18.234567642211914,18.46125030517578,18.583749771118164,17.771249771118164,17.793750762939453,9148800,QLD
2020-07-01,18.69879722595215,18.931249618530273,19.084999084472656,18.424999237060547,18.5049991607666,9286400,QLD
2020-07-02,18.951900482177734,19.1875,19.50749969482422,19.118749618530273,19.306249618530273,9366400,QLD
2020-07-06,19.888999938964844,20.136249542236328,20.212499618530273,19.688749313354492,19.696250915527344,8572800,QLD
2020-07-07,19.607498168945312,19.85124969482422,20.518749237060547,19.813749313354492,20.087499618530273,10094400,QLD
2020-07-08,20.11617088317871,20.366249084472656,20.383750915527344,19.837499618530273,20.071250915527344,8076000,QLD
2020-07-09,20.45076560974121,20.704999923706055,20.832500457763672,20.012500762939453,20.673749923706055,12246400,QLD
2020-07-10,20.755727767944336,21.013750076293945,21.041250228881836,20.260000228881836,20.671249389648438,9117600,QLD
2020-07-13,19.89147186279297,20.138750076293945,21.922500610351562,20.00374984741211,21.46125030517578,16536000,QLD
2020-07-14,20.181612014770508,20.4325008392334,20.483749389648438,19.238750457763672,19.74625015258789,21487200,QLD
2020-07-15,20.22606086730957,20.477500915527344,20.782499313354492,19.971250534057617,20.63249969482422,14611200,QLD
2020-07-16,19.943323135375977,20.19124984741211,20.318750381469727,19.673749923706055,20.0362491607666,11288800,QLD
2020-07-17,20.00752830505371,20.256250381469727,20.40250015258789,19.920000076293945,20.31624984741211,9411200,QLD
2020-07-20,21.156991958618164,21.420000076293945,21.508750915527344,20.166250228881836,20.375,7736800,QLD
2020-07-21,20.71127700805664,20.96875,21.678749084472656,20.829999923706055,21.676250457763672,11613600,QLD
2020-07-22,20.85696792602539,21.116249084472656,21.258750915527344,20.735000610351562,21.03874969482422,7987200,QLD
2020-07-23,19.756893157958984,20.002500534057617,21.146249771118164,19.78125,21.045000076293945,16324000,QLD
2020-07-24,19.376619338989258,19.61750030517578,19.842500686645508,18.975000381469727,19.40250015258789,15490400,QLD
2020-07-27,20.0754337310791,20.325000762939453,20.386249542236328,19.770000457763672,19.891250610351562,10046400,QLD
2020-07-28,19.57663345336914,19.81999969482422,20.283750534057617,19.763750076293945,20.201250076293945,7340000,QLD
2020-07-29,20.029748916625977,20.278749465942383,20.403749465942383,19.981250762939453,20.045000076293945,6929600,QLD
2020-07-30,20.23099708557129,20.482500076293945,20.565000534057617,19.771249771118164,19.954999923706055,8896800,QLD
2020-07-31,20.949562072753906,21.209999084472656,21.227500915527344,20.438749313354492,21.2137508392334,11823200,QLD
2020-08-03,21.503925323486328,21.771249771118164,21.897499084472656,21.540000915527344,21.568750381469727,7482400,QLD
2020-08-04,21.670602798461914,21.940000534057617,21.943750381469727,21.571250915527344,21.677499771118164,7414400,QLD
2020-08-05,21.784191131591797,22.05500030517578,22.11750030517578,21.84000015258789,22.016250610351562,6196800,QLD
2020-08-06,22.338544845581055,22.616249084472656,22.684999465942383,21.907499313354492,22.008750915527344,7689600,QLD
2020-08-07,21.83604621887207,22.107500076293945,22.665000915527344,21.737499237060547,22.528749465942383,11301600,QLD
2020-08-10,21.640968322753906,21.90999984741211,22.197500228881836,21.332500457763672,22.155000686645508,10324000,QLD
2020-08-11,20.833511352539062,21.092500686645508,21.938749313354492,20.993749618530273,21.717500686645508,11932800,QLD
2020-08-12,21.88172721862793,22.153749465942383,22.299999237060547,21.427499771118164,21.427499771118164,9388000,QLD
2020-08-13,21.96815299987793,22.241249084472656,22.625,22.09749984741211,22.268749237060547,8996000,QLD
2020-08-14,21.92740821838379,22.200000762939453,22.383750915527344,21.957500457763672,22.327499389648438,5904000,QLD
2020-08-17,22.413860321044922,22.6924991607666,22.761249542236328,22.452499389648438,22.475000381469727,5020800,QLD
2020-08-18,22.850927352905273,23.135000228881836,23.225000381469727,22.639999389648438,22.885000228881836,4248000,QLD
2020-08-19,22.552143096923828,22.832500457763672,23.3125,22.752500534057617,23.139999389648438,6243600,QLD
2020-08-20,23.176876068115234,23.46500015258789,23.545000076293945,22.63249969482422,22.6924991607666,4279600,QLD
2020-08-21,23.485536575317383,23.77750015258789,23.862499237060547,23.385000228881836,23.512500762939453,4805200,QLD
2020-08-24,23.789264678955078,24.084999084472656,24.477500915527344,23.690000534057617,24.337499618530273,5148400,QLD
2020-08-25,24.159658432006836,24.459999084472656,24.47249984741211,23.875,23.9424991607666,4954400,QLD
2020-08-26,25.184415817260742,25.497499465942383,25.530000686645508,24.655000686645508,24.670000076293945,6337600,QLD
2020-08-27,25.016508102416992,25.327499389648438,25.832500457763672,24.9375,25.690000534057617,9339600,QLD
2020-08-28,25.27825164794922,25.592500686645508,25.707500457763672,25.325000762939453,25.55500030517578,5770000,QLD
2020-08-31,25.720260620117188,26.040000915527344,26.337499618530273,25.6200008392334,25.704999923706055,6781200,QLD
2020-09-01,26.569698333740234,26.899999618530273,26.922500610351562,26.177499771118164,26.497499465942383,7399200,QLD
2020-09-02,27.066028594970703,27.40250015258789,27.50749969482422,26.357500076293945,27.4950008392334,10671200,QLD
2020-09-03,24.290531158447266,24.592500686645508,26.649999618530273,24.082500457763672,26.587499618530273,21334400,QLD
2020-09-04,23.64604377746582,23.940000534057617,24.872499465942383,21.952499389648438,24.342500686645508,22371200,QLD
2020-09-08,21.391569137573242,21.657499313354492,23.049999237060547,21.607500076293945,22.065000534057617,14596800,QLD
2020-09-09,22.638568878173828,22.920000076293945,23.27750015258789,22.15250015258789,22.547500610351562,15787600,QLD
2020-09-10,21.71010971069336,21.979999542236328,23.639999389648438,21.712499618530273,23.440000534057617,15222800,QLD
2020-09-11,21.436019897460938,21.702499389648438,22.467500686645508,21.135000228881836,22.344999313354492,15321600,QLD
2020-09-14,22.181747436523438,22.457500457763672,22.790000915527344,22.11750030517578,22.327499389648438,10220400,QLD
2020-09-15,22.813886642456055,23.09749984741211,23.332500457763672,22.809999465942383,23.072500228881836,9455200,QLD
2020-09-16,22.060747146606445,22.334999084472656,23.3075008392334,22.3075008392334,23.212499618530273,11146800,QLD
2020-09-17,21.40391731262207,21.670000076293945,21.989999771118164,21.0674991607666,21.202499389648438,12571600,QLD
2020-09-18,20.838449478149414,21.09749984741211,21.924999237060547,20.427499771118164,21.862499237060547,16731200,QLD
2020-09-21,21.01870346069336,21.280000686645508,21.280000686645508,20.094999313354492,20.479999542236328,15192800,QLD
2020-09-22,21.771841049194336,22.042499542236328,22.142499923706055,21.110000610351562,21.670000076293945,9837200,QLD
2020-09-23,20.433483123779297,20.6875,22.022499084472656,20.559999465942383,22.0049991607666,11753600,QLD
2020-09-24,20.638431549072266,20.895000457763672,21.412500381469727,20.24250030517578,20.295000076293945,14940400,QLD
2020-09-25,21.61627769470215,21.885000228881836,21.9950008392334,20.727500915527344,20.97249984741211,9966800,QLD
2020-09-28,22.482999801635742,22.762500762939453,22.77750015258789,22.237499237060547,22.674999237060547,7680400,QLD
2020-09-29,22.280519485473633,22.5575008392334,22.857500076293945,22.475000381469727,22.702499389648438,7970800,QLD
2020-09-30,22.63115692138672,22.912500381469727,23.405000686645508,22.559999465942383,22.584999084472656,11083200,QLD
2020-10-01,23.317630767822266,23.607500076293945,23.729999542236328,23.212499618530273,23.52750015258789,10772400,QLD
2020-10-02,22.003955841064453,22.27750015258789,23.1875,22.127500534057617,22.5625,15080400,QLD
2020-10-05,22.957109451293945,23.24250030517578,23.270000457763672,22.587499618530273,22.59749984741211,8582000,QLD
2020-10-06,22.10519790649414,22.3799991607666,23.389999389648438,22.229999542236328,23.082500457763672,11046000,QLD
2020-10-07,22.915132522583008,23.200000762939453,23.292499542236328,22.74250030517578,22.827499389648438,5386400,QLD
2020-10-08,23.1225528717041,23.40999984741211,23.579999923706055,23.227500915527344,23.565000534057617,6250000,QLD
2020-10-09,23.823833465576172,24.1200008392334,24.1299991607666,23.622499465942383,23.674999237060547,8204400,QLD
2020-10-12,25.288131713867188,25.602500915527344,26.100000381469727,24.75,24.934999465942383,11895200,QLD
2020-10-13,25.270843505859375,25.584999084472656,26.045000076293945,25.362499237060547,25.93000030517578,10455200,QLD
2020-10-14,24.86834716796875,25.177499771118164,25.920000076293945,24.8700008392334,25.75749969482422,9660000,QLD
2020-10-15,24.5177059173584,24.822500228881836,24.94499969482422,24.225000381469727,24.329999923706055,9642000,QLD
2020-10-16,24.26090431213379,24.5625,25.3799991607666,24.524999618530273,25.13249969482422,10963200,QLD
2020-10-19,23.443561553955078,23.735000610351562,25.0625,23.579999923706055,24.897499084472656,9526400,QLD
2020-10-20,23.589248657226562,23.88249969482422,24.395000457763672,23.61750030517578,23.892499923706055,10346800,QLD
2020-10-21,23.52998924255371,23.822500228881836,24.34749984741211,23.737499237060547,23.895000457763672,7973200,QLD
2020-10-22,23.53739356994629,23.829999923706055,24.114999771118164,23.262500762939453,23.97249984741211,9636000,QLD
2020-10-23,23.643573760986328,23.9375,23.9375,23.420000076293945,23.9375,6109600,QLD
2020-10-26,22.8953800201416,23.18000030517578,24.0,22.575000762939453,23.5049991607666,13420000,QLD
2020-10-27,23.248485565185547,23.537500381469727,23.690000534057617,23.157499313354492,23.352500915527344,9899200,QLD
2020-10-28,21.448366165161133,21.71500015258789,22.8799991607666,21.674999237060547,22.795000076293945,16731600,QLD
2020-10-29,22.1619930267334,22.4375,22.96500015258789,21.857500076293945,21.947500228881836,11930800,QLD
2020-10-30,21.112539291381836,21.375,22.274999618530273,20.952499389648438,22.137500762939453,14191200,QLD
2020-11-02,21.171802520751953,21.434999465942383,21.982500076293945,20.950000762939453,21.700000762939453,8594800,QLD
2020-11-03,21.880489349365234,22.15250015258789,22.5,21.5674991607666,21.709999084472656,8650800,QLD
2020-11-04,23.838651657104492,24.135000228881836,24.43000030517578,23.325000762939453,23.59749984741211,12656400,QLD
2020-11-05,25.093055725097656,25.405000686645508,25.559999465942383,24.99250030517578,25.25,10176000,QLD
2020-11-06,25.135032653808594,25.447500228881836,25.552499771118164,24.610000610351562,25.262500762939453,7578400,QLD
2020-11-09,24.070764541625977,24.3700008392334,26.19499969482422,24.325000762939453,25.90250015258789,14152400,QLD
2020-11-10,23.246015548706055,23.53499984741211,24.065000534057617,23.047500610351562,23.822500228881836,11485600,QLD
2020-11-11,24.275711059570312,24.577499389648438,24.645000457763672,23.864999771118164,23.917499542236328,7230400,QLD
2020-11-12,24.046072006225586,24.344999313354492,24.957500457763672,24.139999389648438,24.709999084472656,6288800,QLD
2020-11-13,24.488075256347656,24.792499542236328,24.864999771118164,24.2450008392334,24.61750030517578,4542000,QLD
2020-11-16,24.81402587890625,25.122499465942383,25.200000762939453,24.610000610351562,24.707500457763672,5726400,QLD
2020-11-17,24.653518676757812,24.959999084472656,25.237499237060547,24.86750030517578,25.18000030517578,4220000,QLD
2020-11-18,24.305347442626953,24.607500076293945,25.170000076293945,24.602500915527344,24.885000228881836,5259600,QLD
2020-11-19,24.67327308654785,24.979999542236328,25.052499771118164,24.399999618530273,24.517499923706055,4780800,QLD
2020-11-20,24.357202529907227,24.65999984741211,25.112499237060547,24.649999618530273,24.997499465942383,3907200,QLD
2020-11-23,24.3547306060791,24.657499313354492,25.05500030517578,24.270000457763672,24.832500457763672,6552800,QLD
2020-11-24,25.051071166992188,25.362499237060547,25.434999465942383,24.530000686645508,24.84000015258789,5338800,QLD
2020-11-25,25.36467742919922,25.68000030517578,25.772499084472656,25.375,25.520000457763672,5023600,QLD
2020-11-27,25.8140926361084,26.135000228881836,26.329999923706055,25.952499389648438,25.989999771118164,3326400,QLD
2020-11-30,25.88075828552246,26.202499389648438,26.290000915527344,25.395000457763672,26.184999465942383,5148000,QLD
2020-12-01,26.619083404541016,26.950000762939453,27.200000762939453,26.447500228881836,26.627500534057617,4608000,QLD
2020-12-02,26.638839721679688,26.969999313354492,27.037500381469727,26.354999542236328,26.6825008392334,4815200,QLD
2020-12-03,26.70056915283203,27.032499313354492,27.329999923706055,26.920000076293945,27.0049991607666,5140400,QLD
2020-12-04,26.952438354492188,27.287500381469727,27.290000915527344,26.93000030517578,27.0575008392334,3401200,QLD
2020-12-07,27.236413955688477,27.575000762939453,27.637500762939453,27.270000457763672,27.299999237060547,3628000,QLD
2020-12-08,27.404321670532227,27.7450008392334,27.8125,27.15999984741211,27.489999771118164,3881600,QLD
2020-12-09,26.201772689819336,26.52750015258789,27.764999389648438,26.30500030517578,27.735000610351562,8483600,QLD
2020-12-10,26.37215805053711,26.700000762939453,26.917499542236328,25.940000534057617,26.13249969482422,7340000,QLD
2020-12-11,26.27585220336914,26.602500915527344,26.614999771118164,26.0,26.405000686645508,6267200,QLD
2020-12-14,26.619083404541016,26.950000762939453,27.332500457763672,26.78499984741211,26.78499984741211,5519200,QLD
2020-12-15,27.211711883544922,27.549999237060547,27.549999237060547,26.9950008392334,27.395000457763672,3863600,QLD
2020-12-16,27.512971878051758,27.854999542236328,28.0049991607666,27.447500228881836,27.635000228881836,5317200,QLD
2020-12-17,27.871023178100586,28.217500686645508,28.262500762939453,27.9325008392334,28.15999984741211,4388400,QLD
2020-12-18,27.678415298461914,28.022499084472656,28.389999389648438,27.607500076293945,28.352500915527344,7573200,QLD
2020-12-21,27.6068058013916,27.950000762939453,28.042499542236328,26.977500915527344,27.5,7365200,QLD
2020-12-22,27.740148544311523,28.084999084472656,28.264999389648438,27.56999969482422,28.112499237060547,6357600,QLD
2020-12-23,27.463586807250977,27.80500030517578,28.162500381469727,27.780000686645508,28.100000381469727,4632800,QLD
2020-12-24,27.703105926513672,28.047500610351562,28.127500534057617,27.850000381469727,27.857500076293945,2612400,QLD
2020-12-28,28.266109466552734,28.61750030517578,28.702499389648438,28.197500228881836,28.52750015258789,4510800,QLD
2020-12-29,28.317964553833008,28.670000076293945,28.979999542236328,28.5,28.86750030517578,4793200,QLD
2020-12-30,28.293272018432617,28.645000457763672,28.940000534057617,28.547500610351562,28.8799991607666,3214800,QLD
2020-12-31,28.424142837524414,28.77750015258789,28.885000228881836,28.452499389648438,28.65250015258789,4652000,QLD
2021-01-04,27.624094009399414,27.967500686645508,29.079999923706055,27.239999771118164,29.05500030517578,10180000,QLD
2021-01-05,28.073505401611328,28.422500610351562,28.477500915527344,27.792499542236328,27.799999237060547,8942800,QLD
2021-01-06,27.32036590576172,27.65999984741211,28.44499969482422,27.3700008392334,27.572500228881836,9966000,QLD
2021-01-07,28.653785705566406,29.010000228881836,29.142499923706055,28.145000457763672,28.145000457763672,6424400,QLD
2021-01-08,29.37482452392578,29.739999771118164,29.795000076293945,29.010000228881836,29.424999237060547,9081200,QLD
2021-01-11,28.500694274902344,28.854999542236328,29.385000228881836,28.739999771118164,29.15999984741211,8142800,QLD
2021-01-12,28.43155288696289,28.78499984741211,29.082500457763672,28.282499313354492,28.885000228881836,6837200,QLD
2021-01-13,28.799476623535156,29.157499313354492,29.309999465942383,28.719999313354492,28.829999923706055,4868400,QLD
2021-01-14,28.483407974243164,28.837499618530273,29.4325008392334,28.764999389648438,29.237499237060547,5456400,QLD
2021-01-15,28.04140281677246,28.389999389648438,28.987499237060547,28.177499771118164,28.8174991607666,5389200,QLD
2021-01-19,28.8710880279541,29.229999542236328,29.3075008392334,28.625,28.822500228881836,6685200,QLD
2021-01-20,30.192167282104492,30.5674991607666,30.75,29.832500457763672,29.887500762939453,5584400,QLD
2021-01-21,30.70083999633789,31.082500457763672,31.202499389648438,30.56999969482422,30.764999389648438,6775200,QLD
2021-01-22,30.50823402404785,30.887500762939453,31.079999923706055,30.75,30.887500762939453,5576800,QLD
2021-01-25,31.049013137817383,31.434999465942383,31.802499771118164,30.125,31.547500610351562,14268400,QLD
2021-01-26,31.093463897705078,31.479999542236328,31.704999923706055,31.227500915527344,31.540000915527344,9333200,QLD
2021-01-27,29.419275283813477,29.78499984741211,31.032499313354492,29.337499618530273,31.030000686645508,12130800,QLD
2021-01-28,29.713119506835938,30.082500457763672,31.017499923706055,29.842500686645508,29.94499969482422,9271200,QLD
2021-01-29,28.488346099853516,28.842500686645508,29.954999923706055,28.467500686645508,29.739999771118164,11287200,QLD
2021-02-01,29.88844108581543,30.260000228881836,30.4325008392334,29.107500076293945,29.469999313354492,9096400,QLD
2021-02-02,30.868755340576172,31.252500534057617,31.450000762939453,30.787500381469727,30.825000762939453,6991600,QLD
2021-02-03,30.60207176208496,30.982500076293945,31.704999923706055,30.97249984741211,31.625,7540400,QLD
2021-02-04,31.332984924316406,31.72249984741211,31.725000381469727,30.9950008392334,31.267499923706055,4824400,QLD
2021-02-05,31.552749633789062,31.94499969482422,32.125,31.582500457763672,31.912500381469727,7433200,QLD
2021-02-08,31.94784164428711,32.345001220703125,32.380001068115234,31.947500228881836,32.26499938964844,5049200,QLD
2021-02-09,31.93796157836914,32.334999084472656,32.587501525878906,32.16749954223633,32.16749954223633,3492400,QLD
2021-02-10,31.782398223876953,32.1775016784668,32.70000076293945,31.552499771118164,32.60749816894531,5258800,QLD
2021-02-11,32.13550567626953,32.53499984741211,32.61750030517578,32.064998626708984,32.5,4302000,QLD
2021-02-12,32.491092681884766,32.89500045776367,32.932498931884766,32.165000915527344,32.377498626708984,3381600,QLD
2021-02-16,32.32316589355469,32.724998474121094,33.2400016784668,32.48749923706055,33.05500030517578,4618800,QLD
2021-02-17,32.00957107543945,32.407501220703125,32.45750045776367,31.670000076293945,32.122501373291016,6291600,QLD
2021-02-18,31.718196868896484,32.11249923706055,32.25749969482422,31.327499389648438,31.684999465942383,5330400,QLD
2021-02-19,31.451509475708008,31.842500686645508,32.404998779296875,31.647499084472656,32.38750076293945,4489600,QLD
2021-02-22,29.821767807006836,30.1924991607666,31.217500686645508,30.15999984741211,30.96500015258789,8728800,QLD
2021-02-23,29.63656997680664,30.0049991607666,30.327499389648438,28.052499771118164,29.15999984741211,17403200,QLD
2021-02-24,30.120559692382812,30.4950008392334,30.5625,28.97249984741211,29.489999771118164,9657200,QLD
2021-02-25,27.987075805664062,28.334999084472656,30.47249984741211,28.06999969482422,29.969999313354492,16296800,QLD
2021-02-26,28.283395767211914,28.635000228881836,29.5049991607666,28.022499084472656,28.912500381469727,19246400,QLD
2021-03-01,29.95511245727539,30.327499389648438,30.387500762939453,29.295000076293945,29.5575008392334,8928000,QLD
2021-03-02,28.984676361083984,29.344999313354492,30.459999084472656,29.30500030517578,30.44499969482422,7660000,QLD
2021-03-03,27.315427780151367,27.655000686645508,29.3174991607666,27.635000228881836,29.142499923706055,11431200,QLD
2021-03-04,26.399314880371094,26.727500915527344,28.155000686645508,26.022499084472656,27.5625,26453600,QLD
2021-03-05,27.20924949645996,27.547500610351562,27.697500228881836,25.600000381469727,27.21500015258789,17203600,QLD
2021-03-08,25.660993576049805,25.979999542236328,27.780000686645508,25.90250015258789,27.434999465942383,11614000,QLD
2021-03-09,27.690757751464844,28.03499984741211,28.362499237060547,27.1875,27.272499084472656,8753600,QLD
2021-03-10,27.52531623840332,27.86750030517578,28.924999237060547,27.74250030517578,28.8174991607666,14217200,QLD
2021-03-11,28.80194664001465,29.15999984741211,29.46500015258789,28.572500228881836,28.7450008392334,8259600,QLD
2021-03-12,28.3204345703125,28.672500610351562,28.69499969482422,27.934999465942383,28.3700008392334,9356400,QLD
2021-03-15,28.932825088500977,29.292499542236328,29.3125,28.422500610351562,28.725000381469727,5027200,QLD
2021-03-16,29.2488956451416,29.612499237060547,30.262500762939453,29.329999923706055,29.690000534057617,7150400,QLD
2021-03-17,29.48100471496582,29.84749984741211,30.202499389648438,28.69499969482422,29.022499084472656,8042000,QLD
2021-03-18,27.66360092163086,28.00749969482422,29.09000015258789,27.93000030517578,28.912500381469727,12377600,QLD
2021-03-19,27.91299819946289,28.260000228881836,28.49250030517578,27.584999084472656,27.987499237060547,9916800,QLD
2021-03-22,28.915536880493164,29.274999618530273,29.637500762939453,28.63249969482422,28.63249969482422,8472000,QLD
2021-03-23,28.61674690246582,28.97249984741211,29.712499618530273,28.854999542236328,29.454999923706055,9600400,QLD
2021-03-24,27.668540954589844,28.012500762939453,29.272499084472656,28.00749969482422,29.272499084472656,8714800,QLD
2021-03-25,27.589521408081055,27.9325008392334,28.202499389648438,27.219999313354492,27.677499771118164,10858000,QLD
2021-03-26,28.41179656982422,28.764999389648438,28.81999969482422,27.637500762939453,27.887500762939453,8796400,QLD
2021-03-29,28.387102127075195,28.739999771118164,28.940000534057617,28.122499465942383,28.667499542236328,8086400,QLD
2021-03-30,28.110544204711914,28.459999084472656,28.5625,27.950000762939453,28.3799991607666,6412400,QLD
2021-03-31,28.93775749206543,29.297500610351562,29.607500076293945,28.72249984741211,28.790000915527344,6393600,QLD
2021-04-01,29.952640533447266,30.325000762939453,30.34749984741211,30.0049991607666,30.0575008392334,6406000,QLD
2021-04-05,31.152727127075195,31.540000915527344,31.674999237060547,30.752500534057617,30.802499771118164,7248400,QLD
2021-04-06,31.086050033569336,31.47249984741211,31.862499237060547,31.350000381469727,31.46500015258789,5124000,QLD
2021-04-07,31.239151000976562,31.627500534057617,31.792499542236328,31.212499618530273,31.397499084472656,4508400,QLD
2021-04-08,31.895977020263672,32.29249954223633,32.32749938964844,32.03499984741211,32.20249938964844,3505600,QLD
2021-04-09,32.2861328125,32.6875,32.71500015258789,31.889999389648438,32.022499084472656,5977600,QLD
2021-04-12,32.192298889160156,32.592498779296875,32.68000030517578,32.220001220703125,32.47249984741211,3947200,QLD
2021-04-13,32.94297409057617,33.352500915527344,33.442501068115234,32.8650016784668,32.89500045776367,4570000,QLD
2021-04-14,32.15031814575195,32.54999923706055,33.404998779296875,32.38750076293945,33.404998779296875,5747600,QLD
2021-04-15,33.115821838378906,33.52750015258789,33.60499954223633,33.099998474121094,33.119998931884766,6026800,QLD
2021-04-16,33.2047233581543,33.61750030517578,33.65250015258789,33.24250030517578,33.63750076293945,4457600,QLD
2021-04-19,32.59233093261719,32.997501373291016,33.52750015258789,32.61000061035156,33.30500030517578,6363600,QLD
2021-04-20,32.09599304199219,32.494998931884766,33.125,32.1150016784668,32.852500915527344,6347600,QLD
2021-04-21,32.66393280029297,33.06999969482422,33.10499954223633,32.05500030517578,32.26250076293945,5561200,QLD
2021-04-22,31.878698348999023,32.275001525878906,33.1875,32.040000915527344,32.98249816894531,7203600,QLD
2021-04-23,32.67875671386719,33.084999084472656,33.337501525878906,32.397499084472656,32.397499084472656,4764400,QLD
2021-04-26,33.10100555419922,33.51250076293945,33.557498931884766,32.98249816894531,33.13249969482422,4052800,QLD
2021-04-27,32.797279357910156,33.20500183105469,33.595001220703125,33.022499084472656,33.560001373291016,4010800,QLD
2021-04-28,32.53799819946289,32.942501068115234,33.352500915527344,32.8650016784668,33.15250015258789,5616400,QLD
2021-04-29,32.80962371826172,33.217498779296875,33.724998474121094,32.584999084472656,33.63750076293945,6563200,QLD
2021-04-30,32.36515808105469,32.76750183105469,33.224998474121094,32.61249923706055,32.727500915527344,4820000,QLD
2021-05-03,32.034271240234375,32.432498931884766,33.16749954223633,32.349998474121094,33.02000045776367,5927200,QLD
2021-05-04,30.876161575317383,31.260000228881836,31.982500076293945,30.5049991607666,31.920000076293945,9809600,QLD
2021-05-05,30.653926849365234,31.03499984741211,31.827499389648438,30.907499313354492,31.662500381469727,6844000,QLD
2021-05-06,31.132972717285156,31.520000457763672,31.547500610351562,30.5674991607666,31.0049991607666,7207200,QLD
2021-05-07,31.621891021728516,32.01499938964844,32.497501373291016,31.8174991607666,32.057498931884766,5674800,QLD
2021-05-10,30.014375686645508,30.387500762939453,31.78499984741211,30.375,31.7549991607666,8011200,QLD
2021-05-11,29.95758056640625,30.329999923706055,30.475000381469727,29.149999618530273,29.264999389648438,8990000,QLD
2021-05-12,28.4068603515625,28.760000228881836,29.815000534057617,28.594999313354492,29.36750030517578,9091200,QLD
2021-05-13,28.846397399902344,29.204999923706055,29.747499465942383,28.752500534057617,29.302499771118164,9386800,QLD
2021-05-14,30.10573959350586,30.479999542236328,30.657499313354492,29.697500228881836,29.802499771118164,8473200,QLD
2021-05-17,29.74275016784668,30.112499237060547,30.280000686645508,29.5674991607666,30.139999389648438,6804800,QLD
2021-05-18,29.332847595214844,29.697500228881836,30.522499084472656,29.657499313354492,30.299999237060547,6408800,QLD
2021-05-19,29.401987075805664,29.767499923706055,29.827499389648438,28.614999771118164,28.68000030517578,13063200,QLD
2021-05-20,30.54033851623535,30.920000076293945,31.084999084472656,30.017499923706055,30.047500610351562,9842800,QLD
2021-05-21,30.19463539123535,30.56999969482422,31.299999237060547,30.5049991607666,31.225000381469727,10658400,QLD
2021-05-24,31.219392776489258,31.607500076293945,31.81999969482422,30.947500228881836,31.022499084472656,6468000,QLD
2021-05-25,31.30088233947754,31.690000534057617,32.040000915527344,31.459999084472656,31.905000686645508,5461600,QLD
2021-05-26,31.508302688598633,31.899999618530273,32.0,31.684999465942383,31.825000762939453,4153200,QLD
2021-05-27,31.2811279296875,31.670000076293945,31.985000610351562,31.639999389648438,31.815000534057617,3494400,QLD
2021-05-28,31.4539794921875,31.844999313354492,32.18000030517578,31.809999465942383,31.905000686645508,5952400,QLD
2021-06-01,31.261371612548828,31.649999618530273,32.220001220703125,31.395000457763672,32.130001068115234,4544400,QLD
2021-06-02,31.379898071289062,31.770000457763672,31.934999465942383,31.434999465942383,31.735000610351562,3727800,QLD
2021-06-03,30.70330810546875,31.084999084472656,31.46500015258789,30.78499984741211,31.209999084472656,4663800,QLD
2021-06-04,31.78487205505371,32.18000030517578,32.25,31.440000534057617,31.459999084472656,6406800,QLD
2021-06-07,31.94784164428711,32.345001220703125,32.3650016784668,31.924999237060547,32.03499984741211,4148600,QLD
2021-06-08,31.972532272338867,32.369998931884766,32.869998931884766,32.05500030517578,32.70500183105469,4288400,QLD
2021-06-09,32.002166748046875,32.400001525878906,32.810001373291016,32.3650016784668,32.65999984741211,3653000,QLD
2021-06-10,32.673824310302734,33.08000183105469,33.095001220703125,32.38999938964844,32.470001220703125,3531600,QLD
2021-06-11,32.831851959228516,33.2400016784668,33.244998931884766,32.94499969482422,33.07500076293945,2649600,QLD
2021-06-14,33.45905303955078,33.875,33.880001068115234,33.099998474121094,33.334999084472656,3428600,QLD
2021-06-15,33.01457595825195,33.42499923706055,33.875,33.29499816894531,33.80500030517578,3032000,QLD
2021-06-16,32.777530670166016,33.185001373291016,33.7400016784668,32.494998931884766,33.525001525878906,6306400,QLD
2021-06-17,33.60721206665039,34.025001525878906,34.22999954223633,32.974998474121094,32.98500061035156,5353800,QLD
2021-06-18,33.08371353149414,33.494998931884766,33.93000030517578,33.345001220703125,33.70500183105469,5902200,QLD
2021-06-21,33.48374938964844,33.900001525878906,33.970001220703125,33.084999084472656,33.53499984741211,7340200,QLD
2021-06-22,34.11094284057617,34.53499984741211,34.630001068115234,33.80500030517578,33.869998931884766,3735800,QLD
2021-06-23,34.13564682006836,34.560001373291016,34.80500030517578,34.40999984741211,34.529998779296875,4704800,QLD
2021-06-24,34.56036376953125,34.9900016784668,35.310001373291016,34.86000061035156,34.97999954223633,3644800,QLD
2021-06-25,34.48628234863281,34.915000915527344,35.165000915527344,34.790000915527344,35.11000061035156,3307400,QLD
2021-06-28,35.31596755981445,35.755001068115234,35.78499984741211,35.165000915527344,35.20000076293945,2578400,QLD
2021-06-29,35.567832946777344,36.0099983215332,36.02000045776367,35.55500030517578,35.71500015258789,2170400,QLD
2021-06-30,35.46413040161133,35.904998779296875,36.060001373291016,35.779998779296875,35.97999954223633,2516400,QLD
2021-07-01,35.48881912231445,35.93000030517578,36.025001525878906,35.54999923706055,35.81999969482422,3110000,QLD
2021-07-02,36.28887939453125,36.7400016784668,36.810001373291016,36.279998779296875,36.31999969482422,2966600,QLD
2021-07-06,36.59506607055664,37.04999923706055,37.119998931884766,36.30500030517578,36.8650016784668,2962400,QLD
2021-07-07,36.72346878051758,37.18000030517578,37.58000183105469,36.810001373291016,37.52000045776367,3650200,QLD
2021-07-08,36.32838439941406,36.779998779296875,36.94499969482422,35.8650016784668,36.1349983215332,6300600,QLD
2021-07-09,36.767921447753906,37.224998474121094,37.32500076293945,36.52000045776367,36.63999938964844,3614200,QLD
2021-07-12,37.0494270324707,37.5099983215332,37.61000061035156,37.18000030517578,37.51499938964844,3513200,QLD
2021-07-13,37.034603118896484,37.494998931884766,38.14500045776367,37.33000183105469,37.435001373291016,5558200,QLD
2021-07-14,37.16301345825195,37.625,38.13999938964844,37.470001220703125,38.01499938964844,4879000,QLD
2021-07-15,36.63951873779297,37.095001220703125,37.650001525878906,36.685001373291016,37.619998931884766,5503400,QLD
2021-07-16,36.05182647705078,36.5,37.494998931884766,36.435001373291016,37.29999923706055,4855200,QLD
2021-07-19,35.459190368652344,35.900001525878906,36.0099983215332,35.3650016784668,35.76499938964844,13662600,QLD
2021-07-20,36.28392791748047,36.73500061035156,37.040000915527344,35.75,36.11000061035156,7660800,QLD
2021-07-21,36.81730270385742,37.275001525878906,37.29999923706055,36.599998474121094,36.654998779296875,4796800,QLD
2021-07-22,37.33091354370117,37.79499816894531,37.79499816894531,37.35499954223633,37.35499954223633,4153800,QLD
2021-07-23,38.18035888671875,38.654998779296875,38.72999954223633,37.814998626708984,38.084999084472656,4845600,QLD
2021-07-26,38.264312744140625,38.7400016784668,38.81999969482422,38.34000015258789,38.529998779296875,4782000,QLD
2021-07-27,37.42475509643555,37.88999938964844,38.685001373291016,36.97999954223633,38.67499923706055,8540200,QLD
2021-07-28,37.69144058227539,38.15999984741211,38.505001068115234,37.63999938964844,38.119998931884766,6524600,QLD
2021-07-29,37.83959197998047,38.310001373291016,38.54999923706055,38.04999923706055,38.060001373291016,3819200,QLD
2021-07-30,37.434627532958984,37.900001525878906,38.02000045776367,37.439998626708984,37.459999084472656,4870600,QLD
2021-08-02,37.429691314697266,37.89500045776367,38.375,37.779998779296875,38.255001068115234,9445200,QLD
2021-08-03,37.88404083251953,38.35499954223633,38.375,37.36000061035156,38.060001373291016,5711400,QLD
2021-08-04,38.00751495361328,38.47999954223633,38.67499923706055,38.119998931884766,38.349998474121094,3463000,QLD
2021-08-05,38.486549377441406,38.96500015258789,39.0,38.494998931884766,38.63999938964844,3099200,QLD
2021-08-06,38.13591003417969,38.61000061035156,38.8849983215332,38.375,38.67499923706055,3444800,QLD
2021-08-09,38.27418899536133,38.75,38.8650016784668,38.474998474121094,38.709999084472656,2604800,QLD
2021-08-10,37.88898468017578,38.36000061035156,38.91999816894531,38.095001220703125,38.85499954223633,3344000,QLD
2021-08-11,37.76551818847656,38.23500061035156,38.72999954223633,37.93000030517578,38.625,2856600,QLD
2021-08-12,38.03219985961914,38.505001068115234,38.56999969482422,37.82500076293945,38.10499954223633,2949200,QLD
2021-08-13,38.279136657714844,38.755001068115234,38.83000183105469,38.474998474121094,38.56999969482422,2254400,QLD
2021-08-16,38.30876541137695,38.78499984741211,38.79999923706055,37.685001373291016,38.51499938964844,4969200,QLD
2021-08-17,37.63711166381836,38.10499954223633,38.404998779296875,37.584999084472656,38.19499969482422,4737200,QLD
2021-08-18,36.90620422363281,37.3650016784668,38.290000915527344,37.29999923706055,38.0,4988200,QLD
2021-08-19,37.27164840698242,37.73500061035156,38.084999084472656,36.900001525878906,36.95000076293945,10185200,QLD
2021-08-20,38.04701614379883,38.52000045776367,38.59000015258789,37.89500045776367,37.939998626708984,5549600,QLD
2021-08-23,39.17301559448242,39.65999984741211,39.810001373291016,38.73500061035156,38.73500061035156,3810000,QLD
2021-08-24,39.415008544921875,39.904998779296875,40.03499984741211,39.685001373291016,39.79999923706055,2759000,QLD
2021-08-25,39.45946502685547,39.95000076293945,40.119998931884766,39.79499816894531,39.96500015258789,3226400,QLD
2021-08-26,39.000160217285156,39.48500061035156,39.95500183105469,39.400001525878906,39.814998626708984,3864400,QLD
2021-08-27,39.76565933227539,40.2599983215332,40.345001220703125,39.52000045776367,39.625,3742200,QLD
2021-08-30,40.65953826904297,41.165000915527344,41.255001068115234,40.415000915527344,40.415000915527344,3975800,QLD
2021-08-31,40.575584411621094,41.08000183105469,41.20500183105469,40.7400016784668,41.20500183105469,3753200,QLD
2021-09-01,40.71879577636719,41.224998474121094,41.67499923706055,41.17499923706055,41.31999969482422,3672200,QLD
2021-09-02,40.66941833496094,41.17499923706055,41.584999084472656,40.904998779296875,41.51499938964844,3180400,QLD
2021-09-03,40.92622375488281,41.435001373291016,41.51499938964844,40.90999984741211,40.90999984741211,2811800,QLD
2021-09-07,41.025001525878906,41.53499984741211,41.685001373291016,41.189998626708984,41.439998626708984,3041800,QLD
2021-09-08,40.758304595947266,41.26499938964844,41.5,40.744998931884766,41.5,4814600,QLD
2021-09-09,40.43730163574219,40.939998626708984,41.540000915527344,40.90999984741211,41.290000915527344,3812200,QLD
2021-09-10,39.83479690551758,40.33000183105469,41.4900016784668,40.26499938964844,41.375,5649800,QLD
2021-09-13,39.78046798706055,40.275001525878906,40.939998626708984,39.82500076293945,40.845001220703125,6193600,QLD
2021-09-14,39.54835510253906,40.040000915527344,40.76499938964844,39.84000015258789,40.599998474121094,5696600,QLD
2021-09-15,40.13111114501953,40.630001068115234,40.720001220703125,39.64500045776367,40.154998779296875,3364000,QLD
2021-09-16,40.2051887512207,40.70500183105469,40.81999969482422,39.92499923706055,40.36000061035156,3707200,QLD
2021-09-17,39.252044677734375,39.7400016784668,40.599998474121094,39.5,40.599998474121094,5933400,QLD
2021-09-20,37.61735916137695,38.084999084472656,38.84000015258789,37.06999969482422,38.45000076293945,14432400,QLD
2021-09-21,37.69144058227539,38.15999984741211,38.724998474121094,37.939998626708984,38.470001220703125,7007000,QLD
2021-09-22,38.412471771240234,38.88999938964844,39.20000076293945,38.14500045776367,38.380001068115234,6998800,QLD
2021-09-23,39.1137580871582,39.599998474121094,39.83000183105469,38.994998931884766,39.125,6841200,QLD
2021-09-24,39.177955627441406,39.665000915527344,39.77000045776367,39.040000915527344,39.099998474121094,3990600,QLD
2021-09-27,38.57051086425781,39.04999923706055,39.22999954223633,38.48500061035156,39.0,6146800,QLD
2021-09-28,36.367897033691406,36.81999969482422,38.19499969482422,36.724998474121094,38.060001373291016,12348400,QLD
2021-09-29,36.278995513916016,36.72999954223633,37.540000915527344,36.58000183105469,37.10499954223633,7409000,QLD
2021-09-30,35.938232421875,36.3849983215332,37.400001525878906,36.3650016784668,37.060001373291016,8754400,QLD
2021-10-01,36.422218322753906,36.875,37.095001220703125,35.70500183105469,36.54499816894531,9564600,QLD
2021-10-04,34.911006927490234,35.345001220703125,36.61000061035156,34.8650016784668,36.53499984741211,12422000,QLD
2021-10-05,35.844398498535156,36.290000915527344,36.744998931884766,35.51499938964844,35.53499984741211,8216200,QLD
2021-10-06,36.2938117980957,36.744998931884766,36.80500030517578,35.42499923706055,35.6150016784668,8508200,QLD
2021-10-07,36.96052551269531,37.41999816894531,37.970001220703125,37.28499984741211,37.380001068115234,5256200,QLD
2021-10-08,36.58518600463867,37.040000915527344,37.689998626708984,36.935001373291016,37.654998779296875,4585000,QLD
2021-10-11,36.027122497558594,36.474998474121094,37.45500183105469,36.45500183105469,36.72999954223633,4333000,QLD
2021-10-12,35.78512954711914,36.22999954223633,36.86000061035156,36.084999084472656,36.779998779296875,4932400,QLD
2021-10-13,36.34813690185547,36.79999923706055,36.93000030517578,36.28499984741211,36.689998626708984,4573400,QLD
2021-10-14,37.68156433105469,38.150001525878906,38.19499969482422,37.415000915527344,37.54999923706055,5528000,QLD
2021-10-15,38.15567398071289,38.630001068115234,38.650001525878906,38.19499969482422,38.40999984741211,3799000,QLD
2021-10-18,38.92609405517578,39.40999984741211,39.44499969482422,38.22999954223633,38.35499954223633,4577800,QLD
2021-10-19,39.4940299987793,39.98500061035156,40.0099983215332,39.494998931884766,39.63999938964844,3963600,QLD
2021-10-20,39.40019989013672,39.88999938964844,40.224998474121094,39.56999969482422,40.10499954223633,3802200,QLD
2021-10-21,39.88418960571289,40.380001068115234,40.415000915527344,39.64500045776367,39.720001220703125,3066600,QLD
2021-10-22,39.20264434814453,39.689998626708984,40.30500030517578,39.33000183105469,40.095001220703125,4902400,QLD
2021-10-25,40.002708435058594,40.5,40.70500183105469,39.584999084472656,40.005001068115234,4804600,QLD
2021-10-26,40.22494125366211,40.724998474121094,41.529998779296875,40.505001068115234,41.0,5430600,QLD
2021-10-27,40.43236541748047,40.935001373291016,41.619998931884766,40.80500030517578,40.8650016784668,3991600,QLD
2021-10-28,41.34600830078125,41.86000061035156,41.904998779296875,41.20500183105469,41.3650016784668,3595800,QLD
2021-10-29,41.75096893310547,42.27000045776367,42.29999923706055,41.084999084472656,41.15999984741211,4382400,QLD
2021-11-01,42.032474517822266,42.55500030517578,42.56999969482422,41.89500045776367,42.369998931884766,4304600,QLD
2021-11-02,42.3880615234375,42.915000915527344,43.01499938964844,42.404998779296875,42.40999984741211,3240400,QLD
2021-11-03,43.28193664550781,43.81999969482422,43.904998779296875,42.779998779296875,43.005001068115234,4803400,QLD
2021-11-04,44.37831115722656,44.93000030517578,45.154998779296875,43.974998474121094,44.10499954223633,5058800,QLD
2021-11-05,44.46720504760742,45.02000045776367,45.564998626708984,44.70000076293945,45.345001220703125,5388000,QLD
2021-11-08,44.34868240356445,44.900001525878906,45.244998931884766,44.744998931884766,45.0099983215332,3865800,QLD
2021-11-09,43.72148132324219,44.26499938964844,45.224998474121094,43.959999084472656,45.150001525878906,5863000,QLD
2021-11-10,42.44731521606445,42.974998474121094,44.275001525878906,42.529998779296875,43.619998931884766,7582200,QLD
2021-11-11,42.68437194824219,43.21500015258789,43.685001373291016,43.125,43.650001525878906,4129000,QLD
2021-11-12,43.578250885009766,44.119998931884766,44.23500061035156,43.10499954223633,43.459999084472656,3584400,QLD
2021-11-15,43.563438415527344,44.10499954223633,44.45500183105469,43.529998779296875,44.3849983215332,4993600,QLD
2021-11-16,44.17582321166992,44.724998474121094,44.83000183105469,43.900001525878906,43.93000030517578,5156400,QLD
2021-11-17,44.215335845947266,44.76499938964844,45.22999954223633,44.55500030517578,44.79499816894531,3583800,QLD
2021-11-18,45.12404251098633,45.685001373291016,45.79999923706055,44.720001220703125,45.23500061035156,6605000,QLD
2021-11-19,45.62283706665039,46.189998626708984,46.4900016784668,45.869998931884766,46.064998626708984,4075600,QLD
2021-11-22,44.58079147338867,45.1349983215332,47.27000045776367,45.099998474121094,46.55500030517578,8661600,QLD
2021-11-23,44.161014556884766,44.709999084472656,45.32500076293945,43.68000030517578,44.85499954223633,8533200,QLD
2021-11-24,44.472145080566406,45.025001525878906,45.04999923706055,43.595001220703125,44.130001068115234,5404800,QLD
2021-11-26,42.694244384765625,43.224998474121094,44.69499969482422,42.970001220703125,44.369998931884766,9370400,QLD
2021-11-29,44.590667724609375,45.14500045776367,45.369998931884766,44.15999984741211,44.31999969482422,6771400,QLD
2021-11-30,43.26712417602539,43.80500030517578,45.48500061035156,43.36000061035156,44.935001373291016,13698400,QLD
2021-12-01,41.800357818603516,42.31999969482422,45.29999923706055,42.2400016784668,44.82500076293945,10846200,QLD
2021-12-02,42.41767883300781,42.94499969482422,43.32500076293945,41.720001220703125,42.04999923706055,12959800,QLD
2021-12-03,40.94104766845703,41.45000076293945,43.45500183105469,40.5099983215332,43.220001220703125,13186200,QLD
2021-12-06,41.61269760131836,42.130001068115234,42.404998779296875,40.619998931884766,41.54499816894531,9277400,QLD
2021-12-07,44.1165657043457,44.665000915527344,44.77000045776367,43.57500076293945,43.57500076293945,8152800,QLD
2021-12-08,44.486961364746094,45.040000915527344,45.07500076293945,44.275001525878906,44.709999084472656,6692400,QLD
2021-12-09,43.17329788208008,43.709999084472656,45.165000915527344,43.65999984741211,44.7599983215332,7616200,QLD
2021-12-10,44.106685638427734,44.654998779296875,44.70500183105469,43.625,44.34000015258789,6575600,QLD
2021-12-13,42.82759094238281,43.36000061035156,44.70500183105469,43.279998779296875,44.64500045776367,6913800,QLD
2021-12-14,41.96828079223633,42.4900016784668,42.875,41.47999954223633,42.244998931884766,9612800,QLD
2021-12-15,43.84494400024414,44.38999938964844,44.46500015258789,41.5099983215332,42.39500045776367,11968200,QLD
2021-12-16,41.60280990600586,42.119998931884766,44.70500183105469,41.7400016784668,44.619998931884766,12277000,QLD
2021-12-17,41.178096771240234,41.689998626708984,42.61000061035156,40.994998931884766,41.31999969482422,13475200,QLD
2021-12-20,40.34840774536133,40.849998474121094,41.03499984741211,40.165000915527344,40.60499954223633,11559800,QLD
2021-12-21,42.15593719482422,42.68000030517578,42.7599983215332,40.7599983215332,41.58000183105469,8665800,QLD
2021-12-22,43.19304275512695,43.72999954223633,43.76499938964844,42.474998474121094,42.6150016784668,7392600,QLD
2021-12-23,43.85481643676758,44.400001525878906,44.724998474121094,43.77000045776367,43.79999923706055,7158600,QLD
2021-12-27,45.26231384277344,45.82500076293945,45.834999084472656,44.66999816894531,44.70000076293945,7256800,QLD
2021-12-28,44.89192581176758,45.45000076293945,46.125,45.220001220703125,46.04999923706055,8987400,QLD
2021-12-29,44.852413177490234,45.40999984741211,45.7400016784668,44.85499954223633,45.459999084472656,6671800,QLD
2021-12-30,44.54128646850586,45.095001220703125,45.85499954223633,44.994998931884766,45.35499954223633,5771200,QLD
2021-12-31,43.963462829589844,44.5099983215332,45.275001525878906,44.45500183105469,44.96500015258789,10505200,QLD
2022-01-03,44.87710952758789,45.435001373291016,45.47999954223633,44.345001220703125,44.82500076293945,12321800,QLD
2022-01-04,43.70170974731445,44.244998931884766,45.54999923706055,43.51499938964844,45.540000915527344,12080400,QLD
2022-01-05,40.98549270629883,41.494998931884766,44.10499954223633,41.470001220703125,43.849998474121094,19416000,QLD
2022-01-06,40.95586013793945,41.46500015258789,42.17499923706055,40.61000061035156,41.095001220703125,21080800,QLD
2022-01-07,40.052085876464844,40.54999923706055,41.82500076293945,40.165000915527344,41.44499969482422,14856400,QLD
2022-01-10,40.14593505859375,40.64500045776367,40.71500015258789,38.30500030517578,39.48500061035156,26443400,QLD
2022-01-11,41.326255798339844,41.84000015258789,41.849998474121094,39.97999954223633,40.42499923706055,21613000,QLD
2022-01-12,41.65220260620117,42.16999816894531,42.755001068115234,41.64500045776367,42.415000915527344,16403600,QLD
2022-01-13,39.54341506958008,40.03499984741211,42.60499954223633,39.834999084472656,42.439998626708984,21576200,QLD
2022-01-14,40.04221725463867,40.540000915527344,40.599998474121094,39.459999084472656,39.48500061035156,23671400,QLD
2022-01-18,38.0766487121582,38.54999923706055,39.71500015258789,38.345001220703125,39.25,19022800,QLD
2022-01-19,37.197574615478516,37.65999984741211,39.3650016784668,37.61000061035156,38.81999969482422,21533600,QLD
2022-01-20,36.21479034423828,36.665000915527344,39.17499923706055,36.564998626708984,38.32500076293945,18105000,QLD
2022-01-21,34.175148010253906,34.599998474121094,36.76499938964844,34.584999084472656,36.224998474121094,30147800,QLD
2022-01-24,34.589988708496094,35.02000045776367,35.09000015258789,31.184999465942383,33.5099983215332,40041000,QLD
2022-01-25,32.861488342285156,33.27000045776367,34.505001068115234,32.654998779296875,33.6150016784668,45231000,QLD
2022-01-26,32.915809631347656,33.32500076293945,35.595001220703125,32.4900016784668,34.82500076293945,26151200,QLD
2022-01-27,32.15031814575195,32.54999923706055,34.51499938964844,32.349998474121094,34.15999984741211,31453800,QLD
2022-01-28,34.209716796875,34.6349983215332,34.6349983215332,31.954999923706055,32.91999816894531,34542600,QLD
2022-01-31,36.4024543762207,36.85499954223633,36.91999816894531,34.540000915527344,34.85499954223633,15154800,QLD
2022-02-01,36.83706283569336,37.29499816894531,37.435001373291016,36.0,37.06999969482422,14213600,QLD
2022-02-02,37.45438766479492,37.91999816894531,38.224998474121094,37.04499816894531,38.185001373291016,14866600,QLD
2022-02-03,34.382572174072266,34.810001373291016,36.540000915527344,34.60499954223633,35.845001220703125,20256200,QLD
2022-02-04,35.26165008544922,35.70000076293945,36.36000061035156,34.5099983215332,34.92499923706055,12168600,QLD
2022-02-07,34.70852279663086,35.13999938964844,36.29499816894531,34.8650016784668,35.790000915527344,13006400,QLD
2022-02-08,35.48881912231445,35.93000030517578,36.125,34.65999984741211,34.88999938964844,10682800,QLD
2022-02-09,36.995094299316406,37.45500183105469,37.45500183105469,36.5099983215332,36.814998626708984,10437000,QLD
2022-02-10,35.3110237121582,35.75,37.369998931884766,35.345001220703125,35.939998626708984,20919000,QLD
2022-02-11,33.08371353149414,33.494998931884766,36.04999923706055,33.209999084472656,35.72999954223633,20967000,QLD
2022-02-14,33.172611236572266,33.584999084472656,34.209999084472656,32.845001220703125,33.334999084472656,21453600,QLD
2022-02-15,34.79741668701172,35.22999954223633,35.25,34.380001068115234,34.59000015258789,12314800,QLD
2022-02-16,34.762847900390625,35.19499969482422,35.38999938964844,34.130001068115234,34.75,13161000,QLD
2022-02-17,32.69850540161133,33.10499954223633,34.66999816894531,33.0099983215332,34.51499938964844,12042400,QLD
2022-02-18,31.942901611328125,32.34000015258789,33.345001220703125,31.889999389648438,33.2599983215332,17350400,QLD
2022-02-22,31.295944213867188,31.684999465942383,32.810001373291016,30.985000610351562,31.7549991607666,18384000,QLD
2022-02-23,29.705713272094727,30.075000762939453,32.44499969482422,30.0049991607666,32.28499984741211,20689000,QLD
2022-02-24,31.695972442626953,32.09000015258789,32.15999984741211,28.059999465942383,28.1200008392334,31324600,QLD
2022-02-25,32.673824310302734,33.08000183105469,33.099998474121094,31.485000610351562,32.224998474121094,17812000,QLD
2022-02-28,32.92567443847656,33.334999084472656,33.59000015258789,32.220001220703125,32.44499969482422,15971200,QLD
2022-03-01,31.844125747680664,32.2400016784668,33.505001068115234,31.764999389648438,33.060001373291016,15366600,QLD
2022-03-02,32.89111328125,33.29999923706055,33.560001373291016,32.005001068115234,32.54499816894531,13087800,QLD
2022-03-03,31.95277976989746,32.349998474121094,33.8650016784668,32.0,33.86000061035156,13261400,QLD
2022-03-04,31.05394744873047,31.440000534057617,32.17499923706055,30.975000381469727,31.895000457763672,12057200,QLD
2022-03-07,28.747621536254883,29.104999542236328,31.639999389648438,29.065000534057617,31.424999237060547,15477000,QLD
2022-03-08,28.466123580932617,28.81999969482422,30.594999313354492,28.21500015258789,28.954999923706055,29354000,QLD
2022-03-09,30.550214767456055,30.93000030517578,31.149999618530273,29.860000610351562,30.34000015258789,15465000,QLD
2022-03-10,29.86374855041504,30.235000610351562,30.440000534057617,29.375,30.1200008392334,14806400,QLD
2022-03-11,28.599464416503906,28.954999923706055,30.825000762939453,28.8700008392334,30.770000457763672,11842600,QLD
2022-03-14,27.517913818359375,27.860000610351562,29.344999313354492,27.71500015258789,28.735000610351562,17040600,QLD
2022-03-15,29.216793060302734,29.579999923706055,29.725000381469727,28.030000686645508,28.31999969482422,17767800,QLD
2022-03-16,31.404592514038086,31.795000076293945,31.799999237060547,29.639999389648438,30.315000534057617,21507400,QLD
2022-03-17,32.13550567626953,32.53499984741211,32.53499984741211,31.170000076293945,31.43000030517578,13647600,QLD
2022-03-18,33.4738655090332,33.88999938964844,33.939998626708984,32.005001068115234,32.224998474121094,14640200,QLD
2022-03-21,33.286197662353516,33.70000076293945,34.150001525878906,32.82500076293945,33.71500015258789,13864000,QLD
2022-03-22,34.58011245727539,35.0099983215332,35.18000030517578,33.720001220703125,33.79499816894531,13091000,QLD
2022-03-23,33.58746337890625,34.005001068115234,35.150001525878906,34.0,34.45000076293945,12659000,QLD
2022-03-24,35.0838623046875,35.52000045776367,35.525001525878906,33.96500015258789,34.38999938964844,14963400,QLD
2022-03-25,35.03446960449219,35.470001220703125,35.709999084472656,34.595001220703125,35.4900016784668,13492000,QLD
2022-03-28,36.11601638793945,36.564998626708984,36.564998626708984,35.20000076293945,35.45000076293945,13447800,QLD
2022-03-29,37.33091354370117,37.79499816894531,37.93000030517578,36.779998779296875,37.36000061035156,13109400,QLD
2022-03-30,36.53580093383789,36.9900016784668,37.7599983215332,36.665000915527344,37.42499923706055,10161800,QLD
2022-03-31,35.51845932006836,35.959999084472656,37.06999969482422,35.88999938964844,37.0,18050400,QLD
2022-04-01,35.49375915527344,35.935001373291016,36.26499938964844,35.27000045776367,36.11000061035156,13742200,QLD
2022-04-04,36.921024322509766,37.380001068115234,37.3849983215332,36.025001525878906,36.08000183105469,10275600,QLD
2022-04-05,35.306087493896484,35.744998931884766,37.22999954223633,35.474998474121094,37.084999084472656,15053400,QLD
2022-04-06,33.730682373046875,34.150001525878906,34.86000061035156,33.63999938964844,34.6349983215332,18505000,QLD
2022-04-07,33.91340255737305,34.334999084472656,34.76499938964844,33.279998779296875,33.974998474121094,23844200,QLD
2022-04-08,32.950374603271484,33.36000061035156,34.1349983215332,33.255001068115234,33.994998931884766,16143000,QLD
2022-04-11,31.399654388427734,31.790000915527344,32.71500015258789,31.725000381469727,32.529998779296875,12651800,QLD
2022-04-12,31.152727127075195,31.540000915527344,33.04999923706055,31.260000228881836,32.70500183105469,17267000,QLD
2022-04-13,32.38737487792969,32.790000915527344,32.994998931884766,31.44499969482422,31.575000762939453,9644600,QLD
2022-04-14,30.900856018066406,31.28499984741211,32.90999984741211,31.260000228881836,32.79999923706055,13048400,QLD
2022-04-18,30.999629974365234,31.385000228881836,31.774999618530273,30.80500030517578,31.084999084472656,10158600,QLD
2022-04-19,32.313297271728516,32.71500015258789,32.845001220703125,31.024999618530273,31.21500015258789,10597400,QLD
2022-04-20,31.370023727416992,31.760000228881836,32.98500061035156,31.55500030517578,32.90999984741211,11112600,QLD
2022-04-21,30.115617752075195,30.489999771118164,33.02000045776367,30.295000076293945,32.529998779296875,15518200,QLD
2022-04-22,28.505630493164062,28.860000610351562,30.725000381469727,28.795000076293945,30.4950008392334,17695400,QLD
2022-04-25,29.25629997253418,29.6200008392334,29.665000915527344,28.34000015258789,28.55500030517578,20252600,QLD
2022-04-26,26.999357223510742,27.334999084472656,29.260000228881836,27.31999969482422,29.235000610351562,17151800,QLD
2022-04-27,26.9697265625,27.30500030517578,28.354999542236328,27.0,27.375,22371200,QLD
2022-04-28,28.86614990234375,29.225000381469727,29.559999465942383,27.434999465942383,28.18000030517578,21608600,QLD
2022-04-29,26.273380279541016,26.600000381469727,29.100000381469727,26.5049991607666,28.469999313354492,21359800,QLD
2022-05-02,27.157390594482422,27.4950008392334,27.530000686645508,25.9950008392334,26.530000686645508,41917000,QLD
2022-05-03,27.241350173950195,27.579999923706055,27.950000762939453,27.065000534057617,27.489999771118164,15773400,QLD
2022-05-04,29.068632125854492,29.43000030517578,29.530000686645508,26.700000762939453,27.645000457763672,26193600,QLD
2022-05-05,26.17954444885254,26.5049991607666,28.635000228881836,25.844999313354492,28.604999542236328,21008600,QLD
2022-05-06,25.522714614868164,25.84000015258789,26.795000076293945,25.114999771118164,26.094999313354492,23935200,QLD
2022-05-09,23.497882843017578,23.790000915527344,25.264999389648438,23.549999237060547,24.860000610351562,20535800,QLD
2022-05-10,24.075702667236328,24.375,25.155000686645508,23.69499969482422,24.96500015258789,31727200,QLD
2022-05-11,22.628690719604492,22.90999984741211,24.899999618530273,22.780000686645508,23.985000610351562,29229400,QLD
2022-05-12,22.529918670654297,22.809999465942383,23.524999618530273,21.829999923706055,22.21500015258789,26040200,QLD
2022-05-13,24.174476623535156,24.475000381469727,24.655000686645508,23.2549991607666,23.520000457763672,13575400,QLD
2022-05-16,23.6312255859375,23.924999237060547,24.53499984741211,23.709999084472656,24.19499969482422,12234800,QLD
2022-05-17,24.851064682006836,25.15999984741211,25.219999313354492,24.260000228881836,24.875,12646200,QLD
2022-05-18,22.381755828857422,22.65999984741211,24.510000228881836,22.475000381469727,24.3799991607666,11742200,QLD
2022-05-19,22.159523010253906,22.434999465942383,23.18000030517578,22.1200008392334,22.364999771118164,17992400,QLD
2022-05-20,22.006431579589844,22.280000686645508,23.084999084472656,20.979999542236328,22.985000610351562,16167600,QLD
2022-05-23,22.742277145385742,23.024999618530273,23.084999084472656,22.075000762939453,22.459999084472656,13331600,QLD
2022-05-24,21.769376754760742,22.040000915527344,22.295000076293945,21.264999389648438,22.18000030517578,14160000,QLD
2022-05-25,22.391637802124023,22.670000076293945,22.989999771118164,21.780000686645508,21.80500030517578,13620800,QLD
2022-05-26,23.621353149414062,23.915000915527344,24.15999984741211,22.489999771118164,22.53499984741211,8656400,QLD
2022-05-27,25.186891555786133,25.5,25.5,24.40999984741211,24.43000030517578,13309200,QLD
2022-05-31,25.02391815185547,25.334999084472656,25.844999313354492,24.68000030517578,25.479999542236328,11966200,QLD
2022-06-01,24.658456802368164,24.96500015258789,26.059999465942383,24.59000015258789,25.704999923706055,11093600,QLD
2022-06-02,26.016576766967773,26.34000015258789,26.350000381469727,24.53499984741211,24.774999618530273,11470600,QLD
2022-06-03,24.623886108398438,24.93000030517578,25.665000915527344,24.735000610351562,25.424999237060547,10348600,QLD
2022-06-06,24.81155776977539,25.1200008392334,25.950000762939453,24.860000610351562,25.69499969482422,8605800,QLD
2022-06-07,25.2510929107666,25.565000534057617,25.674999237060547,24.364999771118164,24.549999237060547,7821400,QLD
2022-06-08,24.870817184448242,25.18000030517578,25.850000381469727,25.03499984741211,25.405000686645508,5292200,QLD
2022-06-09,23.51270294189453,23.80500030517578,25.399999618530273,23.799999237060547,24.875,7298400,QLD
2022-06-10,21.838512420654297,22.110000610351562,23.094999313354492,22.06999969482422,22.899999618530273,16818000,QLD
2022-06-13,19.82850456237793,20.075000762939453,21.1200008392334,19.934999465942383,20.735000610351562,19895600,QLD
2022-06-14,19.922332763671875,20.170000076293945,20.540000915527344,19.764999389648438,20.40999984741211,12524200,QLD
2022-06-15,20.895240783691406,21.155000686645508,21.735000610351562,20.2450008392334,20.65999984741211,19030800,QLD
2022-06-16,19.221054077148438,19.459999084472656,20.125,19.1200008392334,20.059999465942383,28909800,QLD
2022-06-17,19.665525436401367,19.90999984741211,20.260000228881836,19.309999465942383,19.549999237060547,16117000,QLD
2022-06-21,20.658185958862305,20.915000915527344,21.25,20.559999465942383,20.56999969482422,14404600,QLD
2022-06-22,20.589048385620117,20.844999313354492,21.514999389648438,20.440000534057617,20.5049991607666,11397000,QLD
2022-06-23,21.201433181762695,21.46500015258789,21.59000015258789,20.795000076293945,21.225000381469727,10545400,QLD
2022-06-24,22.692893981933594,22.975000381469727,22.985000610351562,21.8700008392334,21.899999618530273,8389200,QLD
2022-06-27,22.30768585205078,22.584999084472656,23.235000610351562,22.40999984741211,23.145000457763672,7038600,QLD
2022-06-28,20.939693450927734,21.200000762939453,23.079999923706055,21.18000030517578,22.68000030517578,10029800,QLD
2022-06-29,20.998950958251953,21.260000228881836,21.469999313354492,20.80500030517578,21.170000076293945,10130800,QLD
2022-06-30,20.45076560974121,20.704999923706055,21.2450008392334,20.03499984741211,20.780000686645508,11290800,QLD
2022-07-01,20.717453002929688,20.975000381469727,21.03499984741211,20.229999542236328,20.489999771118164,12950600,QLD
2022-07-05,21.428607940673828,21.69499969482422,21.704999923706055,20.170000076293945,20.40999984741211,9101400,QLD
2022-07-06,21.690357208251953,21.959999084472656,22.290000915527344,21.485000610351562,21.75,9548800,QLD
2022-07-07,22.613874435424805,22.895000457763672,23.010000228881836,22.100000381469727,22.100000381469727,5611400,QLD
2022-07-08,22.68795394897461,22.969999313354492,23.174999237060547,22.315000534057617,22.440000534057617,6734400,QLD
2022-07-11,21.690357208251953,21.959999084472656,22.610000610351562,21.84000015258789,22.575000762939453,6936800,QLD
2022-07-12,21.280447006225586,21.545000076293945,22.46500015258789,21.299999237060547,22.165000915527344,7321400,QLD
2022-07-13,21.201433181762695,21.46500015258789,21.81999969482422,20.614999771118164,20.69499969482422,11671000,QLD
2022-07-14,21.344654083251953,21.610000610351562,21.729999542236328,20.56999969482422,21.049999237060547,9062400,QLD
2022-07-15,22.10519790649414,22.3799991607666,22.395000457763672,21.815000534057617,22.06999969482422,7206000,QLD
2022-07-18,21.734806060791016,22.0049991607666,23.040000915527344,21.829999923706055,22.815000534057617,7378000,QLD
2022-07-19,23.058347702026367,23.344999313354492,23.395000457763672,22.315000534057617,22.575000762939453,8199000,QLD
2022-07-20,23.789264678955078,24.084999084472656,24.280000686645508,23.299999237060547,23.420000076293945,9271800,QLD
2022-07-21,24.47079086303711,24.774999618530273,24.780000686645508,23.739999771118164,24.149999618530273,7491000,QLD
2022-07-22,23.61147117614746,23.905000686645508,24.975000381469727,23.604999542236328,24.639999389648438,8823200,QLD
2022-07-25,23.359603881835938,23.649999618530273,23.975000381469727,23.309999465942383,23.899999618530273,9322800,QLD
2022-07-26,22.416332244873047,22.69499969482422,23.389999389648438,22.56999969482422,23.360000610351562,4909400,QLD
2022-07-27,24.312755584716797,24.614999771118164,24.885000228881836,23.334999084472656,23.40999984741211,12328400,QLD
2022-07-28,24.77204132080078,25.079999923706055,25.190000534057617,23.959999084472656,24.575000762939453,11962600,QLD
2022-07-29,25.69062614440918,26.010000228881836,26.149999618530273,25.114999771118164,25.344999313354492,8710600,QLD
2022-08-01,25.660993576049805,25.979999542236328,26.549999237060547,25.524999618530273,25.709999084472656,5901400,QLD
2022-08-02,25.488142013549805,25.80500030517578,26.5049991607666,25.405000686645508,25.575000762939453,6476400,QLD
2022-08-03,26.87588882446289,27.209999084472656,27.354999542236328,26.09000015258789,26.100000381469727,6720800,QLD
2022-08-04,27.108007431030273,27.44499969482422,27.514999389648438,26.854999542236328,27.21500015258789,5514800,QLD
2022-08-05,26.678348541259766,27.010000228881836,27.364999771118164,26.440000534057617,26.579999923706055,10551200,QLD
2022-08-08,26.505495071411133,26.834999084472656,27.799999237060547,26.59000015258789,27.170000076293945,6903400,QLD
2022-08-09,25.898048400878906,26.219999313354492,26.549999237060547,25.950000762939453,26.5,5850400,QLD
2022-08-10,27.340120315551758,27.68000030517578,27.729999542236328,27.045000076293945,27.475000381469727,11302000,QLD
2022-08-11,27.02898597717285,27.364999771118164,28.43000030517578,27.239999771118164,28.084999084472656,6851400,QLD
2022-08-12,28.095726013183594,28.44499969482422,28.454999923706055,27.53499984741211,27.719999313354492,5083600,QLD
2022-08-15,28.520448684692383,28.875,28.96500015258789,28.25,28.25,4667600,QLD
2022-08-16,28.387102127075195,28.739999771118164,29.110000610351562,28.200000762939453,28.690000534057617,6352200,QLD
2022-08-17,27.730270385742188,28.075000762939453,28.584999084472656,27.719999313354492,28.170000076293945,8123400,QLD
2022-08-18,27.873483657836914,28.219999313354492,28.40999984741211,27.780000686645508,28.045000076293945,4834400,QLD
2022-08-19,26.777118682861328,27.110000610351562,27.774999618530273,26.969999313354492,27.674999237060547,6553200,QLD
2022-08-22,25.359737396240234,25.674999237060547,26.399999618530273,25.524999618530273,26.360000610351562,13726800,QLD
2022-08-23,25.315292358398438,25.6299991607666,26.094999313354492,25.4950008392334,25.625,6612000,QLD
2022-08-24,25.45850944519043,25.774999618530273,26.075000762939453,25.44499969482422,25.540000915527344,5331800,QLD
2022-08-25,26.34252166748047,26.670000076293945,26.674999237060547,25.885000228881836,26.059999465942383,7587200,QLD
2022-08-26,24.179414749145508,24.479999542236328,26.81999969482422,24.475000381469727,26.625,11767200,QLD
2022-08-29,23.705305099487305,24.0,24.434999465942383,23.815000534057617,24.0,9565000,QLD
2022-08-30,23.17193603515625,23.459999084472656,24.350000381469727,23.049999237060547,24.264999389648438,8286200,QLD
2022-08-31,22.90031623840332,23.184999465942383,24.05500030517578,23.170000076293945,23.915000915527344,17338000,QLD
2022-09-01,22.915132522583008,23.200000762939453,23.2450008392334,22.190000534057617,22.774999618530273,10762800,QLD
2022-09-02,22.2582950592041,22.53499984741211,23.864999771118164,22.28499984741211,23.655000686645508,13055400,QLD
2022-09-06,21.937284469604492,22.209999084472656,22.75,21.875,22.594999313354492,10722600,QLD
2022-09-07,22.81635856628418,23.100000381469727,23.2549991607666,22.239999771118164,22.264999389648438,11316400,QLD
2022-09-08,23.048473358154297,23.334999084472656,23.540000915527344,22.55500030517578,22.7549991607666,11207200,QLD
2022-09-09,24.046072006225586,24.344999313354492,24.424999237060547,23.68000030517578,23.690000534057617,6408800,QLD
2022-09-12,24.614009857177734,24.920000076293945,24.979999542236328,24.524999618530273,24.565000534057617,7567400,QLD
2022-09-13,21.902711868286133,22.174999237060547,23.68000030517578,22.045000076293945,23.469999313354492,12905800,QLD
2022-09-14,22.26323127746582,22.540000915527344,22.665000915527344,22.084999084472656,22.364999771118164,7933400,QLD
2022-09-15,21.492813110351562,21.760000228881836,22.600000381469727,21.524999618530273,22.209999084472656,9872400,QLD
2022-09-16,21.23106575012207,21.4950008392334,21.559999465942383,20.950000762939453,21.260000228881836,8808600,QLD
2022-09-19,21.57183074951172,21.84000015258789,21.854999542236328,21.084999084472656,21.094999313354492,8166000,QLD
2022-09-20,21.2113094329834,21.475000381469727,21.829999923706055,21.135000228881836,21.44499969482422,9361400,QLD
2022-09-21,20.44582748413086,20.700000762939453,22.260000228881836,20.690000534057617,21.6200008392334,15802000,QLD
2022-09-22,19.95196533203125,20.200000762939453,20.625,20.014999389648438,20.459999084472656,11582400,QLD
2022-09-23,19.300067901611328,19.540000915527344,19.8700008392334,19.03499984741211,19.834999084472656,13828600,QLD
2022-09-26,19.107467651367188,19.344999313354492,20.094999313354492,19.260000228881836,19.450000762939453,10924200,QLD
2022-09-27,19.156848907470703,19.395000457763672,20.190000534057617,19.045000076293945,19.850000381469727,13018200,QLD
2022-09-28,19.902578353881836,20.149999618530273,20.334999084472656,19.165000915527344,19.3799991607666,9776800,QLD
2022-09-29,18.781517028808594,19.014999389648438,19.610000610351562,18.545000076293945,19.55500030517578,13093400,QLD
2022-09-30,18.10492706298828,18.329999923706055,19.434999465942383,18.315000534057617,18.8700008392334,12365400,QLD
2022-10-03,18.959306716918945,19.19499969482422,19.415000915527344,18.375,18.56999969482422,12673600,QLD
2022-10-04,20.149513244628906,20.399999618530273,20.4950008392334,19.950000762939453,19.959999084472656,12115200,QLD
2022-10-05,20.11493682861328,20.364999771118164,20.635000228881836,19.440000534057617,19.825000762939453,10373800,QLD
2022-10-06,19.793930053710938,20.040000915527344,20.674999237060547,19.989999771118164,20.219999313354492,11859200,QLD
2022-10-07,18.27777671813965,18.5049991607666,19.3700008392334,18.31999969482422,19.360000610351562,12149800,QLD
2022-10-10,17.887630462646484,18.110000610351562,18.584999084472656,17.760000228881836,18.524999618530273,8529800,QLD
2022-10-11,17.443153381347656,17.65999984741211,18.290000915527344,17.399999618530273,17.895000457763672,14375400,QLD
2022-10-12,17.413522720336914,17.6299991607666,17.985000610351562,17.524999618530273,17.725000381469727,9579000,QLD
2022-10-13,18.203702926635742,18.43000030517578,18.614999771118164,16.489999771118164,16.604999542236328,22276800,QLD
2022-10-14,17.09745216369629,17.309999465942383,18.844999313354492,17.2450008392334,18.760000228881836,15657600,QLD
2022-10-17,18.258028030395508,18.485000610351562,18.584999084472656,18.125,18.125,12955800,QLD
2022-10-18,18.544462203979492,18.774999618530273,19.53499984741211,18.3799991607666,19.44499969482422,17131400,QLD
2022-10-19,18.386430740356445,18.614999771118164,19.045000076293945,18.270000457763672,18.530000686645508,9111800,QLD
2022-10-20,18.179006576538086,18.405000686645508,19.19499969482422,18.2450008392334,18.479999542236328,12220400,QLD
2022-10-21,19.04820442199707,19.28499984741211,19.344999313354492,18.09000015258789,18.25,12779800,QLD
2022-10-24,19.46304702758789,19.704999923706055,19.829999923706055,18.78499984741211,19.309999465942383,11592200,QLD
2022-10-25,20.25815773010254,20.510000228881836,20.559999465942383,19.829999923706055,19.829999923706055,8550600,QLD
2022-10-26,19.34946060180664,19.59000015258789,20.469999313354492,19.530000686645508,19.670000076293945,12766000,QLD
2022-10-27,18.63336181640625,18.864999771118164,19.635000228881836,18.80500030517578,19.424999237060547,9520800,QLD
2022-10-28,19.7840518951416,20.030000686645508,20.09000015258789,18.770000457763672,18.774999618530273,10842400,QLD
2022-10-31,19.300067901611328,19.540000915527344,19.809999465942383,19.280000686645508,19.684999465942383,9882600,QLD
2022-11-01,18.909921646118164,19.145000457763672,20.1299991607666,19.100000381469727,20.05500030517578,10109800,QLD
2022-11-02,17.616004943847656,17.834999084472656,19.575000762939453,17.825000762939453,19.149999618530273,16235200,QLD
2022-11-03,16.929540634155273,17.139999389648438,17.665000915527344,17.079999923706055,17.459999084472656,12666600,QLD
2022-11-04,17.467849731445312,17.684999465942383,17.934999465942383,16.950000762939453,17.795000076293945,13356600,QLD
2022-11-07,17.84811782836914,18.06999969482422,18.139999389648438,17.53499984741211,17.829999923706055,5524000,QLD
2022-11-08,18.095048904418945,18.31999969482422,18.770000457763672,17.78499984741211,18.270000457763672,9044400,QLD
2022-11-09,17.245609283447266,17.459999084472656,18.170000076293945,17.424999237060547,18.065000534057617,7479000,QLD
2022-11-10,19.793930053710938,20.040000915527344,20.084999084472656,18.8700008392334,19.165000915527344,16590200,QLD
2022-11-11,20.524845123291016,20.780000686645508,20.8799991607666,19.829999923706055,20.024999618530273,10517600,QLD
2022-11-14,20.154451370239258,20.405000686645508,20.96500015258789,20.274999618530273,20.479999542236328,19760200,QLD
2022-11-15,20.72238540649414,20.979999542236328,21.524999618530273,20.489999771118164,21.385000228881836,13337000,QLD
2022-11-16,20.14457130432129,20.395000457763672,20.725000381469727,20.274999618530273,20.684999465942383,6324200,QLD
2022-11-17,20.040857315063477,20.290000915527344,20.510000228881836,19.700000762939453,19.719999313354492,13683000,QLD
2022-11-18,20.045801162719727,20.295000076293945,20.760000228881836,19.94499969482422,20.735000610351562,8882000,QLD
2022-11-21,19.626022338867188,19.8700008392334,20.260000228881836,19.7549991607666,20.09000015258789,4776000,QLD
2022-11-22,20.189016342163086,20.440000534057617,20.46500015258789,19.665000915527344,19.975000381469727,8834800,QLD
2022-11-23,20.589048385620117,20.844999313354492,20.93000030517578,20.405000686645508,20.440000534057617,8342400,QLD
2022-11-25,20.30754852294922,20.559999465942383,20.704999923706055,20.4950008392334,20.604999542236328,2779600,QLD
2022-11-28,19.70503807067871,19.950000762939453,20.565000534057617,19.825000762939453,20.274999618530273,4054800,QLD
2022-11-29,19.413658142089844,19.655000686645508,20.040000915527344,19.450000762939453,19.979999542236328,4890400,QLD
2022-11-30,21.186622619628906,21.450000762939453,21.450000762939453,19.56999969482422,19.684999465942383,14528800,QLD
2022-12-01,21.22612762451172,21.489999771118164,21.770000457763672,21.06999969482422,21.485000610351562,7831000,QLD
2022-12-02,21.05821418762207,21.31999969482422,21.434999465942383,20.700000762939453,20.729999542236328,7703600,QLD
2022-12-05,20.327301025390625,20.579999923706055,21.174999237060547,20.375,20.985000610351562,6606600,QLD
2022-12-06,19.48773765563965,19.729999542236328,20.579999923706055,19.530000686645508,20.559999465942383,9560400,QLD
2022-12-07,19.319822311401367,19.559999465942383,19.850000381469727,19.329999923706055,19.549999237060547,11128600,QLD
2022-12-08,19.788991928100586,20.03499984741211,20.15999984741211,19.46500015258789,19.7549991607666,5958600,QLD
2022-12-09,19.53218650817871,19.774999618530273,20.270000457763672,19.700000762939453,19.8799991607666,7095400,QLD
2022-12-12,20.006290435791016,20.2549991607666,20.260000228881836,19.645000457763672,19.78499984741211,5270200,QLD
2022-12-13,20.440889358520508,20.69499969482422,21.860000610351562,20.299999237060547,21.834999084472656,16672200,QLD
2022-12-14,20.124820709228516,20.375,21.084999084472656,19.915000915527344,20.59000015258789,12088200,QLD
2022-12-15,18.771638870239258,19.0049991607666,19.864999771118164,18.825000762939453,19.760000228881836,13833200,QLD
2022-12-16,18.4012451171875,18.6299991607666,19.114999771118164,18.40999984741211,18.895000457763672,20766800,QLD
2022-12-19,17.902446746826172,18.125,18.670000076293945,17.934999465942383,18.65999984741211,7875200,QLD
2022-12-20,17.85306167602539,18.075000762939453,18.309999465942383,17.729999542236328,17.940000534057617,8547800,QLD
2022-12-21,18.376554489135742,18.604999542236328,18.774999618530273,18.100000381469727,18.21500015258789,7561800,QLD
2022-12-22,17.46468162536621,17.6299991607666,18.125,17.03499984741211,18.114999771118164,12134000,QLD
2022-12-23,17.548887252807617,17.71500015258789,17.780000686645508,17.190000534057617,17.44499969482422,7979600,QLD
2022-12-27,17.018901824951172,17.18000030517578,17.625,17.1200008392334,17.614999771118164,7173200,QLD
2022-12-28,16.56816864013672,16.725000381469727,17.434999465942383,16.690000534057617,17.1299991607666,7322000,QLD
2022-12-29,17.370573043823242,17.53499984741211,17.655000686645508,17.0,17.079999923706055,7830200,QLD
2022-12-30,17.355716705322266,17.520000457763672,17.524999618530273,16.985000610351562,17.155000686645508,6488200,QLD
2023-01-03,17.113008499145508,17.274999618530273,18.014999389648438,16.959999084472656,17.81999969482422,10744400,QLD
2023-01-04,17.27646827697754,17.440000534057617,17.655000686645508,17.014999389648438,17.55500030517578,10703200,QLD
2023-01-05,16.71181297302246,16.8700008392334,17.21500015258789,16.834999084472656,17.204999923706055,8770800,QLD
2023-01-06,17.633087158203125,17.799999237060547,17.950000762939453,16.709999084472656,17.09000015258789,9068400,QLD
2023-01-09,17.86588478088379,18.03499984741211,18.65999984741211,17.94499969482422,18.06999969482422,10445600,QLD
2023-01-10,18.168025970458984,18.34000015258789,18.34000015258789,17.81999969482422,17.889999389648438,7259400,QLD
2023-01-11,18.78221321105957,18.959999084472656,18.975000381469727,18.364999771118164,18.475000381469727,6547600,QLD
2023-01-12,18.96052360534668,19.139999389648438,19.290000915527344,18.43000030517578,19.024999618530273,13126400,QLD
2023-01-13,19.223039627075195,19.405000686645508,19.450000762939453,18.75,18.795000076293945,7118200,QLD
2023-01-17,19.287429809570312,19.469999313354492,19.670000076293945,19.219999313354492,19.375,5573000,QLD
2023-01-18,18.792118072509766,18.969999313354492,19.920000076293945,18.950000762939453,19.709999084472656,7323400,QLD
2023-01-19,18.415681838989258,18.59000015258789,18.895000457763672,18.424999237060547,18.735000610351562,8381800,QLD
2023-01-20,19.445926666259766,19.6299991607666,19.655000686645508,18.674999237060547,18.809999465942383,6992200,QLD
2023-01-23,20.297863006591797,20.489999771118164,20.649999618530273,19.625,19.71500015258789,15408800,QLD
2023-01-24,20.203758239746094,20.395000457763672,20.55500030517578,20.15999984741211,20.235000610351562,11212400,QLD
2023-01-25,20.094789505004883,20.28499984741211,20.385000228881836,19.3700008392334,19.739999771118164,12435200,QLD
2023-01-26,20.872425079345703,21.06999969482422,21.094999313354492,20.395000457763672,20.774999618530273,9152400,QLD
2023-01-27,21.283536911010742,21.485000610351562,21.780000686645508,20.864999771118164,20.875,11035400,QLD
2023-01-30,20.40683364868164,20.600000381469727,21.21500015258789,20.56999969482422,21.0,9410800,QLD
2023-01-31,21.035879135131836,21.235000610351562,21.239999771118164,20.604999542236328,20.614999771118164,10618800,QLD
2023-02-01,21.94725799560547,22.155000686645508,22.489999771118164,20.895000457763672,21.200000762939453,16668600,QLD
2023-02-02,23.49262237548828,23.71500015258789,24.0049991607666,22.709999084472656,23.100000381469727,15147200,QLD
2023-02-03,22.645641326904297,22.860000610351562,23.809999465942383,22.625,22.68000030517578,17743200,QLD
2023-02-06,22.269203186035156,22.479999542236328,22.815000534057617,22.270000457763672,22.46500015258789,13271600,QLD
2023-02-07,23.195438385009766,23.415000915527344,23.56999969482422,22.28499984741211,22.454999923706055,17696600,QLD
2023-02-08,22.34845733642578,22.559999465942383,23.334999084472656,22.46500015258789,23.19499969482422,8346000,QLD
2023-02-09,21.93734359741211,22.145000457763672,23.235000610351562,21.934999465942383,23.209999084472656,9880600,QLD
2023-02-10,21.659971237182617,21.864999771118164,22.1299991607666,21.4950008392334,21.825000762939453,9519400,QLD
2023-02-13,22.35835838317871,22.56999969482422,22.639999389648438,21.895000457763672,22.06999969482422,7921400,QLD
2023-02-14,22.66050148010254,22.875,23.030000686645508,22.020000457763672,22.315000534057617,12703800,QLD
2023-02-15,23.027034759521484,23.2450008392334,23.25,22.5049991607666,22.604999542236328,9261400,QLD
2023-02-16,22.125560760498047,22.334999084472656,23.114999771118164,22.31999969482422,22.4950008392334,11092600,QLD
2023-02-17,21.808565139770508,22.014999389648438,22.1299991607666,21.579999923706055,22.020000457763672,7646400,QLD
2023-02-21,20.77336311340332,20.969999313354492,21.65999984741211,20.954999923706055,21.450000762939453,7102800,QLD
2023-02-22,20.80307960510254,21.0,21.299999237060547,20.764999389648438,21.059999465942383,9557600,QLD
2023-02-23,21.164657592773438,21.364999771118164,21.540000915527344,20.7450008392334,21.524999618530273,12213600,QLD
2023-02-24,20.436552047729492,20.6299991607666,20.799999237060547,20.375,20.6299991607666,12301000,QLD
2023-02-27,20.738693237304688,20.934999465942383,21.28499984741211,20.850000381469727,21.094999313354492,8575200,QLD
2023-02-28,20.669347763061523,20.864999771118164,21.235000610351562,20.78499984741211,20.834999084472656,6760600,QLD
2023-03-01,20.33749008178711,20.530000686645508,20.915000915527344,20.389999389648438,20.81999969482422,8565200,QLD
2023-03-02,20.6842041015625,20.8799991607666,20.975000381469727,20.125,20.155000686645508,8872200,QLD
2023-03-03,21.526235580444336,21.729999542236328,21.7549991607666,21.040000915527344,21.110000610351562,9703800,QLD
2023-03-06,21.555959701538086,21.760000228881836,22.34000015258789,21.739999771118164,21.90999984741211,8407200,QLD
2023-03-07,21.025972366333008,21.225000381469727,21.905000686645508,21.135000228881836,21.774999618530273,10278000,QLD
2023-03-08,21.243911743164062,21.44499969482422,21.514999389648438,21.010000228881836,21.274999618530273,8041200,QLD
2023-03-09,20.466270446777344,20.65999984741211,21.8700008392334,20.559999465942383,21.4950008392334,10255800,QLD
2023-03-10,19.89665985107422,20.084999084472656,20.915000915527344,19.934999465942383,20.690000534057617,30820800,QLD
2023-03-13,20.198806762695312,20.389999389648438,20.915000915527344,19.6200008392334,19.850000381469727,30307800,QLD
2023-03-14,21.129989624023438,21.329999923706055,21.405000686645508,20.774999618530273,20.895000457763672,13031000,QLD
2023-03-15,21.3380184173584,21.540000915527344,21.594999313354492,20.735000610351562,20.94499969482422,18626200,QLD
2023-03-16,22.45247459411621,22.665000915527344,22.719999313354492,21.28499984741211,21.385000228881836,16590200,QLD
2023-03-17,22.229578018188477,22.440000534057617,23.010000228881836,22.15999984741211,22.65999984741211,12643400,QLD
2023-03-20,22.393033981323242,22.604999542236328,22.649999618530273,22.024999618530273,22.360000610351562,8176800,QLD
2023-03-21,23.01712417602539,23.235000610351562,23.315000534057617,22.670000076293945,22.889999389648438,7240800,QLD
2023-03-22,22.388080596923828,22.600000381469727,23.979999542236328,22.59000015258789,23.235000610351562,24747800,QLD
2023-03-23,22.932920455932617,23.149999618530273,23.78499984741211,22.739999771118164,23.155000686645508,12797200,QLD
2023-03-24,23.086471557617188,23.30500030517578,23.31999969482422,22.71500015258789,23.065000534057617,7752000,QLD
2023-03-27,22.754610061645508,22.969999313354492,23.56999969482422,22.850000381469727,23.405000686645508,6827600,QLD
2023-03-28,22.526762008666992,22.739999771118164,22.899999618530273,22.385000228881836,22.899999618530273,7862200,QLD
2023-03-29,23.35393714904785,23.575000762939453,23.655000686645508,23.165000915527344,23.28499984741211,6727800,QLD
2023-03-30,23.765047073364258,23.989999771118164,24.084999084472656,23.725000381469727,23.93000030517578,8303200,QLD
2023-03-31,24.552589416503906,24.78499984741211,24.815000534057617,23.985000610351562,24.020000457763672,7233800,QLD
2023-04-03,24.428762435913086,24.65999984741211,24.700000762939453,24.239999771118164,24.44499969482422,8188000,QLD
2023-04-04,24.265310287475586,24.4950008392334,24.8799991607666,24.299999237060547,24.725000381469727,6524000,QLD
2023-04-05,23.760089874267578,23.985000610351562,24.354999542236328,23.700000762939453,24.325000762939453,8331400,QLD
2023-04-06,24.10185432434082,24.329999923706055,24.3799991607666,23.520000457763672,23.725000381469727,8803400,QLD
2023-04-10,24.047372817993164,24.274999618530273,24.280000686645508,23.565000534057617,23.844999313354492,6597000,QLD
2023-04-11,23.740278244018555,23.96500015258789,24.270000457763672,23.885000228881836,24.270000457763672,5338600,QLD
2023-04-12,23.309356689453125,23.530000686645508,24.34000015258789,23.46500015258789,24.260000228881836,8870200,QLD
2023-04-13,24.220733642578125,24.450000762939453,24.510000228881836,23.764999389648438,23.790000915527344,7159200,QLD
2023-04-14,24.116714477539062,24.344999313354492,24.6200008392334,23.895000457763672,24.184999465942383,6523200,QLD
2023-04-17,24.141481399536133,24.3700008392334,24.434999465942383,23.959999084472656,24.28499984741211,6663400,QLD
2023-04-18,24.156339645385742,24.385000228881836,24.770000457763672,24.190000534057617,24.704999923706055,6720600,QLD
2023-04-19,24.12662124633789,24.354999542236328,24.514999389648438,23.989999771118164,24.010000228881836,7118600,QLD
2023-04-20,23.75514030456543,23.979999542236328,24.424999237060547,23.770000457763672,23.8799991607666,10049200,QLD
2023-04-21,23.784860610961914,24.010000228881836,24.135000228881836,23.635000228881836,23.899999618530273,8053600,QLD
2023-04-24,23.68083953857422,23.905000686645508,24.18000030517578,23.579999923706055,23.975000381469727,5432200,QLD
2023-04-25,22.794235229492188,23.010000228881836,23.7549991607666,22.989999771118164,23.649999618530273,10007200,QLD
2023-04-26,23.051799774169922,23.270000457763672,23.735000610351562,23.204999923706055,23.5,7649800,QLD
2023-04-27,24.304933547973633,24.53499984741211,24.610000610351562,23.7450008392334,23.84000015258789,13067400,QLD
2023-04-28,24.636795043945312,24.8700008392334,24.875,24.315000534057617,24.485000610351562,7154800,QLD
2023-05-01,24.572404861450195,24.80500030517578,25.020000457763672,24.635000228881836,24.799999237060547,6884000,QLD
2023-05-02,24.13157844543457,24.360000610351562,24.84000015258789,24.09000015258789,24.795000076293945,7979400,QLD
2023-05-03,23.83438491821289,24.059999465942383,24.829999923706055,24.030000686645508,24.424999237060547,10127800,QLD
2023-05-04,23.651124954223633,23.875,24.170000076293945,23.704999923706055,24.0049991607666,7362000,QLD
2023-05-05,24.641748428344727,24.875,25.0049991607666,24.149999618530273,24.200000762939453,6692400,QLD
2023-05-08,24.755666732788086,24.989999771118164,25.045000076293945,24.625,24.790000915527344,5566600,QLD
2023-05-09,24.443622589111328,24.674999237060547,24.860000610351562,24.6200008392334,24.725000381469727,5099200,QLD
2023-05-10,24.973604202270508,25.209999084472656,25.34000015258789,24.665000915527344,25.05500030517578,9513800,QLD
2023-05-11,25.122196197509766,25.360000610351562,25.440000534057617,25.030000686645508,25.270000457763672,7098400,QLD
2023-05-12,24.938934326171875,25.174999237060547,25.5049991607666,24.844999313354492,25.424999237060547,7470200,QLD
2023-05-15,25.206401824951172,25.44499969482422,25.475000381469727,25.0,25.239999771118164,7146600,QLD
2023-05-16,25.250978469848633,25.489999771118164,25.760000228881836,25.315000534057617,25.315000534057617,5980600,QLD
2023-05-17,25.870119094848633,26.114999771118164,26.19499969482422,25.469999313354492,25.645000457763672,7689400,QLD
2023-05-18,26.80130386352539,27.05500030517578,27.094999313354492,26.155000686645508,26.15999984741211,10012800,QLD
2023-05-19,26.682430267333984,26.934999465942383,27.204999923706055,26.760000228881836,27.09000015258789,7781200,QLD
2023-05-22,26.840927124023438,27.094999313354492,27.270000457763672,26.885000228881836,26.889999389648438,6917800,QLD
2023-05-23,26.167306900024414,26.415000915527344,27.010000228881836,26.360000610351562,26.834999084472656,5407400,QLD
2023-05-24,25.889928817749023,26.135000228881836,26.34000015258789,25.809999465942383,26.100000381469727,7873200,QLD
2023-05-25,27.133163452148438,27.389999389648438,27.594999313354492,26.90999984741211,27.30500030517578,9238800,QLD
2023-05-26,28.524988174438477,28.795000076293945,28.924999237060547,27.545000076293945,27.56999969482422,9572800,QLD
2023-05-30,28.76769256591797,29.040000915527344,29.69499969482422,28.809999465942383,29.5049991607666,9288400,QLD
2023-05-31,28.391252517700195,28.65999984741211,29.110000610351562,28.469999313354492,28.764999389648438,8536000,QLD
2023-06-01,29.09459686279297,29.3700008392334,29.575000762939453,28.475000381469727,28.645000457763672,6621400,QLD
2023-06-02,29.52056312561035,29.799999237060547,29.989999771118164,29.354999542236328,29.655000686645508,8838800,QLD
2023-06-05,29.55523681640625,29.834999084472656,30.264999389648438,29.655000686645508,29.760000228881836,6077000,QLD
2023-06-06,29.545330047607422,29.825000762939453,29.979999542236328,29.489999771118164,29.719999313354492,5470200,QLD
2023-06-07,28.52994155883789,28.799999237060547,30.190000534057617,28.690000534057617,29.860000610351562,8243600,QLD
2023-06-08,29.21842384338379,29.4950008392334,29.56999969482422,28.795000076293945,28.834999084472656,6031800,QLD
2023-06-09,29.431407928466797,29.709999084472656,30.2450008392334,29.479999542236328,29.7450008392334,8509600,QLD
2023-06-12,30.4368896484375,30.725000381469727,30.729999542236328,29.829999923706055,30.0,5299600,QLD
2023-06-13,30.88266944885254,31.174999237060547,31.325000762939453,30.639999389648438,31.200000762939453,6533600,QLD
2023-06-14,31.333402633666992,31.6299991607666,31.68000030517578,30.69499969482422,31.18000030517578,9163200,QLD
2023-06-15,32.05656433105469,32.36000061035156,32.630001068115234,31.290000915527344,31.399999618530273,12554400,QLD
2023-06-16,31.640499114990234,31.940000534057617,32.810001373291016,31.8799991607666,32.78499984741211,6792600,QLD
2023-06-20,31.56620216369629,31.864999771118164,32.099998474121094,31.329999923706055,31.684999465942383,5751400,QLD
2023-06-21,30.704357147216797,30.9950008392334,31.71500015258789,30.81999969482422,31.639999389648438,6789600,QLD
2023-06-22,31.412654876708984,31.709999084472656,31.719999313354492,30.674999237060547,30.7450008392334,4765800,QLD
2023-06-23,30.778656005859375,31.06999969482422,31.469999313354492,30.770000457763672,30.9950008392334,5761000,QLD
2023-06-26,29.95148468017578,30.235000610351562,31.450000762939453,30.21500015258789,30.969999313354492,6571600,QLD
2023-06-27,30.971826553344727,31.264999389648438,31.3799991607666,30.360000610351562,30.5,10757200,QLD
2023-06-28,31.07584571838379,31.3700008392334,31.709999084472656,30.924999237060547,30.924999237060547,9968600,QLD
2023-06-29,30.93715476989746,31.229999542236328,31.40999984741211,30.94499969482422,31.315000534057617,6941800,QLD
2023-06-30,31.888153076171875,32.189998626708984,32.3650016784668,31.809999465942383,31.860000610351562,6290800,QLD
2023-07-03,32.04170227050781,32.345001220703125,32.439998626708984,32.099998474121094,32.290000915527344,3440600,QLD
2023-07-05,32.016937255859375,32.31999969482422,32.619998931884766,32.03499984741211,32.03499984741211,4058000,QLD
2023-07-06,31.52161979675293,31.81999969482422,31.885000228881836,31.295000076293945,31.6299991607666,7080200,QLD
2023-07-07,31.293781280517578,31.59000015258789,32.32500076293945,31.55500030517578,31.7549991607666,7112200,QLD
2023-07-10,31.333402633666992,31.6299991607666,31.725000381469727,31.100000381469727,31.524999618530273,9980800,QLD
2023-07-11,31.620683670043945,31.920000076293945,31.989999771118164,31.30500030517578,31.674999237060547,10915800,QLD
2023-07-12,32.42308807373047,32.72999954223633,32.95500183105469,32.279998779296875,32.625,11074400,QLD
2023-07-13,33.48801040649414,33.80500030517578,33.95500183105469,33.165000915527344,33.26499938964844,6168000,QLD
2023-07-14,33.47315216064453,33.790000915527344,34.46500015258789,33.630001068115234,33.8849983215332,7406600,QLD
2023-07-17,34.082374572753906,34.404998779296875,34.56999969482422,33.83000183105469,33.904998779296875,9326800,QLD
2023-07-18,34.65199279785156,34.97999954223633,35.220001220703125,33.935001373291016,34.29499816894531,12493000,QLD
2023-07-19,34.56283950805664,34.88999938964844,35.369998931884766,34.70500183105469,35.165000915527344,9836000,QLD
2023-07-20,32.997650146484375,33.310001373291016,34.64500045776367,33.130001068115234,34.3650016784668,10129200,QLD
2023-07-21,32.79457092285156,33.10499954223633,33.875,33.040000915527344,33.744998931884766,8124000,QLD
2023-07-24,32.898590087890625,33.209999084472656,33.45000076293945,32.8849983215332,33.279998779296875,10284000,QLD
2023-07-25,33.35427474975586,33.66999816894531,33.95000076293945,33.32500076293945,33.334999084472656,10330600,QLD
2023-07-26,33.12147903442383,33.435001373291016,33.72999954223633,33.01499938964844,33.46500015258789,6982200,QLD
2023-07-27,32.93820571899414,33.25,34.67499923706055,33.01499938964844,34.38999938964844,16236400,QLD
2023-07-28,34.131919860839844,34.45500183105469,34.6349983215332,33.880001068115234,33.96500015258789,8282600,QLD
2023-07-31,34.19135284423828,34.51499938964844,34.69499969482422,34.244998931884766,34.505001068115234,5744800,QLD
2023-08-01,33.99817657470703,34.31999969482422,34.45000076293945,33.939998626708984,34.23500061035156,5208800,QLD
2023-08-02,32.492431640625,32.79999923706055,33.68000030517578,32.58000183105469,33.68000030517578,13333800,QLD
2023-08-03,32.373565673828125,32.68000030517578,33.04999923706055,32.33000183105469,32.35499954223633,7784200,QLD
2023-08-04,32.0615119934082,32.3650016784668,33.43000030517578,32.28499984741211,33.025001525878906,14143000,QLD
2023-08-07,32.606346130371094,32.915000915527344,32.92499923706055,32.26499938964844,32.69499969482422,6114800,QLD
2023-08-08,32.0367431640625,32.34000015258789,32.459999084472656,31.78499984741211,32.45500183105469,10888600,QLD
2023-08-09,31.323497772216797,31.6200008392334,32.415000915527344,31.4950008392334,32.3849983215332,7037800,QLD
2023-08-10,31.427513122558594,31.725000381469727,32.71500015258789,31.454999923706055,32.125,13651800,QLD
2023-08-11,31.016403198242188,31.309999465942383,31.614999771118164,31.049999237060547,31.264999389648438,8892800,QLD
2023-08-14,31.719749450683594,32.02000045776367,32.025001525878906,31.049999237060547,31.18000030517578,5633400,QLD
2023-08-15,31.031265258789062,31.325000762939453,31.969999313354492,31.204999923706055,31.825000762939453,5414800,QLD
2023-08-16,30.357641220092773,30.645000457763672,31.489999771118164,30.639999389648438,31.229999542236328,6374000,QLD
2023-08-17,29.679065704345703,29.959999084472656,30.934999465942383,29.899999618530273,30.8799991607666,9601400,QLD
2023-08-18,29.599815368652344,29.8799991607666,30.100000381469727,29.31999969482422,29.395000457763672,7514600,QLD
2023-08-21,30.56071662902832,30.850000381469727,30.959999084472656,30.05500030517578,30.1299991607666,8257000,QLD
2023-08-22,30.46660804748535,30.7549991607666,31.280000686645508,30.6299991607666,31.274999618530273,7614000,QLD
2023-08-23,31.4176082611084,31.71500015258789,31.899999618530273,30.90999984741211,30.940000534057617,8116200,QLD
2023-08-24,30.035688400268555,30.31999969482422,32.31999969482422,30.309999465942383,32.310001373291016,10530400,QLD
2023-08-25,30.52604866027832,30.815000534057617,31.094999313354492,29.895000457763672,30.475000381469727,14986600,QLD
2023-08-28,30.986684799194336,31.280000686645508,31.415000915527344,30.84000015258789,31.309999465942383,5851200,QLD
2023-08-29,32.314125061035156,32.619998931884766,32.685001373291016,31.18000030517578,31.225000381469727,8184000,QLD
2023-08-30,32.67074203491211,32.97999954223633,33.08000183105469,32.459999084472656,32.64500045776367,7393400,QLD
2023-08-31,32.829246520996094,33.13999938964844,33.45500183105469,32.96500015258789,32.970001220703125,5388000,QLD
2023-09-01,32.78466796875,33.095001220703125,33.64500045776367,32.814998626708984,33.584999084472656,5922400,QLD
2023-09-05,32.8441047668457,33.154998779296875,33.369998931884766,32.76499938964844,32.93000030517578,4413600,QLD
2023-09-06,32.26458740234375,32.56999969482422,33.064998626708984,32.209999084472656,33.0,6877200,QLD
2023-09-07,31.77918815612793,32.08000183105469,32.21500015258789,31.575000762939453,31.760000228881836,6219600,QLD
2023-09-08,31.85348129272461,32.154998779296875,32.55500030517578,31.9950008392334,32.05500030517578,6527200,QLD
2023-09-11,32.606346130371094,32.915000915527344,33.0099983215332,32.35499954223633,32.689998626708984,7382200,QLD
2023-09-12,31.883203506469727,32.185001373291016,32.849998474121094,32.130001068115234,32.6150016784668,7969800,QLD
2023-09-13,32.115989685058594,32.41999816894531,32.69499969482422,32.01499938964844,32.220001220703125,7316200,QLD
2023-09-14,32.62617111206055,32.935001373291016,33.099998474121094,32.345001220703125,32.70500183105469,7829400,QLD
2023-09-15,31.481996536254883,31.780000686645508,32.755001068115234,31.635000228881836,32.68000030517578,10794000,QLD
2023-09-18,31.56124496459961,31.860000610351562,32.04499816894531,31.575000762939453,31.614999771118164,5146600,QLD
2023-09-19,31.422561645507812,31.719999313354492,31.84000015258789,31.184999465942383,31.610000610351562,6375200,QLD
2023-09-20,30.596071243286133,30.799999237060547,31.950000762939453,30.780000686645508,31.899999618530273,10784400,QLD
2023-09-21,29.438785552978516,29.635000228881836,30.274999618530273,29.6200008392334,30.135000228881836,8599200,QLD
2023-09-22,29.46361541748047,29.65999984741211,30.290000915527344,29.594999313354492,29.940000534057617,7559200,QLD
2023-09-25,29.726865768432617,29.924999237060547,29.940000534057617,29.31999969482422,29.479999542236328,5793000,QLD
2023-09-26,28.822887420654297,29.014999389648438,29.56999969482422,28.854999542236328,29.479999542236328,6881200,QLD
2023-09-27,28.97686004638672,29.170000076293945,29.469999313354492,28.549999237060547,29.200000762939453,9552000,QLD
2023-09-28,29.433815002441406,29.6299991607666,29.975000381469727,28.844999313354492,28.975000381469727,9031600,QLD
2023-09-29,29.478519439697266,29.674999237060547,30.434999465942383,29.454999923706055,30.19499969482422,11351800,QLD
2023-10-02,29.950374603271484,30.149999618530273,30.385000228881836,29.600000381469727,29.69499969482422,9423200,QLD
2023-10-03,28.892425537109375,29.084999084472656,30.094999313354492,28.809999465942383,29.719999313354492,10531000,QLD
2023-10-04,29.672225952148438,29.8700008392334,30.010000228881836,29.145000457763672,29.21500015258789,10016800,QLD
2023-10-05,29.478519439697266,29.674999237060547,29.90999984741211,29.084999084472656,29.860000610351562,6617000,QLD
2023-10-06,30.45203399658203,30.655000686645508,30.854999542236328,29.030000686645508,29.165000915527344,10872000,QLD
2023-10-09,30.769912719726562,30.975000381469727,31.065000534057617,30.0049991607666,30.270000457763672,6528800,QLD
2023-10-10,31.087791442871094,31.295000076293945,31.760000228881836,30.94499969482422,31.020000457763672,7793000,QLD
2023-10-11,31.53978157043457,31.75,31.78499984741211,31.239999771118164,31.530000686645508,6928000,QLD
2023-10-12,31.28647232055664,31.4950008392334,32.130001068115234,31.094999313354492,31.829999923706055,10319000,QLD
2023-10-13,30.51163673400879,30.71500015258789,31.71500015258789,30.469999313354492,31.614999771118164,9706000,QLD
2023-10-16,31.211963653564453,31.420000076293945,31.579999923706055,30.915000915527344,30.940000534057617,6193400,QLD
2023-10-17,30.998390197753906,31.204999923706055,31.479999542236328,30.415000915527344,30.774999618530273,8118200,QLD
2023-10-18,30.12421417236328,30.325000762939453,31.135000228881836,30.139999389648438,30.7549991607666,9828200,QLD
2023-10-19,29.582826614379883,29.780000686645508,30.790000915527344,29.639999389648438,30.584999084472656,16464600,QLD
2023-10-20,28.703683853149414,28.895000457763672,29.78499984741211,28.854999542236328,29.700000762939453,11697200,QLD
2023-10-23,28.857656478881836,29.049999237060547,29.645000457763672,28.315000534057617,28.649999618530273,36769400,QLD
2023-10-24,29.433815002441406,29.6299991607666,29.739999771118164,29.075000762939453,29.354999542236328,8863400,QLD
2023-10-25,27.97355079650879,28.15999984741211,29.235000610351562,28.065000534057617,29.190000534057617,12723400,QLD
2023-10-26,26.895732879638672,27.075000762939453,28.104999542236328,26.860000610351562,27.950000762939453,17080400,QLD
2023-10-27,27.154014587402344,27.334999084472656,27.875,27.1299991607666,27.4950008392334,14958000,QLD
2023-10-30,27.7401065826416,27.924999237060547,28.145000457763672,27.5,27.71500015258789,15122600,QLD
2023-10-31,28.02322006225586,28.209999084472656,28.260000228881836,27.520000457763672,27.940000534057617,8014600,QLD
2023-11-01,28.99673080444336,29.190000534057617,29.264999389648438,28.31999969482422,28.329999923706055,13525000,QLD
2023-11-02,30.024877548217773,30.225000381469727,30.25,29.700000762939453,29.899999618530273,13622200,QLD
2023-11-03,30.72024154663086,30.924999237060547,31.135000228881836,30.389999389648438,30.424999237060547,8676600,QLD
2023-11-06,30.95865249633789,31.165000915527344,31.2549991607666,30.780000686645508,31.049999237060547,7315800,QLD
2023-11-07,31.53481674194336,31.7450008392334,31.895000457763672,31.1299991607666,31.334999084472656,7065600,QLD
2023-11-08,31.58448028564453,31.795000076293945,31.920000076293945,31.389999389648438,31.81999969482422,6037400,QLD
2023-11-09,31.082826614379883,31.290000915527344,32.084999084472656,31.190000534057617,31.889999389648438,9564600,QLD
2023-11-10,32.443756103515625,32.65999984741211,32.70000076293945,31.479999542236328,31.559999465942383,15628400,QLD
2023-11-13,32.25004577636719,32.46500015258789,32.64500045776367,32.130001068115234,32.39500045776367,7899600,QLD
2023-11-14,33.62588119506836,33.849998474121094,34.02000045776367,33.4900016784668,33.57500076293945,11581600,QLD
2023-11-15,33.67058563232422,33.89500045776367,34.275001525878906,33.665000915527344,34.16999816894531,8840200,QLD
2023-11-16,33.73018264770508,33.95500183105469,33.98500061035156,33.525001525878906,33.75,8899800,QLD
2023-11-17,33.725215911865234,33.95000076293945,34.1349983215332,33.64500045776367,33.80500030517578,5736400,QLD
2023-11-20,34.549713134765625,34.779998779296875,34.88999938964844,33.94499969482422,33.95500183105469,11375000,QLD
2023-11-21,34.107662200927734,34.334999084472656,34.4900016784668,34.040000915527344,34.45500183105469,8832800,QLD
2023-11-22,34.400718688964844,34.630001068115234,35.150001525878906,34.439998626708984,34.709999084472656,11136200,QLD
2023-11-24,34.2815055847168,34.5099983215332,34.64500045776367,34.334999084472656,34.529998779296875,2595000,QLD
2023-11-27,34.221900939941406,34.45000076293945,34.79999923706055,34.29499816894531,34.41999816894531,4448200,QLD
2023-11-28,34.39077377319336,34.619998931884766,34.724998474121094,34.2400016784668,34.314998626708984,6934600,QLD
2023-11-29,34.311309814453125,34.540000915527344,35.314998626708984,34.4900016784668,35.060001373291016,9940200,QLD
2023-11-30,34.127532958984375,34.35499954223633,34.650001525878906,33.81999969482422,34.58000183105469,7866800,QLD
2023-12-01,34.326210021972656,34.55500030517578,34.650001525878906,33.8650016784668,34.150001525878906,7126600,QLD
2023-12-04,33.665611267089844,33.88999938964844,33.939998626708984,33.244998931884766,33.845001220703125,8523400,QLD
2023-12-05,33.82952117919922,34.05500030517578,34.27000045776367,33.52000045776367,33.54999923706055,7302000,QLD
2023-12-06,33.4371337890625,33.65999984741211,34.599998474121094,33.595001220703125,34.58000183105469,5998600,QLD
2023-12-07,34.37588882446289,34.60499954223633,34.724998474121094,33.974998474121094,34.165000915527344,5838800,QLD
2023-12-08,34.64408493041992,34.875,34.96500015258789,34.23500061035156,34.255001068115234,8000800,QLD
2023-12-11,35.240108489990234,35.474998474121094,35.52000045776367,34.77000045776367,34.79499816894531,5527600,QLD
2023-12-12,35.80136489868164,36.040000915527344,36.04999923706055,35.27000045776367,35.474998474121094,5436000,QLD
2023-12-13,36.69541931152344,36.939998626708984,37.04999923706055,36.060001373291016,36.19499969482422,7928800,QLD
2023-12-14,36.61594772338867,36.86000061035156,37.38999938964844,36.29999923706055,37.150001525878906,8718600,QLD
2023-12-15,36.884159088134766,37.130001068115234,37.42499923706055,36.8849983215332,37.005001068115234,8727400,QLD
2023-12-18,37.42057800292969,37.66999816894531,37.834999084472656,37.224998474121094,37.275001525878906,6906800,QLD
2023-12-19,37.78812789916992,38.040000915527344,38.06999969482422,37.71500015258789,37.7400016784668,5965200,QLD
2023-12-20,36.64854431152344,36.85499954223633,38.2400016784668,36.84000015258789,37.86000061035156,8167600,QLD
2023-12-21,37.49876022338867,37.709999084472656,37.76499938964844,37.099998474121094,37.57500076293945,6424600,QLD
2023-12-22,37.603172302246094,37.814998626708984,38.10499954223633,37.459999084472656,37.91999816894531,7050000,QLD
2023-12-26,38.04071807861328,38.255001068115234,38.38999938964844,37.95000076293945,37.959999084472656,3625600,QLD
2023-12-27,38.184898376464844,38.400001525878906,38.46500015258789,38.150001525878906,38.310001373291016,4740400,QLD
2023-12-28,38.115291595458984,38.33000183105469,38.64500045776367,38.279998779296875,38.61000061035156,3925600,QLD
2023-12-29,37.78714370727539,38.0,38.404998779296875,37.650001525878906,38.334999084472656,7528400,QLD
2024-01-02,36.514312744140625,36.720001220703125,37.3650016784668,36.28499984741211,37.31999969482422,9588000,QLD
2024-01-03,35.73371124267578,35.935001373291016,36.415000915527344,35.85499954223633,36.224998474121094,9925800,QLD
2024-01-04,35.34092712402344,35.540000915527344,36.1349983215332,35.5,35.56999969482422,6966000,QLD
2024-01-05,35.430416107177734,35.630001068115234,36.11000061035156,35.369998931884766,35.564998626708984,7603600,QLD
2024-01-08,36.882240295410156,37.09000015258789,37.1349983215332,35.814998626708984,35.84000015258789,7127000,QLD
2024-01-09,37.02642822265625,37.23500061035156,37.400001525878906,36.48500061035156,36.52000045776367,5750000,QLD
2024-01-10,37.50871276855469,37.720001220703125,37.90999984741211,37.1150016784668,37.27000045776367,5419400,QLD
2024-01-11,37.62803649902344,37.84000015258789,38.189998626708984,36.90999984741211,37.939998626708984,7780200,QLD
2024-01-12,37.677757263183594,37.88999938964844,38.19499969482422,37.625,38.04499816894531,6328000,QLD
2024-01-16,37.662837982177734,37.875,38.15999984741211,37.369998931884766,37.64500045776367,7434200,QLD
2024-01-17,37.2203254699707,37.43000030517578,37.5,36.64500045776367,37.244998931884766,9561000,QLD
2024-01-18,38.284332275390625,38.5,38.57500076293945,37.775001525878906,38.0099983215332,9237000,QLD
2024-01-19,39.770965576171875,39.994998931884766,40.02000045776367,38.775001525878906,38.8849983215332,10636800,QLD
2024-01-22,39.87040710449219,40.095001220703125,40.654998779296875,39.97999954223633,40.41999816894531,8290600,QLD
2024-01-23,40.18861389160156,40.415000915527344,40.45000076293945,39.8650016784668,40.21500015258789,5471600,QLD
2024-01-24,40.61620330810547,40.845001220703125,41.625,40.76499938964844,41.154998779296875,11427600,QLD
2024-01-25,40.69575119018555,40.92499923706055,41.45000076293945,40.48500061035156,41.314998626708984,8001600,QLD
2024-01-26,40.19855499267578,40.42499923706055,40.89500045776367,40.31999969482422,40.55500030517578,7150800,QLD
2024-01-29,41.03384780883789,41.26499938964844,41.29499816894531,40.39500045776367,40.51499938964844,6252800,QLD
2024-01-30,40.462074279785156,40.689998626708984,41.15999984741211,40.529998779296875,41.060001373291016,5167600,QLD
2024-01-31,38.880977630615234,39.099998474121094,40.22999954223633,39.06999969482422,39.845001220703125,14639800,QLD
2024-02-01,39.80576705932617,40.029998779296875,40.084999084472656,39.23500061035156,39.41999816894531,9338600,QLD
2024-02-02,41.13826370239258,41.369998931884766,41.584999084472656,40.16999816894531,40.35499954223633,10507400,QLD
2024-02-05,40.98910903930664,41.220001220703125,41.45000076293945,40.560001373291016,41.34000015258789,6399200,QLD
2024-02-06,40.839942932128906,41.06999969482422,41.55500030517578,40.599998474121094,41.43000030517578,6142200,QLD
2024-02-07,41.66032409667969,41.89500045776367,42.05500030517578,41.34000015258789,41.59000015258789,5831400,QLD
2024-02-08,41.79456329345703,42.029998779296875,42.16999816894531,41.7599983215332,41.900001525878906,4085600,QLD
2024-02-09,42.60002899169922,42.84000015258789,42.9900016784668,42.084999084472656,42.23500061035156,5793600,QLD
2024-02-12,42.251991271972656,42.4900016784668,43.244998931884766,42.3650016784668,42.79999923706055,5187200,QLD
2024-02-13,40.92446517944336,41.154998779296875,41.689998626708984,40.540000915527344,40.91999816894531,11005000,QLD
2024-02-14,41.824398040771484,42.060001373291016,42.1349983215332,41.220001220703125,41.67499923706055,7728000,QLD
2024-02-15,42.03322219848633,42.27000045776367,42.3650016784668,41.65999984741211,42.17499923706055,7730000,QLD
2024-02-16,41.27250671386719,41.505001068115234,42.35499954223633,41.369998931884766,42.34000015258789,7759600,QLD
2024-02-20,40.64106750488281,40.869998931884766,41.3849983215332,40.125,41.10499954223633,8186200,QLD
2024-02-21,40.30296325683594,40.529998779296875,40.54499816894531,39.77000045776367,40.31999969482422,7356600,QLD
2024-02-22,42.654720306396484,42.89500045776367,43.07500076293945,42.04999923706055,42.185001373291016,8965600,QLD
2024-02-23,42.38125991821289,42.619998931884766,43.3650016784668,42.42499923706055,43.17499923706055,7262400,QLD
2024-02-26,42.33153533935547,42.56999969482422,42.959999084472656,42.529998779296875,42.75,5209000,QLD
2024-02-27,42.53539276123047,42.775001525878906,42.84000015258789,42.2599983215332,42.779998779296875,4686000,QLD
2024-02-28,42.053104400634766,42.290000915527344,42.56999969482422,42.11000061035156,42.34000015258789,3813000,QLD
2024-02-29,42.77902603149414,43.02000045776367,43.209999084472656,42.224998474121094,42.849998474121094,6100000,QLD
2024-03-01,44.056819915771484,44.30500030517578,44.470001220703125,43.15999984741211,43.16999816894531,6217600,QLD
2024-03-04,43.69883346557617,43.94499969482422,44.36000061035156,43.915000915527344,44.279998779296875,6141600,QLD
2024-03-05,42.14260482788086,42.380001068115234,43.345001220703125,41.900001525878906,43.33000183105469,8465800,QLD
2024-03-06,42.659698486328125,42.900001525878906,43.51499938964844,42.529998779296875,43.19499969482422,6384400,QLD
2024-03-07,43.94246292114258,44.189998626708984,44.42499923706055,43.279998779296875,43.584999084472656,6978400,QLD
2024-03-08,42.63980484008789,42.880001068115234,44.79999923706055,42.7599983215332,44.2400016784668,10652400,QLD
2024-03-11,42.31662368774414,42.55500030517578,42.814998626708984,42.185001373291016,42.584999084472656,8074800,QLD
2024-03-12,43.544708251953125,43.790000915527344,43.849998474121094,42.375,43.01499938964844,7163200,QLD
2024-03-13,42.838680267333984,43.08000183105469,43.56999969482422,42.875,43.55500030517578,4144400,QLD
2024-03-14,42.61494445800781,42.85499954223633,43.415000915527344,42.314998626708984,43.31999969482422,7269800,QLD
2024-03-15,41.58573913574219,41.81999969482422,42.375,41.599998474121094,42.26499938964844,6586800,QLD
2024-03-18,42.37131881713867,42.61000061035156,43.29499816894531,42.564998626708984,42.849998474121094,5561400,QLD
2024-03-19,42.5702018737793,42.810001373291016,42.88999938964844,41.79999923706055,42.20500183105469,4733800,QLD
2024-03-20,43.5826416015625,43.79999923706055,43.86000061035156,42.68000030517578,43.01499938964844,9219800,QLD
2024-03-21,43.96076202392578,44.18000030517578,44.869998931884766,44.14500045776367,44.78499984741211,6303000,QLD
2024-03-22,44.0353889465332,44.255001068115234,44.505001068115234,43.915000915527344,44.07500076293945,5832000,QLD
2024-03-25,43.726924896240234,43.94499969482422,44.25,43.51499938964844,43.70500183105469,4242400,QLD
2024-03-26,43.443336486816406,43.65999984741211,44.43000030517578,43.619998931884766,44.255001068115234,5007600,QLD
2024-03-27,43.731910705566406,43.95000076293945,44.2599983215332,43.35499954223633,44.244998931884766,6829600,QLD
2024-03-28,43.522945404052734,43.7400016784668,44.08000183105469,43.689998626708984,43.915000915527344,5932000,QLD
2024-04-01,43.726924896240234,43.94499969482422,44.44499969482422,43.55500030517578,43.92499923706055,5497800,QLD
2024-04-02,42.95079803466797,43.165000915527344,43.224998474121094,42.560001373291016,42.959999084472656,5965400,QLD
2024-04-03,43.11995315551758,43.334999084472656,43.720001220703125,42.72999954223633,42.744998931884766,5091600,QLD
2024-04-04,41.77665328979492,41.98500061035156,44.279998779296875,41.959999084472656,44.165000915527344,9408600,QLD
2024-04-05,42.77169418334961,42.98500061035156,43.505001068115234,42.125,42.27000045776367,9035800,QLD
2024-04-08,42.796566009521484,43.0099983215332,43.369998931884766,42.72999954223633,43.15999984741211,5717400,QLD
2024-04-09,43.0950813293457,43.310001373291016,43.5099983215332,42.380001068115234,43.45500183105469,7480000,QLD
2024-04-10,42.30899429321289,42.52000045776367,42.71500015258789,42.13999938964844,42.28499984741211,9474200,QLD
2024-04-11,43.67717742919922,43.89500045776367,44.060001373291016,42.45000076293945,42.89500045776367,6481000,QLD
2024-04-12,42.26422119140625,42.474998474121094,43.25,42.20000076293945,43.029998779296875,9770200,QLD
2024-04-15,40.85624313354492,41.060001373291016,43.209999084472656,40.904998779296875,43.20000076293945,20375400,QLD
2024-04-16,40.85624313354492,41.060001373291016,41.56999969482422,40.80500030517578,41.029998779296875,8559200,QLD
2024-04-17,39.856231689453125,40.05500030517578,41.439998626708984,39.880001068115234,41.43000030517578,8073600,QLD
2024-04-18,39.36865997314453,39.564998626708984,40.47999954223633,39.470001220703125,40.1349983215332,7749600,QLD
2024-04-19,37.7517204284668,37.939998626708984,39.435001373291016,37.63999938964844,39.34000015258789,11067200,QLD
2024-04-22,38.4930305480957,38.685001373291016,39.119998931884766,37.79999923706055,38.415000915527344,8090000,QLD
2024-04-23,39.647274017333984,39.845001220703125,40.05500030517578,38.97999954223633,39.04499816894531,6423000,QLD
2024-04-24,39.905982971191406,40.10499954223633,40.70000076293945,39.67499923706055,40.415000915527344,6341800,QLD
2024-04-25,39.48309326171875,39.68000030517578,39.845001220703125,38.5,38.70500183105469,7856200,QLD
2024-04-26,40.71196365356445,40.915000915527344,41.19499969482422,40.150001525878906,40.27000045776367,16079800,QLD
2024-04-29,41.02539825439453,41.22999954223633,41.41999816894531,40.70500183105469,41.29999923706055,5073000,QLD
2024-04-30,39.463191986083984,39.65999984741211,41.17499923706055,39.65999984741211,40.904998779296875,5158400,QLD
2024-05-01,38.88109588623047,39.07500076293945,40.69499969482422,38.93000030517578,39.375,11989600,QLD
2024-05-02,39.861209869384766,40.060001373291016,40.224998474121094,38.89500045776367,39.7599983215332,5431600,QLD
2024-05-03,41.453269958496094,41.65999984741211,41.869998931884766,41.16999816894531,41.474998474121094,5837800,QLD
2024-05-06,42.37864685058594,42.59000015258789,42.59000015258789,41.86000061035156,42.0099983215332,4026800,QLD
2024-05-07,42.35874557495117,42.56999969482422,42.89500045776367,42.439998626708984,42.650001525878906,3822800,QLD
2024-05-08,42.31398010253906,42.525001525878906,42.790000915527344,42.040000915527344,42.060001373291016,2550200,QLD
2024-05-09,42.468196868896484,42.68000030517578,42.790000915527344,42.20000076293945,42.560001373291016,2669000,QLD
2024-05-10,42.672183990478516,42.8849983215332,43.310001373291016,42.57500076293945,42.970001220703125,4574000,QLD
2024-05-13,42.861244201660156,43.07500076293945,43.2599983215332,42.790000915527344,43.2400016784668,3147400,QLD
2024-05-14,43.39358901977539,43.61000061035156,43.71500015258789,42.935001373291016,42.959999084472656,5012600,QLD
2024-05-15,44.726932525634766,44.95000076293945,45.0099983215332,43.79499816894531,44.099998474121094,6462600,QLD
2024-05-16,44.54286193847656,44.76499938964844,45.29499816894531,44.72999954223633,44.904998779296875,4388000,QLD
2024-05-17,44.49808120727539,44.720001220703125,44.89500045776367,44.27000045776367,44.779998779296875,4363200,QLD
2024-05-20,45.10505676269531,45.33000183105469,45.459999084472656,44.709999084472656,44.73500061035156,3577200,QLD
2024-05-21,45.25928497314453,45.48500061035156,45.529998779296875,44.904998779296875,44.94499969482422,2838200,QLD
2024-05-22,45.244354248046875,45.470001220703125,45.685001373291016,44.939998626708984,45.529998779296875,4075200,QLD
2024-05-23,44.80653762817383,45.029998779296875,46.404998779296875,44.65999984741211,46.39500045776367,7033400,QLD
2024-05-24,45.65232467651367,45.880001068115234,46.1150016784668,45.20000076293945,45.334999084472656,4924400,QLD
2024-05-28,45.97571563720703,46.20500183105469,46.21500015258789,45.6150016784668,46.099998474121094,3476600,QLD
2024-05-29,45.328941345214844,45.55500030517578,45.904998779296875,45.334999084472656,45.334999084472656,3680200,QLD
2024-05-30,44.3388786315918,44.560001373291016,45.369998931884766,44.29499816894531,45.349998474121094,3318000,QLD
2024-05-31,44.3388786315918,44.560001373291016,44.720001220703125,42.8650016784668,44.58000183105469,5934000,QLD
2024-06-03,44.62246322631836,44.845001220703125,45.32500076293945,43.810001373291016,45.119998931884766,4175800,QLD
2024-06-04,44.846343994140625,45.06999969482422,45.310001373291016,44.435001373291016,44.779998779296875,3824000,QLD
2024-06-05,46.65731430053711,46.88999938964844,46.900001525878906,45.560001373291016,45.790000915527344,4699200,QLD
2024-06-06,46.61750793457031,46.849998474121094,47.07500076293945,46.6150016784668,47.02000045776367,3274600,QLD
2024-06-07,46.508056640625,46.7400016784668,47.29999923706055,46.51499938964844,46.7400016784668,3349000,QLD
2024-06-10,46.876220703125,47.11000061035156,47.165000915527344,46.44499969482422,46.5,2651800,QLD
2024-06-11,47.49812698364258,47.73500061035156,47.76499938964844,46.529998779296875,46.834999084472656,3227800,QLD
2024-06-12,48.74689865112305,48.9900016784668,49.470001220703125,48.404998779296875,48.540000915527344,4820800,QLD
2024-06-13,49.249385833740234,49.494998931884766,49.845001220703125,49.03499984741211,49.71500015258789,3417800,QLD
2024-06-14,49.73695755004883,49.98500061035156,50.005001068115234,49.349998474121094,49.435001373291016,3886600,QLD
2024-06-17,50.945926666259766,51.20000076293945,51.584999084472656,49.76499938964844,50.029998779296875,4282400,QLD
2024-06-18,50.96085739135742,51.21500015258789,51.3650016784668,50.849998474121094,51.185001373291016,4113800,QLD
2024-06-20,50.14989471435547,50.400001525878906,51.54999923706055,50.04499816894531,51.470001220703125,5670000,QLD
2024-06-21,49.851375579833984,50.099998474121094,50.6150016784668,49.81999969482422,50.334999084472656,3283200,QLD
2024-06-24,48.731964111328125,48.974998474121094,50.220001220703125,48.94499969482422,49.86000061035156,4279200,QLD
2024-06-25,49.8414306640625,50.09000015258789,50.14500045776367,49.224998474121094,49.404998779296875,3653400,QLD
2024-06-26,50.043643951416016,50.2400016784668,50.345001220703125,49.78499984741211,49.849998474121094,2900400,QLD
2024-06-27,50.272743225097656,50.470001220703125,50.79499816894531,50.0,50.17499923706055,3387600,QLD
2024-06-28,49.7099494934082,49.904998779296875,51.630001068115234,49.810001373291016,50.619998931884766,6420200,QLD
2024-07-01,50.317569732666016,50.51499938964844,50.625,49.34000015258789,50.1150016784668,4247800,QLD
2024-07-02,51.358482360839844,51.560001373291016,51.560001373291016,50.15999984741211,50.18000030517578,4374400,QLD
2024-07-03,52.19021987915039,52.39500045776367,52.42499923706055,51.380001068115234,51.380001068115234,3810600,QLD
2024-07-05,53.25105285644531,53.459999084472656,53.55500030517578,52.48500061035156,52.54999923706055,5120400,QLD
2024-07-08,53.51502227783203,53.724998474121094,53.82500076293945,53.33000183105469,53.53499984741211,4022000,QLD
2024-07-09,53.569801330566406,53.779998779296875,54.27000045776367,53.46500015258789,54.025001525878906,3915600,QLD
2024-07-10,54.700374603271484,54.915000915527344,55.02000045776367,53.915000915527344,54.20000076293945,4492400,QLD
2024-07-11,52.26492691040039,52.470001220703125,54.95500183105469,52.220001220703125,54.915000915527344,11170200,QLD
2024-07-12,52.857601165771484,53.064998626708984,54.09000015258789,52.4900016784668,52.584999084472656,6546000,QLD
2024-07-15,53.15144348144531,53.36000061035156,54.38999938964844,52.900001525878906,53.45000076293945,5799400,QLD
2024-07-16,53.18132400512695,53.38999938964844,53.82500076293945,52.689998626708984,53.650001525878906,4686000,QLD
2024-07-17,50.04861831665039,50.244998931884766,51.73500061035156,50.224998474121094,51.6349983215332,8610600,QLD
2024-07-18,49.5555534362793,49.75,51.040000915527344,49.08000183105469,50.994998931884766,6969000,QLD
2024-07-19,48.654090881347656,48.845001220703125,50.165000915527344,48.57500076293945,49.66999816894531,7341400,QLD
2024-07-22,50.07850646972656,50.275001525878906,50.4900016784668,49.345001220703125,50.04499816894531,5351000,QLD
2024-07-23,49.73485565185547,49.93000030517578,50.709999084472656,49.82500076293945,50.084999084472656,3006000,QLD
2024-07-24,46.13895797729492,46.31999969482422,48.560001373291016,46.150001525878906,48.505001068115234,8864800,QLD
2024-07-25,45.1279296875,45.30500030517578,47.22999954223633,44.775001525878906,46.39500045776367,10057400,QLD
2024-07-26,46.03935623168945,46.220001220703125,46.779998779296875,45.57500076293945,46.13999938964844,5543200,QLD
2024-07-29,46.178810119628906,46.36000061035156,47.16999816894531,45.92499923706055,46.7400016784668,4943200,QLD
2024-07-30,44.90380859375,45.08000183105469,46.89500045776367,44.42499923706055,46.7599983215332,7852200,QLD
2024-07-31,47.568355560302734,47.755001068115234,48.09000015258789,46.849998474121094,47.130001068115234,8010600,QLD
2024-08-01,45.26738357543945,45.44499969482422,48.6349983215332,44.68000030517578,47.880001068115234,10456200,QLD
2024-08-02,43.08095932006836,43.25,44.189998626708984,42.41999816894531,43.689998626708984,23179600,QLD
2024-08-05,40.585750579833984,40.744998931884766,42.0,38.380001068115234,38.595001220703125,13239600,QLD
2024-08-06,41.28799819946289,41.45000076293945,42.83000183105469,40.5,41.029998779296875,9835400,QLD
2024-08-07,40.37158966064453,40.529998779296875,43.20500183105469,40.45000076293945,42.744998931884766,10463400,QLD
2024-08-08,42.85186004638672,43.02000045776367,43.15999984741211,40.959999084472656,41.689998626708984,9644800,QLD
2024-08-09,43.285160064697266,43.45500183105469,43.7400016784668,42.5099983215332,42.720001220703125,5869400,QLD
2024-08-12,43.44453048706055,43.6150016784668,44.18000030517578,43.05500030517578,43.595001220703125,5364200,QLD
2024-08-13,45.58613204956055,45.76499938964844,45.79999923706055,44.42499923706055,44.45000076293945,5930200,QLD
2024-08-14,45.620994567871094,45.79999923706055,46.25,44.935001373291016,45.935001373291016,5412800,QLD
2024-08-15,47.902042388916016,48.09000015258789,48.15999984741211,46.89500045776367,46.974998474121094,5241000,QLD
2024-08-16,47.98670959472656,48.17499923706055,48.45500183105469,47.494998931884766,47.689998626708984,5839400,QLD
2024-08-19,49.24676513671875,49.439998626708984,49.45000076293945,47.82500076293945,48.20500183105469,5369000,QLD
2024-08-20,49.027626037597656,49.220001220703125,49.775001525878906,48.869998931884766,49.244998931884766,10537400,QLD
2024-08-21,49.50076675415039,49.69499969482422,50.04999923706055,49.02000045776367,49.380001068115234,4822600,QLD
2024-08-22,47.892086029052734,48.08000183105469,50.28499984741211,47.8849983215332,50.14500045776367,6161400,QLD
2024-08-23,48.923038482666016,49.1150016784668,49.66999816894531,48.150001525878906,48.95500183105469,6503200,QLD
2024-08-26,47.95682907104492,48.14500045776367,49.16999816894531,47.720001220703125,48.91999816894531,4811000,QLD
2024-08-27,48.240718841552734,48.43000030517578,48.6349983215332,47.40999984741211,47.810001373291016,5530400,QLD
2024-08-28,47.125099182128906,47.310001373291016,48.459999084472656,46.60499954223633,48.314998626708984,14859200,QLD
2024-08-29,46.980655670166016,47.165000915527344,48.625,46.92499923706055,47.689998626708984,8166400,QLD
2024-08-30,48.08631896972656,48.275001525878906,48.3650016784668,47.099998474121094,48.005001068115234,3913800,QLD
2024-09-03,45.13290786743164,45.310001373291016,47.63999938964844,44.84000015258789,47.61000061035156,8750200,QLD
2024-09-04,44.89384460449219,45.06999969482422,45.80500030517578,44.4900016784668,44.685001373291016,6797600,QLD
2024-09-05,44.983489990234375,45.15999984741211,45.98500061035156,44.540000915527344,44.724998474121094,6771600,QLD
2024-09-06,42.55303955078125,42.720001220703125,45.14500045776367,42.599998474121094,44.974998474121094,7841000,QLD
2024-09-09,43.61885452270508,43.790000915527344,43.970001220703125,42.904998779296875,43.52000045776367,4455400,QLD
2024-09-10,44.410743713378906,44.584999084472656,44.68000030517578,43.345001220703125,44.130001068115234,4513400,QLD
2024-09-11,46.30331802368164,46.48500061035156,46.654998779296875,43.150001525878906,44.814998626708984,21973600,QLD
2024-09-12,47.249603271484375,47.435001373291016,47.584999084472656,46.154998779296875,46.505001068115234,6297600,QLD
2024-09-13,47.62811279296875,47.814998626708984,48.04999923706055,47.20000076293945,47.25,5788400,QLD
2024-09-16,47.194820404052734,47.380001068115234,47.505001068115234,46.72999954223633,47.380001068115234,4989400,QLD
2024-09-17,47.244625091552734,47.43000030517578,48.23500061035156,46.935001373291016,47.9900016784668,5042400,QLD
2024-09-18,46.80135726928711,46.98500061035156,48.47999954223633,46.88999938964844,47.65999984741211,9610800,QLD
2024-09-19,49.19198226928711,49.3849983215332,49.95500183105469,48.814998626708984,49.2400016784668,7565600,QLD
2024-09-20,48.967864990234375,49.15999984741211,49.41999816894531,48.32500076293945,49.185001373291016,4389000,QLD
2024-09-23,49.22684097290039,49.41999816894531,49.64500045776367,49.130001068115234,49.404998779296875,3702200,QLD
2024-09-24,49.69500732421875,49.88999938964844,50.08000183105469,48.83000183105469,49.70000076293945,6006600,QLD
2024-09-25,49.81509780883789,49.98500061035156,50.349998474121094,49.689998626708984,49.72999954223633,3107800,QLD
2024-09-26,50.52268600463867,50.69499969482422,51.560001373291016,49.939998626708984,51.494998931884766,5234800,QLD
2024-09-27,49.92970657348633,50.099998474121094,50.900001525878906,49.86000061035156,50.89500045776367,4736400,QLD
2024-09-30,50.17885971069336,50.349998474121094,50.43000030517578,49.29999923706055,49.8849983215332,6042400,QLD
2024-10-01,48.758697509765625,48.92499923706055,50.334999084472656,48.154998779296875,50.275001525878906,7386000,QLD
2024-10-02,48.92314147949219,49.09000015258789,49.474998474121094,48.224998474121094,48.75,3421400,QLD
2024-10-03,48.84341049194336,49.0099983215332,49.60499954223633,48.474998474121094,48.625,5250000,QLD
2024-10-04,50.004451751708984,50.17499923706055,50.25,49.13999938964844,50.17499923706055,6669600,QLD
2024-10-07,48.878292083740234,49.04499816894531,49.959999084472656,48.810001373291016,49.779998779296875,4444200,QLD
2024-10-08,50.338314056396484,50.5099983215332,50.654998779296875,49.42499923706055,49.56999969482422,3400000,QLD
2024-10-09,51.120643615722656,51.29499816894531,51.415000915527344,50.23500061035156,50.44499969482422,4126400,QLD
2024-10-10,51.01102066040039,51.185001373291016,51.55500030517578,50.540000915527344,50.810001373291016,4275200,QLD
2024-10-11,51.115665435791016,51.290000915527344,51.5099983215332,50.63999938964844,50.7599983215332,4889400,QLD
2024-10-14,51.97274398803711,52.150001525878906,52.439998626708984,51.69499969482422,51.810001373291016,9945800,QLD
2024-10-15,50.57749557495117,50.75,52.35499954223633,50.29999923706055,52.220001220703125,10941800,QLD
2024-10-16,50.592445373535156,50.76499938964844,50.91999816894531,50.08000183105469,50.80500030517578,9462600,QLD
2024-10-17,50.672176361083984,50.845001220703125,51.904998779296875,50.81999969482422,51.89500045776367,3931800,QLD
2024-10-18,51.290069580078125,51.46500015258789,51.69499969482422,51.224998474121094,51.380001068115234,2761800,QLD
2024-10-21,51.484397888183594,51.65999984741211,51.81999969482422,50.790000915527344,51.20500183105469,4592800,QLD
2024-10-22,51.58406066894531,51.7599983215332,52.064998626708984,50.91999816894531,51.084999084472656,3890600,QLD
2024-10-23,49.989501953125,50.15999984741211,51.380001068115234,49.470001220703125,51.25,4582600,QLD
2024-10-24,50.79176330566406,50.96500015258789,51.099998474121094,50.380001068115234,50.90999984741211,3311600,QLD
2024-10-25,51.374778747558594,51.54999923706055,52.58000183105469,51.380001068115234,51.529998779296875,6929000,QLD
2024-10-28,51.394710540771484,51.56999969482422,52.21500015258789,51.5099983215332,52.21500015258789,3535600,QLD
2024-10-29,52.36639404296875,52.54499816894531,52.79499816894531,51.2400016784668,51.619998931884766,4629000,QLD
2024-10-30,51.5740966796875,51.75,52.57500076293945,51.654998779296875,52.369998931884766,4261200,QLD
2024-10-31,48.972965240478516,49.13999938964844,50.904998779296875,49.119998931884766,50.904998779296875,8799200,QLD
2024-11-01,49.6556396484375,49.82500076293945,50.505001068115234,49.375,49.41999816894531,5359200,QLD
2024-11-04,49.34669494628906,49.51499938964844,50.220001220703125,49.17499923706055,49.70000076293945,4660600,QLD
2024-11-05,50.607391357421875,50.779998779296875,50.91999816894531,49.83000183105469,49.85499954223633,4177600,QLD
2024-11-06,53.35801315307617,53.540000915527344,53.70000076293945,52.29999923706055,52.5099983215332,9537200,QLD
2024-11-07,55.03728103637695,55.224998474121094,55.380001068115234,54.1150016784668,54.125,5141600,QLD
2024-11-08,55.11203384399414,55.29999923706055,55.46500015258789,54.95000076293945,55.05500030517578,3458600,QLD
2024-11-11,55.042274475097656,55.22999954223633,55.599998474121094,54.61000061035156,55.54499816894531,5074800,QLD
2024-11-12,54.847930908203125,55.03499984741211,55.404998779296875,54.375,55.209999084472656,4291400,QLD
2024-11-13,54.69346237182617,54.880001068115234,55.459999084472656,54.400001525878906,54.915000915527344,3293600,QLD
2024-11-14,53.90614700317383,54.09000015258789,54.97999954223633,53.91999816894531,54.79499816894531,3939000,QLD
2024-11-15,51.30003356933594,51.474998474121094,52.93000030517578,51.05500030517578,52.86000061035156,7093800,QLD
2024-11-18,52.032535552978516,52.209999084472656,52.650001525878906,51.529998779296875,51.814998626708984,4297800,QLD
2024-11-19,52.72517013549805,52.904998779296875,53.02000045776367,51.59000015258789,51.63999938964844,4783200,QLD
2024-11-20,52.66039276123047,52.84000015258789,52.904998779296875,51.45000076293945,52.84000015258789,5953400,QLD
2024-11-21,53.04408264160156,53.224998474121094,53.6150016784668,51.67499923706055,53.47999954223633,5367000,QLD
2024-11-22,53.17863082885742,53.36000061035156,53.505001068115234,52.7400016784668,53.06999969482422,3869800,QLD
2024-11-25,53.34307098388672,53.525001525878906,54.54999923706055,53.03499984741211,54.224998474121094,4661800,QLD
2024-11-26,53.901161193847656,54.084999084472656,54.255001068115234,53.654998779296875,53.83000183105469,3162600,QLD
2024-11-27,53.04408264160156,53.224998474121094,53.834999084472656,52.5,53.834999084472656,3628200,QLD
2024-11-29,53.92109680175781,54.10499954223633,54.244998931884766,53.19499969482422,53.30500030517578,2598400,QLD
2024-12-02,55.09708023071289,55.28499984741211,55.505001068115234,54.314998626708984,54.3849983215332,5273000,QLD
2024-12-03,55.44589614868164,55.6349983215332,55.67499923706055,54.88999938964844,54.98500061035156,3279200,QLD
2024-12-04,56.796287536621094,56.9900016784668,57.03499984741211,56.21500015258789,56.36000061035156,4539200,QLD
2024-12-05,56.482357025146484,56.67499923706055,57.150001525878906,56.584999084472656,56.98500061035156,2433600,QLD
2024-12-06,57.468994140625,57.665000915527344,57.70500183105469,56.77000045776367,56.78499984741211,4528000,QLD
2024-12-09,56.547142028808594,56.7400016784668,57.60499954223633,56.4900016784668,57.41999816894531,4050400,QLD
2024-12-10,56.133548736572266,56.32500076293945,57.3849983215332,56.040000915527344,56.98500061035156,4187600,QLD
2024-12-11,58.156646728515625,58.35499954223633,58.505001068115234,57.209999084472656,57.279998779296875,3927200,QLD
2024-12-12,57.394248962402344,57.59000015258789,58.130001068115234,57.494998931884766,57.85499954223633,3539800,QLD
2024-12-13,58.24135971069336,58.439998626708984,59.01499938964844,57.75,58.43000030517578,3579000,QLD
2024-12-16,59.920631408691406,60.125,60.34000015258789,58.98500061035156,59.005001068115234,4078600,QLD
2024-12-17,59.387454986572266,59.59000015258789,59.95500183105469,59.220001220703125,59.709999084472656,4227000,QLD
2024-12-18,55.10206604003906,55.290000915527344,59.80500030517578,54.95000076293945,59.41999816894531,9103000,QLD
2024-12-19,54.56889343261719,54.755001068115234,56.38999938964844,54.69499969482422,56.27000045776367,9644600,QLD
2024-12-20,55.53559112548828,55.724998474121094,57.005001068115234,53.69499969482422,53.939998626708984,9987600,QLD
2024-12-23,56.57810592651367,56.7400016784668,56.810001373291016,55.290000915527344,56.01499938964844,4810400,QLD
2024-12-24,58.10374069213867,58.27000045776367,58.27000045776367,57.0099983215332,57.14500045776367,2841800,QLD
2024-12-26,57.99903869628906,58.165000915527344,58.529998779296875,57.439998626708984,57.8849983215332,3195600,QLD
2024-12-27,56.4185676574707,56.58000183105469,57.435001373291016,55.564998626708984,57.35499954223633,6193600,QLD
2024-12-30,54.90788269042969,55.064998626708984,55.8849983215332,54.2599983215332,55.04499816894531,6596400,QLD
2024-12-31,53.965576171875,54.119998931884766,55.494998931884766,53.91999816894531,55.334999084472656,6637600,QLD
2025-01-02,53.726261138916016,53.880001068115234,55.25,52.95000076293945,54.77000045776367,8256800,QLD
2025-01-03,55.48124313354492,55.63999938964844,55.85499954223633,54.36000061035156,54.53499984741211,6843400,QLD
2025-01-06,56.74263000488281,56.904998779296875,57.625,56.369998931884766,56.790000915527344,5248000,QLD
2025-01-07,54.698482513427734,54.85499954223633,57.20000076293945,54.45500183105469,57.150001525878906,6579800,QLD
2025-01-08,54.70845413208008,54.8650016784668,55.220001220703125,53.875,54.845001220703125,6203000,QLD
2025-01-10,52.96345138549805,53.1150016784668,54.04999923706055,52.42499923706055,54.04999923706055,24778400,QLD
2025-01-13,52.634395599365234,52.78499984741211,52.86000061035156,51.54499816894531,51.83000183105469,4882000,QLD
2025-01-14,52.509742736816406,52.65999984741211,53.709999084472656,51.93000030517578,53.435001373291016,5988800,QLD
2025-01-15,54.882957458496094,55.040000915527344,55.310001373291016,53.9900016784668,54.310001373291016,6318000,QLD
2025-01-16,54.15005111694336,54.30500030517578,55.564998626708984,54.279998779296875,55.55500030517578,4321600,QLD
2025-01-17,55.93494415283203,56.095001220703125,56.45500183105469,55.5,56.369998931884766,5983600,QLD
2025-01-21,56.5382194519043,56.70000076293945,57.0,55.72999954223633,56.685001373291016,6641400,QLD
2025-01-22,58.01399612426758,58.18000030517578,58.685001373291016,57.709999084472656,57.755001068115234,20804400,QLD
2025-01-23,58.26826858520508,58.435001373291016,58.439998626708984,57.505001068115234,57.630001068115234,4767200,QLD
2025-01-24,57.58023452758789,57.744998931884766,58.650001525878906,57.415000915527344,58.47999954223633,4596000,QLD
2025-01-27,54.174983978271484,54.33000183105469,55.18000030517578,53.474998474121094,53.665000915527344,12186000,QLD
2025-01-28,55.80531692504883,55.96500015258789,56.20500183105469,53.84000015258789,54.56999969482422,5140200,QLD
2025-01-29,55.58095932006836,55.7400016784668,56.099998474121094,54.900001525878906,56.095001220703125,3849000,QLD
2025-01-30,56.04463577270508,56.20500183105469,56.849998474121094,55.17499923706055,56.36000061035156,5598400,QLD
2025-01-31,55.84519958496094,56.005001068115234,57.98500061035156,55.78499984741211,57.029998779296875,5608600,QLD
2025-02-03,54.95774459838867,55.1150016784668,55.69499969482422,53.59000015258789,54.125,6997800,QLD
2025-02-04,56.29890060424805,56.459999084472656,56.58000183105469,55.130001068115234,55.19499969482422,3644400,QLD
2025-02-05,56.79249572753906,56.95500183105469,56.994998931884766,55.6150016784668,55.875,3631400,QLD
2025-02-06,57.3658447265625,57.529998779296875,57.584999084472656,56.71500015258789,57.05500030517578,3693400,QLD
2025-02-07,55.91500473022461,56.07500076293945,58.05500030517578,55.904998779296875,57.64500045776367,4503400,QLD
2025-02-10,57.231239318847656,57.39500045776367,57.63999938964844,56.880001068115234,56.98500061035156,2721000,QLD
2025-02-11,56.962005615234375,57.125,57.540000915527344,56.665000915527344,56.685001373291016,2220400,QLD
2025-02-12,57.02682113647461,57.189998626708984,57.380001068115234,55.82500076293945,55.8849983215332,4213400,QLD
2025-02-13,58.65217208862305,58.81999969482422,58.8849983215332,57.375,57.55500030517578,5266000,QLD
2025-02-14,59.100887298583984,59.27000045776367,59.43000030517578,58.7400016784668,58.79499816894531,6285600,QLD
2025-02-18,59.360145568847656,59.529998779296875,59.68000030517578,58.80500030517578,59.630001068115234,6538600,QLD
2025-02-19,59.39006042480469,59.560001373291016,59.834999084472656,58.900001525878906,59.35499954223633,2730400,QLD
2025-02-20,58.861568450927734,59.029998779296875,59.45500183105469,57.994998931884766,59.375,4167600,QLD
2025-02-21,56.40858459472656,56.56999969482422,59.27000045776367,56.4900016784668,59.27000045776367,5246200,QLD
2025-02-24,55.0474853515625,55.20500183105469,57.17499923706055,55.14500045776367,56.94499969482422,6613400,QLD
2025-02-25,53.6514778137207,53.80500030517578,55.09000015258789,53.0,55.07500076293945,7208600,QLD
2025-02-26,53.89577865600586,54.04999923706055,55.1349983215332,53.400001525878906,54.28499984741211,5547000,QLD
2025-02-27,50.92428207397461,51.06999969482422,55.005001068115234,51.02000045776367,54.82500076293945,20766000,QLD
2025-02-28,52.494789123535156,52.64500045776367,52.7599983215332,50.36000061035156,51.005001068115234,9041600,QLD
2025-03-03,50.2512092590332,50.39500045776367,53.650001525878906,49.6150016784668,53.33000183105469,9457800,QLD
2025-03-04,49.88227081298828,50.025001525878906,51.67499923706055,48.439998626708984,49.755001068115234,12562400,QLD
2025-03-05,51.18852996826172,51.334999084472656,51.63999938964844,49.150001525878906,50.13999938964844,10075400,QLD
2025-03-06,48.37158966064453,48.5099983215332,50.599998474121094,48.07500076293945,49.595001220703125,7609000,QLD
2025-03-07,49.03968048095703,49.18000030517578,49.46500015258789,46.95000076293945,48.244998931884766,8447400,QLD
2025-03-10,45.3253059387207,45.45500183105469,47.595001220703125,44.54499816894531,47.5,9306200,QLD
2025-03-11,44.996246337890625,45.125,46.5,44.25,45.2400016784668,9621800,QLD
2025-03-12,46.03327560424805,46.165000915527344,46.92499923706055,45.154998779296875,46.564998626708984,7135000,QLD
2025-03-13,44.34810256958008,44.474998474121094,46.0,44.09000015258789,45.9900016784668,7399200,QLD
2025-03-14,46.46205139160156,46.595001220703125,46.755001068115234,45.35499954223633,45.46500015258789,6040400,QLD
2025-03-17,47.06033706665039,47.19499969482422,47.81999969482422,46.22999954223633,46.56999969482422,33021400,QLD
2025-03-18,45.46989059448242,45.599998474121094,46.53499984741211,45.150001525878906,46.53499984741211,5057800,QLD
2025-03-19,46.62657928466797,46.7599983215332,47.625,45.625,45.994998931884766,6574800,QLD
2025-03-20,46.31746292114258,46.45000076293945,47.47999954223633,45.85499954223633,45.97999954223633,5467000,QLD
2025-03-21,46.64652633666992,46.779998779296875,46.875,45.22999954223633,45.44499969482422,6196000,QLD
2025-03-24,48.61090087890625,48.75,48.935001373291016,48.084999084472656,48.21500015258789,6242600,QLD
2025-03-25,49.18925094604492,49.33000183105469,49.349998474121094,48.73500061035156,48.915000915527344,4001000,QLD
2025-03-26,47.38194274902344,47.505001068115234,49.244998931884766,47.185001373291016,49.09000015258789,6238600,QLD
2025-03-27,46.81840515136719,46.939998626708984,47.915000915527344,46.685001373291016,47.09000015258789,6267400,QLD
2025-03-28,44.35480880737305,44.470001220703125,46.70000076293945,44.279998779296875,46.57500076293945,8245800,QLD
2025-03-31,44.32487869262695,44.439998626708984,44.61000061035156,42.224998474121094,43.1150016784668,31218600,QLD
2025-04-01,45.0180778503418,45.1349983215332,45.310001373291016,43.58000183105469,44.119998931884766,9454400,QLD
2025-04-02,45.676368713378906,45.79499816894531,46.45000076293945,43.84000015258789,43.880001068115234,8060800,QLD
2025-04-03,40.79405212402344,40.900001525878906,42.685001373291016,40.79499816894531,41.9900016784668,10364800,QLD
2025-04-04,35.811988830566406,35.904998779296875,38.97999954223633,35.875,38.59000015258789,21589800,QLD
2025-04-07,35.91671371459961,36.0099983215332,39.25,32.36000061035156,33.35499954223633,24840600,QLD
2025-04-08,34.5801887512207,34.66999816894531,39.25,33.595001220703125,38.44499969482422,23193200,QLD
2025-04-09,42.7040901184082,42.814998626708984,43.25,34.54999923706055,34.564998626708984,37896400,QLD
2025-04-10,39.21315383911133,39.314998626708984,41.029998779296875,36.814998626708984,40.68000030517578,17448400,QLD
2025-04-11,40.59955596923828,40.70500183105469,40.96500015258789,38.439998626708984,39.060001373291016,9625800,QLD
2025-04-14,41.16309356689453,41.27000045776367,42.625,40.40999984741211,42.529998779296875,11640800,QLD
2025-04-15,41.25784683227539,41.3650016784668,42.150001525878906,41.029998779296875,41.459999084472656,6603000,QLD
2025-04-16,38.77928161621094,38.880001068115234,40.380001068115234,37.70000076293945,39.720001220703125,16537400,QLD
2025-04-17,38.71944046020508,38.81999969482422,39.45500183105469,38.349998474121094,39.345001220703125,8891600,QLD
2025-04-21,36.82435989379883,36.91999816894531,37.939998626708984,35.98500061035156,37.78499984741211,9018800,QLD
2025-04-22,38.70447540283203,38.80500030517578,39.345001220703125,37.654998779296875,37.86000061035156,9504400,QLD
2025-04-23,40.42501449584961,40.529998779296875,42.10499954223633,40.279998779296875,41.23500061035156,11145200,QLD
2025-04-24,42.72404098510742,42.834999084472656,42.900001525878906,40.79999923706055,40.904998779296875,8749200,QLD
2025-04-25,43.666587829589844,43.779998779296875,43.8849983215332,42.470001220703125,42.7599983215332,6968200,QLD
2025-04-28,43.64664077758789,43.7599983215332,44.19499969482422,42.56999969482422,43.86000061035156,4880400,QLD
2025-04-29,44.18524169921875,44.29999923706055,44.474998474121094,43.2400016784668,43.310001373291016,4523200,QLD
2025-04-30,44.17526626586914,44.290000915527344,44.619998931884766,41.869998931884766,42.7599983215332,6723800,QLD
2025-05-01,45.2574577331543,45.375,46.51499938964844,45.279998779296875,45.76499938964844,22707800,QLD
2025-05-02,46.64884948730469,46.77000045776367,47.16999816894531,46.03499984741211,46.345001220703125,5397000,QLD
2025-05-05,46.10027313232422,46.220001220703125,46.80500030517578,45.86000061035156,45.96500015258789,3589600,QLD
2025-05-06,45.252471923828125,45.369998931884766,46.040000915527344,44.73500061035156,44.994998931884766,5648800,QLD
2025-05-07,45.591590881347656,45.709999084472656,46.154998779296875,44.46500015258789,45.46500015258789,9409200,QLD
2025-05-08,46.499229431152344,46.619998931884766,47.459999084472656,45.8650016784668,46.66999816894531,6169200,QLD
2025-05-09,46.41944122314453,46.540000915527344,47.224998474121094,46.220001220703125,46.97999954223633,4620200,QLD
2025-05-12,50.199623107910156,50.33000183105469,50.345001220703125,49.1150016784668,50.165000915527344,9100400,QLD
2025-05-13,51.710697174072266,51.845001220703125,52.209999084472656,50.45000076293945,50.59000015258789,7795200,QLD
2025-05-14,52.32909393310547,52.46500015258789,52.57500076293945,51.880001068115234,52.07500076293945,6100800,QLD
2025-05-15,52.44380187988281,52.58000183105469,53.10499954223633,51.77000045776367,52.01499938964844,5064800,QLD
2025-05-16,52.89262771606445,53.029998779296875,53.05500030517578,52.130001068115234,52.849998474121094,5194200,QLD
2025-05-19,52.96743392944336,53.10499954223633,53.209999084472656,51.525001525878906,51.540000915527344,6118800,QLD
2025-05-20,52.588417053222656,52.724998474121094,52.869998931884766,52.005001068115234,52.58000183105469,4190800,QLD
2025-05-21,51.12721252441406,51.2599983215332,53.290000915527344,50.89500045776367,51.915000915527344,7939800,QLD
2025-05-22,51.31672286987305,51.45000076293945,52.18000030517578,51.1150016784668,51.3650016784668,4672800,QLD
2025-05-23,50.339263916015625,50.470001220703125,50.97999954223633,49.7400016784668,49.85499954223633,7199600,QLD
2025-05-27,52.678184509277344,52.814998626708984,52.90999984741211,51.525001525878906,51.81999969482422,4745400,QLD
2025-05-28,52.22935104370117,52.3650016784668,53.314998626708984,52.255001068115234,53.02000045776367,3210600,QLD
2025-05-29,52.41886520385742,52.55500030517578,53.869998931884766,52.03499984741211,53.84000015258789,4067400,QLD
2025-05-30,52.22935104370117,52.3650016784668,52.665000915527344,50.90999984741211,52.43000030517578,5291800,QLD
2025-06-02,53.03226089477539,53.16999816894531,53.224998474121094,51.72999954223633,51.974998474121094,3449800,QLD
2025-06-03,53.87508010864258,54.01499938964844,54.29499816894531,53.06999969482422,53.2400016784668,3973600,QLD
2025-06-04,54.154354095458984,54.29499816894531,54.51499938964844,53.744998931884766,54.1349983215332,3940400,QLD
2025-06-05,53.30655288696289,53.44499969482422,55.15999984741211,53.029998779296875,54.58000183105469,7350400,QLD
2025-06-06,54.33388137817383,54.474998474121094,54.8650016784668,54.150001525878906,54.51499938964844,4288600,QLD
2025-06-09,54.483497619628906,54.625,54.974998474121094,54.29999923706055,54.52000045776367,3214000,QLD
2025-06-10,55.211605072021484,55.35499954223633,55.4900016784668,54.2599983215332,54.71500015258789,4771600,QLD
2025-06-11,54.82760238647461,54.970001220703125,55.875,54.4900016784668,55.630001068115234,8108000,QLD
2025-06-12,55.076961517333984,55.220001220703125,55.415000915527344,54.6349983215332,54.68000030517578,5104200,QLD
2025-06-13,53.66562271118164,53.80500030517578,54.82500076293945,53.54999923706055,53.959999084472656,7400600,QLD
2025-06-16,55.14178466796875,55.28499984741211,55.51499938964844,54.505001068115234,54.5099983215332,5108000,QLD
2025-06-17,54.044639587402344,54.185001373291016,55.084999084472656,53.974998474121094,54.744998931884766,4457800,QLD
2025-06-18,54.01969909667969,54.15999984741211,54.88999938964844,53.845001220703125,54.38999938964844,4966400,QLD
2025-06-20,53.535953521728516,53.67499923706055,55.08000183105469,53.30500030517578,54.810001373291016,5328800,QLD
2025-06-23,54.653053283691406,54.79499816894531,54.88999938964844,53.15999984741211,53.79999923706055,6551600,QLD
2025-06-24,56.30876159667969,56.45500183105469,56.650001525878906,55.744998931884766,55.8650016784668,5531600,QLD
2025-06-25,56.58034896850586,56.665000915527344,57.119998931884766,56.310001373291016,56.8650016784668,5296800,QLD
2025-06-26,57.64875411987305,57.73500061035156,57.82500076293945,56.75,57.1349983215332,5577800,QLD
2025-06-27,58.02818298339844,58.1150016784668,58.505001068115234,57.349998474121094,57.935001373291016,6156000,QLD
2025-06-30,58.7670783996582,58.85499954223633,59.09000015258789,58.29499816894531,58.755001068115234,6690400,QLD
2025-07-01,57.743614196777344,57.83000183105469,58.6349983215332,57.349998474121094,58.42499923706055,6996800,QLD
2025-07-02,58.55738830566406,58.64500045776367,58.685001373291016,57.650001525878906,57.654998779296875,5045200,QLD
2025-07-03,59.65575408935547,59.744998931884766,59.96500015258789,59.10499954223633,59.125,4315000,QLD
2025-07-07,58.762081146240234,58.849998474121094,59.34000015258789,58.32500076293945,59.154998779296875,6357800,QLD
2025-07-08,58.8070182800293,58.89500045776367,59.25,58.650001525878906,59.119998931884766,3404600,QLD
2025-07-09,59.63577651977539,59.724998474121094,60.01499938964844,59.060001373291016,59.334999084472656,4030600,QLD
2025-07-10,59.44606018066406,59.53499984741211,59.93000030517578,58.959999084472656,59.84000015258789,3561200,QLD
2025-07-11,59.1614875793457,59.25,59.58000183105469,58.779998779296875,59.04499816894531,3797200,QLD
2025-07-14,59.565879821777344,59.654998779296875,59.81999969482422,58.685001373291016,59.189998626708984,3245800,QLD
2025-07-15,59.66073989868164,59.75,60.6150016784668,59.744998931884766,60.529998779296875,5046400,QLD
2025-07-16,59.79054641723633,59.880001068115234,60.0099983215332,58.64500045776367,59.8650016784668,5898400,QLD
2025-07-17,60.74911117553711,60.84000015258789,60.94499969482422,59.849998474121094,60.025001525878906,5011800,QLD
2025-07-18,60.59434509277344,60.685001373291016,61.13999938964844,60.415000915527344,61.099998474121094,6542200,QLD
2025-07-21,61.218406677246094,61.310001373291016,61.720001220703125,60.85499954223633,60.869998931884766,4801200,QLD
2025-07-22,60.574371337890625,60.665000915527344,61.34000015258789,60.084999084472656,61.32500076293945,7200800,QLD
2025-07-23,61.11855697631836,61.209999084472656,61.209999084472656,60.29499816894531,60.88999938964844,7623800,QLD
2025-07-24,61.38815689086914,61.47999954223633,61.72999954223633,61.09000015258789,61.494998931884766,5132600,QLD
2025-07-25,61.63279342651367,61.724998474121094,62.01499938964844,61.28499984741211,61.42499923706055,4364600,QLD
2025-07-28,62.02220916748047,62.1150016784668,62.29999923706055,61.845001220703125,62.0099983215332,4544200,QLD
2025-07-29,61.837486267089844,61.93000030517578,62.96500015258789,61.744998931884766,62.66999816894531,5170400,QLD
2025-07-30,61.98226547241211,62.07500076293945,62.6150016784668,61.43000030517578,62.09000015258789,5327400,QLD
2025-07-31,61.293296813964844,61.3849983215332,63.4900016784668,61.14500045776367,63.46500015258789,8180400,QLD
2025-08-01,58.846961975097656,58.935001373291016,60.060001373291016,58.400001525878906,60.025001525878906,9479800,QLD
2025-08-04,61.008724212646484,61.099998474121094,61.14500045776367,60.01499938964844,60.03499984741211,6182400,QLD
2025-08-05,60.16498947143555,60.255001068115234,61.630001068115234,60.150001525878906,61.375,4372200,QLD
2025-08-06,61.6777229309082,61.77000045776367,61.869998931884766,60.345001220703125,60.435001373291016,5789200,QLD
2025-08-07,62.092105865478516,62.185001373291016,63.06999969482422,61.290000915527344,62.709999084472656,6093400,QLD
2025-08-08,63.215423583984375,63.310001373291016,63.36000061035156,62.349998474121094,62.40999984741211,5211800,QLD
2025-08-11,62.80603790283203,62.900001525878906,63.79999923706055,62.63999938964844,63.33000183105469,6339000,QLD
2025-08-12,64.40364074707031,64.5,64.56999969482422,62.849998474121094,63.41999816894531,7203600,QLD
2025-08-13,64.45357513427734,64.55000305175781,65.20999908447266,64.24500274658203,65.09500122070312,5422200,QLD
2025-08-14,64.33873748779297,64.43499755859375,64.88500213623047,64.01000213623047,64.08499908447266,5745800,QLD
2025-08-15,63.73464584350586,63.83000183105469,64.40499877929688,63.46500015258789,64.40499877929688,5608600,QLD
2025-08-18,63.694705963134766,63.790000915527344,63.92499923706055,63.380001068115234,63.630001068115234,3912000,QLD
2025-08-19,61.947322845458984,62.040000915527344,63.630001068115234,61.814998626708984,63.6150016784668,6192400,QLD
2025-08-20,61.19344711303711,61.28499984741211,61.83000183105469,59.7599983215332,61.81999969482422,8544600,QLD
2025-08-21,60.63428497314453,60.724998474121094,61.404998779296875,60.220001220703125,60.935001373291016,4594800,QLD
2025-08-22,62.47652816772461,62.56999969482422,63.005001068115234,60.689998626708984,60.994998931884766,10276000,QLD
2025-08-25,62.10208511352539,62.19499969482422,62.845001220703125,61.94499969482422,62.209999084472656,4631400,QLD
2025-08-26,62.601341247558594,62.69499969482422,62.75,61.86000061035156,62.07500076293945,4834000,QLD
2025-08-27,62.77608108520508,62.869998931884766,63.064998626708984,62.18000030517578,62.45500183105469,7315600,QLD
2025-08-28,63.53993225097656,63.6349983215332,63.834999084472656,62.630001068115234,62.9900016784668,10720800,QLD
2025-08-29,62.0172119140625,62.11000061035156,63.13999938964844,61.720001220703125,63.07500076293945,7505400,QLD
2025-09-02,60.9887580871582,61.08000183105469,61.13999938964844,59.73500061035156,60.14500045776367,10894000,QLD
2025-09-03,61.917362213134766,62.0099983215332,62.380001068115234,61.310001373291016,61.845001220703125,9083400,QLD
2025-09-04,63.045677185058594,63.13999938964844,63.209999084472656,61.79499816894531,62.15999984741211,6589400,QLD
2025-09-05,63.185462951660156,63.279998779296875,64.4000015258789,62.29499816894531,64.26000213623047,7853800,QLD
2025-09-08,63.804542541503906,63.900001525878906,64.33000183105469,63.66999816894531,63.790000915527344,6027000,QLD
2025-09-09,64.1490249633789,64.24500274658203,64.3499984741211,63.4900016784668,64.05999755859375,6153600,QLD
2025-09-10,64.18897247314453,64.28500366210938,64.95999908447266,63.814998626708984,64.95500183105469,7311200,QLD
2025-09-11,64.9178695678711,65.01499938964844,65.20999908447266,64.48500061035156,64.83499908447266,7643600,QLD
2025-09-12,65.47703552246094,65.57499694824219,65.83499908447266,65.0,65.20999908447266,6465400,QLD
2025-09-15,66.59037780761719,66.69000244140625,66.69499969482422,65.93000030517578,65.95500183105469,5914200,QLD
2025-09-16,66.44060516357422,66.54000091552734,66.93499755859375,66.4000015258789,66.875,4658000,QLD
2025-09-17,66.1560287475586,66.25499725341797,66.66500091552734,65.01000213623047,66.53500366210938,7769800,QLD
2025-09-18,67.37919616699219,67.4800033569336,68.08999633789062,66.93499755859375,67.37000274658203,4336200,QLD
2025-09-19,68.25788116455078,68.36000061035156,68.50499725341797,67.55999755859375,67.88500213623047,4208800,QLD
2025-09-22,69.05169677734375,69.15499877929688,69.29499816894531,68.12000274658203,68.12999725341797,5058400,QLD
2025-09-23,68.11809539794922,68.22000122070312,69.20999908447266,67.94499969482422,69.16500091552734,4513000,QLD
2025-09-24,67.64414978027344,67.7249984741211,68.56500244140625,67.08499908447266,68.5,5326600,QLD
2025-09-25,67.0348892211914,67.11499786376953,67.4749984741211,65.9749984741211,66.81500244140625,5032000,QLD
2025-09-26,67.57423400878906,67.65499877929688,67.70999908447266,66.52999877929688,67.2699966430664,3117400,QLD
2025-09-29,68.17852020263672,68.26000213623047,69.0,67.97000122070312,68.34500122070312,4276000,QLD
2025-09-30,68.51810455322266,68.5999984741211,68.69000244140625,67.63999938964844,68.16999816894531,3456600,QLD
2025-10-01,69.17733001708984,69.26000213623047,69.38500213623047,67.69499969482422,67.87000274658203,4213600,QLD
2025-10-02,69.73665618896484,69.81999969482422,70.12999725341797,69.17500305175781,70.125,3962800,QLD
2025-10-03,69.10740661621094,69.19000244140625,70.15499877929688,68.79000091552734,69.97000122070312,3938800,QLD
2025-10-06,70.15116119384766,70.23500061035156,70.61499786376953,69.83499908447266,70.4000015258789,3741600,QLD
2025-10-07,69.39706420898438,69.4800033569336,70.67500305175781,69.13999938964844,70.52999877929688,3275600,QLD
2025-10-08,70.97517395019531,71.05999755859375,71.13999938964844,69.66000366210938,69.67500305175781,2534200,QLD
2025-10-09,70.79039764404297,70.875,71.08499908447266,70.13500213623047,71.07499694824219,2289400,QLD
2025-10-10,65.82633209228516,65.90499877929688,71.41000366210938,65.81999969482422,71.00499725341797,9907600,QLD
2025-10-13,68.63296508789062,68.71499633789062,68.91999816894531,67.65499877929688,68.18499755859375,7482400,QLD
2025-10-14,67.71907043457031,67.80000305175781,68.8499984741211,65.9749984741211,67.16999816894531,8362200,QLD
2025-10-15,68.63796997070312,68.72000122070312,69.74500274658203,67.30500030517578,69.13999938964844,6604600,QLD
2025-10-16,68.12857818603516,68.20999908447266,70.0999984741211,67.19499969482422,69.375,8831200,QLD
2025-10-17,68.9975357055664,69.08000183105469,69.43499755859375,67.36499786376953,67.71499633789062,7761200,QLD
2025-10-20,70.72047424316406,70.80500030517578,71.08999633789062,69.79000091552734,69.82499694824219,4817000,QLD
2025-10-21,70.68053436279297,70.76499938964844,71.06999969482422,70.29000091552734,70.81999969482422,4708600,QLD
2025-10-22,69.27720642089844,69.36000061035156,70.75,68.05999755859375,70.61499786376953,7780600,QLD
2025-10-23,70.46578979492188,70.55000305175781,70.72000122070312,69.15499877929688,69.23500061035156,5162600,QLD
2025-10-24,71.90406799316406,71.98999786376953,72.31999969482422,71.56500244140625,71.76000213623047,7029000,QLD
2025-10-27,74.4809799194336,74.56999969482422,74.68000030517578,73.62999725341797,73.76499938964844,4927400,QLD
2025-10-28,75.60464477539062,75.69499969482422,76.11499786376953,74.83499908447266,75.11000061035156,5344800,QLD
2025-10-29,76.29381561279297,76.38500213623047,76.66500091552734,75.05000305175781,76.33499908447266,7443000,QLD
2025-10-30,73.93663787841797,74.0250015258789,75.80999755859375,73.99500274658203,75.5,7706000,QLD
2025-10-31,74.6507797241211,74.73999786376953,75.93000030517578,74.1500015258789,75.91500091552734,5028400,QLD
2025-11-03,75.31998443603516,75.41000366210938,76.30500030517578,74.87999725341797,76.13999938964844,4294200,QLD
2025-11-04,72.23367309570312,72.31999969482422,74.16500091552734,72.15499877929688,73.29499816894531,7876600,QLD
2025-11-05,73.18252563476562,73.2699966430664,74.05000305175781,71.84500122070312,72.16000366210938,5082000,QLD
2025-11-06,70.44580078125,70.52999877929688,72.95999908447266,70.22000122070312,72.91000366210938,7409600,QLD
2025-11-07,69.97137451171875,70.05500030517578,70.0999984741211,67.5,69.73500061035156,9751200,QLD
2025-11-10,73.03770446777344,73.125,73.37999725341797,71.68000030517578,72.13500213623047,6672200,QLD
2025-11-11,72.64817810058594,72.73500061035156,73.01000213623047,71.78500366210938,72.51499938964844,4370800,QLD
2025-11-12,72.52332305908203,72.61000061035156,73.50499725341797,71.8499984741211,73.50499725341797,5287600,QLD
2025-11-13,69.5418930053711,69.625,71.88999938964844,69.1050033569336,71.7699966430664,8550000,QLD
2025-11-14,69.61180877685547,69.69499969482422,70.73500061035156,67.04000091552734,67.58000183105469,9982000,QLD
2025-11-17,68.41822814941406,68.5,70.5250015258789,67.6449966430664,69.1050033569336,8383600,QLD
2025-11-18,66.75521087646484,66.83499908447266,68.19499969482422,65.72000122070312,67.56500244140625,9274400,QLD
2025-11-19,67.51432037353516,67.59500122070312,69.0199966430664,66.43499755859375,66.99500274658203,6362400,QLD
2025-11-20,64.33311462402344,64.41000366210938,70.79000091552734,64.20999908447266,70.2699966430664,7790000,QLD
2025-11-21,65.281982421875,65.36000061035156,66.86000061035156,63.29999923706055,64.76000213623047,10246000,QLD
2025-11-24,68.64795684814453,68.7300033569336,69.0199966430664,66.45999908447266,66.47000122070312,6323800,QLD
2025-11-25,69.42703247070312,69.51000213623047,69.81999969482422,66.88999938964844,68.29000091552734,6988000,QLD
2025-11-26,70.65555572509766,70.73999786376953,71.16000366210938,69.8499984741211,70.3499984741211,5542200,QLD
2025-11-28,71.72427368164062,71.80999755859375,71.83000183105469,70.97000122070312,71.11000061035156,4196700,QLD
2025-12-01,71.26483154296875,71.3499984741211,71.87999725341797,70.2699966430664,70.55000305175781,3899600,QLD
2025-12-02,72.38349151611328,72.47000122070312,72.8499984741211,71.44000244140625,71.86000061035156,4059600,QLD
2025-12-03,72.70310974121094,72.79000091552734,72.95999908447266,71.5199966430664,71.88999938964844,3311300,QLD
2025-12-04,72.53330993652344,72.62000274658203,73.13999938964844,71.87999725341797,73.11000061035156,3357200,QLD
2025-12-05,73.13259887695312,73.22000122070312,74.01000213623047,72.79000091552734,72.94999694824219,3703900,QLD
2025-12-08,72.80299377441406,72.88999938964844,73.9800033569336,72.30999755859375,73.58999633789062,2875400,QLD
2025-12-09,73.01273345947266,73.0999984741211,73.2699966430664,72.29000091552734,72.5999984741211,2782400,QLD
2025-12-10,73.57207489013672,73.66000366210938,74.04000091552734,72.12000274658203,72.79000091552734,4132600,QLD
2025-12-11,73.09264373779297,73.18000030517578,73.22000122070312,71.33999633789062,72.77999877929688,5511400,QLD
2025-12-12,70.25602722167969,70.33999633789062,72.66999816894531,69.83000183105469,72.3499984741211,8015500,QLD
2025-12-15,69.546875,69.62999725341797,71.44999694824219,69.36000061035156,71.44999694824219,5727600,QLD
2025-12-16,69.81656646728516,69.9000015258789,70.30000305175781,68.80000305175781,69.0999984741211,6377200,QLD
2025-12-17,67.1996841430664,67.27999877929688,70.30000305175781,67.26000213623047,70.18000030517578,9929200,QLD
2025-12-18,69.15734100341797,69.23999786376953,70.08000183105469,68.75,69.37999725341797,5479100,QLD
2025-12-19,70.96519470214844,71.05000305175781,71.12999725341797,69.83999633789062,69.86000061035156,5733500,QLD
2025-12-22,71.5844497680664,71.66999816894531,72.23999786376953,71.33999633789062,72.19000244140625,4336300,QLD
2025-12-23,72.27362060546875,72.36000061035156,72.4000015258789,71.33999633789062,71.43000030517578,4157400,QLD
2025-12-24,72.66629028320312,72.7300033569336,72.80000305175781,72.20999908447266,72.26000213623047,2534000,QLD
2025-12-26,72.61632537841797,72.68000030517578,73.05000305175781,72.5,72.8499984741211,2707500,QLD
2025-12-29,71.8969497680664,71.95999908447266,72.4000015258789,71.47000122070312,71.77999877929688,4585500,QLD
2025-12-30,71.5472640991211,71.61000061035156,72.25,71.56999969482422,71.70999908447266,2467300,QLD
2025-12-31,70.34832000732422,70.41000366210938,71.70999908447266,70.3499984741211,71.6500015258789,3960500,QLD
2026-01-02,70.03858184814453,70.0999984741211,72.31999969482422,69.44000244140625,71.70999908447266,7355500,QLD
2026-01-05,71.13761901855469,71.19999694824219,71.86000061035156,70.94000244140625,71.51000213623047,5097800,QLD
2026-01-06,72.39651489257812,72.45999908447266,72.58999633789062,71.33999633789062,71.48999786376953,4801600,QLD
2026-01-07,72.52639770507812,72.58999633789062,73.48999786376953,72.25,72.3499984741211,4126600,QLD
2026-01-08,71.68714141845703,71.75,72.43000030517578,71.13999938964844,72.37000274658203,4344600,QLD
2026-01-09,73.07592010498047,73.13999938964844,73.43000030517578,71.4000015258789,71.93000030517578,4090000,QLD
2026-01-12,73.20580291748047,73.2699966430664,73.63999938964844,72.12000274658203,72.12999725341797,3879200,QLD
2026-01-13,72.94603729248047,73.01000213623047,73.77999877929688,72.44999694824219,73.26000213623047,4804900,QLD
2026-01-14,71.42736053466797,71.48999786376953,72.36000061035156,70.30000305175781,72.08000183105469,5370100,QLD
2026-01-15,71.8769760131836,71.94000244140625,73.22000122070312,71.7300033569336,73.12000274658203,4026000,QLD
2026-01-16,71.68714141845703,71.75,72.91999816894531,71.26000213623047,72.80000305175781,4071300,QLD
2026-01-20,68.66978454589844,68.7300033569336,70.3499984741211,68.51000213623047,69.30999755859375,7404900,QLD
2026-01-21,70.47820281982422,70.54000091552734,71.5199966430664,68.69000244140625,69.04000091552734,9095800,QLD
2026-01-22,71.5472640991211,71.61000061035156,71.9800033569336,70.93000030517578,71.97000122070312,4275600,QLD
2026-01-23,71.98687744140625,72.05000305175781,72.6500015258789,71.08999633789062,71.31999969482422,4766500,QLD
2026-01-26,72.59634399414062,72.66000366210938,73.13999938964844,71.9000015258789,72.12999725341797,3777100,QLD
2026-01-27,73.89520263671875,73.95999908447266,74.16999816894531,73.06999969482422,73.44000244140625,3335500,QLD
2026-01-28,74.29485321044922,74.36000061035156,75.22000122070312,74.0999984741211,74.97000122070312,4422900,QLD
2026-01-29,73.45558166503906,73.5199966430664,74.5199966430664,70.91000366210938,74.29000091552734,6630900,QLD
2026-01-30,71.64717102050781,71.70999908447266,73.19999694824219,71.13999938964844,72.58999633789062,6850500,QLD
2026-02-02,72.66629028320312,72.7300033569336,73.2300033569336,70.9800033569336,70.98999786376953,4547900,QLD
2026-02-03,70.39826965332031,70.45999908447266,73.29000091552734,69.16999816894531,73.19000244140625,4970500,QLD
2026-02-04,67.92044830322266,67.9800033569336,70.12999725341797,66.79000091552734,70.11000061035156,10802600,QLD
2026-02-05,65.98214721679688,66.04000091552734,67.7699966430664,65.51000213623047,66.72000122070312,12348100,QLD
2026-02-06,68.729736328125,68.79000091552734,69.16999816894531,66.38999938964844,66.69000244140625,11017200,QLD
2026-02-09,69.7688217163086,69.83000183105469,70.30999755859375,67.73999786376953,68.30000305175781,6467000,QLD
2026-02-10,69.11939239501953,69.18000030517578,70.43000030517578,69.06999969482422,70.04000091552734,3960700,QLD
2026-02-11,69.45909118652344,69.5199966430664,70.5199966430664,68.31999969482422,70.27999877929688,4081200,QLD
2026-02-12,66.63157653808594,66.69000244140625,70.12000274658203,66.45999908447266,69.87999725341797,6782700,QLD
2026-02-13,66.86137390136719,66.91999816894531,67.94999694824219,65.73999786376953,66.62000274658203,4856000,QLD
2026-02-17,66.71150207519531,66.7699966430664,67.37999725341797,65.0199966430664,66.1500015258789,4688200,QLD
2026-02-18,67.69064331054688,67.75,68.66000366210938,66.68000030517578,66.95999908447266,3790900,QLD
2026-02-19,67.18109130859375,67.23999786376953,67.7699966430664,66.63999938964844,67.0999984741211,3421200,QLD
2026-02-20,68.34007263183594,68.4000015258789,68.75,66.2699966430664,66.47000122070312,3453200,QLD
2026-02-23,66.69152069091797,66.75,68.19999694824219,66.20999908447266,67.91000366210938,4681200,QLD
2026-02-24,68.0703125,68.12999725341797,68.4000015258789,66.36000061035156,66.94999694824219,3174600,QLD
2026-02-25,70.01860809326172,70.08000183105469,70.1500015258789,68.86000061035156,68.86000061035156,2925400,QLD
2026-02-26,68.38004302978516,68.44000244140625,69.88999938964844,67.2300033569336,69.86000061035156,3747000,QLD
2026-02-27,67.93042755126953,67.98999786376953,68.19000244140625,66.81999969482422,66.9800033569336,3752000,QLD
2026-03-02,68.0703125,68.12999725341797,68.54000091552734,65.87000274658203,66.05999755859375,4495300,QLD
2026-03-03,66.62158203125,66.68000030517578,67.18000030517578,64.48999786376953,65.4800033569336,6669400,QLD
2026-03-04,68.58985900878906,68.6500015258789,69.16000366210938,67.06999969482422,67.2300033569336,5079700,QLD
2026-03-05,68.2001953125,68.26000213623047,69.12999725341797,66.7699966430664,67.93000030517578,5983400,QLD
2026-03-06,66.13201141357422,66.19000244140625,67.58000183105469,65.87999725341797,66.30999755859375,6292600,QLD
2026-03-09,67.88047790527344,67.94000244140625,68.2699966430664,64.30000305175781,64.94000244140625,6123900,QLD
2026-03-10,67.85050964355469,67.91000366210938,69.1500015258789,67.41999816894531,67.95999908447266,5540600,QLD
2026-03-11,67.84051513671875,67.9000015258789,68.94000244140625,67.31999969482422,68.19000244140625,5077500,QLD
2026-03-12,65.52254486083984,65.58000183105469,67.08999633789062,65.51000213623047,66.77999877929688,5388300,QLD
2026-03-13,64.70326232910156,64.76000213623047,66.93000030517578,64.51000213623047,66.06999969482422,5815100,QLD
2026-03-16,66.13201141357422,66.19000244140625,66.95999908447266,65.91999816894531,66.12000274658203,3004600,QLD
2026-03-17,66.79142761230469,66.8499984741211,67.41000366210938,66.52999877929688,66.79000091552734,3213900,QLD
2026-03-18,64.8930892944336,64.94999694824219,66.79000091552734,64.9000015258789,66.43000030517578,4568200,QLD
2026-03-19,64.47346496582031,64.52999877929688,65.1500015258789,63.2599983215332,63.779998779296875,5470700,QLD
2026-03-20,62.07556915283203,62.130001068115234,64.12000274658203,61.369998931884766,64.08999633789062,7178100,QLD
2026-03-23,63.52429962158203,63.58000183105469,65.05999755859375,63.119998931884766,64.08000183105469,19902000,QLD
2026-03-24,62.585121154785156,62.63999938964844,63.52000045776367,62.2400016784668,62.84000015258789,5354100,QLD
2026-03-25,63.3875846862793,63.43000030517578,64.23999786376953,63.02000045776367,63.7599983215332,3108400,QLD
2026-03-26,60.389591217041016,60.43000030517578,62.7599983215332,60.36000061035156,62.33000183105469,5020800,QLD
2026-03-27,58.01118087768555,58.04999923706055,59.81999969482422,57.83000183105469,59.77000045776367,7692800,QLD
2026-03-30,57.12177658081055,57.15999984741211,59.16999816894531,56.599998474121094,59.02000045776367,8459000,QLD
2026-03-31,60.95920944213867,61.0,61.29999923706055,58.349998474121094,58.369998931884766,9515200,QLD
2026-04-01,62.44821548461914,62.4900016784668,63.220001220703125,61.70000076293945,61.900001525878906,6712200,QLD
2026-04-02,62.558135986328125,62.599998474121094,62.810001373291016,59.81999969482422,60.2599983215332,5847700,QLD
2026-04-06,63.30763626098633,63.349998474121094,63.810001373291016,62.540000915527344,62.86000061035156,5359900,QLD
2026-04-07,63.34761047363281,63.38999938964844,63.439998626708984,61.16999816894531,62.720001220703125,5676600,QLD
2026-04-08,67.03514862060547,67.08000183105469,67.94999694824219,66.29000091552734,67.70999908447266,5157600,QLD
2026-04-09,67.96452331542969,68.01000213623047,68.11000061035156,66.44999694824219,67.08999633789062,3493200,QLD
2026-04-10,68.14440155029297,68.19000244140625,68.77999877929688,67.87000274658203,68.37000274658203,4318400,QLD
2026-04-13,69.54346466064453,69.58999633789062,69.63999938964844,67.54000091552734,67.88999938964844,3796300,QLD
2026-04-14,72.05178833007812,72.0999984741211,72.11000061035156,70.2300033569336,70.2300033569336,14742700,QLD
2026-04-15,74.06044006347656,74.11000061035156,74.18000030517578,72.0199966430664,72.23999786376953,4557900,QLD
2026-04-16,74.74998474121094,74.80000305175781,75.23999786376953,73.62000274658203,74.55000305175781,3949400,QLD
2026-04-17,76.67869567871094,76.7300033569336,77.02999877929688,75.62999725341797,76.0,5542400,QLD
2026-04-20,76.218994140625,76.2699966430664,76.69999694824219,75.25,76.54000091552734,4289200,QLD
2026-04-21,75.61940002441406,75.66999816894531,77.05000305175781,75.18000030517578,76.62000274658203,6332200,QLD
2026-04-22,78.12772369384766,78.18000030517578,78.23999786376953,76.6500015258789,77.02999877929688,4155900,QLD
2026-04-23,77.2483139038086,77.30000305175781,78.61000061035156,75.9000015258789,77.80999755859375,5395800,QLD
2026-04-24,80.18634033203125,80.23999786376953,80.37000274658203,78.48999786376953,78.94000244140625,4817100,QLD
2026-04-27,80.23631286621094,80.29000091552734,80.33000183105469,79.44000244140625,80.05999755859375,3866600,QLD
2026-04-28,78.61739349365234,78.66999816894531,79.16000366210938,77.7699966430664,78.62000274658203,3800200,QLD
2026-04-29,79.58674621582031,79.63999938964844,79.6500015258789,78.43000030517578,78.9000015258789,5793000,QLD
2026-04-30,80.99580383300781,81.05000305175781,81.31999969482422,78.6500015258789,80.54000091552734,4916100,QLD
2026-05-01,82.54476165771484,82.5999984741211,83.05000305175781,81.31999969482422,81.41999816894531,4503300,QLD
2026-05-04,82.2249755859375,82.27999877929688,83.23999786376953,81.33000183105469,82.72000122070312,4732800,QLD
2026-05-05,84.33356475830078,84.38999938964844,84.69000244140625,83.41999816894531,83.51000213623047,3972100,QLD
2026-05-06,87.79125213623047,87.8499984741211,87.94000244140625,85.61000061035156,85.94000244140625,5090100,QLD
2026-05-07,87.60138702392578,87.66000366210938,89.2699966430664,86.88999938964844,88.08000183105469,7225600,QLD
2026-05-08,91.6586685180664,91.72000122070312,91.73999786376953,88.80999755859375,88.9000015258789,3645200,QLD
2026-05-11,92.19831085205078,92.26000213623047,92.61000061035156,91.16000366210938,91.5199966430664,3982000,QLD
2026-05-12,90.62935638427734,90.69000244140625,91.44999694824219,87.97000122070312,90.93000030517578,5528200,QLD
2026-05-13,92.48811340332031,92.55000305175781,93.11000061035156,90.06999969482422,91.37999725341797,3761500,QLD
2026-05-14,93.83721160888672,93.9000015258789,94.4800033569336,92.47000122070312,92.58000183105469,4528700,QLD
2026-05-15,90.96912384033203,91.02999877929688,92.63999938964844,90.16000366210938,91.33000183105469,6414500,QLD
2026-05-18,90.13967895507812,90.19999694824219,91.80999755859375,88.44999694824219,91.70999908447266,6049100,QLD
2026-05-19,89.07039642333984,89.12999725341797,90.37999725341797,87.5199966430664,88.66999816894531,4158100,QLD
2026-05-20,91.98844909667969,92.05000305175781,92.05000305175781,89.68000030517578,90.05999755859375,3884100,QLD
2026-05-21,92.31822204589844,92.37999725341797,93.04000091552734,90.41999816894531,90.95999908447266,3999800,QLD
2026-05-22,93.0377426147461,93.0999984741211,94.31999969482422,92.7300033569336,93.2699966430664,4042000,QLD
2026-05-26,96.33554077148438,96.4000015258789,96.6500015258789,94.83999633789062,95.30000305175781,4142400,QLD
2026-05-27,96.12567901611328,96.19000244140625,97.13999938964844,95.1500015258789,97.11000061035156,4035800,QLD
2026-05-28,97.724609375,97.79000091552734,98.05999755859375,95.4000015258789,96.25,3614200,QLD
2026-05-29,98.39415740966797,98.45999908447266,99.3499984741211,97.68000030517578,98.38999938964844,4821500,QLD
2026-06-01,99.5633773803711,99.62999725341797,100.41000366210938,97.83999633789062,98.16000366210938,4830700,QLD
2026-06-02,100.46277618408203,100.52999877929688,100.5999984741211,98.69000244140625,99.55999755859375,3891700,QLD
2026-06-03,99.9331283569336,100.0,101.19000244140625,99.16000366210938,100.8499984741211,4401500,QLD
2026-06-04,98.95378112792969,99.0199966430664,99.77999877929688,96.87999725341797,97.66000366210938,4130800,QLD
2026-06-05,89.4801254272461,89.54000091552734,96.58000183105469,89.27999877929688,96.18000030517578,8437900,QLD
2026-06-08,92.18830871582031,92.25,94.02999877929688,91.54000091552734,92.70999908447266,6023600,QLD
2026-06-09,90.05973815917969,90.12000274658203,94.72000122070312,84.5999984741211,94.0199966430664,10184800,QLD
2026-06-10,86.45215606689453,86.51000213623047,90.9800033569336,86.31999969482422,88.5199966430664,7232200,QLD
2026-06-11,92.11836242675781,92.18000030517578,92.66000366210938,86.83999633789062,87.91000366210938,6688400,QLD
2026-06-12,93.31755065917969,93.37999725341797,94.06999969482422,90.80000305175781,92.47000122070312,7289100,QLD
2026-06-15,99.11367797851562,99.18000030517578,99.44000244140625,97.54000091552734,97.69000244140625,4768600,QLD
2026-06-16,95.39616394042969,95.45999908447266,99.27999877929688,95.38999938964844,98.7699966430664,3520400,QLD
2026-06-17,93.4974365234375,93.55999755859375,96.95999908447266,93.11000061035156,96.83000183105469,5566100,QLD
2026-06-18,97.84452819824219,97.91000366210938,98.44999694824219,96.06999969482422,97.2699966430664,3727200,QLD
2026-06-22,97.61468505859375,97.68000030517578,99.63999938964844,96.72000122070312,98.7300033569336,3493600,QLD
2026-06-23,91.15900421142578,91.22000122070312,93.81999969482422,90.80999755859375,91.73999786376953,5692200,QLD
2026-06-24,90.37000274658203,90.37000274658203,92.73999786376953,88.80000305175781,91.58999633789062,4405200,QLD
2026-06-25,91.7699966430664,91.7699966430664,94.47000122070312,88.9800033569336,94.22000122070312,4754900,QLD
2026-06-26,89.12000274658203,89.12000274658203,91.5199966430664,88.30000305175781,89.38999938964844,4520400,QLD
2026-06-29,93.68000030517578,93.68000030517578,93.79000091552734,88.91000366210938,91.12000274658203,4209300,QLD
2026-06-30,96.76000213623047,96.76000213623047,97.16000366210938,93.63999938964844,93.69000244140625,3942000,QLD
2026-07-01,93.9000015258789,93.9000015258789,95.6500015258789,93.73999786376953,94.93000030517578,4558100,QLD
2026-07-02,90.61000061035156,90.61000061035156,95.29000091552734,89.30000305175781,93.97000122070312,6283700,QLD
2026-07-06,93.13999938964844,93.13999938964844,93.9800033569336,92.05000305175781,92.4000015258789,2936200,QLD
2026-07-07,89.69000244140625,89.69000244140625,91.4800033569336,88.54000091552734,90.91000366210938,4543600,QLD
2026-07-08,90.13999938964844,90.13999938964844,90.37999725341797,87.54000091552734,88.55999755859375,4867500,QLD
2026-07-09,93.13999938964844,93.13999938964844,93.41999816894531,91.12999725341797,91.9000015258789,2926500,QLD
2026-07-10,93.69999694824219,93.69999694824219,93.94000244140625,91.5199966430664,92.45999908447266,2857700,QLD
2026-07-13,90.12999725341797,90.12999725341797,91.94000244140625,89.69999694824219,91.66999816894531,5029600,QLD
2026-07-14,92.12999725341797,92.12999725341797,92.80000305175781,90.77999877929688,92.27999877929688,3908600,QLD
2026-07-15,91.61000061035156,91.61000061035156,93.30999755859375,89.7300033569336,93.16999816894531,4532900,QLD
2026-07-16,88.56999969482422,88.56999969482422,90.55999755859375,87.76000213623047,90.13999938964844,4334400,QLD
2026-07-17,85.91000366210938,85.91000366210938,87.6500015258789,83.7699966430664,84.9800033569336,5352100,QLD
2026-07-20,86.02999877929688,86.02999877929688,88.45999908447266,85.94999694824219,87.5999984741211,3420000,QLD
2026-07-21,89.2300033569336,89.2300033569336,89.5,87.73999786376953,88.66000366210938,2825000,QLD
2026-07-22,88.27999877929688,88.27999877929688,89.37000274658203,87.87000274658203,87.9000015258789,2507100,QLD
2026-07-23,85.0,85.0,86.62999725341797,83.9000015258789,85.63999938964844,5985900,QLD
2026-07-24,83.0,83.0,85.08000183105469,82.58999633789062,84.54000091552734,4115500,QLD
2026-07-27,82.4800033569336,82.4800033569336,84.94000244140625,80.98999786376953,84.81999969482422,4033400,QLD
2026-07-28,80.87000274658203,80.87000274658203,81.81999969482422,79.05000305175781,81.05000305175781,5230500,QLD
2026-07-29,77.58000183105469,77.58000183105469,81.94000244140625,77.44999694824219,80.87999725341797,8074300,QLD
2026-07-30,82.68000030517578,82.68000030517578,83.04000091552734,80.2699966430664,80.61000061035156,5777700,QLD
2026-07-31,83.66999816894531,83.66999816894531,85.58999633789062,81.79000091552734,84.69000244140625,7395200,QLD
2026-08-03,86.62000274658203,86.62000274658203,86.98999786376953,83.18000030517578,83.77999877929688,4177400,QLD
2026-08-04,92.45999908447266,92.45999908447266,92.94999694824219,88.47000122070312,88.62999725341797,5541100,QLD
2026-08-05,90.80000305175781,90.80000305175781,93.69000244140625,90.72000122070312,93.11000061035156,4812900,QLD
2026-08-06,90.12999725341797,90.12999725341797,91.30999755859375,88.58999633789062,89.13999938964844,4441300,QLD
2026-08-07,92.20999908447266,92.20999908447266,92.36000061035156,90.56999969482422,91.5,4855400,QLD
2026-08-10,91.62999725341797,91.62999725341797,92.62000274658203,91.51000213623047,92.02999877929688,3544000,QLD
2026-08-11,90.9800033569336,90.9800033569336,92.26000213623047,90.36000061035156,92.25,2804900,QLD
2026-08-12,92.31999969482422,92.31999969482422,93.2300033569336,92.13999938964844,93.1500015258789,3455100,QLD
2026-08-13,94.43000030517578,94.43000030517578,94.94000244140625,92.41999816894531,92.68000030517578,4060500,QLD
2026-08-14,94.1500015258789,94.1500015258789,95.0,93.44999694824219,94.76000213623047,2800200,QLD
2026-08-17,93.83999633789062,93.83999633789062,95.04000091552734,93.68000030517578,94.62999725341797,2850100,QLD
2026-08-18,90.6500015258789,90.6500015258789,91.80999755859375,90.23999786376953,91.33999633789062,3872600,QLD
2026-08-19,90.25,90.25,91.63999938964844,89.4000015258789,91.37000274658203,2973400,QLD
2026-08-20,88.94999694824219,88.94999694824219,89.94999694824219,88.36000061035156,89.26000213623047,3857100,QLD
2026-08-21,89.52999877929688,89.52999877929688,90.0999984741211,88.48999786376953,90.0,2571000,QLD
2026-08-24,87.72000122070312,87.72000122070312,88.61000061035156,86.83999633789062,88.56999969482422,3890200,QLD
2026-08-25,88.80000305175781,88.80000305175781,89.62999725341797,88.01000213623047,88.95999908447266,2877870,QLD
