Date,Adj Close,Close,High,Low,Open,Volume,Ticker
1999-03-10,43.027061462402344,51.0625,51.15625,50.28125,51.125,5232000,QQQ
1999-03-11,43.237709045410156,51.3125,51.734375,50.3125,51.4375,9688600,QQQ
1999-03-12,42.184425354003906,50.0625,51.15625,49.65625,51.125,8743600,QQQ
1999-03-15,43.39572525024414,51.5,51.5625,49.90625,50.4375,6369000,QQQ
1999-03-16,43.764366149902344,51.9375,52.15625,51.15625,51.71875,4905800,QQQ
1999-03-17,43.4483642578125,51.5625,52.0,51.40625,51.9375,3965000,QQQ
1999-03-18,44.2910041809082,52.5625,52.59375,51.484375,51.5,4848400,QQQ
1999-03-19,43.15871810913086,51.21875,53.25,51.1875,53.25,7160400,QQQ
1999-03-22,42.632083892822266,50.59375,51.5625,50.5,51.4375,5024800,QQQ
1999-03-23,41.13112258911133,48.8125,50.5,48.71875,50.3125,10962400,QQQ
1999-03-24,42.5267333984375,50.46875,50.5,48.5,49.25,8447000,QQQ
1999-03-25,44.08035659790039,52.3125,52.3125,50.9140625,51.25,8133800,QQQ
1999-03-26,43.606353759765625,51.75,52.46875,51.53125,51.875,8256200,QQQ
1999-03-29,45.186317443847656,53.625,53.65625,52.0625,52.375,5113800,QQQ
1999-03-30,44.87033462524414,53.25,54.0,53.03125,53.5625,4940600,QQQ
1999-03-31,44.212013244628906,52.46875,54.1875,52.3125,54.125,8256600,QQQ
1999-04-01,45.13364028930664,53.5625,54.0625,52.6875,54.0,8715800,QQQ
1999-04-05,46.76626205444336,55.5,55.578125,54.09375,54.4296875,5697200,QQQ
1999-04-06,46.85842514038086,55.609375,56.21875,54.96875,55.4375,7522400,QQQ
1999-04-07,46.37126922607422,55.03125,56.25,53.84375,56.125,11923600,QQQ
1999-04-08,46.73991394042969,55.46875,55.734375,53.8125,54.9375,7952400,QQQ
1999-04-09,47.029579162597656,55.8125,55.9375,55.21875,55.375,4946800,QQQ
1999-04-12,46.713584899902344,55.4375,55.8125,54.4375,54.5,10934000,QQQ
1999-04-13,46.081607818603516,54.6875,55.90625,54.25,55.78125,9962200,QQQ
1999-04-14,44.501670837402344,52.8125,55.4375,52.5078125,55.375,21253800,QQQ
1999-04-15,45.10732650756836,53.53125,53.6171875,51.125,53.0,17650600,QQQ
1999-04-16,43.790687561035156,51.96875,53.40625,51.6875,53.40625,17274000,QQQ
1999-04-19,41.73674774169922,49.53125,52.75,49.0078125,52.3125,19460600,QQQ
1999-04-20,42.68473434448242,50.65625,51.0625,48.84375,49.3125,17413600,QQQ
1999-04-21,44.791324615478516,53.15625,53.1875,50.4375,51.125,10940400,QQQ
1999-04-22,46.00260543823242,54.59375,54.75,53.3046875,53.65625,13630600,QQQ
1999-04-23,46.60824203491211,55.3125,55.71875,53.75,54.3125,7064400,QQQ
1999-04-26,47.68129348754883,56.5859375,57.0,55.5078125,55.6875,5421000,QQQ
1999-04-27,46.95057678222656,55.71875,57.28125,55.0078125,57.0,16482800,QQQ
1999-04-28,45.34431838989258,53.8125,55.4375,53.5703125,55.25,7676800,QQQ
1999-04-29,44.97564697265625,53.375,53.875,52.25,53.5625,19148200,QQQ
1999-04-30,45.26530075073242,53.71875,54.40625,51.8125,54.125,15295200,QQQ
1999-05-03,45.0283203125,53.4375,53.78125,52.5390625,53.5625,11109800,QQQ
1999-05-04,44.317344665527344,52.59375,54.375,52.28125,53.53125,15428400,QQQ
1999-05-05,45.6602783203125,54.1875,54.1875,51.03125,52.625,12642600,QQQ
1999-05-06,44.00136947631836,52.21875,54.15625,51.71875,53.6875,15173400,QQQ
1999-05-07,44.63333511352539,52.96875,53.125,51.5625,52.6875,16430400,QQQ
1999-05-10,45.08097839355469,53.5,53.859375,52.6875,53.3125,10604200,QQQ
1999-05-11,45.791954040527344,54.34375,54.625,53.625,53.9375,8800800,QQQ
1999-05-12,46.73991394042969,55.46875,55.65625,53.0,54.59375,12507400,QQQ
1999-05-13,45.87095260620117,54.4375,56.0,54.1875,55.90625,9864000,QQQ
1999-05-14,45.00197982788086,53.40625,54.0,53.0,53.375,12205400,QQQ
1999-05-17,45.81169509887695,54.3671875,54.53125,52.4140625,52.9375,9906800,QQQ
1999-05-18,45.60762023925781,54.125,54.625,53.5,54.3125,9267800,QQQ
1999-05-19,46.239593505859375,54.875,54.90625,53.5,54.34375,7985600,QQQ
1999-05-20,44.96907424926758,53.3671875,54.9921875,53.28125,54.9921875,5997200,QQQ
1999-05-21,44.55433654785156,52.875,53.6875,52.59375,53.53125,10958600,QQQ
1999-05-24,43.42204666137695,51.53125,53.0625,51.1875,52.96875,9569800,QQQ
1999-05-25,42.00009536743164,49.84375,52.21875,49.625,51.46875,17771200,QQQ
1999-05-26,43.17188262939453,51.234375,51.4375,48.9375,50.5,26772000,QQQ
1999-05-27,43.132389068603516,51.1875,51.9296875,50.375,51.03125,23334800,QQQ
1999-05-28,43.843360900878906,52.03125,52.3125,50.84375,51.5,12969800,QQQ
1999-06-01,42.86907196044922,50.875,52.1875,50.59375,51.9375,6960200,QQQ
1999-06-02,43.59320068359375,51.734375,52.0,49.5703125,50.84375,11996600,QQQ
1999-06-03,42.974388122558594,51.0,52.125,50.6875,52.125,11147800,QQQ
1999-06-04,44.2910041809082,52.5625,52.7421875,51.375,51.375,12987200,QQQ
1999-06-07,45.21261978149414,53.65625,53.9921875,52.8125,52.9296875,11491800,QQQ
1999-06-08,44.08035659790039,52.3125,54.03125,52.0390625,53.78125,8134800,QQQ
1999-06-09,44.817626953125,53.1875,53.3359375,52.46875,52.5,8384400,QQQ
1999-06-10,44.304176330566406,52.578125,52.9375,51.9453125,52.625,9392400,QQQ
1999-06-11,43.63270568847656,51.78125,52.9921875,51.3125,52.9375,16567600,QQQ
1999-06-14,42.8098258972168,50.8046875,51.96875,50.6875,51.96875,14136800,QQQ
1999-06-15,43.4483642578125,51.5625,51.8671875,50.78125,50.9296875,9147800,QQQ
1999-06-16,45.68003845214844,54.2109375,54.2109375,52.78125,52.84375,15060200,QQQ
1999-06-17,46.18694305419922,54.8125,55.0625,53.5,53.5,16278200,QQQ
1999-06-18,46.3975830078125,55.0625,55.21875,54.21875,54.3125,5392800,QQQ
1999-06-21,47.7866096496582,56.7109375,56.7421875,55.34375,55.4375,10565200,QQQ
1999-06-22,46.344947814941406,55.0,57.09375,55.0,56.375,10862800,QQQ
1999-06-23,47.0756721496582,55.8671875,56.0,54.65625,55.0078125,9607000,QQQ
1999-06-24,46.14085388183594,54.7578125,55.875,54.5,55.84375,14988800,QQQ
1999-06-25,46.081607818603516,54.6875,55.5625,54.1875,55.125,8635600,QQQ
1999-06-28,47.17440414428711,55.984375,56.0625,54.703125,55.15625,7666200,QQQ
1999-06-29,47.81953811645508,56.75,56.96875,55.65625,55.9375,9000400,QQQ
1999-06-30,48.55683135986328,57.625,59.9375,56.1328125,56.8046875,19467600,QQQ
1999-07-01,48.88600540161133,58.015625,58.34375,56.8125,57.8125,6822600,QQQ
1999-07-02,49.50481414794922,58.75,58.8125,58.0,58.0,3302000,QQQ
1999-07-06,49.188819885253906,58.375,59.65625,58.0625,59.0625,8794800,QQQ
1999-07-07,49.2678108215332,58.46875,58.71875,57.9375,58.34375,10520000,QQQ
1999-07-08,49.926116943359375,59.25,59.4921875,58.1875,58.46875,11225000,QQQ
1999-07-09,50.42644500732422,59.84375,59.90625,59.03125,59.46875,4206800,QQQ
1999-07-12,50.163116455078125,59.53125,60.375,59.1875,60.0625,7816200,QQQ
1999-07-13,49.926116943359375,59.25,59.46875,58.78125,59.25,6230000,QQQ
1999-07-14,50.775352478027344,60.2578125,60.375,59.0,59.84375,6909400,QQQ
1999-07-15,51.24275207519531,60.8125,60.8125,60.1328125,60.46875,6539800,QQQ
1999-07-16,51.71673583984375,61.375,61.71875,60.8203125,60.84375,4913800,QQQ
1999-07-19,51.19008255004883,60.75,61.625,60.5078125,61.625,6833000,QQQ
1999-07-20,49.21516418457031,58.40625,60.09375,58.25,60.0078125,14837400,QQQ
1999-07-21,49.4521598815918,58.6875,59.1953125,58.0625,58.53125,10980400,QQQ
1999-07-22,48.19478988647461,57.1953125,58.6875,57.03125,58.6875,15148400,QQQ
1999-07-23,48.26719665527344,57.28125,57.8671875,56.6875,57.625,12115000,QQQ
1999-07-26,47.08223342895508,55.875,57.125,55.78125,56.5,10720000,QQQ
1999-07-27,48.030208587646484,57.0,57.875,56.515625,57.0,13732800,QQQ
1999-07-28,48.97157287597656,58.1171875,58.4375,56.9453125,57.6875,10161800,QQQ
1999-07-29,47.92488098144531,56.875,57.5,56.3125,57.03125,13033800,QQQ
1999-07-30,47.68788146972656,56.59375,57.75,56.5078125,57.125,10947400,QQQ
1999-08-02,47.55619812011719,56.4375,57.8125,56.21875,56.6875,9642400,QQQ
1999-08-03,47.246822357177734,56.0703125,57.21875,55.25,57.2109375,13005000,QQQ
1999-08-04,46.39101791381836,55.0546875,56.4921875,55.0078125,56.0703125,13227600,QQQ
1999-08-05,47.12833023071289,55.9296875,55.9296875,53.75,55.0625,18695200,QQQ
1999-08-06,46.621421813964844,55.328125,56.5625,54.9375,55.53125,12392200,QQQ
1999-08-09,46.02236557006836,54.6171875,55.6875,54.5078125,55.53125,7983400,QQQ
1999-08-10,45.60762023925781,54.125,54.8671875,52.9375,54.46875,16767200,QQQ
1999-08-11,47.10857009887695,55.90625,56.0,54.265625,55.09375,13101400,QQQ
1999-08-12,46.55558395385742,55.25,56.5,55.125,56.125,12715000,QQQ
1999-08-13,48.58317565917969,57.65625,57.71875,56.3125,56.40625,14342600,QQQ
1999-08-16,48.97157287597656,58.1171875,58.3125,57.25,57.625,11470600,QQQ
1999-08-17,49.21516418457031,58.40625,58.6875,57.34375,58.625,11408400,QQQ
1999-08-18,48.66217041015625,57.75,58.84375,57.53125,58.125,7035200,QQQ
1999-08-19,48.08285903930664,57.0625,57.625,56.6953125,57.21875,10157800,QQQ
1999-08-20,48.84651565551758,57.96875,57.96875,56.8125,57.125,6920800,QQQ
1999-08-23,50.40011978149414,59.8125,59.8125,58.3671875,58.5,9652000,QQQ
1999-08-24,50.74243927001953,60.21875,60.875,59.2578125,59.375,13891400,QQQ
1999-08-25,51.82204818725586,61.5,61.75,59.9375,60.59375,11352000,QQQ
1999-08-26,50.959678649902344,60.4765625,61.71875,60.3828125,61.5,9753000,QQQ
1999-08-27,50.45277786254883,59.875,60.9375,59.71875,60.9296875,9635400,QQQ
1999-08-30,49.74179458618164,59.03125,60.3125,58.875,60.125,10141600,QQQ
1999-08-31,50.29479217529297,59.6875,60.0625,58.125,59.4375,14590400,QQQ
1999-09-01,50.65685272216797,60.1171875,60.625,59.6875,60.0625,10752000,QQQ
1999-09-02,50.479122161865234,59.90625,60.21875,58.875,59.0,14583200,QQQ
1999-09-03,52.796356201171875,62.65625,62.6796875,61.40625,61.625,14195400,QQQ
1999-09-07,52.559364318847656,62.375,63.15625,62.28125,62.53125,9009000,QQQ
1999-09-08,51.84839630126953,61.53125,62.625,61.03125,62.0,14303400,QQQ
1999-09-09,52.585697174072266,62.40625,62.5625,61.25,61.5625,12677600,QQQ
1999-09-10,53.19135284423828,63.125,63.7421875,62.53125,63.25,10251000,QQQ
1999-09-13,52.55278015136719,62.3671875,63.1875,62.03125,63.0625,7240800,QQQ
1999-09-14,52.842437744140625,62.7109375,63.1484375,62.0,62.125,10022600,QQQ
1999-09-15,51.82204818725586,61.5,63.4921875,61.4375,63.4921875,16096000,QQQ
1999-09-16,51.79573059082031,61.46875,62.03125,60.1953125,61.46875,15371000,QQQ
1999-09-17,53.34933090209961,63.3125,63.4375,61.9375,62.03125,14506400,QQQ
1999-09-20,53.47441482543945,63.4609375,63.75,63.03125,63.5,6187200,QQQ
1999-09-21,52.19071578979492,61.9375,63.03125,61.7578125,62.90625,12265800,QQQ
1999-09-22,52.743675231933594,62.59375,62.921875,61.28125,62.03125,12441800,QQQ
1999-09-23,50.55809783935547,60.0,63.375,59.6328125,63.25,19766000,QQQ
1999-09-24,50.623939514160156,60.078125,60.3125,58.625,59.625,23570800,QQQ
1999-09-27,50.97941207885742,60.5,61.375,60.3125,60.9375,12608800,QQQ
1999-09-28,51.21642303466797,60.78125,61.0,58.90625,60.1953125,20622000,QQQ
1999-09-29,50.1894645690918,59.5625,61.21875,59.5625,60.78125,15557000,QQQ
1999-09-30,50.71610641479492,60.1875,60.8125,59.375,60.125,17604200,QQQ
1999-10-01,50.73583221435547,60.2109375,60.2109375,58.75,59.375,19607400,QQQ
1999-10-04,51.87472152709961,61.5625,61.78125,60.1875,60.53125,12434200,QQQ
1999-10-05,52.243385314941406,62.0,62.75,60.6875,61.78125,19526400,QQQ
1999-10-06,53.290096282958984,63.2421875,63.3359375,61.4296875,62.375,19098200,QQQ
1999-10-07,53.16501998901367,63.09375,63.8984375,62.625,63.59375,22013600,QQQ
1999-10-08,53.72455596923828,63.7578125,63.9375,62.0,62.84375,22523200,QQQ
1999-10-11,54.48161697387695,64.65625,64.6875,63.78125,63.9375,13016000,QQQ
1999-10-12,53.244014739990234,63.1875,64.953125,63.0,64.4375,20182800,QQQ
1999-10-13,51.66405487060547,61.3125,63.21875,61.0625,62.46875,22570600,QQQ
1999-10-14,51.98664093017578,61.6953125,62.125,60.53125,61.53125,22130400,QQQ
1999-10-15,50.45277786254883,59.875,61.0,59.5078125,60.125,33703000,QQQ
1999-10-18,49.81421661376953,59.1171875,60.15625,57.4140625,59.9375,24714800,QQQ
1999-10-19,50.08412551879883,59.4375,60.0625,58.4375,59.7578125,26657200,QQQ
1999-10-20,51.61140823364258,61.25,61.7421875,59.75,60.34375,22486400,QQQ
1999-10-21,52.45403289794922,62.25,62.25,59.8125,60.25,22454800,QQQ
1999-10-22,52.217044830322266,61.96875,63.25,61.75,62.6171875,16589400,QQQ
1999-10-25,52.243385314941406,62.0,62.6796875,61.4375,61.6875,13855400,QQQ
1999-10-26,51.82204818725586,61.5,63.09375,61.375,62.75,13542400,QQQ
1999-10-27,51.74305725097656,61.40625,61.625,60.4453125,61.34375,15225200,QQQ
1999-10-28,53.533653259277344,63.53125,63.75,61.8125,62.375,14103800,QQQ
1999-10-29,55.40324783325195,65.75,66.25,64.78125,65.0,19000000,QQQ
1999-11-01,55.113616943359375,65.40625,66.53125,65.3203125,65.75,9681800,QQQ
1999-11-02,55.146514892578125,65.4453125,66.5625,65.1953125,65.75,12834800,QQQ
1999-11-03,56.24588394165039,66.75,67.125,66.1875,66.375,18752600,QQQ
1999-11-04,56.87788772583008,67.5,67.8125,66.78125,67.6796875,20048600,QQQ
1999-11-05,57.45720672607422,68.1875,69.21875,68.1875,68.875,15134600,QQQ
1999-11-08,58.61578369140625,69.5625,69.8046875,68.21875,68.4375,10890800,QQQ
1999-11-09,58.220848083496094,69.09375,70.25,68.5,70.125,14629800,QQQ
1999-11-10,58.984466552734375,70.0,70.59375,68.8125,69.125,16561000,QQQ
1999-11-11,60.03774642944336,71.25,71.34375,70.125,70.75,18501400,QQQ
1999-11-12,60.8277473449707,72.1875,72.25,69.375,71.625,28646600,QQQ
1999-11-15,60.70920944213867,72.046875,72.5,71.6875,72.25,10909400,QQQ
1999-11-16,62.2496337890625,73.875,74.21875,72.0,72.3125,19126400,QQQ
1999-11-17,61.40702438354492,72.875,74.1953125,72.5,73.875,21683600,QQQ
1999-11-18,63.28977584838867,75.109375,75.109375,72.9375,73.375,17738400,QQQ
1999-11-19,63.85590744018555,75.78125,75.90625,74.5,74.78125,17939400,QQQ
1999-11-22,62.88164138793945,74.625,77.5,74.625,75.9375,18841800,QQQ
1999-11-23,63.17130661010742,74.96875,76.5,74.25,76.4375,24047600,QQQ
1999-11-24,65.25154876708984,77.4375,77.7421875,74.40625,75.1875,18617800,QQQ
1999-11-26,65.46221923828125,77.6875,78.78125,77.375,78.40625,8045200,QQQ
1999-11-29,64.382568359375,76.40625,78.1875,76.3125,77.53125,20485200,QQQ
1999-11-30,61.93370819091797,73.5,76.6875,73.5,76.5625,23702400,QQQ
1999-12-01,63.276615142822266,75.09375,75.46875,73.75,74.3125,23205800,QQQ
1999-12-02,65.28443145751953,77.4765625,77.625,75.328125,75.375,17229200,QQQ
1999-12-03,66.67350769042969,79.125,80.1875,78.90625,79.3125,21444600,QQQ
1999-12-06,67.27916717529297,79.84375,80.5,78.6875,79.4296875,16018400,QQQ
1999-12-07,67.27916717529297,79.84375,80.40625,78.8359375,80.09375,23397000,QQQ
1999-12-08,66.46282958984375,78.875,80.4921875,78.6875,79.8671875,19563000,QQQ
1999-12-09,66.77883911132812,79.25,80.4375,77.25,80.0,28445400,QQQ
1999-12-10,67.33180236816406,79.90625,80.1875,78.125,79.90625,20428400,QQQ
1999-12-13,68.24687957763672,80.9921875,81.3359375,79.28125,79.6328125,16209200,QQQ
1999-12-14,67.01582336425781,79.53125,81.21875,79.0,80.75,27760200,QQQ
1999-12-15,68.30611419677734,81.0625,81.0625,77.9375,78.625,31797200,QQQ
1999-12-16,69.99137878417969,83.0625,83.25,81.75,82.125,27219600,QQQ
1999-12-17,70.59700012207031,83.78125,84.875,83.4296875,84.5,23892400,QQQ
1999-12-20,71.51863861083984,84.875,85.25,83.6875,84.40625,15392000,QQQ
1999-12-21,75.36314392089844,89.4375,89.4375,84.640625,85.125,26003800,QQQ
1999-12-22,75.12620544433594,89.15625,89.3125,87.4375,89.1875,22313600,QQQ
1999-12-23,76.02149200439453,90.21875,90.75,89.0,89.8671875,17543600,QQQ
1999-12-27,75.5738296508789,89.6875,90.34375,87.90625,90.3125,19281800,QQQ
1999-12-28,75.0998306274414,89.125,90.5,88.5625,89.75,15346400,QQQ
1999-12-29,77.94371795654297,92.5,92.5,89.875,90.0,16512600,QQQ
1999-12-30,77.10111999511719,91.5,93.75,91.5,93.625,21887000,QQQ
1999-12-31,76.99576568603516,91.375,93.1875,91.375,92.625,14464400,QQQ
2000-01-03,79.83968353271484,94.75,96.1875,90.75,96.1875,36345200,QQQ
2000-01-04,74.362548828125,88.25,93.5,87.9375,92.0,33786600,QQQ
2000-01-05,72.46663665771484,86.0,89.625,84.25,87.5,42496600,QQQ
2000-01-06,67.48977661132812,80.09375,88.0,79.75,86.875,37134800,QQQ
2000-01-07,75.837158203125,90.0,90.0,82.5,82.9375,28138200,QQQ
2000-01-10,77.94371795654297,92.5,93.9375,89.9375,91.0,29675600,QQQ
2000-01-11,74.15189361572266,88.0,92.875,87.0,91.75,32546600,QQQ
2000-01-12,72.519287109375,86.0625,89.2421875,86.0,89.0,29050000,QQQ
2000-01-13,76.89044189453125,91.25,91.5,87.078125,88.5,25165200,QQQ
2000-01-14,78.6810531616211,93.375,93.625,92.0,93.0,21898600,QQQ
2000-01-18,79.10236358642578,93.875,94.4375,91.4375,92.0625,16752400,QQQ
2000-01-19,80.8929672241211,96.0,96.0,92.4296875,93.4921875,19006000,QQQ
2000-01-20,80.10296630859375,95.0625,96.875,94.0078125,95.5,25958000,QQQ
2000-01-21,81.10363006591797,96.25,96.5625,95.0625,96.5,18698200,QQQ
2000-01-24,77.20643615722656,91.625,97.625,90.96875,97.4375,28340400,QQQ
2000-01-25,78.36506652832031,93.0,94.1171875,89.40625,91.875,33276200,QQQ
2000-01-26,75.20521545410156,89.25,93.3125,89.0,93.25,23095600,QQQ
2000-01-27,76.31114196777344,90.5625,92.5,87.625,91.75,30739200,QQQ
2000-01-28,72.46663665771484,86.0,90.46875,84.75,90.0,35313800,QQQ
2000-01-31,75.5738296508789,89.6875,90.0,83.5,85.875,36014600,QQQ
2000-02-01,77.60142517089844,92.09375,92.5,88.4375,89.53125,26417600,QQQ
2000-02-02,78.25971984863281,92.875,94.71875,92.09375,92.25,26169200,QQQ
2000-02-03,81.31427764892578,96.5,96.625,92.28125,94.3125,30579800,QQQ
2000-02-04,81.8672866821289,97.15625,98.2421875,96.21875,97.0,26640000,QQQ
2000-02-07,82.99954986572266,98.5,98.625,96.25,97.25,17761000,QQQ
2000-02-08,86.47541809082031,102.625,102.875,99.375,99.375,21999400,QQQ
2000-02-09,83.42090606689453,99.0,102.1953125,98.75,102.0625,27258200,QQQ
2000-02-10,86.1594467163086,102.25,102.25,98.5546875,99.8125,26341600,QQQ
2000-02-11,84.158203125,99.875,102.0625,98.0,102.0625,24876000,QQQ
2000-02-14,84.05287170410156,99.75,100.0,97.75,99.9921875,22814600,QQQ
2000-02-15,84.65850067138672,100.46875,100.625,95.875,98.9375,30572800,QQQ
2000-02-16,84.26351165771484,100.0,101.6875,99.3125,99.90625,25310600,QQQ
2000-02-17,86.05412292480469,102.125,103.25,99.625,101.1875,30080200,QQQ
2000-02-18,82.9468994140625,98.4375,103.0,98.4375,102.625,25271200,QQQ
2000-02-22,83.21019744873047,98.75,99.9375,96.25,99.0,37226200,QQQ
2000-02-23,87.84471130371094,104.25,105.0,99.15625,99.6796875,32170800,QQQ
2000-02-24,89.74066925048828,106.5,106.8046875,102.0,104.875,48868200,QQQ
2000-02-25,87.68672180175781,104.0625,107.5,103.875,106.1875,32617600,QQQ
2000-02-28,87.63404846191406,104.0,105.6875,100.5,103.25,38216200,QQQ
2000-02-29,89.9512939453125,106.75,107.09375,104.9375,105.75,23978600,QQQ
2000-03-01,90.68863677978516,107.625,108.5625,106.5,107.25,24468400,QQQ
2000-03-02,88.58859252929688,105.1328125,108.1875,104.75,108.0625,32739200,QQQ
2000-03-03,93.58514404296875,111.0625,111.125,107.0,108.0,32017200,QQQ
2000-03-06,94.32247161865234,111.9375,113.21875,110.25,111.75,23268400,QQQ
2000-03-07,92.9005126953125,110.25,113.875,108.75,113.8125,39471000,QQQ
2000-03-08,93.74317932128906,111.25,112.0,106.28125,111.0,43512600,QQQ
2000-03-09,96.9030532836914,115.0,115.5,109.09375,111.21875,30101400,QQQ
2000-03-10,96.48170471191406,114.5,116.4375,113.5078125,114.875,29750600,QQQ
2000-03-13,93.95380401611328,111.5,114.125,109.53125,110.0,37544200,QQQ
2000-03-14,90.47793579101562,107.375,113.375,105.0,112.75,39106800,QQQ
2000-03-15,86.68607330322266,102.875,107.0,101.875,106.5,51202600,QQQ
2000-03-16,91.63655090332031,108.75,109.25,101.0,105.375,55282200,QQQ
2000-03-17,93.37450408935547,110.8125,111.0625,107.9375,108.0,31422400,QQQ
2000-03-20,90.74122619628906,107.6875,111.5,106.25,111.0,21167200,QQQ
2000-03-21,94.16446685791016,111.75,111.9375,103.5625,106.125,33435100,QQQ
2000-03-22,96.06041717529297,114.0,115.96875,111.125,113.5,24370200,QQQ
2000-03-23,97.74565124511719,116.0,117.75,113.5625,114.484375,19227400,QQQ
2000-03-24,99.06230926513672,117.5625,120.5,115.015625,117.484375,22063000,QQQ
2000-03-27,99.22026824951172,117.75,119.5,117.125,118.0,11752600,QQQ
2000-03-28,96.69239044189453,114.75,117.8125,113.125,116.984375,18336300,QQQ
2000-03-29,92.68989562988281,110.0,115.4375,110.0,115.375,27189500,QQQ
2000-03-30,90.37263488769531,107.25,112.75,103.5,107.25,42328700,QQQ
2000-03-31,92.2685317993164,109.5,110.625,104.0,108.140625,31349900,QQQ
2000-04-03,86.73876190185547,102.9375,109.125,100.75,107.765625,31551300,QQQ
2000-04-04,85.8960952758789,101.9375,103.9375,88.3125,103.625,66213000,QQQ
2000-04-05,84.36885070800781,100.125,103.9375,96.25,97.5,37631500,QQQ
2000-04-06,86.37007904052734,102.5,103.875,99.75,102.375,30499900,QQQ
2000-04-07,89.8459701538086,106.625,107.375,102.625,104.125,20645500,QQQ
2000-04-10,84.36885070800781,100.125,107.6875,99.25,107.625,26988200,QQQ
2000-04-11,82.36758422851562,97.75,101.5,95.0625,97.125,34497100,QQQ
2000-04-12,77.52244567871094,92.0,98.75,90.25,97.625,34824400,QQQ
2000-04-13,74.15189361572266,88.0,96.0,88.0,92.8125,46330500,QQQ
2000-04-14,67.72681427001953,80.375,88.5,78.0,86.0625,60851300,QQQ
2000-04-17,75.52117156982422,89.625,90.0,78.0,78.015625,55398500,QQQ
2000-04-18,77.52244567871094,92.0,93.0,87.375,89.484375,36260900,QQQ
2000-04-19,75.15254974365234,89.1875,93.625,89.0625,92.5,28082500,QQQ
2000-04-20,73.5199203491211,87.25,90.96875,86.0625,90.375,21255600,QQQ
2000-04-24,71.413330078125,84.75,85.25,79.875,83.4375,31190900,QQQ
2000-04-25,76.2321548461914,90.46875,90.5,86.0,86.5,28663200,QQQ
2000-04-26,73.6252670288086,87.375,92.421875,87.125,90.625,25688300,QQQ
2000-04-27,76.89044189453125,91.25,92.484375,82.25,84.0,37010400,QQQ
2000-04-28,79.83968353271484,94.75,94.75,92.125,93.5625,24828400,QQQ
2000-05-01,80.57701873779297,95.625,96.875,94.25,95.75,23205700,QQQ
2000-05-02,75.9425048828125,90.125,95.625,89.75,94.875,20307900,QQQ
2000-05-03,75.0998306274414,89.125,90.25,85.515625,89.5,26589700,QQQ
2000-05-04,75.25782012939453,89.3125,90.75,87.625,89.0,17750700,QQQ
2000-05-05,77.04842376708984,91.4375,92.3125,88.03125,88.125,20571200,QQQ
2000-05-08,74.04656219482422,87.875,90.75,87.75,90.5,13903000,QQQ
2000-05-09,72.46663665771484,86.0,89.125,84.3125,88.5,19825800,QQQ
2000-05-10,67.20016479492188,79.75,84.984375,79.5,84.375,34847500,QQQ
2000-05-11,71.30799865722656,84.625,85.25,80.875,82.75,24709700,QQQ
2000-05-12,71.30799865722656,84.625,87.5625,84.0,85.375,17832000,QQQ
2000-05-15,74.41525268554688,88.3125,88.625,82.625,84.8125,17950800,QQQ
2000-05-16,76.52182006835938,90.8125,91.5,88.0625,90.0,23758800,QQQ
2000-05-17,74.94187927246094,88.9375,90.5,87.75,89.25,20339400,QQQ
2000-05-18,72.25596618652344,85.75,89.359375,85.375,89.0,19063000,QQQ
2000-05-19,68.83274841308594,81.6875,85.0,81.3125,83.75,28178100,QQQ
2000-05-22,68.78008270263672,81.625,82.25,75.578125,81.625,43879800,QQQ
2000-05-23,63.03963088989258,74.8125,82.625,74.25,81.375,31898500,QQQ
2000-05-24,66.98947143554688,79.5,79.875,72.25,75.0,49476000,QQQ
2000-05-25,65.51492309570312,77.75,82.25,76.5,80.25,29632700,QQQ
2000-05-26,65.51492309570312,77.75,79.25,75.75,77.75,18203200,QQQ
2000-05-30,72.09798431396484,85.5625,85.9375,80.0,80.0,31590400,QQQ
2000-05-31,70.04405975341797,83.125,86.671875,82.75,84.46875,29675400,QQQ
2000-06-01,73.6252670288086,87.375,88.375,84.0,85.1875,28993500,QQQ
2000-06-02,78.89173126220703,93.625,93.9375,82.5,92.625,31677200,QQQ
2000-06-05,79.0892333984375,93.859375,95.3125,91.875,92.25,23784300,QQQ
2000-06-06,76.89044189453125,91.25,95.0,90.875,93.1875,23200500,QQQ
2000-06-07,78.9443588256836,93.6875,94.0,89.5625,91.5625,22524400,QQQ
2000-06-08,78.5757064819336,93.25,94.875,91.625,94.625,19313800,QQQ
2000-06-09,78.99703216552734,93.75,94.75,93.0,94.75,17014600,QQQ
2000-06-12,76.46916198730469,90.75,94.3125,90.0,94.3125,16484700,QQQ
2000-06-13,79.41836547851562,94.25,94.625,89.359375,90.5,25187900,QQQ
2000-06-14,77.62774658203125,92.125,94.875,91.5,94.875,20274500,QQQ
2000-06-15,78.99703216552734,93.75,93.875,90.875,91.875,18807800,QQQ
2000-06-16,79.41836547851562,94.25,95.3125,93.0625,94.75,21203400,QQQ
2000-06-19,82.57823944091797,98.0,98.25,92.6875,94.015625,20042500,QQQ
2000-06-20,82.26224517822266,97.625,99.6875,97.1875,98.25,20988300,QQQ
2000-06-21,83.31554412841797,98.875,99.71875,96.6875,96.8125,20880600,QQQ
2000-06-22,80.26099395751953,95.25,99.0,94.5,98.625,21526700,QQQ
2000-06-23,77.10111999511719,91.5,95.5,91.375,95.0,24888100,QQQ
2000-06-26,79.2076644897461,94.0,94.421875,92.0,93.0625,22169200,QQQ
2000-06-27,78.25971984863281,92.875,95.0625,92.375,93.765625,14786000,QQQ
2000-06-28,79.2076644897461,94.0,95.5,92.5,92.984375,19259800,QQQ
2000-06-29,77.2196273803711,91.640625,93.375,90.625,92.9375,21355800,QQQ
2000-06-30,78.73373413085938,93.4375,93.953125,91.3125,91.8125,15153100,QQQ
2000-07-03,80.26099395751953,95.25,95.25,93.25,93.5,5212000,QQQ
2000-07-05,77.15380859375,91.5625,93.96875,90.875,93.625,16489000,QQQ
2000-07-06,79.2076644897461,94.0,94.75,90.0625,91.5625,23594700,QQQ
2000-07-07,80.84032440185547,95.9375,97.0,94.4375,95.0,16603200,QQQ
2000-07-10,79.61583709716797,94.484375,95.875,94.0,94.6875,12659400,QQQ
2000-07-11,80.05034637451172,95.0,95.75,92.8125,94.0625,14374600,QQQ
2000-07-12,81.9462890625,97.25,97.75,94.625,95.4375,18252600,QQQ
2000-07-13,82.99954986572266,98.5,99.75,97.125,97.9375,19566700,QQQ
2000-07-14,84.79019165039062,100.625,101.125,98.8125,100.25,17219400,QQQ
2000-07-17,85.73814392089844,101.75,102.0625,99.875,100.9375,13140500,QQQ
2000-07-18,83.84217834472656,99.5,100.78125,98.359375,100.375,20684000,QQQ
2000-07-19,81.9462890625,97.25,98.9375,95.65625,98.3125,21828500,QQQ
2000-07-20,84.57950592041016,100.375,100.5,97.265625,97.875,19521200,QQQ
2000-07-21,81.735595703125,97.0,99.515625,97.0,98.4375,14411400,QQQ
2000-07-24,80.05034637451172,95.0,99.0,94.25,97.9375,18579200,QQQ
2000-07-25,80.68231201171875,95.75,97.0,93.8125,95.625,19065700,QQQ
2000-07-26,80.57701873779297,95.625,96.125,93.25,95.5,20318700,QQQ
2000-07-27,77.4171142578125,91.875,95.0625,91.5625,93.9375,26141800,QQQ
2000-07-28,73.20389556884766,86.875,92.875,86.0,92.1875,36485600,QQQ
2000-07-31,75.36314392089844,89.4375,90.125,85.71875,87.625,27609900,QQQ
2000-08-01,74.362548828125,88.25,89.984375,87.6875,89.8125,15751800,QQQ
2000-08-02,73.0459213256836,86.6875,90.390625,86.5,87.875,23578200,QQQ
2000-08-03,76.205810546875,90.4375,91.25,83.3125,84.25,35874700,QQQ
2000-08-04,75.9425048828125,90.125,92.765625,89.125,92.0,22283400,QQQ
2000-08-07,77.73310852050781,92.25,93.03125,90.25,90.875,15103300,QQQ
2000-08-08,79.31302642822266,94.125,94.25,91.5,92.0625,14832300,QQQ
2000-08-09,77.20643615722656,91.625,94.4375,91.375,93.6875,18649800,QQQ
2000-08-10,75.67916107177734,89.8125,92.234375,89.5,91.8125,15336200,QQQ
2000-08-11,76.73246002197266,91.0625,91.109375,87.875,89.25,21050600,QQQ
2000-08-14,78.36506652832031,93.0,93.0,90.203125,91.375,12539300,QQQ
2000-08-15,78.36506652832031,93.0,93.984375,92.0,92.75,14090300,QQQ
2000-08-16,79.15497589111328,93.9375,94.6875,92.0,93.4375,15245300,QQQ
2000-08-17,80.68231201171875,95.75,95.875,92.875,92.9375,14492400,QQQ
2000-08-18,80.26099395751953,95.25,96.625,94.6875,95.9375,14706700,QQQ
2000-08-21,80.47164916992188,95.5,96.859375,94.375,96.0,13560100,QQQ
2000-08-22,80.47164916992188,95.5,97.359375,95.265625,96.0,14878200,QQQ
2000-08-23,81.78826141357422,97.0625,97.4375,93.828125,94.6875,21396400,QQQ
2000-08-24,83.0522689819336,98.5625,98.6875,96.0625,97.4375,13567700,QQQ
2000-08-25,82.60457611083984,98.03125,99.953125,97.0,98.484375,11764700,QQQ
2000-08-28,82.99954986572266,98.5,99.84375,97.9375,98.25,12314200,QQQ
2000-08-29,83.42090606689453,99.0,99.171875,97.859375,98.625,11162800,QQQ
2000-08-30,83.31554412841797,98.875,99.5,97.765625,98.3125,10545300,QQQ
2000-08-31,85.63282012939453,101.625,102.0,98.875,99.625,15588700,QQQ
2000-09-01,86.47541809082031,102.625,103.515625,101.1875,103.0,14071900,QQQ
2000-09-05,83.84217834472656,99.5,101.75,99.421875,101.625,16348300,QQQ
2000-09-06,80.8929672241211,96.0,99.484375,95.5,99.25,20964900,QQQ
2000-09-07,82.68357849121094,98.125,99.421875,96.5625,96.8125,16669700,QQQ
2000-09-08,80.15563201904297,95.125,98.0,94.765625,97.765625,23475200,QQQ
2000-09-11,78.2070541381836,92.8125,96.125,92.0,94.5,27262100,QQQ
2000-09-12,76.99576568603516,91.375,94.6875,90.84375,93.5,24256000,QQQ
2000-09-13,78.78638458251953,93.5,93.875,90.0,90.25,34093100,QQQ
2000-09-14,78.36506652832031,93.0,95.9375,92.640625,95.25,28615300,QQQ
2000-09-15,76.94313049316406,91.3125,93.625,90.6875,93.125,24994600,QQQ
2000-09-18,75.73179626464844,89.875,93.0,88.0,91.8125,29218500,QQQ
2000-09-19,78.5230484008789,93.1875,93.78125,89.875,90.75,27568700,QQQ
2000-09-20,79.73436737060547,94.625,95.234375,91.3125,93.375,33123200,QQQ
2000-09-21,73.94126892089844,87.75,94.484375,87.0,93.75,25031400,QQQ
2000-09-22,78.3123779296875,92.9375,93.25,87.5,87.625,33710100,QQQ
2000-09-25,76.2321548461914,90.46875,94.25,90.0,93.625,20560800,QQQ
2000-09-26,75.36314392089844,89.4375,92.5,88.921875,90.765625,26011200,QQQ
2000-09-27,75.46852111816406,89.5625,91.1875,88.0,90.625,28482900,QQQ
2000-09-28,77.15380859375,91.5625,93.0,88.71875,88.71875,29050000,QQQ
2000-09-29,74.78387451171875,88.75,92.453125,88.6875,92.0,27198800,QQQ
2000-10-02,73.09859466552734,86.75,90.25,86.0,90.25,24968200,QQQ
2000-10-03,70.78135681152344,84.0,88.8125,83.265625,88.0625,35731200,QQQ
2000-10-04,72.15062713623047,85.625,86.859375,82.125,83.5,37672100,QQQ
2000-10-05,72.3613052368164,85.875,87.1875,84.5625,85.25,23443100,QQQ
2000-10-06,69.93871307373047,83.0,86.5625,81.25,85.5625,36335800,QQQ
2000-10-09,69.62271881103516,82.625,83.8125,79.375,82.5625,28834600,QQQ
2000-10-10,65.98884582519531,78.3125,83.3125,77.875,81.8125,35283200,QQQ
2000-10-11,64.9355697631836,77.0625,80.453125,76.0625,76.875,48462600,QQQ
2000-10-12,63.30294418334961,75.125,79.5625,74.40625,79.25,53223600,QQQ
2000-10-13,68.46409606933594,81.25,81.625,74.625,74.6875,42410200,QQQ
2000-10-16,69.0960922241211,82.0,82.3125,79.75,81.125,27644900,QQQ
2000-10-17,65.9361801147461,78.25,83.171875,78.0,83.125,52101400,QQQ
2000-10-18,65.72554779052734,78.0,81.1875,74.5625,76.75,64354400,QQQ
2000-10-19,71.67662048339844,85.0625,85.109375,81.4375,82.390625,44278900,QQQ
2000-10-20,72.72991943359375,86.3125,87.875,84.390625,84.5,40692200,QQQ
2000-10-23,72.62459564208984,86.1875,87.5,84.125,86.1875,28989200,QQQ
2000-10-24,69.5173568725586,82.5,87.0,82.375,86.4375,31466200,QQQ
2000-10-25,65.62020874023438,77.875,82.0,76.890625,81.25,48635400,QQQ
2000-10-26,67.30550384521484,79.875,80.0,73.625,78.1875,69991300,QQQ
2000-10-27,67.1738052368164,79.71875,81.859375,77.484375,80.859375,51046400,QQQ
2000-10-30,64.6854248046875,76.765625,79.875,75.703125,78.1875,35496700,QQQ
2000-10-31,68.84590148925781,81.703125,82.5625,77.875,78.0,43863800,QQQ
2000-11-01,68.25342559814453,81.0,82.8125,79.1875,80.3125,45186400,QQQ
2000-11-02,69.0960922241211,82.0,83.25,81.0625,82.1875,26594300,QQQ
2000-11-03,69.99137878417969,83.0625,83.9375,81.640625,82.875,29837100,QQQ
2000-11-06,69.46472930908203,82.4375,84.125,82.0,83.625,23485800,QQQ
2000-11-07,69.20144653320312,82.125,82.46875,80.25,81.4375,24334400,QQQ
2000-11-08,63.79009246826172,75.703125,82.25,75.625,82.125,40338200,QQQ
2000-11-09,63.776973724365234,75.6875,76.9375,73.0,74.75,64955900,QQQ
2000-11-10,60.459068298339844,71.75,75.6875,71.75,74.25,49235500,QQQ
2000-11-13,60.55124282836914,71.859375,74.1875,68.265625,70.953125,75023400,QQQ
2000-11-14,63.908599853515625,75.84375,76.0,72.75,73.0,44829500,QQQ
2000-11-15,65.19890594482422,77.375,78.0625,74.796875,75.5625,37760900,QQQ
2000-11-16,61.40702438354492,72.875,77.0,72.875,75.375,33898700,QQQ
2000-11-17,61.367549896240234,72.828125,75.1875,71.0,73.1875,49913800,QQQ
2000-11-20,58.86595916748047,69.859375,72.0625,69.25,70.9375,46862300,QQQ
2000-11-21,58.773799896240234,69.75,71.125,68.4375,70.1875,42128600,QQQ
2000-11-22,56.140567779541016,66.625,70.125,66.5,68.4375,56623700,QQQ
2000-11-24,59.353092193603516,70.4375,70.625,68.171875,68.375,19987900,QQQ
2000-11-27,58.61578369140625,69.5625,72.9375,68.75,72.5625,35416600,QQQ
2000-11-28,55.153106689453125,65.453125,69.9375,65.3125,68.9375,48812700,QQQ
2000-11-29,53.03334045410156,62.9375,66.75,62.5,65.8125,66189300,QQQ
2000-11-30,53.072837829589844,62.984375,64.25,60.5,61.75,74792600,QQQ
2000-12-01,53.92864227294922,64.0,66.765625,62.125,64.0625,57112500,QQQ
2000-12-04,54.77128601074219,65.0,65.359375,61.75,64.125,49106300,QQQ
2000-12-05,59.56378936767578,70.6875,71.0,65.5,66.0625,76531800,QQQ
2000-12-06,57.29917907714844,68.0,72.296875,67.75,70.59375,63352100,QQQ
2000-12-07,56.03521728515625,66.5,68.984375,65.5,67.0,41481100,QQQ
2000-12-08,57.29917907714844,68.0,73.5,67.625,71.09375,65856900,QQQ
2000-12-11,62.67100143432617,74.375,74.78125,70.953125,72.0625,51829800,QQQ
2000-12-12,60.38007354736328,71.65625,73.875,71.3125,73.5,31054500,QQQ
2000-12-13,57.91801071166992,68.734375,73.5,68.3125,73.4375,51661600,QQQ
2000-12-14,55.0872917175293,65.375,69.6875,65.25,68.515625,41562700,QQQ
2000-12-15,53.82331848144531,63.875,65.625,62.5625,64.25,59026100,QQQ
2000-12-18,53.92864227294922,64.0,65.96875,62.5625,65.15625,42950000,QQQ
2000-12-19,49.8208122253418,59.125,65.859375,58.75,63.453125,80489200,QQQ
2000-12-20,46.9637451171875,55.734375,58.375,54.75,57.3125,81432100,QQQ
2000-12-21,47.240230560302734,56.0625,58.75,54.25,55.015625,85875600,QQQ
2000-12-22,50.97941207885742,60.5,60.75,57.5,57.625,57240000,QQQ
2000-12-26,51.29541778564453,60.875,61.921875,58.0,60.59375,37082800,QQQ
2000-12-27,51.87472152709961,61.5625,62.1875,58.9375,59.6875,33955500,QQQ
2000-12-28,51.7693977355957,61.4375,62.484375,60.25,60.78125,30996900,QQQ
2000-12-29,49.188819885253906,58.375,62.234375,58.0,61.5625,49191000,QQQ
2001-01-02,45.0283203125,53.4375,58.6875,52.4375,58.5625,62514100,QQQ
2001-01-03,52.61203384399414,62.4375,65.25,52.15625,52.1875,118175700,QQQ
2001-01-04,51.66405487060547,61.3125,63.625,60.234375,61.625,58465400,QQQ
2001-01-05,47.71420669555664,56.625,61.3125,56.0,61.3125,68782000,QQQ
2001-01-08,48.24085235595703,57.25,57.5,53.515625,56.3125,55576500,QQQ
2001-01-09,48.24085235595703,57.25,59.125,56.625,57.75,53318900,QQQ
2001-01-10,50.71610641479492,60.1875,60.375,55.75,56.125,74258300,QQQ
2001-01-11,52.19071578979492,61.9375,63.6875,59.1875,59.265625,65451700,QQQ
2001-01-12,52.86217498779297,62.734375,64.625,61.5,62.75,60793900,QQQ
2001-01-16,52.230220794677734,61.984375,62.921875,60.5625,62.5625,32203300,QQQ
2001-01-17,53.82331848144531,63.875,65.609375,63.140625,64.5,61388800,QQQ
2001-01-18,56.08789825439453,66.5625,66.75,62.6875,64.125,54934700,QQQ
2001-01-19,55.87726593017578,66.3125,68.3125,65.5625,68.140625,56292500,QQQ
2001-01-22,55.929893493652344,66.375,67.0,64.75,65.875,35777100,QQQ
2001-01-23,57.1016845703125,67.765625,68.40625,65.3125,65.90625,49859500,QQQ
2001-01-24,56.5618782043457,67.125,69.125,66.75,68.0625,53905400,QQQ
2001-01-25,54.349952697753906,64.5,67.671875,64.390625,66.875,57151900,QQQ
2001-01-26,55.232112884521484,65.546875,65.9375,63.0,63.5625,45681400,QQQ
2001-01-29,56.45653533935547,67.0,67.25,64.25,64.75,31514100,QQQ
2001-01-30,56.24588394165039,66.75,67.73999786376953,66.0,67.1500015258789,42439300,QQQ
2001-01-31,54.18144607543945,64.30000305175781,67.98999786376953,64.30000305175781,67.25,59322200,QQQ
2001-02-01,54.897674560546875,65.1500015258789,65.61000061035156,63.599998474121094,64.55000305175781,45142600,QQQ
2001-02-02,51.86418151855469,61.54999923706055,65.30000305175781,60.0,64.94000244140625,47471000,QQQ
2001-02-05,51.82204818725586,61.5,61.900001525878906,60.119998931884766,61.189998626708984,36016300,QQQ
2001-02-06,51.90633010864258,61.599998474121094,63.119998931884766,61.15999984741211,61.4900016784668,42417700,QQQ
2001-02-07,51.06368637084961,60.599998474121094,61.20000076293945,58.58000183105469,60.5099983215332,61972200,QQQ
2001-02-08,49.53852462768555,58.790000915527344,61.5,58.58000183105469,60.900001525878906,48269500,QQQ
2001-02-09,47.524620056152344,56.400001525878906,58.599998474121094,56.0,58.25,55385200,QQQ
2001-02-12,48.09760284423828,57.08000183105469,57.939998626708984,55.619998931884766,56.25,50540400,QQQ
2001-02-13,46.55558395385742,55.25,59.18000030517578,54.97999954223633,57.650001525878906,58914000,QQQ
2001-02-14,48.409385681152344,57.45000076293945,57.75,54.119998931884766,55.400001525878906,63048200,QQQ
2001-02-15,49.20989227294922,58.400001525878906,60.4900016784668,58.29999923706055,58.79999923706055,67801300,QQQ
2001-02-16,46.4544677734375,55.130001068115234,56.869998931884766,54.529998779296875,55.959999084472656,66779700,QQQ
2001-02-20,44.651241302490234,52.9900016784668,55.84000015258789,52.29999923706055,55.7400016784668,55298400,QQQ
2001-02-21,43.39572525024414,51.5,54.06999969482422,50.91999816894531,51.54999923706055,72349000,QQQ
2001-02-22,42.974388122558594,51.0,52.15999984741211,48.88999938964844,51.45000076293945,103855500,QQQ
2001-02-23,43.12605667114258,51.18000030517578,51.599998474121094,48.22999954223633,50.09000015258789,93337900,QQQ
2001-02-26,43.94344711303711,52.150001525878906,52.599998474121094,50.25,52.08000183105469,78342700,QQQ
2001-02-27,41.289119720458984,49.0,52.08000183105469,48.900001525878906,51.540000915527344,66741700,QQQ
2001-02-28,39.9830436706543,47.45000076293945,50.209999084472656,46.86000061035156,49.45000076293945,102187900,QQQ
2001-03-01,41.12060546875,48.79999923706055,49.20000076293945,45.75,46.970001220703125,101773000,QQQ
2001-03-02,39.35105895996094,46.70000076293945,49.630001068115234,45.650001525878906,47.20000076293945,95927100,QQQ
2001-03-05,40.06729507446289,47.54999923706055,48.36000061035156,47.09000015258789,47.5,43888400,QQQ
2001-03-06,41.626163482666016,49.400001525878906,50.65999984741211,49.099998474121094,49.29999923706055,60828600,QQQ
2001-03-07,41.643035888671875,49.41999816894531,50.43000030517578,48.970001220703125,50.400001525878906,55215500,QQQ
2001-03-08,40.8677978515625,48.5,49.810001373291016,48.099998474121094,49.349998474121094,48965200,QQQ
2001-03-09,38.00284194946289,45.099998474121094,47.369998931884766,44.95000076293945,47.25,79990900,QQQ
2001-03-12,35.64345932006836,42.29999923706055,44.95000076293945,41.79999923706055,44.0,80674000,QQQ
2001-03-13,37.45513153076172,44.45000076293945,44.7400016784668,42.130001068115234,42.779998779296875,80024400,QQQ
2001-03-14,36.86528778076172,43.75,45.189998626708984,42.310001373291016,42.70000076293945,97190000,QQQ
2001-03-15,35.517066955566406,42.150001525878906,45.310001373291016,42.04999923706055,45.20000076293945,74135500,QQQ
2001-03-16,34.71656799316406,41.20000076293945,42.79999923706055,40.560001373291016,41.880001068115234,77784500,QQQ
2001-03-19,36.45240020751953,43.2599983215332,43.2599983215332,40.75,41.439998626708984,53248200,QQQ
2001-03-20,34.00033187866211,40.349998474121094,43.810001373291016,40.20000076293945,43.439998626708984,104796200,QQQ
2001-03-21,34.00033187866211,40.349998474121094,41.79999923706055,39.709999084472656,40.52000045776367,96200700,QQQ
2001-03-22,36.06479263305664,42.79999923706055,42.79999923706055,39.4900016784668,40.599998474121094,130208100,QQQ
2001-03-23,36.06479263305664,42.79999923706055,43.83000183105469,41.5,43.54999923706055,95277500,QQQ
2001-03-26,35.23055648803711,41.810001373291016,43.5,41.54999923706055,43.470001220703125,57666200,QQQ
2001-03-27,36.443965911865234,43.25,43.720001220703125,41.41999816894531,41.79999923706055,69945300,QQQ
2001-03-28,33.452613830566406,39.70000076293945,42.20000076293945,39.68000030517578,41.900001525878906,77863500,QQQ
2001-03-29,32.82063293457031,38.95000076293945,40.61000061035156,38.400001525878906,39.380001068115234,79654700,QQQ
2001-03-30,32.98917007446289,39.150001525878906,39.97999954223633,38.0,39.29999923706055,63661300,QQQ
2001-04-02,31.514551162719727,37.400001525878906,39.849998474121094,37.29999923706055,39.16999816894531,69713600,QQQ
2001-04-03,29.20572280883789,34.65999984741211,37.75,34.619998931884766,37.20000076293945,89015700,QQQ
2001-04-04,28.691730499267578,34.04999923706055,35.810001373291016,33.599998474121094,34.709999084472656,76473900,QQQ
2001-04-05,31.43871307373047,37.310001373291016,37.959999084472656,35.709999084472656,36.0,87035800,QQQ
2001-04-06,30.292728424072266,35.95000076293945,37.099998474121094,35.5,36.900001525878906,86123600,QQQ
2001-04-09,31.219627380371094,37.04999923706055,37.38999938964844,35.849998474121094,36.790000915527344,51638700,QQQ
2001-04-10,33.53688430786133,39.79999923706055,40.459999084472656,37.779998779296875,37.900001525878906,94265100,QQQ
2001-04-11,34.54804611206055,41.0,42.5,40.45000076293945,42.15999984741211,92829500,QQQ
2001-04-12,36.06479263305664,42.79999923706055,42.79999923706055,40.0,40.29999923706055,79531500,QQQ
2001-04-16,33.91604995727539,40.25,42.43000030517578,40.060001373291016,41.939998626708984,65229800,QQQ
2001-04-17,34.7586784362793,41.25,42.70000076293945,39.900001525878906,39.95000076293945,94694300,QQQ
2001-04-18,38.382022857666016,45.54999923706055,48.0,43.20000076293945,43.720001220703125,128891400,QQQ
2001-04-19,40.699275970458984,48.29999923706055,48.75,45.58000183105469,46.099998474121094,110467600,QQQ
2001-04-20,40.7835578918457,48.400001525878906,49.439998626708984,43.04999923706055,48.18000030517578,80598100,QQQ
2001-04-23,38.04497528076172,45.150001525878906,47.720001220703125,44.88999938964844,46.9900016784668,79317600,QQQ
2001-04-24,37.32874298095703,44.29999923706055,46.41999816894531,43.75,45.099998474121094,88888300,QQQ
2001-04-25,38.00284194946289,45.099998474121094,45.58000183105469,43.099998474121094,43.900001525878906,68418400,QQQ
2001-04-26,37.0338020324707,43.95000076293945,46.25,43.869998931884766,45.900001525878906,71110200,QQQ
2001-04-27,38.04497528076172,45.150001525878906,45.470001220703125,44.2400016784668,45.150001525878906,55580000,QQQ
2001-04-30,38.887611389160156,46.150001525878906,47.56999969482422,45.29999923706055,46.25,73859100,QQQ
2001-05-01,40.488616943359375,48.04999923706055,48.08000183105469,45.400001525878906,46.20000076293945,54498300,QQQ
2001-05-02,41.27225875854492,48.97999954223633,49.400001525878906,47.5,48.79999923706055,77566500,QQQ
2001-05-03,39.43533706665039,46.79999923706055,47.900001525878906,46.20000076293945,47.900001525878906,67124900,QQQ
2001-05-04,40.61500930786133,48.20000076293945,48.20000076293945,45.11000061035156,45.29999923706055,72673400,QQQ
2001-05-07,39.77238464355469,47.20000076293945,48.599998474121094,47.099998474121094,48.0,45561600,QQQ
2001-05-08,40.61500930786133,48.20000076293945,48.349998474121094,46.9900016784668,48.29999923706055,56970700,QQQ
2001-05-09,39.22466278076172,46.54999923706055,47.95000076293945,46.439998626708984,47.04999923706055,60984600,QQQ
2001-05-10,38.567405700683594,45.77000045776367,48.04999923706055,45.720001220703125,47.91999816894531,61130300,QQQ
2001-05-11,38.382022857666016,45.54999923706055,46.41999816894531,45.09000015258789,45.84000015258789,48760400,QQQ
2001-05-14,37.766910552978516,44.81999969482422,45.36000061035156,43.349998474121094,45.29999923706055,43108000,QQQ
2001-05-15,38.04497528076172,45.150001525878906,46.29999923706055,44.58000183105469,44.900001525878906,69007600,QQQ
2001-05-16,39.730255126953125,47.150001525878906,47.52000045776367,44.060001373291016,44.310001373291016,80110500,QQQ
2001-05-17,40.36223220825195,47.900001525878906,48.790000915527344,47.2599983215332,47.45000076293945,73810700,QQQ
2001-05-18,40.48019790649414,48.040000915527344,48.380001068115234,47.09000015258789,47.63999938964844,41095100,QQQ
2001-05-21,43.016510009765625,51.04999923706055,51.150001525878906,47.650001525878906,48.16999816894531,85426900,QQQ
2001-05-22,42.89013671875,50.900001525878906,51.95000076293945,50.18000030517578,51.310001373291016,77233900,QQQ
2001-05-23,40.99422073364258,48.650001525878906,50.45000076293945,48.63999938964844,50.439998626708984,65618000,QQQ
2001-05-24,42.047515869140625,49.900001525878906,49.9900016784668,48.27000045776367,48.970001220703125,61792500,QQQ
2001-05-25,41.28070068359375,48.9900016784668,50.02000045776367,48.02000045776367,49.959999084472656,36191100,QQQ
2001-05-29,38.86233139038086,46.119998931884766,48.5,46.099998474121094,48.5,66609600,QQQ
2001-05-30,37.43828582763672,44.43000030517578,45.849998474121094,44.08000183105469,45.43000030517578,81397400,QQQ
2001-05-31,37.691070556640625,44.72999954223633,45.849998474121094,44.29999923706055,44.540000915527344,68018300,QQQ
2001-06-01,38.80335235595703,46.04999923706055,46.22999954223633,44.33000183105469,45.540000915527344,61874300,QQQ
2001-06-04,38.61796951293945,45.83000183105469,46.65999984741211,45.290000915527344,46.33000183105469,41696000,QQQ
2001-06-05,40.320091247558594,47.849998474121094,48.36000061035156,46.20000076293945,46.29999923706055,68146400,QQQ
2001-06-06,40.00831604003906,47.47999954223633,48.88999938964844,47.06999969482422,48.08000183105469,61169500,QQQ
2001-06-07,41.036319732666016,48.70000076293945,49.4900016784668,47.06999969482422,47.130001068115234,65400200,QQQ
2001-06-08,39.89875411987305,47.349998474121094,48.77000045776367,46.95000076293945,48.720001220703125,56391400,QQQ
2001-06-11,38.80335235595703,46.04999923706055,47.0,45.4900016784668,46.900001525878906,48809400,QQQ
2001-06-12,38.59267807006836,45.79999923706055,46.79999923706055,44.22999954223633,44.869998931884766,78450500,QQQ
2001-06-13,37.53937911987305,44.54999923706055,46.75,44.52000045776367,46.27000045776367,68535400,QQQ
2001-06-14,35.60133361816406,42.25,44.400001525878906,42.0,44.02000045776367,91050300,QQQ
2001-06-15,35.896263122558594,42.599998474121094,43.06999969482422,41.279998779296875,41.79999923706055,84589400,QQQ
2001-06-18,35.415950775146484,42.029998779296875,43.16999816894531,41.400001525878906,42.63999938964844,63539100,QQQ
2001-06-19,35.23899459838867,41.81999969482422,43.560001373291016,41.2599983215332,43.31999969482422,73386900,QQQ
2001-06-20,36.03951644897461,42.77000045776367,42.970001220703125,41.279998779296875,41.29999923706055,83588600,QQQ
2001-06-21,36.52824401855469,43.349998474121094,44.22999954223633,42.29999923706055,42.66999816894531,67212600,QQQ
2001-06-22,36.443965911865234,43.25,44.20000076293945,42.59000015258789,43.619998931884766,51870400,QQQ
2001-06-25,36.536651611328125,43.36000061035156,43.79999923706055,42.650001525878906,43.61000061035156,39212100,QQQ
2001-06-26,36.66307067871094,43.5099983215332,43.88999938964844,42.47999954223633,42.540000915527344,55155100,QQQ
2001-06-27,36.898990631103516,43.790000915527344,44.150001525878906,43.0,43.68000030517578,53289400,QQQ
2001-06-28,37.37087631225586,44.349998474121094,46.36000061035156,44.349998474121094,44.400001525878906,89963700,QQQ
2001-06-29,38.5084228515625,45.70000076293945,46.52000045776367,44.70000076293945,45.09000015258789,59719600,QQQ
2001-07-02,38.29777526855469,45.45000076293945,46.47999954223633,45.189998626708984,45.650001525878906,50884300,QQQ
2001-07-03,38.4578742980957,45.63999938964844,45.689998626708984,44.79999923706055,45.25,24758400,QQQ
2001-07-05,36.61251449584961,43.45000076293945,45.18000030517578,43.45000076293945,44.869998931884766,44409800,QQQ
2001-07-06,35.09575653076172,41.650001525878906,43.11000061035156,41.4900016784668,43.0099983215332,53434800,QQQ
2001-07-09,35.39912796020508,42.0099983215332,42.689998626708984,41.5,41.88999938964844,45547500,QQQ
2001-07-10,34.126712799072266,40.5,42.880001068115234,40.400001525878906,42.7599983215332,58620000,QQQ
2001-07-11,34.54804611206055,41.0,41.099998474121094,39.869998931884766,40.41999816894531,77840200,QQQ
2001-07-12,36.7388916015625,43.599998474121094,43.83000183105469,42.29999923706055,42.630001068115234,70363300,QQQ
2001-07-13,36.35969161987305,43.150001525878906,44.43000030517578,42.900001525878906,43.380001068115234,62474200,QQQ
2001-07-16,35.68559646606445,42.349998474121094,43.86000061035156,41.900001525878906,43.369998931884766,53390800,QQQ
2001-07-17,36.486106872558594,43.29999923706055,43.400001525878906,41.540000915527344,41.81999969482422,59813000,QQQ
2001-07-18,35.09575653076172,41.650001525878906,42.849998474121094,41.13999938964844,42.27000045776367,64797200,QQQ
2001-07-19,35.929962158203125,42.63999938964844,43.349998474121094,41.75,42.459999084472656,76590200,QQQ
2001-07-20,35.09575653076172,41.650001525878906,42.13999938964844,41.36000061035156,41.4900016784668,49012800,QQQ
2001-07-23,34.21941375732422,40.61000061035156,42.400001525878906,40.54999923706055,42.2400016784668,55329400,QQQ
2001-07-24,33.831790924072266,40.150001525878906,40.900001525878906,39.310001373291016,40.380001068115234,70422900,QQQ
2001-07-25,34.126712799072266,40.5,40.720001220703125,39.400001525878906,40.13999938964844,68859600,QQQ
2001-07-26,34.63230514526367,41.099998474121094,41.88999938964844,39.97999954223633,40.45000076293945,69199300,QQQ
2001-07-27,35.348548889160156,41.95000076293945,42.2599983215332,41.29999923706055,41.63999938964844,47452900,QQQ
2001-07-30,35.13787841796875,41.70000076293945,42.29999923706055,41.400001525878906,42.130001068115234,39459400,QQQ
2001-07-31,35.18843078613281,41.7599983215332,42.779998779296875,41.5,41.84000015258789,55732500,QQQ
2001-08-01,36.31757736206055,43.099998474121094,43.5,42.40999984741211,42.630001068115234,53864800,QQQ
2001-08-02,37.00010299682617,43.90999984741211,44.0,42.81999969482422,43.790000915527344,53187300,QQQ
2001-08-03,36.384971618652344,43.18000030517578,43.529998779296875,42.560001373291016,43.529998779296875,51513700,QQQ
2001-08-06,35.811973571777344,42.5,42.849998474121094,42.349998474121094,42.529998779296875,31105700,QQQ
2001-08-07,35.626617431640625,42.279998779296875,42.81999969482422,41.939998626708984,42.099998474121094,38407500,QQQ
2001-08-08,34.126712799072266,40.5,42.650001525878906,40.29999923706055,41.849998474121094,76045200,QQQ
2001-08-09,34.269962310791016,40.66999816894531,40.880001068115234,39.97999954223633,40.40999984741211,66861400,QQQ
2001-08-10,33.94131851196289,40.279998779296875,40.75,39.22999954223633,40.41999816894531,68491900,QQQ
2001-08-13,34.63230514526367,41.099998474121094,41.34000015258789,40.20000076293945,40.59000015258789,48425700,QQQ
2001-08-14,34.21099090576172,40.599998474121094,41.70000076293945,40.540000915527344,41.4900016784668,51267600,QQQ
2001-08-15,32.947044372558594,39.099998474121094,40.93000030517578,39.06999969482422,40.619998931884766,58935300,QQQ
2001-08-16,33.334632873535156,39.560001373291016,39.59000015258789,38.040000915527344,38.63999938964844,68227300,QQQ
2001-08-17,31.817903518676758,37.7599983215332,38.79999923706055,37.709999084472656,38.439998626708984,56649300,QQQ
2001-08-20,32.25606918334961,38.279998779296875,38.650001525878906,37.52000045776367,37.849998474121094,49921300,QQQ
2001-08-21,30.91626739501953,36.689998626708984,38.650001525878906,36.650001525878906,38.290000915527344,56445600,QQQ
2001-08-22,31.758913040161133,37.689998626708984,37.84000015258789,36.540000915527344,37.45000076293945,65221400,QQQ
2001-08-23,31.447145462036133,37.31999969482422,38.459999084472656,37.29999923706055,37.66999816894531,54711800,QQQ
2001-08-24,33.11555862426758,39.29999923706055,39.38999938964844,37.75,37.86000061035156,58450600,QQQ
2001-08-27,33.157684326171875,39.349998474121094,39.900001525878906,38.83000183105469,39.279998779296875,50927500,QQQ
2001-08-28,32.12123107910156,38.119998931884766,39.439998626708984,38.0099983215332,39.31999969482422,65275500,QQQ
2001-08-29,31.649383544921875,37.560001373291016,38.45000076293945,37.130001068115234,38.369998931884766,59060500,QQQ
2001-08-30,30.478105545043945,36.16999816894531,37.310001373291016,35.75,36.79999923706055,76105800,QQQ
2001-08-31,30.86573028564453,36.630001068115234,37.029998779296875,35.939998626708984,36.029998779296875,54309000,QQQ
2001-09-04,29.888261795043945,35.470001220703125,37.5,35.349998474121094,36.5099983215332,74073600,QQQ
2001-09-05,29.770309448242188,35.33000183105469,35.90999984741211,34.150001525878906,35.4900016784668,95461200,QQQ
2001-09-06,28.56532859802246,33.900001525878906,35.52000045776367,33.779998779296875,34.7400016784668,88701800,QQQ
2001-09-07,28.396808624267578,33.70000076293945,35.099998474121094,33.349998474121094,33.619998931884766,95528800,QQQ
2001-09-10,28.733854293823242,34.099998474121094,34.31999969482422,33.34000015258789,33.4900016784668,80371300,QQQ
2001-09-17,26.29021453857422,31.200000762939453,32.79999923706055,31.09000015258789,31.25,97700900,QQQ
2001-09-18,25.70036506652832,30.5,32.5,30.3700008392334,31.530000686645508,66285300,QQQ
2001-09-19,25.253765106201172,29.969999313354492,31.0,28.260000228881836,30.639999389648438,116632800,QQQ
2001-09-20,24.411134719848633,28.969999313354492,30.09000015258789,28.799999237060547,29.299999237060547,90840200,QQQ
2001-09-21,23.75387954711914,28.190000534057617,28.969999313354492,27.200000762939453,27.40999984741211,112341900,QQQ
2001-09-24,24.95041847229004,29.610000610351562,30.0,28.59000015258789,29.079999923706055,85696500,QQQ
2001-09-25,25.026275634765625,29.700000762939453,30.43000030517578,28.950000762939453,29.709999084472656,83860600,QQQ
2001-09-26,24.158342361450195,28.670000076293945,30.0,28.40999984741211,29.950000762939453,59759800,QQQ
2001-09-27,23.998249053955078,28.479999542236328,28.790000915527344,27.420000076293945,28.399999618530273,70050700,QQQ
2001-09-28,24.4195613861084,28.979999542236328,29.920000076293945,28.309999465942383,28.84000015258789,84810800,QQQ
2001-10-01,24.20890235900879,28.729999542236328,28.979999542236328,27.850000381469727,28.850000381469727,53460800,QQQ
2001-10-02,24.284738540649414,28.81999969482422,29.40999984741211,28.399999618530273,28.649999618530273,74133400,QQQ
2001-10-03,26.121692657470703,31.0,31.610000610351562,28.329999923706055,28.420000076293945,136198600,QQQ
2001-10-04,26.374481201171875,31.299999237060547,33.20000076293945,30.940000534057617,31.649999618530273,127371500,QQQ
2001-10-05,26.762083053588867,31.760000228881836,31.899999618530273,30.260000228881836,31.0,96443400,QQQ
2001-10-08,26.84634780883789,31.860000610351562,32.349998474121094,30.959999084472656,31.1299991607666,67789600,QQQ
2001-10-09,26.197532653808594,31.09000015258789,32.02000045776367,30.8700008392334,31.860000610351562,57564800,QQQ
2001-10-10,27.385643005371094,32.5,32.540000915527344,30.75,30.8700008392334,73840600,QQQ
2001-10-11,29.239437103271484,34.70000076293945,35.25,33.13999938964844,33.189998626708984,117232200,QQQ
2001-10-12,29.113033294677734,34.54999923706055,34.79999923706055,33.13999938964844,34.33000183105469,111901600,QQQ
2001-10-15,28.986656188964844,34.400001525878906,34.54999923706055,33.65999984741211,34.119998931884766,78322000,QQQ
2001-10-16,29.45853042602539,34.959999084472656,35.099998474121094,34.06999969482422,34.65999984741211,81346800,QQQ
2001-10-17,27.3435115814209,32.45000076293945,36.0,32.29999923706055,35.869998931884766,141530300,QQQ
2001-10-18,28.085031509399414,33.33000183105469,33.540000915527344,32.400001525878906,32.70000076293945,94448200,QQQ
2001-10-19,28.27040672302246,33.54999923706055,33.75,32.0,32.86000061035156,73434200,QQQ
2001-10-22,29.02877426147461,34.45000076293945,34.5,33.220001220703125,33.439998626708984,74104900,QQQ
2001-10-23,29.18044662475586,34.630001068115234,35.400001525878906,34.0,34.81999969482422,104062200,QQQ
2001-10-24,29.81244468688965,35.380001068115234,35.68000030517578,34.31999969482422,34.599998474121094,90171400,QQQ
2001-10-25,31.00897216796875,36.79999923706055,36.81999969482422,34.22999954223633,34.70000076293945,118551900,QQQ
2001-10-26,30.34329605102539,36.0099983215332,37.060001373291016,36.0099983215332,36.5,93823900,QQQ
2001-10-29,28.68329620361328,34.040000915527344,36.150001525878906,34.040000915527344,36.0,92146800,QQQ
2001-10-30,28.127153396606445,33.380001068115234,34.09000015258789,32.84000015258789,33.709999084472656,96092200,QQQ
2001-10-31,28.56532859802246,33.900001525878906,34.959999084472656,33.68000030517578,34.040000915527344,106175500,QQQ
2001-11-01,29.778715133666992,35.34000015258789,35.560001373291016,33.779998779296875,34.439998626708984,92716000,QQQ
2001-11-02,29.997817993164062,35.599998474121094,35.849998474121094,34.88999938964844,35.27000045776367,64917700,QQQ
2001-11-05,30.975265502929688,36.7599983215332,37.15999984741211,36.15999984741211,36.2599983215332,64473000,QQQ
2001-11-06,32.18023681640625,38.189998626708984,38.20000076293945,36.38999938964844,36.599998474121094,107214900,QQQ
2001-11-07,32.13809585571289,38.13999938964844,38.84000015258789,37.5,37.61000061035156,92562100,QQQ
2001-11-08,31.809473037719727,37.75,39.400001525878906,37.25,38.54999923706055,105916300,QQQ
2001-11-09,31.792619705200195,37.72999954223633,38.08000183105469,37.119998931884766,37.59000015258789,74121900,QQQ
2001-11-12,32.020145416259766,38.0,38.349998474121094,36.29999923706055,37.0,112994400,QQQ
2001-11-13,33.166114807128906,39.36000061035156,39.5,38.630001068115234,39.029998779296875,97931800,QQQ
2001-11-14,33.402061462402344,39.63999938964844,40.2400016784668,38.7400016784668,39.959999084472656,88660100,QQQ
2001-11-15,33.267250061035156,39.47999954223633,40.11000061035156,38.95000076293945,39.15999984741211,86349700,QQQ
2001-11-16,33.174537658691406,39.369998931884766,39.68000030517578,38.91999816894531,39.47999954223633,64035500,QQQ
2001-11-19,34.1182975769043,40.4900016784668,40.4900016784668,39.4900016784668,39.790000915527344,69196300,QQQ
2001-11-20,32.542564392089844,38.619998931884766,40.22999954223633,38.47999954223633,40.08000183105469,85176500,QQQ
2001-11-21,32.37403106689453,38.41999816894531,38.95000076293945,37.97999954223633,38.470001220703125,60867900,QQQ
2001-11-23,33.09871292114258,39.279998779296875,39.43000030517578,38.56999969482422,38.7599983215332,27046000,QQQ
2001-11-26,33.91604995727539,40.25,40.36000061035156,39.0099983215332,39.58000183105469,75267500,QQQ
2001-11-27,33.873939514160156,40.20000076293945,40.970001220703125,39.20000076293945,40.04999923706055,100289700,QQQ
2001-11-28,32.652103424072266,38.75,40.369998931884766,38.689998626708984,39.72999954223633,101568200,QQQ
2001-11-29,33.66326904296875,39.95000076293945,40.0,38.790000915527344,39.029998779296875,83774700,QQQ
2001-11-30,33.41047286987305,39.650001525878906,40.040000915527344,39.36000061035156,39.72999954223633,66018200,QQQ
2001-12-03,32.83749771118164,38.970001220703125,39.599998474121094,38.869998931884766,39.290000915527344,60449800,QQQ
2001-12-04,34.404788970947266,40.83000183105469,40.84000015258789,38.439998626708984,39.34000015258789,79378700,QQQ
2001-12-05,36.10691452026367,42.849998474121094,43.150001525878906,41.119998931884766,41.20000076293945,115773700,QQQ
2001-12-06,36.157493591308594,42.90999984741211,43.2400016784668,42.36000061035156,42.70000076293945,77702100,QQQ
2001-12-07,35.16316223144531,41.72999954223633,42.599998474121094,41.13999938964844,42.47999954223633,81632600,QQQ
2001-12-10,34.54804611206055,41.0,42.22999954223633,40.880001068115234,41.31999969482422,69088000,QQQ
2001-12-11,34.741859436035156,41.22999954223633,42.2599983215332,41.130001068115234,41.459999084472656,66056500,QQQ
2001-12-12,35.019920349121094,41.560001373291016,41.939998626708984,40.599998474121094,41.5,76093400,QQQ
2001-12-13,33.503170013427734,39.7599983215332,41.0,39.7599983215332,40.709999084472656,79582600,QQQ
2001-12-14,33.7981071472168,40.11000061035156,40.459999084472656,39.56999969482422,39.869998931884766,70006300,QQQ
2001-12-17,34.379520416259766,40.79999923706055,41.2400016784668,40.02000045776367,40.02000045776367,62295500,QQQ
2001-12-18,34.767112731933594,41.2599983215332,41.5,40.15999984741211,41.15999984741211,50850400,QQQ
2001-12-19,34.13515853881836,40.5099983215332,41.31999969482422,40.31999969482422,40.560001373291016,79596200,QQQ
2001-12-20,32.685821533203125,38.790000915527344,40.29999923706055,38.68000030517578,40.099998474121094,83048800,QQQ
2001-12-21,33.267250061035156,39.47999954223633,39.709999084472656,39.150001525878906,39.41999816894531,56205000,QQQ
2001-12-24,33.13241195678711,39.31999969482422,39.630001068115234,39.150001525878906,39.540000915527344,13660400,QQQ
2001-12-26,33.444183349609375,39.689998626708984,40.29999923706055,39.15999984741211,39.369998931884766,37672900,QQQ
2001-12-27,33.71383285522461,40.0099983215332,40.20000076293945,39.599998474121094,39.849998474121094,34255200,QQQ
2001-12-28,33.983489990234375,40.33000183105469,40.79999923706055,40.22999954223633,40.290000915527344,38240400,QQQ
2001-12-31,32.78694152832031,38.90999984741211,40.45000076293945,38.90999984741211,40.310001373291016,46176900,QQQ
2002-01-02,33.7981071472168,40.11000061035156,40.150001525878906,38.93000030517578,39.56999969482422,61708800,QQQ
2002-01-03,34.969356536865234,41.5,41.54999923706055,40.2599983215332,40.310001373291016,85769100,QQQ
2002-01-04,35.11260986328125,41.66999816894531,42.290000915527344,40.93000030517578,41.95000076293945,86876900,QQQ
2002-01-07,34.7249870300293,41.209999084472656,42.220001220703125,40.11000061035156,42.11000061035156,75166200,QQQ
2002-01-08,34.9609375,41.4900016784668,41.77000045776367,40.84000015258789,41.099998474121094,66956800,QQQ
2002-01-09,34.64072799682617,41.11000061035156,42.599998474121094,40.900001525878906,42.040000915527344,85123000,QQQ
2002-01-10,34.86822509765625,41.380001068115234,41.540000915527344,40.68000030517578,41.16999816894531,75548000,QQQ
2002-01-11,34.42164993286133,40.849998474121094,41.599998474121094,40.470001220703125,41.349998474121094,60832900,QQQ
2002-01-14,33.67170333862305,39.959999084472656,40.68000030517578,39.70000076293945,40.4900016784668,71310700,QQQ
2002-01-15,33.991886138916016,40.34000015258789,40.75,39.560001373291016,40.029998779296875,66916100,QQQ
2002-01-16,32.677391052246094,38.779998779296875,39.939998626708984,38.77000045776367,39.529998779296875,90942000,QQQ
2002-01-17,33.41047286987305,39.650001525878906,39.970001220703125,39.0099983215332,39.47999954223633,75285900,QQQ
2002-01-18,32.51729965209961,38.59000015258789,39.45000076293945,38.220001220703125,38.83000183105469,81985600,QQQ
2002-01-22,31.514551162719727,37.400001525878906,39.02000045776367,37.33000183105469,39.0,81773800,QQQ
2002-01-23,32.3824577331543,38.43000030517578,38.689998626708984,37.349998474121094,37.650001525878906,74968800,QQQ
2002-01-24,32.81221008300781,38.939998626708984,39.5099983215332,38.77000045776367,38.939998626708984,77251200,QQQ
2002-01-25,32.71953582763672,38.83000183105469,39.150001525878906,38.36000061035156,38.470001220703125,58832100,QQQ
2002-01-28,32.904903411865234,39.04999923706055,39.38999938964844,38.41999816894531,39.150001525878906,47795900,QQQ
2002-01-29,32.00327682495117,37.97999954223633,39.400001525878906,37.5099983215332,39.130001068115234,83339800,QQQ
2002-01-30,32.247650146484375,38.27000045776367,38.849998474121094,36.849998474121094,38.0,101385500,QQQ
2002-01-31,32.44987106323242,38.5099983215332,38.75,38.02000045776367,38.56999969482422,69655500,QQQ
2002-02-01,32.13809585571289,38.13999938964844,38.880001068115234,37.70000076293945,38.400001525878906,61207100,QQQ
2002-02-04,31.110082626342773,36.91999816894531,38.06999969482422,36.61000061035156,37.959999084472656,82763300,QQQ
2002-02-05,30.596084594726562,36.310001373291016,37.33000183105469,36.189998626708984,36.59000015258789,86853800,QQQ
2002-02-06,30.38541603088379,36.060001373291016,36.88999938964844,35.70000076293945,36.84000015258789,98507600,QQQ
2002-02-07,29.65232276916504,35.189998626708984,36.54999923706055,35.0,35.9900016784668,97725900,QQQ
2002-02-08,30.478105545043945,36.16999816894531,36.2400016784668,34.970001220703125,35.459999084472656,80483100,QQQ
2002-02-11,30.86573028564453,36.630001068115234,36.79999923706055,35.97999954223633,36.13999938964844,57641200,QQQ
2002-02-12,30.6129207611084,36.33000183105469,36.97999954223633,36.040000915527344,36.310001373291016,51477700,QQQ
2002-02-13,31.135356903076172,36.95000076293945,37.150001525878906,36.61000061035156,36.720001220703125,60984700,QQQ
2002-02-14,31.07638931274414,36.880001068115234,37.56999969482422,36.0,37.150001525878906,77482300,QQQ
2002-02-15,30.149484634399414,35.779998779296875,36.90999984741211,35.63999938964844,36.83000183105469,79719900,QQQ
2002-02-19,29.22258949279785,34.68000030517578,35.459999084472656,34.31999969482422,35.369998931884766,72437200,QQQ
2002-02-20,29.618627548217773,35.150001525878906,35.16999816894531,33.93000030517578,34.900001525878906,106552700,QQQ
2002-02-21,28.211423873901367,33.47999954223633,34.95000076293945,33.47999954223633,34.790000915527344,109307800,QQQ
2002-02-22,28.354673385620117,33.650001525878906,34.20000076293945,33.09000015258789,33.61000061035156,99824200,QQQ
2002-02-25,29.500659942626953,35.0099983215332,35.25,33.95000076293945,34.0,88994700,QQQ
2002-02-26,29.391109466552734,34.880001068115234,35.43000030517578,34.369998931884766,35.22999954223633,94683300,QQQ
2002-02-27,28.986656188964844,34.400001525878906,35.5099983215332,34.060001373291016,35.38999938964844,95159300,QQQ
2002-02-28,28.464210510253906,33.779998779296875,34.970001220703125,33.75,34.5099983215332,95711200,QQQ
2002-03-01,30.115798950195312,35.7400016784668,35.75,34.09000015258789,34.150001525878906,86081600,QQQ
2002-03-04,31.30388641357422,37.150001525878906,37.22999954223633,35.400001525878906,35.70000076293945,105734600,QQQ
2002-03-05,31.531391143798828,37.41999816894531,37.869998931884766,36.810001373291016,36.93000030517578,91452600,QQQ
2002-03-06,31.68307113647461,37.599998474121094,37.95000076293945,36.599998474121094,37.08000183105469,86943400,QQQ
2002-03-07,31.750492095947266,37.68000030517578,38.33000183105469,37.0099983215332,38.119998931884766,85496000,QQQ
2002-03-08,32.58470153808594,38.66999816894531,39.029998779296875,38.130001068115234,38.22999954223633,84443700,QQQ
2002-03-11,32.466739654541016,38.529998779296875,39.189998626708984,38.060001373291016,38.349998474121094,71035200,QQQ
2002-03-12,32.020145416259766,38.0,38.0,37.31999969482422,37.56999969482422,82652100,QQQ
2002-03-13,31.244911193847656,37.08000183105469,37.65999984741211,36.869998931884766,37.40999984741211,71376200,QQQ
2002-03-14,31.059537887573242,36.86000061035156,37.400001525878906,36.72999954223633,37.060001373291016,70700500,QQQ
2002-03-15,31.371299743652344,37.22999954223633,37.33000183105469,36.59000015258789,36.88999938964844,63966500,QQQ
2002-03-18,31.548263549804688,37.439998626708984,37.939998626708984,37.04999923706055,37.630001068115234,78938300,QQQ
2002-03-19,31.497726440429688,37.380001068115234,37.880001068115234,37.220001220703125,37.599998474121094,58947600,QQQ
2002-03-20,30.38541603088379,36.060001373291016,37.08000183105469,36.040000915527344,36.869998931884766,61816500,QQQ
2002-03-21,31.19434928894043,37.02000045776367,37.13999938964844,35.900001525878906,36.150001525878906,89198800,QQQ
2002-03-22,30.90784454345703,36.68000030517578,37.13999938964844,36.470001220703125,36.939998626708984,58930100,QQQ
2002-03-25,29.964113235473633,35.560001373291016,36.900001525878906,35.52000045776367,36.689998626708984,87421900,QQQ
2002-03-26,30.2421875,35.88999938964844,36.41999816894531,35.400001525878906,35.41999816894531,92457500,QQQ
2002-03-27,30.006244659423828,35.61000061035156,36.0,35.400001525878906,35.630001068115234,64531800,QQQ
2002-03-28,30.38541603088379,36.060001373291016,36.369998931884766,35.900001525878906,36.02000045776367,59539400,QQQ
2002-04-01,30.966854095458984,36.75,36.900001525878906,35.29999923706055,35.79999923706055,70730500,QQQ
2002-04-02,29.56805992126465,35.09000015258789,36.150001525878906,35.0,35.97999954223633,77759800,QQQ
2002-04-03,29.517518997192383,35.029998779296875,35.45000076293945,34.29999923706055,35.29999923706055,85766400,QQQ
2002-04-04,29.28998374938965,34.7599983215332,35.15999984741211,34.279998779296875,34.5,90521500,QQQ
2002-04-05,28.961376190185547,34.369998931884766,35.16999816894531,34.18000030517578,35.0099983215332,68426000,QQQ
2002-04-08,29.323705673217773,34.79999923706055,34.79999923706055,33.41999816894531,33.470001220703125,74950700,QQQ
2002-04-09,28.30410385131836,33.59000015258789,34.97999954223633,33.4900016784668,34.779998779296875,80910200,QQQ
2002-04-10,28.51478385925293,33.84000015258789,34.25,33.130001068115234,33.7599983215332,85748700,QQQ
2002-04-11,27.806961059570312,33.0,33.849998474121094,32.880001068115234,33.65999984741211,90665600,QQQ
2002-04-12,28.245140075683594,33.52000045776367,33.79999923706055,32.95000076293945,33.31999969482422,78360100,QQQ
2002-04-15,28.472637176513672,33.790000915527344,33.959999084472656,33.20000076293945,33.79999923706055,69306800,QQQ
2002-04-16,29.66073989868164,35.20000076293945,35.220001220703125,34.40999984741211,34.43000030517578,72064700,QQQ
2002-04-17,29.509071350097656,35.02000045776367,35.5,34.650001525878906,35.400001525878906,69130100,QQQ
2002-04-18,28.944515228271484,34.349998474121094,35.150001525878906,34.0,34.779998779296875,91086100,QQQ
2002-04-19,29.037208557128906,34.459999084472656,35.060001373291016,34.380001068115234,35.04999923706055,62286800,QQQ
2002-04-22,28.30410385131836,33.59000015258789,34.0099983215332,33.25,34.0099983215332,64625600,QQQ
2002-04-23,27.81537437438965,33.0099983215332,33.939998626708984,32.70000076293945,33.59000015258789,73070300,QQQ
2002-04-24,27.385643005371094,32.5,33.310001373291016,32.20000076293945,33.209999084472656,68953900,QQQ
2002-04-25,27.31822395324707,32.41999816894531,32.72999954223633,32.0,32.29999923706055,103073700,QQQ
2002-04-26,26.155393600463867,31.040000915527344,32.779998779296875,31.010000228881836,32.65999984741211,100193400,QQQ
2002-04-29,26.222820281982422,31.1200008392334,31.549999237060547,30.559999465942383,31.239999771118164,85326800,QQQ
2002-04-30,26.73680877685547,31.729999542236328,32.189998626708984,30.940000534057617,31.030000686645508,95357900,QQQ
2002-05-01,26.59356117248535,31.559999465942383,31.84000015258789,30.579999923706055,31.670000076293945,109975700,QQQ
2002-05-02,25.708799362182617,30.510000228881836,31.989999771118164,30.459999084472656,31.389999389648438,85852200,QQQ
2002-05-03,25.059961318969727,29.739999771118164,30.510000228881836,29.479999542236328,30.469999313354492,92103200,QQQ
2002-05-06,24.411134719848633,28.969999313354492,29.979999542236328,28.850000381469727,29.6299991607666,96491200,QQQ
2002-05-07,24.183626174926758,28.700000762939453,29.350000381469727,28.420000076293945,29.270000457763672,101954400,QQQ
2002-05-08,26.77052116394043,31.770000457763672,31.8799991607666,30.0,30.1299991607666,129741500,QQQ
2002-05-09,26.079551696777344,30.950000762939453,31.889999389648438,30.799999237060547,31.56999969482422,106477200,QQQ
2002-05-10,24.908294677734375,29.559999465942383,31.09000015258789,29.5,31.010000228881836,112282800,QQQ
2002-05-13,25.919450759887695,30.760000228881836,30.979999542236328,29.670000076293945,29.8700008392334,93971200,QQQ
2002-05-14,27.444622039794922,32.56999969482422,32.650001525878906,31.8700008392334,32.04999923706055,107284700,QQQ
2002-05-15,27.6468563079834,32.810001373291016,33.630001068115234,31.850000381469727,32.08000183105469,150522100,QQQ
2002-05-16,27.688989639282227,32.86000061035156,33.04999923706055,32.220001220703125,32.540000915527344,89916300,QQQ
2002-05-17,27.747974395751953,32.93000030517578,33.40999984741211,32.470001220703125,33.290000915527344,82695000,QQQ
2002-05-20,27.141279220581055,32.209999084472656,32.70000076293945,31.940000534057617,32.599998474121094,78144200,QQQ
2002-05-21,26.399761199951172,31.329999923706055,32.59000015258789,31.0,32.36000061035156,104180000,QQQ
2002-05-22,26.458740234375,31.399999618530273,31.59000015258789,30.40999984741211,30.969999313354492,89543100,QQQ
2002-05-23,26.989599227905273,32.029998779296875,32.099998474121094,30.799999237060547,31.6299991607666,94445800,QQQ
2002-05-24,26.32392692565918,31.239999771118164,31.690000534057617,31.010000228881836,31.59000015258789,55874600,QQQ
2002-05-28,26.205947875976562,31.100000381469727,31.520000457763672,30.489999771118164,31.469999313354492,68829400,QQQ
2002-05-29,25.514995574951172,30.280000686645508,30.899999618530273,30.239999771118164,30.65999984741211,73470200,QQQ
2002-05-30,25.734079360961914,30.540000915527344,30.719999313354492,29.899999618530273,30.010000228881836,92080500,QQQ
2002-05-31,25.312753677368164,30.040000915527344,31.040000915527344,30.0,30.760000228881836,79907400,QQQ
2002-06-03,24.4195613861084,28.979999542236328,30.25,28.790000915527344,30.0,77043700,QQQ
2002-06-04,24.739770889282227,29.360000610351562,29.68000030517578,28.610000610351562,28.75,98366200,QQQ
2002-06-05,24.992549896240234,29.65999984741211,29.799999237060547,28.969999313354492,29.420000076293945,95347100,QQQ
2002-06-06,24.335311889648438,28.8799991607666,29.510000228881836,27.899999618530273,29.510000228881836,91129700,QQQ
2002-06-07,23.846572875976562,28.299999237060547,28.790000915527344,27.520000457763672,27.6299991607666,106049200,QQQ
2002-06-10,23.80445098876953,28.25,28.75,28.139999389648438,28.360000610351562,73142900,QQQ
2002-06-11,23.138763427734375,27.459999084472656,28.690000534057617,27.360000610351562,28.600000381469727,84609500,QQQ
2002-06-12,23.475812911987305,27.860000610351562,27.959999084472656,26.829999923706055,27.239999771118164,152974400,QQQ
2002-06-13,23.32414436340332,27.68000030517578,28.209999084472656,27.350000381469727,27.760000228881836,97556300,QQQ
2002-06-14,23.27358055114746,27.6200008392334,27.719999313354492,26.200000762939453,26.860000610351562,122106800,QQQ
2002-06-17,24.065656661987305,28.559999465942383,28.75,27.90999984741211,28.0,87618100,QQQ
2002-06-18,24.45327377319336,29.020000457763672,29.149999618530273,28.280000686645508,28.309999465942383,100513400,QQQ
2002-06-19,23.03764533996582,27.34000015258789,28.31999969482422,27.25,28.100000381469727,93507600,QQQ
2002-06-20,22.296125411987305,26.459999084472656,27.450000762939453,25.670000076293945,27.270000457763672,99913200,QQQ
2002-06-21,21.756837844848633,25.81999969482422,26.780000686645508,25.649999618530273,26.360000610351562,168755100,QQQ
2002-06-24,22.186574935913086,26.329999923706055,26.799999237060547,25.209999084472656,25.450000762939453,219672100,QQQ
2002-06-25,21.453489303588867,25.459999084472656,26.719999313354492,25.299999237060547,26.579999923706055,136336400,QQQ
2002-06-26,21.613590240478516,25.649999618530273,25.780000686645508,24.389999389648438,24.43000030517578,149080300,QQQ
2002-06-27,22.085460662841797,26.209999084472656,26.25,25.020000457763672,26.0,121371100,QQQ
2002-06-28,21.992780685424805,26.100000381469727,26.75,25.850000381469727,26.049999237060547,87842000,QQQ
2002-07-01,20.93948745727539,24.850000381469727,26.139999389648438,24.780000686645508,25.969999313354492,64753900,QQQ
2002-07-02,20.181116104125977,23.950000762939453,24.75,23.09000015258789,24.600000381469727,111629600,QQQ
2002-07-03,20.855226516723633,24.75,24.75,23.6200008392334,23.850000381469727,101067000,QQQ
2002-07-05,22.195011138916016,26.34000015258789,26.389999389648438,25.049999237060547,25.260000228881836,56768300,QQQ
2002-07-08,21.386077880859375,25.3799991607666,26.549999237060547,25.079999923706055,26.200000762939453,97288500,QQQ
2002-07-09,20.779375076293945,24.65999984741211,25.479999542236328,24.59000015258789,25.25,91039600,QQQ
2002-07-10,20.138980865478516,23.899999618530273,25.030000686645508,23.829999923706055,24.989999771118164,115365200,QQQ
2002-07-11,20.89734649658203,24.799999237060547,24.889999389648438,23.530000686645508,23.760000228881836,170271200,QQQ
2002-07-12,20.89734649658203,24.799999237060547,25.520000457763672,24.549999237060547,25.25,130027800,QQQ
2002-07-15,21.546180725097656,25.56999969482422,25.639999389648438,23.75,24.68000030517578,140207200,QQQ
2002-07-16,21.225976943969727,25.190000534057617,26.020000457763672,24.899999618530273,25.25,148281700,QQQ
2002-07-17,21.613590240478516,25.649999618530273,26.440000534057617,24.889999389648438,26.06999969482422,157954700,QQQ
2002-07-18,20.83835792541504,24.729999542236328,25.56999969482422,24.520000457763672,25.3799991607666,114052300,QQQ
2002-07-19,20.214815139770508,23.989999771118164,24.709999084472656,23.799999237060547,24.329999923706055,124116400,QQQ
2002-07-22,19.717668533325195,23.399999618530273,24.5,23.09000015258789,23.850000381469727,150034800,QQQ
2002-07-23,18.87502098083496,22.399999618530273,23.75,22.280000686645508,23.450000762939453,150786800,QQQ
2002-07-24,19.903047561645508,23.6200008392334,23.65999984741211,21.639999389648438,21.809999465942383,186493600,QQQ
2002-07-25,18.748632431030273,22.25,23.399999618530273,21.799999237060547,23.25,153915500,QQQ
2002-07-26,19.102542877197266,22.670000076293945,22.84000015258789,22.010000228881836,22.559999465942383,96034200,QQQ
2002-07-29,20.079999923706055,23.829999923706055,24.1200008392334,23.079999923706055,23.270000457763672,96735200,QQQ
2002-07-30,20.484458923339844,24.309999465942383,24.690000534057617,23.59000015258789,23.729999542236328,117394300,QQQ
2002-07-31,20.09684944152832,23.850000381469727,24.190000534057617,23.360000610351562,24.0,93831300,QQQ
2002-08-01,19.15309715270996,22.729999542236328,23.899999618530273,22.65999984741211,23.739999771118164,85149700,QQQ
2002-08-02,18.748632431030273,22.25,22.84000015258789,21.81999969482422,22.780000686645508,86706000,QQQ
2002-08-05,18.06610679626465,21.440000534057617,22.31999969482422,21.299999237060547,22.110000610351562,84897800,QQQ
2002-08-06,18.95928955078125,22.5,23.010000228881836,21.790000915527344,21.799999237060547,115364600,QQQ
2002-08-07,19.212074279785156,22.799999237060547,23.3700008392334,21.959999084472656,23.200000762939453,125677100,QQQ
2002-08-08,19.860898971557617,23.56999969482422,23.600000381469727,22.299999237060547,22.75,111697900,QQQ
2002-08-09,19.658674240112305,23.329999923706055,23.709999084472656,22.8799991607666,23.200000762939453,93576900,QQQ
2002-08-12,19.717668533325195,23.399999618530273,23.479999542236328,22.899999618530273,23.049999237060547,62870900,QQQ
2002-08-13,19.043550491333008,22.600000381469727,23.8700008392334,22.549999237060547,23.229999542236328,88434400,QQQ
2002-08-14,20.256942749023438,24.040000915527344,24.200000762939453,22.469999313354492,22.670000076293945,102613500,QQQ
2002-08-15,20.669841766357422,24.530000686645508,24.549999237060547,23.719999313354492,24.239999771118164,120307800,QQQ
2002-08-16,20.813081741333008,24.700000762939453,25.0,23.729999542236328,24.1299991607666,95853000,QQQ
2002-08-19,21.31867218017578,25.299999237060547,25.59000015258789,24.68000030517578,24.770000457763672,76015900,QQQ
2002-08-20,21.225976943969727,25.190000534057617,25.43000030517578,24.850000381469727,25.18000030517578,89981300,QQQ
2002-08-21,21.69786262512207,25.75,25.850000381469727,25.0,25.389999389648438,101365500,QQQ
2002-08-22,22.043336868286133,26.15999984741211,26.209999084472656,25.420000076293945,25.739999771118164,80345500,QQQ
2002-08-23,21.19227409362793,25.149999618530273,25.809999465942383,24.950000762939453,25.799999237060547,75211200,QQQ
2002-08-26,21.276546478271484,25.25,25.389999389648438,24.610000610351562,25.299999237060547,83335400,QQQ
2002-08-27,20.535024642944336,24.3700008392334,25.510000228881836,24.149999618530273,25.43000030517578,92340400,QQQ
2002-08-28,19.785072326660156,23.479999542236328,24.09000015258789,23.389999389648438,24.020000457763672,115562300,QQQ
2002-08-29,20.04628562927246,23.790000915527344,24.219999313354492,23.020000457763672,23.200000762939453,97028200,QQQ
2002-08-30,19.793498992919922,23.489999771118164,24.0,23.3799991607666,23.6200008392334,59474900,QQQ
2002-09-03,19.077260971069336,22.639999389648438,23.43000030517578,22.34000015258789,23.059999465942383,81828100,QQQ
2002-09-04,19.15309715270996,22.729999542236328,23.020000457763672,22.239999771118164,22.5,82717600,QQQ
2002-09-05,18.68122100830078,22.170000076293945,22.5,21.93000030517578,22.399999618530273,91576600,QQQ
2002-09-06,19.25421142578125,22.850000381469727,23.219999313354492,22.600000381469727,22.65999984741211,86008800,QQQ
2002-09-09,19.44801139831543,23.079999923706055,23.3700008392334,22.389999389648438,22.670000076293945,72679500,QQQ
2002-09-10,19.928319931030273,23.649999618530273,23.670000076293945,23.030000686645508,23.229999542236328,74615800,QQQ
2002-09-11,19.759788513183594,23.450000762939453,24.350000381469727,23.420000076293945,24.1200008392334,73902800,QQQ
2002-09-12,19.22049903869629,22.809999465942383,23.260000228881836,22.709999084472656,23.229999542236328,70763500,QQQ
2002-09-13,19.37218475341797,22.989999771118164,23.079999923706055,22.520000457763672,22.600000381469727,79716100,QQQ
2002-09-16,19.09410285949707,22.65999984741211,23.0,22.3700008392334,22.860000610351562,58853600,QQQ
2002-09-17,18.68964958190918,22.18000030517578,23.209999084472656,22.18000030517578,23.049999237060547,89139700,QQQ
2002-09-18,18.478984832763672,21.93000030517578,22.549999237060547,21.780000686645508,22.010000228881836,92358300,QQQ
2002-09-19,18.184072494506836,21.579999923706055,22.1299991607666,21.549999237060547,21.700000762939453,86247700,QQQ
2002-09-20,18.259899139404297,21.670000076293945,21.899999618530273,21.479999542236328,21.829999923706055,78116900,QQQ
2002-09-23,17.712188720703125,21.020000457763672,21.520000457763672,20.809999465942383,21.450000762939453,72757500,QQQ
2002-09-24,17.720619201660156,21.030000686645508,21.450000762939453,20.649999618530273,20.68000030517578,91507300,QQQ
2002-09-25,18.428434371948242,21.8700008392334,22.040000915527344,21.100000381469727,21.350000381469727,98051900,QQQ
2002-09-26,18.200908660888672,21.600000381469727,22.329999923706055,21.3700008392334,22.15999984741211,104453500,QQQ
2002-09-27,17.956554412841797,21.309999465942383,22.209999084472656,21.309999465942383,21.549999237060547,92249700,QQQ
2002-09-30,17.459400177001953,20.719999313354492,21.239999771118164,20.489999771118164,21.06999969482422,91502500,QQQ
2002-10-01,18.521108627319336,21.979999542236328,21.989999771118164,20.469999313354492,20.90999984741211,102096000,QQQ
2002-10-02,17.905986785888672,21.25,21.969999313354492,20.969999313354492,21.510000228881836,94829700,QQQ
2002-10-03,17.47625160217285,20.739999771118164,21.399999618530273,20.68000030517578,21.059999465942383,74354800,QQQ
2002-10-04,17.147615432739258,20.350000381469727,21.020000457763672,20.110000610351562,20.940000534057617,81837100,QQQ
2002-10-07,16.987529754638672,20.15999984741211,20.59000015258789,19.850000381469727,20.260000228881836,79861800,QQQ
2002-10-08,17.021224975585938,20.200000762939453,20.610000610351562,19.760000228881836,20.280000686645508,94103100,QQQ
2002-10-09,16.90325927734375,20.059999465942383,20.530000686645508,19.84000015258789,19.940000534057617,103301000,QQQ
2002-10-10,17.76274871826172,21.079999923706055,21.209999084472656,19.90999984741211,20.100000381469727,109610500,QQQ
2002-10-11,18.72336196899414,22.219999313354492,22.3799991607666,21.420000076293945,21.549999237060547,124777400,QQQ
2002-10-14,18.94244384765625,22.479999542236328,22.5,21.780000686645508,21.8700008392334,78890300,QQQ
2002-10-15,19.852479934692383,23.559999465942383,23.6299991607666,23.18000030517578,23.440000534057617,118176000,QQQ
2002-10-16,19.195232391357422,22.780000686645508,23.15999984741211,22.06999969482422,22.709999084472656,97441900,QQQ
2002-10-17,19.844066619873047,23.549999237060547,23.809999465942383,22.579999923706055,23.600000381469727,95754500,QQQ
2002-10-18,20.063142776489258,23.809999465942383,23.850000381469727,22.93000030517578,23.280000686645508,84941900,QQQ
2002-10-21,20.46761131286621,24.290000915527344,24.450000762939453,23.299999237060547,23.520000457763672,85311500,QQQ
2002-10-22,20.341215133666992,24.139999389648438,24.34000015258789,23.649999618530273,23.729999542236328,89947000,QQQ
2002-10-23,20.72882080078125,24.600000381469727,24.6299991607666,23.670000076293945,23.850000381469727,88093500,QQQ
2002-10-24,20.206390380859375,23.979999542236328,24.860000610351562,23.920000076293945,24.68000030517578,88674800,QQQ
2002-10-25,20.813081741333008,24.700000762939453,24.75,23.989999771118164,23.989999771118164,71557300,QQQ
2002-10-28,20.63612937927246,24.489999771118164,25.040000915527344,24.170000076293945,25.0,90272000,QQQ
2002-10-29,20.15583610534668,23.920000076293945,24.469999313354492,23.3700008392334,24.309999465942383,90293800,QQQ
2002-10-30,20.695125579833984,24.559999465942383,24.790000915527344,23.850000381469727,24.059999465942383,103531100,QQQ
2002-10-31,20.686689376831055,24.549999237060547,25.040000915527344,24.360000610351562,24.65999984741211,81493100,QQQ
2002-11-01,21.276546478271484,25.25,25.399999618530273,24.139999389648438,24.3700008392334,86658400,QQQ
2002-11-04,21.82423973083496,25.899999618530273,26.81999969482422,25.799999237060547,26.049999237060547,110562400,QQQ
2002-11-05,21.992780685424805,26.100000381469727,26.170000076293945,25.559999465942383,25.709999084472656,79603300,QQQ
2002-11-06,22.304555892944336,26.469999313354492,26.610000610351562,25.639999389648438,26.290000915527344,116251700,QQQ
2002-11-07,21.520904541015625,25.540000915527344,26.100000381469727,25.309999465942383,25.989999771118164,82711600,QQQ
2002-11-08,21.124860763549805,25.06999969482422,25.8700008392334,24.959999084472656,25.489999771118164,76937600,QQQ
2002-11-11,20.484458923339844,24.309999465942383,25.020000457763672,24.149999618530273,24.950000762939453,74384300,QQQ
2002-11-12,21.006900787353516,24.93000030517578,25.399999618530273,24.399999618530273,24.399999618530273,88748800,QQQ
2002-11-13,21.25967788696289,25.229999542236328,25.700000762939453,24.489999771118164,24.700000762939453,119341800,QQQ
2002-11-14,21.992780685424805,26.100000381469727,26.420000076293945,25.520000457763672,25.579999923706055,85720100,QQQ
2002-11-15,22.279277801513672,26.440000534057617,26.450000762939453,25.75,25.899999618530273,69291300,QQQ
2002-11-18,21.95064926147461,26.049999237060547,26.770000457763672,25.989999771118164,26.709999084472656,76238000,QQQ
2002-11-19,21.613590240478516,25.649999618530273,26.049999237060547,25.299999237060547,25.799999237060547,88139200,QQQ
2002-11-20,22.532066345214844,26.739999771118164,26.75,25.540000915527344,25.559999465942383,75104700,QQQ
2002-11-21,23.366268157958984,27.729999542236328,27.84000015258789,26.75,26.93000030517578,105472900,QQQ
2002-11-22,23.357845306396484,27.719999313354492,27.940000534057617,27.31999969482422,27.3700008392334,73808600,QQQ
2002-11-25,23.585365295410156,27.989999771118164,28.200000762939453,27.540000915527344,27.760000228881836,72666100,QQQ
2002-11-26,22.793275833129883,27.049999237060547,27.8700008392334,26.899999618530273,27.780000686645508,80017900,QQQ
2002-11-27,23.517948150634766,27.90999984741211,28.200000762939453,27.479999542236328,27.530000686645508,73643900,QQQ
2002-11-29,23.357845306396484,27.719999313354492,28.290000915527344,27.219999313354492,28.209999084472656,34652100,QQQ
2002-12-02,23.593788146972656,28.0,28.790000915527344,27.56999969482422,28.420000076293945,85136000,QQQ
2002-12-03,22.89439582824707,27.170000076293945,27.579999923706055,26.93000030517578,27.549999237060547,76595500,QQQ
2002-12-04,22.388813018798828,26.56999969482422,26.950000762939453,26.209999084472656,26.559999465942383,130115900,QQQ
2002-12-05,22.07703971862793,26.200000762939453,27.0,26.1299991607666,26.950000762939453,84933200,QQQ
2002-12-06,22.304555892944336,26.469999313354492,26.719999313354492,25.739999771118164,25.809999465942383,81727900,QQQ
2002-12-09,21.25126075744629,25.219999313354492,26.549999237060547,25.200000762939453,26.219999313354492,75855200,QQQ
2002-12-10,21.57145881652832,25.600000381469727,25.950000762939453,25.350000381469727,25.420000076293945,69578300,QQQ
2002-12-11,21.67256736755371,25.719999313354492,26.06999969482422,25.31999969482422,25.440000534057617,64237600,QQQ
2002-12-12,21.79054069519043,25.860000610351562,26.690000534057617,25.559999465942383,26.0,62296400,QQQ
2002-12-13,21.099580764770508,25.040000915527344,25.56999969482422,25.010000228881836,25.520000457763672,72647800,QQQ
2002-12-16,21.78211784362793,25.850000381469727,25.959999084472656,25.06999969482422,25.219999313354492,60278500,QQQ
2002-12-17,21.849525451660156,25.93000030517578,26.200000762939453,25.65999984741211,25.809999465942383,62562700,QQQ
2002-12-18,21.386077880859375,25.3799991607666,25.600000381469727,25.049999237060547,25.549999237060547,67130700,QQQ
2002-12-19,21.1164493560791,25.059999465942383,25.780000686645508,24.809999465942383,25.170000076293945,95969700,QQQ
2002-12-20,21.335519790649414,25.31999969482422,25.450000762939453,25.06999969482422,25.329999923706055,65578600,QQQ
2002-12-23,21.630443572998047,25.670000076293945,25.760000228881836,25.1299991607666,25.18000030517578,45941700,QQQ
2002-12-24,21.360795974731445,25.350000381469727,25.729999542236328,25.31999969482422,25.5,16772700,QQQ
2002-12-26,21.301816940307617,25.280000686645508,25.90999984741211,25.170000076293945,25.530000686645508,33795400,QQQ
2002-12-27,20.914203643798828,24.81999969482422,25.850000381469727,24.75,25.18000030517578,42490200,QQQ
2002-12-30,20.754104614257812,24.6299991607666,24.969999313354492,24.360000610351562,24.84000015258789,57396400,QQQ
2002-12-31,20.535024642944336,24.3700008392334,24.709999084472656,24.280000686645508,24.540000915527344,46015400,QQQ
2003-01-02,21.40293312072754,25.399999618530273,25.549999237060547,24.450000762939453,24.719999313354492,65903200,QQQ
2003-01-03,21.638874053955078,25.68000030517578,25.709999084472656,25.280000686645508,25.459999084472656,39059500,QQQ
2003-01-06,22.17815399169922,26.31999969482422,26.59000015258789,25.200000762939453,25.709999084472656,67223400,QQQ
2003-01-07,22.456220626831055,26.649999618530273,26.93000030517578,26.25,26.40999984741211,88726100,QQQ
2003-01-08,21.82423973083496,25.899999618530273,26.969999313354492,25.84000015258789,26.389999389648438,74989900,QQQ
2003-01-09,22.49835968017578,26.700000762939453,26.979999542236328,26.219999313354492,26.239999771118164,75391100,QQQ
2003-01-10,22.83541488647461,27.100000381469727,27.260000228881836,26.219999313354492,26.350000381469727,82594300,QQQ
2003-01-13,22.70058250427246,26.940000534057617,27.469999313354492,26.729999542236328,27.329999923706055,72870300,QQQ
2003-01-14,22.81855583190918,27.079999923706055,27.31999969482422,26.850000381469727,26.90999984741211,46993800,QQQ
2003-01-15,22.532066345214844,26.739999771118164,27.350000381469727,26.579999923706055,27.239999771118164,55131000,QQQ
2003-01-16,22.279277801513672,26.440000534057617,26.979999542236328,26.25,26.790000915527344,68740300,QQQ
2003-01-17,21.327098846435547,25.309999465942383,25.940000534057617,25.270000457763672,25.899999618530273,77289400,QQQ
2003-01-21,21.091157913208008,25.030000686645508,25.549999237060547,25.020000457763672,25.40999984741211,67729600,QQQ
2003-01-22,21.006900787353516,24.93000030517578,25.530000686645508,24.8700008392334,24.959999084472656,80020200,QQQ
2003-01-23,21.495615005493164,25.510000228881836,25.84000015258789,25.110000610351562,25.399999618530273,78471100,QQQ
2003-01-24,20.914203643798828,24.81999969482422,25.530000686645508,24.639999389648438,25.530000686645508,74519700,QQQ
2003-01-27,20.669841766357422,24.530000686645508,25.030000686645508,24.3700008392334,24.450000762939453,76561000,QQQ
2003-01-28,20.880502700805664,24.780000686645508,25.049999237060547,24.420000076293945,24.770000457763672,65217200,QQQ
2003-01-29,21.19227409362793,25.149999618530273,25.450000762939453,24.34000015258789,24.760000228881836,95717500,QQQ
2003-01-30,20.644559860229492,24.5,25.420000076293945,24.489999771118164,25.31999969482422,70333800,QQQ
2003-01-31,20.59400749206543,24.440000534057617,24.760000228881836,24.010000228881836,24.059999465942383,90505600,QQQ
2003-02-03,20.63612937927246,24.489999771118164,24.790000915527344,24.3799991607666,24.520000457763672,53158800,QQQ
2003-02-04,20.383344650268555,24.190000534057617,24.299999237060547,23.81999969482422,24.18000030517578,68235700,QQQ
2003-02-05,20.2906494140625,24.079999923706055,24.860000610351562,24.010000228881836,24.329999923706055,80107700,QQQ
2003-02-06,20.400192260742188,24.209999084472656,24.350000381469727,23.860000610351562,24.040000915527344,103552000,QQQ
2003-02-07,20.063142776489258,23.809999465942383,24.450000762939453,23.649999618530273,24.360000610351562,72312400,QQQ
2003-02-10,20.24009895324707,24.020000457763672,24.25,23.6200008392334,23.889999389648438,67572600,QQQ
2003-02-11,20.349637985229492,24.149999618530273,24.610000610351562,23.920000076293945,24.25,77823300,QQQ
2003-02-12,20.071569442749023,23.81999969482422,24.329999923706055,23.780000686645508,24.06999969482422,51753000,QQQ
2003-02-13,20.172685623168945,23.940000534057617,23.979999542236328,23.31999969482422,23.850000381469727,77387400,QQQ
2003-02-14,20.63612937927246,24.489999771118164,24.5,23.6200008392334,23.829999923706055,67510400,QQQ
2003-02-18,21.276546478271484,25.25,25.34000015258789,24.68000030517578,24.700000762939453,73976800,QQQ
2003-02-19,21.133283615112305,25.079999923706055,25.239999771118164,24.709999084472656,25.200000762939453,45541400,QQQ
2003-02-20,21.049026489257812,24.979999542236328,25.270000457763672,24.84000015258789,25.149999618530273,59759800,QQQ
2003-02-21,21.209129333496094,25.170000076293945,25.3700008392334,24.510000228881836,24.93000030517578,70228500,QQQ
2003-02-24,20.846790313720703,24.739999771118164,25.209999084472656,24.709999084472656,25.1299991607666,56646600,QQQ
2003-02-25,20.87207794189453,24.770000457763672,24.950000762939453,24.079999923706055,24.450000762939453,74440700,QQQ
2003-02-26,20.408620834350586,24.219999313354492,24.940000534057617,24.200000762939453,24.68000030517578,60005600,QQQ
2003-02-27,20.87207794189453,24.770000457763672,24.920000076293945,24.270000457763672,24.420000076293945,66424000,QQQ
2003-02-28,21.200700759887695,25.15999984741211,25.219999313354492,24.719999313354492,24.809999465942383,50185800,QQQ
2003-03-03,20.770950317382812,24.649999618530273,25.479999542236328,24.559999465942383,25.270000457763672,60414400,QQQ
2003-03-04,20.644559860229492,24.5,24.770000457763672,24.420000076293945,24.65999984741211,56043500,QQQ
2003-03-05,20.686689376831055,24.549999237060547,24.780000686645508,24.31999969482422,24.399999618530273,69096500,QQQ
2003-03-06,20.63612937927246,24.489999771118164,24.68000030517578,24.229999542236328,24.43000030517578,59108600,QQQ
2003-03-07,20.67826271057129,24.540000915527344,24.690000534057617,23.959999084472656,24.079999923706055,73291000,QQQ
2003-03-10,20.231672286987305,24.010000228881836,24.450000762939453,23.90999984741211,24.329999923706055,55948000,QQQ
2003-03-11,20.054706573486328,23.799999237060547,24.239999771118164,23.780000686645508,24.059999465942383,54934200,QQQ
2003-03-12,20.417036056518555,24.229999542236328,24.239999771118164,23.540000915527344,23.760000228881836,77859800,QQQ
2003-03-13,21.58831787109375,25.6200008392334,25.649999618530273,24.399999618530273,24.639999389648438,128537600,QQQ
2003-03-14,21.67256736755371,25.719999313354492,25.979999542236328,25.360000610351562,25.729999542236328,89794400,QQQ
2003-03-17,22.414100646972656,26.600000381469727,26.799999237060547,25.350000381469727,25.43000030517578,141040800,QQQ
2003-03-18,22.692161560058594,26.93000030517578,26.969999313354492,26.420000076293945,26.799999237060547,96548700,QQQ
2003-03-19,22.49835968017578,26.700000762939453,26.950000762939453,26.329999923706055,26.850000381469727,91315100,QQQ
2003-03-20,22.582616806030273,26.799999237060547,27.139999389648438,26.170000076293945,26.540000915527344,92789700,QQQ
2003-03-21,22.89439582824707,27.170000076293945,27.3799991607666,26.200000762939453,27.209999084472656,93304600,QQQ
2003-03-24,21.942209243774414,26.040000915527344,26.600000381469727,25.969999313354492,26.469999313354492,85244500,QQQ
2003-03-25,22.25398063659668,26.40999984741211,26.760000228881836,26.010000228881836,26.149999618530273,78731500,QQQ
2003-03-26,22.38038444519043,26.559999465942383,26.770000457763672,26.360000610351562,26.5,67880200,QQQ
2003-03-27,22.22028923034668,26.3700008392334,26.649999618530273,26.100000381469727,26.270000457763672,64113100,QQQ
2003-03-28,21.975914001464844,26.079999923706055,26.43000030517578,25.950000762939453,26.139999389648438,45374700,QQQ
2003-03-31,21.276546478271484,25.25,25.729999542236328,25.209999084472656,25.600000381469727,89345300,QQQ
2003-04-01,21.445068359375,25.450000762939453,25.670000076293945,25.25,25.440000534057617,73159500,QQQ
2003-04-02,22.034914016723633,26.149999618530273,26.559999465942383,26.030000686645508,26.059999465942383,75843800,QQQ
2003-04-03,22.312973022460938,26.479999542236328,26.850000381469727,26.309999465942383,26.639999389648438,70138200,QQQ
2003-04-04,21.95064926147461,26.049999237060547,26.600000381469727,25.969999313354492,26.56999969482422,65665700,QQQ
2003-04-07,21.984350204467773,26.09000015258789,27.200000762939453,26.06999969482422,27.110000610351562,83842700,QQQ
2003-04-08,21.959075927734375,26.059999465942383,26.290000915527344,25.8799991607666,26.149999618530273,54250600,QQQ
2003-04-09,21.453489303588867,25.459999084472656,26.280000686645508,25.40999984741211,26.100000381469727,76457100,QQQ
2003-04-10,21.714706420898438,25.770000457763672,25.770000457763672,25.299999237060547,25.459999084472656,57017500,QQQ
2003-04-11,21.495615005493164,25.510000228881836,26.15999984741211,25.360000610351562,26.020000457763672,67974500,QQQ
2003-04-14,21.933794021606445,26.030000686645508,26.139999389648438,25.489999771118164,25.600000381469727,52476200,QQQ
2003-04-15,22.14444923400879,26.280000686645508,26.459999084472656,25.850000381469727,25.969999313354492,64655700,QQQ
2003-04-16,22.093896865844727,26.219999313354492,26.829999923706055,26.1200008392334,26.649999618530273,70711600,QQQ
2003-04-17,22.599475860595703,26.81999969482422,26.979999542236328,26.149999618530273,26.15999984741211,70179900,QQQ
2003-04-21,22.683746337890625,26.920000076293945,27.100000381469727,26.6200008392334,26.940000534057617,52729600,QQQ
2003-04-22,23.113494873046875,27.43000030517578,27.459999084472656,26.649999618530273,26.729999542236328,70757200,QQQ
2003-04-23,23.282005310058594,27.6299991607666,27.75,27.260000228881836,27.5,70327100,QQQ
2003-04-24,23.15561866760254,27.479999542236328,27.75,27.270000457763672,27.360000610351562,72383900,QQQ
2003-04-25,22.709020614624023,26.950000762939453,27.420000076293945,26.860000610351562,27.31999969482422,63277900,QQQ
2003-04-28,23.15561866760254,27.479999542236328,27.6299991607666,26.950000762939453,27.049999237060547,59666200,QQQ
2003-04-29,23.366268157958984,27.729999542236328,28.059999465942383,27.40999984741211,27.639999389648438,79903800,QQQ
2003-04-30,23.130338668823242,27.450000762939453,27.790000915527344,27.43000030517578,27.649999618530273,60202100,QQQ
2003-05-01,23.332565307617188,27.690000534057617,27.8700008392334,27.190000534057617,27.440000534057617,66022600,QQQ
2003-05-02,23.829730987548828,28.280000686645508,28.290000915527344,27.56999969482422,27.610000610351562,85004100,QQQ
2003-05-05,23.80445098876953,28.25,28.709999084472656,28.170000076293945,28.329999923706055,80520300,QQQ
2003-05-06,24.107791900634766,28.610000610351562,28.899999618530273,28.209999084472656,28.219999313354492,77338300,QQQ
2003-05-07,23.83814811706543,28.290000915527344,28.690000534057617,28.1200008392334,28.40999984741211,70353200,QQQ
2003-05-08,23.39997673034668,27.770000457763672,28.190000534057617,27.760000228881836,27.850000381469727,80249100,QQQ
2003-05-09,23.939258575439453,28.40999984741211,28.479999542236328,28.0,28.040000915527344,58528200,QQQ
2003-05-12,24.301591873168945,28.84000015258789,28.959999084472656,28.170000076293945,28.360000610351562,67487300,QQQ
2003-05-13,24.14992332458496,28.65999984741211,28.989999771118164,28.540000915527344,28.6299991607666,64934300,QQQ
2003-05-14,24.099367141723633,28.600000381469727,28.969999313354492,28.360000610351562,28.8700008392334,62181200,QQQ
2003-05-15,24.36900520324707,28.920000076293945,28.979999542236328,28.559999465942383,28.75,62232100,QQQ
2003-05-16,24.183626174926758,28.700000762939453,28.940000534057617,28.479999542236328,28.729999542236328,70590400,QQQ
2003-05-19,23.332565307617188,27.690000534057617,28.68000030517578,27.610000610351562,28.520000457763672,91334800,QQQ
2003-05-20,23.39997673034668,27.770000457763672,27.959999084472656,27.40999984741211,27.760000228881836,71817800,QQQ
2003-05-21,23.332565307617188,27.690000534057617,27.75,27.440000534057617,27.649999618530273,63648500,QQQ
2003-05-22,23.66962432861328,28.09000015258789,28.31999969482422,27.6200008392334,27.760000228881836,62401400,QQQ
2003-05-23,23.678043365478516,28.100000381469727,28.25,27.950000762939453,28.040000915527344,37922500,QQQ
2003-05-27,24.520675659179688,29.100000381469727,29.219999313354492,27.899999618530273,27.93000030517578,101422100,QQQ
2003-05-28,24.596519470214844,29.190000534057617,29.399999618530273,28.959999084472656,29.15999984741211,76290400,QQQ
2003-05-29,24.697635650634766,29.309999465942383,29.799999237060547,29.15999984741211,29.229999542236328,97336000,QQQ
2003-05-30,25.10210418701172,29.790000915527344,29.8700008392334,29.450000762939453,29.530000686645508,78093700,QQQ
2003-06-02,24.925142288208008,29.579999923706055,30.200000762939453,29.309999465942383,30.079999923706055,102937000,QQQ
2003-06-03,25.161075592041016,29.860000610351562,29.8799991607666,29.329999923706055,29.440000534057617,81672600,QQQ
2003-06-04,25.63295555114746,30.420000076293945,30.579999923706055,29.719999313354492,29.809999465942383,87046100,QQQ
2003-06-05,25.818342208862305,30.639999389648438,30.68000030517578,29.969999313354492,30.1299991607666,88747900,QQQ
2003-06-06,25.388593673706055,30.1299991607666,31.469999313354492,30.040000915527344,31.209999084472656,157178100,QQQ
2003-06-09,25.051538467407227,29.729999542236328,30.219999313354492,29.530000686645508,30.0,94941800,QQQ
2003-06-10,25.43073272705078,30.18000030517578,30.200000762939453,29.68000030517578,29.860000610351562,69660100,QQQ
2003-06-11,25.717227935791016,30.520000457763672,30.639999389648438,29.799999237060547,30.06999969482422,87338200,QQQ
2003-06-12,25.826770782470703,30.649999618530273,30.75,30.260000228881836,30.639999389648438,79450500,QQQ
2003-06-13,25.2453556060791,29.959999084472656,30.729999542236328,29.860000610351562,30.65999984741211,83353600,QQQ
2003-06-16,26.02056884765625,30.8799991607666,30.899999618530273,30.0,30.170000076293945,71211800,QQQ
2003-06-17,25.919450759887695,30.760000228881836,31.110000610351562,30.559999465942383,31.020000457763672,67571200,QQQ
2003-06-18,26.054277420043945,30.920000076293945,31.229999542236328,30.450000762939453,30.65999984741211,80215700,QQQ
2003-06-19,25.63295555114746,30.420000076293945,31.239999771118164,30.3799991607666,30.979999542236328,79467200,QQQ
2003-06-20,25.599262237548828,30.3799991607666,30.780000686645508,30.25,30.690000534057617,71512400,QQQ
2003-06-23,25.20322036743164,29.90999984741211,30.3700008392334,29.559999465942383,30.329999923706055,86509400,QQQ
2003-06-24,25.009416580200195,29.68000030517578,30.1299991607666,29.530000686645508,29.729999542236328,83004400,QQQ
2003-06-25,24.874591827392578,29.520000457763672,30.18000030517578,29.469999313354492,29.670000076293945,94255300,QQQ
2003-06-26,25.464433670043945,30.219999313354492,30.280000686645508,29.610000610351562,29.709999084472656,79187500,QQQ
2003-06-27,25.135807037353516,29.829999923706055,30.56999969482422,29.770000457763672,30.25,82451900,QQQ
2003-06-30,25.23693084716797,29.950000762939453,30.34000015258789,29.799999237060547,30.15999984741211,72043000,QQQ
2003-07-01,25.573974609375,30.350000381469727,30.3799991607666,29.260000228881836,29.700000762939453,105852500,QQQ
2003-07-02,26.096406936645508,30.969999313354492,30.989999771118164,30.3799991607666,30.40999984741211,81972500,QQQ
2003-07-03,25.767778396606445,30.579999923706055,31.100000381469727,30.469999313354492,30.700000762939453,50050400,QQQ
2003-07-07,26.87163543701172,31.889999389648438,31.899999618530273,30.959999084472656,30.969999313354492,88554600,QQQ
2003-07-08,27.200260162353516,32.279998779296875,32.310001373291016,31.6200008392334,31.780000686645508,81874500,QQQ
2003-07-09,27.132854461669922,32.20000076293945,32.4900016784668,31.93000030517578,32.18000030517578,89588400,QQQ
2003-07-10,26.62726593017578,31.600000381469727,31.989999771118164,31.329999923706055,31.850000381469727,102928700,QQQ
2003-07-11,26.829504013061523,31.84000015258789,31.989999771118164,31.610000610351562,31.649999618530273,67728100,QQQ
2003-07-14,27.149703979492188,32.220001220703125,32.75,32.06999969482422,32.34000015258789,84524600,QQQ
2003-07-15,27.183408737182617,32.2599983215332,32.650001525878906,31.940000534057617,32.529998779296875,75059000,QQQ
2003-07-16,27.09914779663086,32.15999984741211,32.5,31.729999542236328,32.459999084472656,80138700,QQQ
2003-07-17,26.27336311340332,31.18000030517578,31.84000015258789,31.040000915527344,31.68000030517578,116260400,QQQ
2003-07-18,26.357624053955078,31.280000686645508,31.549999237060547,30.920000076293945,31.399999618530273,80519000,QQQ
2003-07-21,26.02056884765625,30.8799991607666,31.299999237060547,30.610000610351562,31.239999771118164,111325300,QQQ
2003-07-22,26.408180236816406,31.34000015258789,31.5,30.860000610351562,31.110000610351562,91471500,QQQ
2003-07-23,26.62726593017578,31.600000381469727,31.639999389648438,30.989999771118164,31.389999389648438,69050400,QQQ
2003-07-24,26.27336311340332,31.18000030517578,32.02000045776367,31.079999923706055,31.850000381469727,82999700,QQQ
2003-07-25,26.795793533325195,31.799999237060547,31.84000015258789,30.770000457763672,31.1299991607666,82709600,QQQ
2003-07-28,26.87163543701172,31.889999389648438,31.989999771118164,31.600000381469727,31.860000610351562,56180800,QQQ
2003-07-29,26.66939926147461,31.649999618530273,32.02000045776367,31.239999771118164,31.93000030517578,80560100,QQQ
2003-07-30,26.4755859375,31.420000076293945,31.739999771118164,31.329999923706055,31.709999084472656,56617300,QQQ
2003-07-31,26.795793533325195,31.799999237060547,32.33000183105469,31.520000457763672,31.790000915527344,85544100,QQQ
2003-08-01,26.509302139282227,31.459999084472656,31.790000915527344,31.299999237060547,31.690000534057617,73545400,QQQ
2003-08-04,26.500879287719727,31.450000762939453,31.799999237060547,30.84000015258789,31.420000076293945,96344600,QQQ
2003-08-05,25.456005096435547,30.209999084472656,31.479999542236328,30.100000381469727,31.40999984741211,111041800,QQQ
2003-08-06,25.43914794921875,30.190000534057617,30.770000457763672,30.100000381469727,30.360000610351562,96816000,QQQ
2003-08-07,25.540273666381836,30.309999465942383,30.510000228881836,30.020000457763672,30.219999313354492,67326600,QQQ
2003-08-08,25.338045120239258,30.06999969482422,30.549999237060547,29.93000030517578,30.43000030517578,66677100,QQQ
2003-08-11,25.616113662719727,30.399999618530273,30.600000381469727,30.030000686645508,30.079999923706055,63712200,QQQ
2003-08-12,26.003725051879883,30.860000610351562,30.899999618530273,30.329999923706055,30.510000228881836,59676100,QQQ
2003-08-13,26.01214599609375,30.8700008392334,31.06999969482422,30.649999618530273,30.979999542236328,57969700,QQQ
2003-08-14,26.037424087524414,30.899999618530273,31.190000534057617,30.670000076293945,30.8799991607666,50271500,QQQ
2003-08-15,26.264930725097656,31.170000076293945,31.290000915527344,30.93000030517578,31.0,28116300,QQQ
2003-08-18,26.939043045043945,31.969999313354492,32.0099983215332,31.229999542236328,31.309999465942383,67224100,QQQ
2003-08-19,27.27610206604004,32.369998931884766,32.380001068115234,31.850000381469727,32.11000061035156,68205000,QQQ
2003-08-20,27.20868492126465,32.290000915527344,32.52000045776367,32.02000045776367,32.099998474121094,58233500,QQQ
2003-08-21,27.50360870361328,32.63999938964844,32.81999969482422,32.27000045776367,32.59000015258789,77161400,QQQ
2003-08-22,27.335079193115234,32.439998626708984,33.369998931884766,32.380001068115234,33.2599983215332,92989800,QQQ
2003-08-25,27.394067764282227,32.5099983215332,32.540000915527344,32.209999084472656,32.36000061035156,43044700,QQQ
2003-08-26,27.41935157775879,32.540000915527344,32.59000015258789,31.809999465942383,32.279998779296875,79838500,QQQ
2003-08-27,27.6384334564209,32.79999923706055,32.83000183105469,32.369998931884766,32.4900016784668,47532100,QQQ
2003-08-28,27.882801055908203,33.09000015258789,33.119998931884766,32.52000045776367,32.939998626708984,55311000,QQQ
2003-08-29,28.135578155517578,33.38999938964844,33.459999084472656,32.97999954223633,33.040000915527344,53148800,QQQ
2003-09-02,28.540048599243164,33.869998931884766,33.88999938964844,33.130001068115234,33.4900016784668,80303100,QQQ
2003-09-03,28.5231876373291,33.849998474121094,34.20000076293945,33.650001525878906,34.099998474121094,85234800,QQQ
2003-09-04,28.784421920776367,34.15999984741211,34.220001220703125,33.70000076293945,33.83000183105469,63736100,QQQ
2003-09-05,28.599035263061523,33.939998626708984,34.34000015258789,33.66999816894531,33.970001220703125,91024100,QQQ
2003-09-08,29.0709171295166,34.5,34.529998779296875,33.95000076293945,34.0,69296000,QQQ
2003-09-09,28.725431442260742,34.09000015258789,34.38999938964844,33.91999816894531,34.31999969482422,87817500,QQQ
2003-09-10,28.034469604492188,33.27000045776367,33.88999938964844,33.11000061035156,33.75,111624500,QQQ
2003-09-11,28.34624671936035,33.63999938964844,33.779998779296875,33.0099983215332,33.279998779296875,96914900,QQQ
2003-09-12,28.497913360595703,33.81999969482422,33.84000015258789,33.04999923706055,33.34000015258789,104963000,QQQ
2003-09-15,28.219860076904297,33.4900016784668,33.90999984741211,33.439998626708984,33.84000015258789,54594200,QQQ
2003-09-16,28.986656188964844,34.400001525878906,34.43000030517578,33.52000045776367,33.52000045776367,87463800,QQQ
2003-09-17,28.86868667602539,34.2599983215332,34.5,34.029998779296875,34.33000183105469,79794700,QQQ
2003-09-18,29.30685043334961,34.779998779296875,34.86000061035156,34.0,34.16999816894531,91469900,QQQ
2003-09-19,29.138328552246094,34.58000183105469,34.86000061035156,34.36000061035156,34.790000915527344,69796000,QQQ
2003-09-22,28.582176208496094,33.91999816894531,34.20000076293945,33.77000045776367,34.130001068115234,97477500,QQQ
2003-09-23,29.087770462036133,34.52000045776367,34.560001373291016,33.90999984741211,33.970001220703125,77826500,QQQ
2003-09-24,27.99234390258789,33.220001220703125,34.52000045776367,33.16999816894531,34.5099983215332,115057400,QQQ
2003-09-25,27.630016326904297,32.790000915527344,33.7400016784668,32.7599983215332,33.380001068115234,117604800,QQQ
2003-09-26,27.453046798706055,32.58000183105469,33.16999816894531,32.52000045776367,32.88999938964844,106581000,QQQ
2003-09-29,27.924930572509766,33.13999938964844,33.16999816894531,32.45000076293945,32.7599983215332,96862800,QQQ
2003-09-30,27.31822395324707,32.41999816894531,32.959999084472656,32.36000061035156,32.91999816894531,119122500,QQQ
2003-10-01,27.9333553314209,33.150001525878906,33.22999954223633,32.41999816894531,32.61000061035156,106653600,QQQ
2003-10-02,28.02604103088379,33.2599983215332,33.43000030517578,32.93000030517578,33.099998474121094,83911100,QQQ
2003-10-03,28.80968475341797,34.189998626708984,34.470001220703125,33.81999969482422,33.849998474121094,112862800,QQQ
2003-10-06,29.020353317260742,34.439998626708984,34.45000076293945,34.060001373291016,34.279998779296875,49162900,QQQ
2003-10-07,29.19731330871582,34.650001525878906,34.650001525878906,34.0099983215332,34.15999984741211,80104600,QQQ
2003-10-08,29.011924743652344,34.43000030517578,34.84000015258789,34.220001220703125,34.810001373291016,71387400,QQQ
2003-10-09,29.23101806640625,34.689998626708984,35.27000045776367,34.43000030517578,34.90999984741211,118216100,QQQ
2003-10-10,29.500659942626953,35.0099983215332,35.029998779296875,34.63999938964844,34.77000045776367,68356200,QQQ
2003-10-13,29.6944637298584,35.2400016784668,35.369998931884766,34.91999816894531,35.13999938964844,60919800,QQQ
2003-10-14,29.770309448242188,35.33000183105469,35.43000030517578,34.959999084472656,35.099998474121094,62274900,QQQ
2003-10-15,29.643909454345703,35.18000030517578,35.849998474121094,35.029998779296875,35.79999923706055,97045200,QQQ
2003-10-16,29.87982940673828,35.459999084472656,35.529998779296875,35.060001373291016,35.099998474121094,73955000,QQQ
2003-10-17,29.163597106933594,34.61000061035156,35.4900016784668,34.599998474121094,35.40999984741211,97794400,QQQ
2003-10-20,29.525930404663086,35.040000915527344,35.08000183105469,34.5,34.650001525878906,75544300,QQQ
2003-10-21,29.70290184020996,35.25,35.45000076293945,34.939998626708984,35.13999938964844,73455600,QQQ
2003-10-22,29.1298828125,34.56999969482422,34.93000030517578,34.439998626708984,34.88999938964844,88141400,QQQ
2003-10-23,28.792837142944336,34.16999816894531,34.5099983215332,34.04999923706055,34.150001525878906,95409600,QQQ
2003-10-24,28.818126678466797,34.20000076293945,34.22999954223633,33.4900016784668,33.790000915527344,101778600,QQQ
2003-10-27,28.8265438079834,34.209999084472656,34.45000076293945,34.040000915527344,34.279998779296875,63604500,QQQ
2003-10-28,29.795574188232422,35.36000061035156,35.40999984741211,34.369998931884766,34.43000030517578,107375700,QQQ
2003-10-29,29.76188087463379,35.31999969482422,35.40999984741211,35.06999969482422,35.20000076293945,74075200,QQQ
2003-10-30,29.82085609436035,35.38999938964844,36.0,35.13999938964844,35.810001373291016,95062600,QQQ
2003-10-31,29.643909454345703,35.18000030517578,35.4900016784668,35.060001373291016,35.439998626708984,55473200,QQQ
2003-11-03,30.132633209228516,35.7599983215332,35.97999954223633,35.36000061035156,35.43000030517578,71141200,QQQ
2003-11-04,29.930400848388672,35.52000045776367,35.869998931884766,35.45000076293945,35.689998626708984,60033900,QQQ
2003-11-05,30.200040817260742,35.84000015258789,35.88999938964844,35.150001525878906,35.52000045776367,67412700,QQQ
2003-11-06,30.284305572509766,35.939998626708984,35.970001220703125,35.34000015258789,35.790000915527344,90567400,QQQ
2003-11-07,30.0230770111084,35.630001068115234,36.18000030517578,35.599998474121094,36.08000183105469,63505200,QQQ
2003-11-10,29.65232276916504,35.189998626708984,35.7400016784668,35.09000015258789,35.70000076293945,68896400,QQQ
2003-11-11,29.542781829833984,35.060001373291016,35.29999923706055,34.849998474121094,35.150001525878906,75607100,QQQ
2003-11-12,30.17475700378418,35.810001373291016,35.959999084472656,35.13999938964844,35.16999816894531,80364600,QQQ
2003-11-13,30.141071319580078,35.77000045776367,35.900001525878906,35.54999923706055,35.709999084472656,64243000,QQQ
2003-11-14,29.525930404663086,35.040000915527344,36.02000045776367,34.95000076293945,35.810001373291016,90932200,QQQ
2003-11-17,29.22258949279785,34.68000030517578,34.90999984741211,34.2599983215332,34.84000015258789,108063100,QQQ
2003-11-18,28.54846954345703,33.880001068115234,34.970001220703125,33.81999969482422,34.869998931884766,108588500,QQQ
2003-11-19,28.8265438079834,34.209999084472656,34.400001525878906,33.880001068115234,34.0099983215332,86320300,QQQ
2003-11-20,28.54846954345703,33.880001068115234,34.68000030517578,33.810001373291016,33.91999816894531,117324500,QQQ
2003-11-21,28.843402862548828,34.22999954223633,34.2599983215332,33.72999954223633,34.08000183105469,81787500,QQQ
2003-11-24,29.643909454345703,35.18000030517578,35.25,34.470001220703125,34.52000045776367,92057500,QQQ
2003-11-25,29.643909454345703,35.18000030517578,35.45000076293945,35.09000015258789,35.290000915527344,72519800,QQQ
2003-11-26,29.778715133666992,35.34000015258789,35.52000045776367,34.810001373291016,35.400001525878906,72842900,QQQ
2003-11-28,29.81244468688965,35.380001068115234,35.5,35.209999084472656,35.2599983215332,24802600,QQQ
2003-12-01,30.250587463378906,35.900001525878906,36.0099983215332,35.470001220703125,35.709999084472656,82767300,QQQ
2003-12-02,30.082075119018555,35.70000076293945,36.04999923706055,35.58000183105469,35.81999969482422,62504500,QQQ
2003-12-03,29.70290184020996,35.25,36.119998931884766,35.25,35.84000015258789,107568500,QQQ
2003-12-04,30.0230770111084,35.630001068115234,35.709999084472656,35.08000183105469,35.380001068115234,102334800,QQQ
2003-12-05,29.525930404663086,35.040000915527344,35.5,34.959999084472656,35.27000045776367,87490200,QQQ
2003-12-08,29.6944637298584,35.2400016784668,35.33000183105469,34.779998779296875,35.02000045776367,86961200,QQQ
2003-12-09,29.011924743652344,34.43000030517578,35.459999084472656,34.349998474121094,35.439998626708984,109949500,QQQ
2003-12-10,29.121477127075195,34.560001373291016,34.70000076293945,34.130001068115234,34.5,103504200,QQQ
2003-12-11,29.745019912719727,35.29999923706055,35.38999938964844,34.4900016784668,34.5,108374700,QQQ
2003-12-12,29.6944637298584,35.2400016784668,35.34000015258789,34.900001525878906,35.310001373291016,72189400,QQQ
2003-12-15,29.30685043334961,34.779998779296875,35.9900016784668,34.650001525878906,35.93000030517578,106091400,QQQ
2003-12-16,29.365835189819336,34.849998474121094,35.02000045776367,34.41999816894531,34.790000915527344,89854700,QQQ
2003-12-17,29.41638946533203,34.90999984741211,35.0,34.56999969482422,34.810001373291016,68539900,QQQ
2003-12-18,29.964113235473633,35.560001373291016,35.63999938964844,34.95000076293945,34.95000076293945,89978100,QQQ
2003-12-19,29.87982940673828,35.459999084472656,35.650001525878906,35.20000076293945,35.61000061035156,89762300,QQQ
2003-12-22,29.972536087036133,35.56999969482422,35.68000030517578,35.290000915527344,35.349998474121094,63580000,QQQ
2003-12-23,30.200040817260742,35.84000015258789,36.02000045776367,35.529998779296875,35.599998474121094,66999800,QQQ
2003-12-24,30.26241683959961,35.900001525878906,36.02000045776367,35.79999923706055,35.84000015258789,44840300,QQQ
2003-12-26,30.220277786254883,35.849998474121094,36.09000015258789,35.81999969482422,35.959999084472656,25497600,QQQ
2003-12-29,30.71761703491211,36.439998626708984,36.529998779296875,36.02000045776367,36.029998779296875,63296200,QQQ
2003-12-30,30.818767547607422,36.560001373291016,36.58000183105469,36.29999923706055,36.529998779296875,48249400,QQQ
2003-12-31,30.7344970703125,36.459999084472656,36.63999938964844,36.25,36.619998931884766,60494600,QQQ
2004-01-02,30.65020179748535,36.36000061035156,36.790000915527344,36.220001220703125,36.65999984741211,55234100,QQQ
2004-01-05,31.265554428100586,37.09000015258789,37.15999984741211,36.560001373291016,36.58000183105469,69717900,QQQ
2004-01-06,31.47627830505371,37.34000015258789,37.41999816894531,36.95000076293945,37.08000183105469,60033000,QQQ
2004-01-07,31.762901306152344,37.68000030517578,37.68000030517578,37.06999969482422,37.279998779296875,71830000,QQQ
2004-01-08,32.01578903198242,37.97999954223633,38.0,37.599998474121094,37.849998474121094,76800900,QQQ
2004-01-09,31.8050479888916,37.72999954223633,38.349998474121094,37.59000015258789,37.709999084472656,94296500,QQQ
2004-01-12,32.310821533203125,38.33000183105469,38.349998474121094,37.68000030517578,37.849998474121094,77668400,QQQ
2004-01-13,31.99049186706543,37.95000076293945,38.36000061035156,37.599998474121094,38.27000045776367,92973900,QQQ
2004-01-14,32.100074768066406,38.08000183105469,38.25,37.75,38.08000183105469,68122400,QQQ
2004-01-15,32.18437194824219,38.18000030517578,38.459999084472656,37.630001068115234,37.93000030517578,104427700,QQQ
2004-01-16,32.51313400268555,38.56999969482422,38.630001068115234,38.16999816894531,38.380001068115234,77324100,QQQ
2004-01-20,32.48786926269531,38.540000915527344,39.0,38.310001373291016,38.72999954223633,81998100,QQQ
2004-01-21,32.35297393798828,38.380001068115234,38.65999984741211,38.0,38.38999938964844,112180300,QQQ
2004-01-22,32.159095764160156,38.150001525878906,38.689998626708984,38.060001373291016,38.54999923706055,90061900,QQQ
2004-01-23,32.041072845458984,38.0099983215332,38.459999084472656,37.779998779296875,38.209999084472656,88751300,QQQ
2004-01-26,32.53001403808594,38.59000015258789,38.650001525878906,37.84000015258789,37.97999954223633,84538000,QQQ
2004-01-27,31.813472747802734,37.7400016784668,38.630001068115234,37.689998626708984,38.5099983215332,97191600,QQQ
2004-01-28,31.273988723754883,37.099998474121094,38.060001373291016,37.0,37.939998626708984,127959700,QQQ
2004-01-29,31.392004013061523,37.2400016784668,37.310001373291016,36.65999984741211,37.2400016784668,143925900,QQQ
2004-01-30,31.24870491027832,37.06999969482422,37.439998626708984,36.970001220703125,37.20000076293945,84264700,QQQ
2004-02-02,31.164392471313477,36.970001220703125,37.47999954223633,36.81999969482422,37.20000076293945,94507900,QQQ
2004-02-03,31.13068199157715,36.93000030517578,37.2400016784668,36.84000015258789,36.90999984741211,73488700,QQQ
2004-02-04,30.62489128112793,36.33000183105469,36.86000061035156,36.33000183105469,36.619998931884766,109933000,QQQ
2004-02-05,30.742908477783203,36.470001220703125,36.709999084472656,36.33000183105469,36.5099983215332,96784500,QQQ
2004-02-06,31.29925537109375,37.130001068115234,37.279998779296875,36.529998779296875,36.599998474121094,107174100,QQQ
2004-02-09,31.29085350036621,37.119998931884766,37.380001068115234,37.04999923706055,37.34000015258789,58817700,QQQ
2004-02-10,31.341413497924805,37.18000030517578,37.40999984741211,37.029998779296875,37.060001373291016,65042700,QQQ
2004-02-11,31.678586959838867,37.58000183105469,37.66999816894531,37.06999969482422,37.2400016784668,92503000,QQQ
2004-02-12,31.400409698486328,37.25,37.70000076293945,37.2400016784668,37.52000045776367,70556400,QQQ
2004-02-13,31.13909149169922,36.939998626708984,37.970001220703125,36.7599983215332,37.38999938964844,90570400,QQQ
2004-02-17,31.560583114624023,37.439998626708984,37.619998931884766,37.220001220703125,37.279998779296875,69678600,QQQ
2004-02-18,31.65331268310547,37.54999923706055,37.66999816894531,37.31999969482422,37.5099983215332,70972100,QQQ
2004-02-19,31.172821044921875,36.97999954223633,37.900001525878906,36.81999969482422,37.869998931884766,100843800,QQQ
2004-02-20,31.071674346923828,36.86000061035156,37.13999938964844,36.54999923706055,37.0,132347600,QQQ
2004-02-23,30.726058959960938,36.45000076293945,37.029998779296875,36.11000061035156,37.0,125199800,QQQ
2004-02-24,30.65020179748535,36.36000061035156,36.650001525878906,36.099998474121094,36.29999923706055,124521900,QQQ
2004-02-25,30.835622787475586,36.58000183105469,36.66999816894531,36.33000183105469,36.43000030517578,74457100,QQQ
2004-02-26,30.911510467529297,36.66999816894531,36.84000015258789,36.310001373291016,36.470001220703125,71327600,QQQ
2004-02-27,30.82721710205078,36.56999969482422,36.939998626708984,36.27000045776367,36.7599983215332,99383900,QQQ
2004-03-01,31.231830596923828,37.04999923706055,37.06999969482422,36.470001220703125,36.68000030517578,79700700,QQQ
2004-03-02,30.869354248046875,36.619998931884766,37.18000030517578,36.61000061035156,36.97999954223633,91536000,QQQ
2004-03-03,30.700756072998047,36.41999816894531,36.630001068115234,36.209999084472656,36.5099983215332,83938300,QQQ
2004-03-04,30.987377166748047,36.7599983215332,36.83000183105469,36.38999938964844,36.439998626708984,65905600,QQQ
2004-03-05,30.877775192260742,36.630001068115234,37.150001525878906,36.36000061035156,36.41999816894531,118107100,QQQ
2004-03-08,30.1528377532959,35.77000045776367,36.81999969482422,35.72999954223633,36.689998626708984,112599500,QQQ
2004-03-09,30.06011199951172,35.65999984741211,35.97999954223633,35.52000045776367,35.810001373291016,126140400,QQQ
2004-03-10,29.66391372680664,35.189998626708984,36.0,35.130001068115234,35.75,134226100,QQQ
2004-03-11,29.39417266845703,34.869998931884766,35.529998779296875,34.79999923706055,35.06999969482422,152132000,QQQ
2004-03-12,29.93367576599121,35.5099983215332,35.59000015258789,35.150001525878906,35.18000030517578,118369600,QQQ
2004-03-15,29.411027908325195,34.88999938964844,35.400001525878906,34.810001373291016,35.36000061035156,115813600,QQQ
2004-03-16,29.461605072021484,34.95000076293945,35.25,34.630001068115234,35.11000061035156,123265100,QQQ
2004-03-17,29.925235748291016,35.5,35.619998931884766,35.18000030517578,35.209999084472656,91684700,QQQ
2004-03-18,29.790367126464844,35.34000015258789,35.459999084472656,34.970001220703125,35.369998931884766,111249700,QQQ
2004-03-19,29.293014526367188,34.75,35.459999084472656,34.720001220703125,35.279998779296875,99976700,QQQ
2004-03-22,28.922107696533203,34.310001373291016,34.54999923706055,34.029998779296875,34.529998779296875,133870400,QQQ
2004-03-23,28.68607521057129,34.029998779296875,34.650001525878906,34.0099983215332,34.59000015258789,125945800,QQQ
2004-03-24,29.014822006225586,34.41999816894531,34.630001068115234,34.0099983215332,34.150001525878906,118876800,QQQ
2004-03-25,29.790367126464844,35.34000015258789,35.459999084472656,34.619998931884766,34.650001525878906,142122000,QQQ
2004-03-26,29.6892032623291,35.220001220703125,35.58000183105469,35.20000076293945,35.29999923706055,78430800,QQQ
2004-03-29,30.16968536376953,35.790000915527344,35.959999084472656,35.4900016784668,35.5099983215332,103864000,QQQ
2004-03-30,30.27084732055664,35.90999984741211,35.939998626708984,35.52000045776367,35.66999816894531,95716500,QQQ
2004-03-31,30.211851119995117,35.84000015258789,36.0,35.61000061035156,35.91999816894531,85993900,QQQ
2004-04-01,30.481597900390625,36.15999984741211,36.25,35.779998779296875,35.810001373291016,93048600,QQQ
2004-04-02,31.273988723754883,37.099998474121094,37.15999984741211,36.52000045776367,36.88999938964844,145964000,QQQ
2004-04-05,31.56901741027832,37.45000076293945,37.5,36.970001220703125,37.0099983215332,67351600,QQQ
2004-04-06,31.172821044921875,36.97999954223633,37.25,36.91999816894531,37.15999984741211,98611400,QQQ
2004-04-07,31.13909149169922,36.939998626708984,37.11000061035156,36.65999984741211,36.9900016784668,91004900,QQQ
2004-04-08,31.13909149169922,36.939998626708984,37.38999938964844,36.7400016784668,37.349998474121094,77176300,QQQ
2004-04-12,31.332990646362305,37.16999816894531,37.2400016784668,36.97999954223633,37.02000045776367,55285700,QQQ
2004-04-13,30.877775192260742,36.630001068115234,37.36000061035156,36.459999084472656,37.34000015258789,100624400,QQQ
2004-04-14,31.029531478881836,36.810001373291016,36.95000076293945,36.36000061035156,36.40999984741211,113663200,QQQ
2004-04-15,30.47315788269043,36.150001525878906,36.86000061035156,36.02000045776367,36.75,123565500,QQQ
2004-04-16,30.42258071899414,36.09000015258789,36.31999969482422,35.790000915527344,36.20000076293945,110736600,QQQ
2004-04-19,30.793487548828125,36.529998779296875,36.59000015258789,35.97999954223633,36.0099983215332,85838700,QQQ
2004-04-20,30.076976776123047,35.68000030517578,36.790000915527344,35.63999938964844,36.61000061035156,119545100,QQQ
2004-04-21,30.338300704956055,35.9900016784668,36.11000061035156,35.650001525878906,35.900001525878906,117850500,QQQ
2004-04-22,31.12224578857422,36.91999816894531,37.0099983215332,35.97999954223633,36.0,137623300,QQQ
2004-04-23,31.366701126098633,37.209999084472656,37.2599983215332,36.900001525878906,37.08000183105469,91855600,QQQ
2004-04-26,31.13909149169922,36.939998626708984,37.290000915527344,36.650001525878906,37.18000030517578,74392200,QQQ
2004-04-27,31.080102920532227,36.869998931884766,37.189998626708984,36.689998626708984,36.95000076293945,87548500,QQQ
2004-04-28,30.51531219482422,36.20000076293945,36.720001220703125,36.02000045776367,36.709999084472656,111740700,QQQ
2004-04-29,30.043249130249023,35.63999938964844,36.34000015258789,35.29999923706055,36.09000015258789,156917100,QQQ
2004-04-30,29.309879302978516,34.77000045776367,35.79999923706055,34.720001220703125,35.65999984741211,150829200,QQQ
2004-05-03,29.58805274963379,35.099998474121094,35.52000045776367,34.88999938964844,35.0,117007200,QQQ
2004-05-04,29.71450424194336,35.25,35.75,35.029998779296875,35.209999084472656,126176000,QQQ
2004-05-05,29.950525283813477,35.529998779296875,35.70000076293945,35.20000076293945,35.41999816894531,97528500,QQQ
2004-05-06,29.72294044494629,35.2599983215332,35.439998626708984,34.849998474121094,35.22999954223633,102733300,QQQ
2004-05-07,29.478469848632812,34.970001220703125,35.63999938964844,34.90999984741211,35.09000015258789,137686000,QQQ
2004-05-10,29.225589752197266,34.66999816894531,34.900001525878906,34.41999816894531,34.66999816894531,156951400,QQQ
2004-05-11,29.66391372680664,35.189998626708984,35.380001068115234,34.91999816894531,34.970001220703125,120493600,QQQ
2004-05-12,29.72294044494629,35.2599983215332,35.290000915527344,34.27000045776367,35.119998931884766,197765400,QQQ
2004-05-13,29.51217269897461,35.0099983215332,35.45000076293945,34.91999816894531,35.060001373291016,137841700,QQQ
2004-05-14,29.293014526367188,34.75,35.310001373291016,34.63999938964844,35.20000076293945,133689900,QQQ
2004-05-17,29.014822006225586,34.41999816894531,34.65999984741211,34.11000061035156,34.380001068115234,150652400,QQQ
2004-05-18,29.276153564453125,34.72999954223633,34.900001525878906,34.599998474121094,34.65999984741211,96686400,QQQ
2004-05-19,29.242429733276367,34.689998626708984,35.5099983215332,34.630001068115234,35.15999984741211,141646900,QQQ
2004-05-20,29.377300262451172,34.849998474121094,35.02000045776367,34.560001373291016,34.779998779296875,94938500,QQQ
2004-05-21,29.52062225341797,35.02000045776367,35.16999816894531,34.7400016784668,35.0099983215332,111329200,QQQ
2004-05-24,29.72294044494629,35.2599983215332,35.459999084472656,35.0,35.29999923706055,99861800,QQQ
2004-05-25,30.3129940032959,35.959999084472656,36.08000183105469,34.95000076293945,35.150001525878906,146321400,QQQ
2004-05-26,30.506879806518555,36.189998626708984,36.189998626708984,35.810001373291016,35.86000061035156,93789700,QQQ
2004-05-27,30.700756072998047,36.41999816894531,36.5,36.060001373291016,36.290000915527344,110183400,QQQ
2004-05-28,30.81036949157715,36.54999923706055,36.54999923706055,36.209999084472656,36.380001068115234,56379500,QQQ
2004-06-01,30.768203735351562,36.5,36.54999923706055,36.11000061035156,36.27000045776367,90592700,QQQ
2004-06-02,30.700756072998047,36.41999816894531,36.65999984741211,36.16999816894531,36.560001373291016,103519800,QQQ
2004-06-03,30.329858779907227,35.97999954223633,36.36000061035156,35.81999969482422,36.29999923706055,97301400,QQQ
2004-06-04,30.506879806518555,36.189998626708984,36.619998931884766,36.16999816894531,36.34000015258789,91233200,QQQ
2004-06-07,31.231830596923828,37.04999923706055,37.099998474121094,36.34000015258789,36.439998626708984,107532600,QQQ
2004-06-08,31.273988723754883,37.099998474121094,37.189998626708984,36.849998474121094,36.900001525878906,72530900,QQQ
2004-06-09,30.835622787475586,36.58000183105469,37.04999923706055,36.5,36.97999954223633,98215200,QQQ
2004-06-10,31.054813385009766,36.84000015258789,36.84000015258789,36.54999923706055,36.689998626708984,57101300,QQQ
2004-06-14,30.616479873657227,36.31999969482422,36.61000061035156,36.099998474121094,36.61000061035156,85129900,QQQ
2004-06-15,31.012657165527344,36.790000915527344,36.9900016784668,36.560001373291016,36.560001373291016,91937700,QQQ
2004-06-16,30.962081909179688,36.72999954223633,36.900001525878906,36.650001525878906,36.77000045776367,64743300,QQQ
2004-06-17,30.675464630126953,36.38999938964844,36.65999984741211,36.25,36.650001525878906,77844200,QQQ
2004-06-18,30.71761703491211,36.439998626708984,36.84000015258789,36.2599983215332,36.29999923706055,78641500,QQQ
2004-06-21,30.47315788269043,36.150001525878906,36.630001068115234,36.060001373291016,36.52000045776367,65373100,QQQ
2004-06-22,30.919923782348633,36.68000030517578,36.70000076293945,36.02000045776367,36.15999984741211,101524300,QQQ
2004-06-23,31.29085350036621,37.119998931884766,37.189998626708984,36.5099983215332,36.56999969482422,94393900,QQQ
2004-06-24,31.231830596923828,37.04999923706055,37.349998474121094,36.91999816894531,37.02000045776367,92343200,QQQ
2004-06-25,31.467851638793945,37.33000183105469,37.38999938964844,36.97999954223633,37.0,81005400,QQQ
2004-06-28,31.20654296875,37.02000045776367,37.52000045776367,36.900001525878906,37.4900016784668,94033200,QQQ
2004-06-29,31.501571655273438,37.369998931884766,37.59000015258789,37.08000183105469,37.099998474121094,68265900,QQQ
2004-06-30,31.813472747802734,37.7400016784668,37.900001525878906,37.349998474121094,37.45000076293945,97809500,QQQ
2004-07-01,31.223417282104492,37.040000915527344,37.65999984741211,36.77000045776367,37.65999984741211,122141800,QQQ
2004-07-02,31.03795623779297,36.81999969482422,37.04999923706055,36.630001068115234,37.040000915527344,74056400,QQQ
2004-07-06,30.37201499938965,36.029998779296875,36.599998474121094,35.83000183105469,36.599998474121094,130232600,QQQ
2004-07-07,30.431013107299805,36.099998474121094,36.290000915527344,35.91999816894531,35.959999084472656,95623100,QQQ
2004-07-08,30.09382438659668,35.70000076293945,36.130001068115234,35.54999923706055,35.810001373291016,108755400,QQQ
2004-07-09,30.135976791381836,35.75,36.040000915527344,35.630001068115234,35.84000015258789,86014700,QQQ
2004-07-12,30.009519577026367,35.599998474121094,35.689998626708984,35.2400016784668,35.56999969482422,81844500,QQQ
2004-07-13,29.967391967773438,35.54999923706055,35.810001373291016,35.40999984741211,35.68000030517578,81222000,QQQ
2004-07-14,29.66391372680664,35.189998626708984,35.650001525878906,35.04999923706055,35.20000076293945,119489200,QQQ
2004-07-15,29.56276512145996,35.06999969482422,35.4900016784668,35.060001373291016,35.31999969482422,90405700,QQQ
2004-07-16,29.225589752197266,34.66999816894531,35.45000076293945,34.619998931884766,35.43000030517578,120387100,QQQ
2004-07-19,29.16657257080078,34.599998474121094,34.970001220703125,34.470001220703125,34.779998779296875,106387900,QQQ
2004-07-20,29.866230010986328,35.43000030517578,35.59000015258789,34.709999084472656,34.7400016784668,117453700,QQQ
2004-07-21,28.997997283935547,34.400001525878906,35.650001525878906,34.34000015258789,35.56999969482422,136086800,QQQ
2004-07-22,29.39417266845703,34.869998931884766,35.11000061035156,34.25,34.47999954223633,132135800,QQQ
2004-07-23,28.837806701660156,34.209999084472656,34.65999984741211,34.029998779296875,34.619998931884766,107107100,QQQ
2004-07-26,28.711381912231445,34.060001373291016,34.40999984741211,33.70000076293945,34.2400016784668,112962200,QQQ
2004-07-27,29.107559204101562,34.529998779296875,34.709999084472656,34.040000915527344,34.189998626708984,103474700,QQQ
2004-07-28,28.981124877929688,34.380001068115234,34.630001068115234,33.810001373291016,34.40999984741211,154299800,QQQ
2004-07-29,29.318317413330078,34.779998779296875,34.91999816894531,34.5,34.709999084472656,98959800,QQQ
2004-07-30,29.411027908325195,34.88999938964844,35.099998474121094,34.650001525878906,34.7599983215332,83007800,QQQ
2004-08-02,29.47003936767578,34.959999084472656,35.02000045776367,34.459999084472656,34.61000061035156,81249000,QQQ
2004-08-03,28.85466957092285,34.22999954223633,34.93000030517578,34.189998626708984,34.84000015258789,85746500,QQQ
2004-08-04,28.86310386657715,34.2400016784668,34.459999084472656,34.0099983215332,34.150001525878906,86721000,QQQ
2004-08-05,28.323606491088867,33.599998474121094,34.400001525878906,33.599998474121094,34.349998474121094,109722900,QQQ
2004-08-06,27.58179473876953,32.720001220703125,33.40999984741211,32.65999984741211,33.400001525878906,148808600,QQQ
2004-08-09,27.649227142333984,32.79999923706055,32.959999084472656,32.650001525878906,32.810001373291016,79281900,QQQ
2004-08-10,27.994857788085938,33.209999084472656,33.47999954223633,32.91999816894531,32.959999084472656,105819800,QQQ
2004-08-11,27.750385284423828,32.91999816894531,33.040000915527344,32.54999923706055,32.849998474121094,121217700,QQQ
2004-08-12,27.37105941772461,32.470001220703125,32.86000061035156,32.369998931884766,32.689998626708984,113691800,QQQ
2004-08-13,27.4132022857666,32.52000045776367,32.7400016784668,32.349998474121094,32.650001525878906,91416100,QQQ
2004-08-16,27.72510528564453,32.88999938964844,33.189998626708984,32.59000015258789,32.61000061035156,77851300,QQQ
2004-08-17,28.0369930267334,33.2599983215332,33.439998626708984,32.9900016784668,33.119998931884766,89573100,QQQ
2004-08-18,28.534343719482422,33.849998474121094,33.90999984741211,33.0099983215332,33.060001373291016,106608500,QQQ
2004-08-19,28.382606506347656,33.66999816894531,33.849998474121094,33.40999984741211,33.72999954223633,104690200,QQQ
2004-08-20,28.669212341308594,34.0099983215332,34.13999938964844,33.5099983215332,33.56999969482422,91962400,QQQ
2004-08-23,28.736650466918945,34.09000015258789,34.27000045776367,33.90999984741211,34.04999923706055,83390800,QQQ
2004-08-24,28.728227615356445,34.08000183105469,34.310001373291016,33.810001373291016,34.25,86610500,QQQ
2004-08-25,29.124425888061523,34.54999923706055,34.599998474121094,33.900001525878906,34.06999969482422,88394600,QQQ
2004-08-26,28.997997283935547,34.400001525878906,34.54999923706055,34.310001373291016,34.459999084472656,57663400,QQQ
2004-08-27,29.132848739624023,34.560001373291016,34.68000030517578,34.439998626708984,34.470001220703125,58597200,QQQ
2004-08-30,28.643924713134766,33.97999954223633,34.43000030517578,33.939998626708984,34.40999984741211,62355700,QQQ
2004-08-31,28.67764663696289,34.02000045776367,34.119998931884766,33.650001525878906,34.02000045776367,81262000,QQQ
2004-09-01,28.88840103149414,34.27000045776367,34.470001220703125,33.79999923706055,33.93000030517578,96630600,QQQ
2004-09-02,29.318317413330078,34.779998779296875,34.880001068115234,34.15999984741211,34.18000030517578,83054000,QQQ
2004-09-03,28.77880859375,34.13999938964844,34.66999816894531,34.04999923706055,34.439998626708984,90213700,QQQ
2004-09-07,29.023256301879883,34.43000030517578,34.61000061035156,34.119998931884766,34.400001525878906,95556500,QQQ
2004-09-08,28.913673400878906,34.29999923706055,34.68000030517578,34.18000030517578,34.310001373291016,101466100,QQQ
2004-09-09,29.158145904541016,34.59000015258789,34.75,34.13999938964844,34.45000076293945,104397500,QQQ
2004-09-10,29.604915618896484,35.119998931884766,35.189998626708984,34.470001220703125,34.61000061035156,108591600,QQQ
2004-09-13,29.992673873901367,35.58000183105469,35.720001220703125,35.13999938964844,35.25,109350500,QQQ
2004-09-14,30.034801483154297,35.630001068115234,35.720001220703125,35.36000061035156,35.45000076293945,76466300,QQQ
2004-09-15,29.71450424194336,35.25,35.45000076293945,35.119998931884766,35.41999816894531,90128700,QQQ
2004-09-16,29.77351188659668,35.31999969482422,35.56999969482422,35.130001068115234,35.2599983215332,67121000,QQQ
2004-09-17,29.866230010986328,35.43000030517578,35.52000045776367,35.15999984741211,35.22999954223633,83903400,QQQ
2004-09-20,29.866230010986328,35.43000030517578,35.77000045776367,35.18000030517578,35.290000915527344,110678100,QQQ
2004-09-21,29.984251022338867,35.56999969482422,35.849998474121094,35.41999816894531,35.540000915527344,93688400,QQQ
2004-09-22,29.461605072021484,34.95000076293945,35.459999084472656,34.869998931884766,35.439998626708984,101393400,QQQ
2004-09-23,29.43630599975586,34.91999816894531,35.150001525878906,34.880001068115234,34.97999954223633,92503200,QQQ
2004-09-24,29.335155487060547,34.79999923706055,35.189998626708984,34.75,34.9900016784668,103247400,QQQ
2004-09-27,29.082271575927734,34.5,34.7400016784668,34.380001068115234,34.619998931884766,86017600,QQQ
2004-09-28,29.141277313232422,34.56999969482422,34.689998626708984,34.22999954223633,34.54999923706055,87070300,QQQ
2004-09-29,29.571208953857422,35.08000183105469,35.119998931884766,34.529998779296875,34.540000915527344,95096200,QQQ
2004-09-30,29.621761322021484,35.13999938964844,35.27000045776367,34.88999938964844,35.02000045776367,74514600,QQQ
2004-10-01,30.431013107299805,36.099998474121094,36.150001525878906,35.36000061035156,35.45000076293945,118252700,QQQ
2004-10-04,30.6080379486084,36.310001373291016,36.619998931884766,36.25,36.36000061035156,108032600,QQQ
2004-10-05,30.65020179748535,36.36000061035156,36.4900016784668,36.15999984741211,36.22999954223633,89754400,QQQ
2004-10-06,30.894636154174805,36.650001525878906,36.689998626708984,36.11000061035156,36.310001373291016,87815500,QQQ
2004-10-07,30.54903221130371,36.2400016784668,36.66999816894531,36.16999816894531,36.540000915527344,82374300,QQQ
2004-10-08,29.992673873901367,35.58000183105469,36.2400016784668,35.5,36.08000183105469,115073000,QQQ
2004-10-11,30.135976791381836,35.75,35.86000061035156,35.599998474121094,35.720001220703125,51181600,QQQ
2004-10-12,30.08539390563965,35.689998626708984,35.84000015258789,35.20000076293945,35.43000030517578,97884100,QQQ
2004-10-13,30.01795196533203,35.61000061035156,36.13999938964844,35.43000030517578,36.04999923706055,132442500,QQQ
2004-10-14,29.883085250854492,35.45000076293945,35.779998779296875,35.33000183105469,35.689998626708984,99383700,QQQ
2004-10-15,30.034801483154297,35.630001068115234,35.86000061035156,35.279998779296875,35.4900016784668,129183400,QQQ
2004-10-18,30.464740753173828,36.13999938964844,36.25,35.400001525878906,35.5099983215332,108933400,QQQ
2004-10-19,30.245553970336914,35.880001068115234,36.56999969482422,35.790000915527344,36.380001068115234,129973500,QQQ
2004-10-20,30.388877868652344,36.04999923706055,36.22999954223633,35.650001525878906,35.83000183105469,106524200,QQQ
2004-10-21,30.852506637573242,36.599998474121094,36.790000915527344,36.099998474121094,36.2400016784668,122627600,QQQ
2004-10-22,30.178133010864258,35.79999923706055,36.68000030517578,35.7400016784668,36.61000061035156,114321100,QQQ
2004-10-25,30.034801483154297,35.630001068115234,35.810001373291016,35.4900016784668,35.72999954223633,102863000,QQQ
2004-10-26,30.194982528686523,35.81999969482422,35.84000015258789,35.40999984741211,35.650001525878906,98164500,QQQ
2004-10-27,30.962081909179688,36.72999954223633,36.88999938964844,35.709999084472656,35.84000015258789,152423400,QQQ
2004-10-28,31.15597915649414,36.959999084472656,37.119998931884766,36.56999969482422,36.68000030517578,111113900,QQQ
2004-10-29,31.105384826660156,36.900001525878906,37.2400016784668,36.66999816894531,36.90999984741211,100779200,QQQ
2004-11-01,31.223417282104492,37.040000915527344,37.18000030517578,36.79999923706055,36.97999954223633,72356000,QQQ
2004-11-02,31.324552536010742,37.15999984741211,37.54999923706055,37.02000045776367,37.09000015258789,108930700,QQQ
2004-11-03,31.535310745239258,37.40999984741211,37.900001525878906,37.150001525878906,37.7599983215332,140980100,QQQ
2004-11-04,31.712326049804688,37.619998931884766,37.779998779296875,37.11000061035156,37.2599983215332,112513700,QQQ
2004-11-05,31.998926162719727,37.959999084472656,38.15999984741211,37.61000061035156,38.02000045776367,117017900,QQQ
2004-11-08,32.03264236450195,38.0,38.099998474121094,37.849998474121094,37.95000076293945,66486000,QQQ
2004-11-09,31.9652156829834,37.91999816894531,38.150001525878906,37.810001373291016,37.93000030517578,85038700,QQQ
2004-11-10,31.85563087463379,37.790000915527344,38.060001373291016,37.650001525878906,37.93000030517578,95122300,QQQ
2004-11-11,32.27710723876953,38.290000915527344,38.380001068115234,37.86000061035156,37.90999984741211,99338800,QQQ
2004-11-12,32.58900451660156,38.65999984741211,38.7599983215332,38.16999816894531,38.34000015258789,102418100,QQQ
2004-11-15,32.73232650756836,38.83000183105469,38.86000061035156,38.5,38.63999938964844,82696000,QQQ
2004-11-16,32.53001403808594,38.59000015258789,38.68000030517578,38.31999969482422,38.65999984741211,97197500,QQQ
2004-11-17,32.96834945678711,39.11000061035156,39.31999969482422,38.83000183105469,38.83000183105469,125242500,QQQ
2004-11-18,33.12006378173828,39.290000915527344,39.36000061035156,38.88999938964844,38.97999954223633,94901100,QQQ
2004-11-19,32.60585403442383,38.68000030517578,39.290000915527344,38.59000015258789,39.2400016784668,118448900,QQQ
2004-11-22,32.917762756347656,39.04999923706055,39.06999969482422,38.47999954223633,38.61000061035156,79882600,QQQ
2004-11-23,32.86717987060547,38.9900016784668,39.150001525878906,38.61000061035156,39.0099983215332,91925300,QQQ
2004-11-24,33.15379333496094,39.33000183105469,39.38999938964844,39.06999969482422,39.09000015258789,74051700,QQQ
2004-11-26,33.05262756347656,39.209999084472656,39.47999954223633,39.16999816894531,39.369998931884766,31248900,QQQ
2004-11-29,33.04420852661133,39.20000076293945,39.63999938964844,38.970001220703125,39.459999084472656,94765400,QQQ
2004-11-30,32.97676086425781,39.119998931884766,39.38999938964844,39.060001373291016,39.29999923706055,87663100,QQQ
2004-12-01,33.65113067626953,39.91999816894531,39.959999084472656,39.27000045776367,39.27000045776367,102375000,QQQ
2004-12-02,33.77758026123047,40.06999969482422,40.38999938964844,39.7599983215332,39.81999969482422,122005600,QQQ
2004-12-03,33.828163146972656,40.130001068115234,40.59000015258789,40.08000183105469,40.349998474121094,114227700,QQQ
2004-12-06,33.94617462158203,40.27000045776367,40.43000030517578,39.90999984741211,40.119998931884766,70415100,QQQ
2004-12-07,33.36454772949219,39.58000183105469,40.5,39.529998779296875,40.349998474121094,121439800,QQQ
2004-12-08,33.55839920043945,39.810001373291016,39.97999954223633,39.5,39.599998474121094,10121300,QQQ
2004-12-09,33.760704040527344,40.04999923706055,40.189998626708984,39.2400016784668,39.4900016784668,134346000,QQQ
2004-12-10,33.65956497192383,39.93000030517578,40.06999969482422,39.7400016784668,39.84000015258789,86177300,QQQ
2004-12-13,33.95460510253906,40.279998779296875,40.34000015258789,39.97999954223633,40.22999954223633,74296400,QQQ
2004-12-14,34.12320327758789,40.47999954223633,40.59000015258789,40.25,40.279998779296875,91985000,QQQ
2004-12-15,33.99675369262695,40.33000183105469,40.68000030517578,40.150001525878906,40.4900016784668,95179300,QQQ
2004-12-16,33.676414489746094,39.95000076293945,40.45000076293945,39.81999969482422,40.34000015258789,86101300,QQQ
2004-12-17,33.59048843383789,39.470001220703125,39.810001373291016,39.43000030517578,39.63999938964844,97947000,QQQ
2004-12-20,33.36069869995117,39.20000076293945,39.77000045776367,39.09000015258789,39.56999969482422,106397600,QQQ
2004-12-21,33.769203186035156,39.68000030517578,39.709999084472656,39.279998779296875,39.38999938964844,83184700,QQQ
2004-12-22,33.811744689941406,39.72999954223633,39.93000030517578,39.4900016784668,39.540000915527344,75298000,QQQ
2004-12-23,33.83727264404297,39.7599983215332,39.90999984741211,39.540000915527344,39.61000061035156,45782000,QQQ
2004-12-27,33.69259262084961,39.59000015258789,40.02000045776367,39.400001525878906,39.97999954223633,67157700,QQQ
2004-12-28,34.015995025634766,39.970001220703125,40.0,39.61000061035156,39.66999816894531,62563100,QQQ
2004-12-29,34.058536529541016,40.02000045776367,40.15999984741211,39.900001525878906,39.91999816894531,46594800,QQQ
2004-12-30,34.033023834228516,39.9900016784668,40.119998931884766,39.93000030517578,40.06999969482422,41717600,QQQ
2004-12-31,33.97343826293945,39.91999816894531,40.119998931884766,39.779998779296875,40.029998779296875,44112300,QQQ
2005-01-03,33.61601638793945,39.5,40.290000915527344,39.369998931884766,40.09000015258789,100970900,QQQ
2005-01-04,33.003273010253906,38.779998779296875,39.7400016784668,38.54999923706055,39.66999816894531,136623200,QQQ
2005-01-05,32.79903030395508,38.540000915527344,38.959999084472656,38.470001220703125,38.68000030517578,127925500,QQQ
2005-01-06,32.63731384277344,38.349998474121094,38.709999084472656,38.34000015258789,38.630001068115234,102934600,QQQ
2005-01-07,32.807518005371094,38.54999923706055,38.869998931884766,38.209999084472656,38.560001373291016,123104000,QQQ
2005-01-10,32.790489196777344,38.529998779296875,38.869998931884766,38.38999938964844,38.439998626708984,88764200,QQQ
2005-01-11,32.56072235107422,38.2599983215332,38.5,38.06999969482422,38.369998931884766,106398800,QQQ
2005-01-12,32.83306884765625,38.58000183105469,38.599998474121094,38.0099983215332,38.43000030517578,127754900,QQQ
2005-01-13,32.3990364074707,38.06999969482422,38.849998474121094,38.0099983215332,38.58000183105469,101982400,QQQ
2005-01-14,32.70538330078125,38.43000030517578,38.52000045776367,38.189998626708984,38.20000076293945,93460900,QQQ
2005-01-18,32.952186584472656,38.720001220703125,38.790000915527344,38.220001220703125,38.279998779296875,91760400,QQQ
2005-01-19,32.40752410888672,38.08000183105469,38.75,38.060001373291016,38.72999954223633,104981000,QQQ
2005-01-20,31.786273956298828,37.349998474121094,37.810001373291016,37.31999969482422,37.650001525878906,120963900,QQQ
2005-01-21,31.530960083007812,37.04999923706055,37.54999923706055,36.9900016784668,37.47999954223633,138569200,QQQ
2005-01-24,31.08841323852539,36.529998779296875,37.20000076293945,36.459999084472656,37.119998931884766,137499000,QQQ
2005-01-25,31.241607666015625,36.709999084472656,37.09000015258789,36.65999984741211,36.77000045776367,119171300,QQQ
2005-01-26,31.616058349609375,37.150001525878906,37.290000915527344,36.81999969482422,36.959999084472656,107465800,QQQ
2005-01-27,31.57352638244629,37.099998474121094,37.27000045776367,36.869998931884766,37.09000015258789,103654700,QQQ
2005-01-28,31.420326232910156,36.91999816894531,37.27000045776367,36.619998931884766,37.220001220703125,111648600,QQQ
2005-01-31,31.82881736755371,37.400001525878906,37.529998779296875,37.2599983215332,37.36000061035156,89139900,QQQ
2005-02-01,31.930971145629883,37.52000045776367,37.650001525878906,37.369998931884766,37.4900016784668,76610300,QQQ
2005-02-02,31.981998443603516,37.58000183105469,37.72999954223633,37.310001373291016,37.63999938964844,100160500,QQQ
2005-02-03,31.616058349609375,37.150001525878906,37.40999984741211,37.0,37.380001068115234,90157900,QQQ
2005-02-04,32.12669372558594,37.75,37.81999969482422,37.150001525878906,37.150001525878906,99302000,QQQ
2005-02-07,32.0586051940918,37.66999816894531,37.90999984741211,37.52000045776367,37.79999923706055,71551400,QQQ
2005-02-08,32.11817169189453,37.7400016784668,38.0099983215332,37.619998931884766,37.65999984741211,72821700,QQQ
2005-02-09,31.582027435302734,37.11000061035156,37.79999923706055,37.060001373291016,37.77000045776367,93276600,QQQ
2005-02-10,31.616058349609375,37.150001525878906,37.31999969482422,36.880001068115234,37.2599983215332,110373000,QQQ
2005-02-11,32.084144592285156,37.70000076293945,37.849998474121094,36.93000030517578,37.029998779296875,108684100,QQQ
2005-02-14,32.22880554199219,37.869998931884766,37.939998626708984,37.689998626708984,37.70000076293945,54908900,QQQ
2005-02-15,32.44156265258789,38.119998931884766,38.47999954223633,37.81999969482422,37.900001525878906,131406500,QQQ
2005-02-16,32.32242965698242,37.97999954223633,38.15999984741211,37.83000183105469,38.029998779296875,80273900,QQQ
2005-02-17,31.888399124145508,37.470001220703125,38.13999938964844,37.43000030517578,38.04999923706055,115628300,QQQ
2005-02-18,31.786273956298828,37.349998474121094,37.56999969482422,37.2599983215332,37.47999954223633,69158800,QQQ
2005-02-22,31.394800186157227,36.88999938964844,37.54999923706055,36.790000915527344,37.029998779296875,121232000,QQQ
2005-02-23,31.43733024597168,36.939998626708984,37.06999969482422,36.70000076293945,37.040000915527344,95010100,QQQ
2005-02-24,31.837343215942383,37.40999984741211,37.439998626708984,36.7599983215332,36.849998474121094,99334600,QQQ
2005-02-25,32.016056060791016,37.619998931884766,37.70000076293945,37.290000915527344,37.380001068115234,79988700,QQQ
2005-02-28,31.675634384155273,37.220001220703125,37.599998474121094,36.91999816894531,37.459999084472656,95731300,QQQ
2005-03-01,32.024559020996094,37.630001068115234,37.70000076293945,37.33000183105469,37.369998931884766,78460600,QQQ
2005-03-02,32.007537841796875,37.61000061035156,38.02000045776367,37.36000061035156,37.40999984741211,107270600,QQQ
2005-03-03,31.743711471557617,37.29999923706055,37.72999954223633,37.02000045776367,37.709999084472656,89793800,QQQ
2005-03-04,31.930971145629883,37.52000045776367,37.75,37.400001525878906,37.599998474121094,86622300,QQQ
2005-03-07,32.390506744384766,38.060001373291016,38.290000915527344,37.560001373291016,37.599998474121094,93563900,QQQ
2005-03-08,32.0671272277832,37.68000030517578,38.209999084472656,37.650001525878906,38.0099983215332,89595200,QQQ
2005-03-09,31.973499298095703,37.56999969482422,37.93000030517578,37.470001220703125,37.66999816894531,98063000,QQQ
2005-03-10,31.930971145629883,37.52000045776367,37.66999816894531,37.08000183105469,37.61000061035156,97043600,QQQ
2005-03-11,31.633089065551758,37.16999816894531,37.81999969482422,37.02000045776367,37.689998626708984,102857500,QQQ
2005-03-14,31.777748107910156,37.34000015258789,37.36000061035156,37.029998779296875,37.2400016784668,65576200,QQQ
2005-03-15,31.5224666595459,37.040000915527344,37.47999954223633,36.9900016784668,37.41999816894531,93856300,QQQ
2005-03-16,31.165016174316406,36.619998931884766,37.18000030517578,36.529998779296875,36.90999984741211,159578000,QQQ
2005-03-17,31.241607666015625,36.709999084472656,36.88999938964844,36.540000915527344,36.61000061035156,100429600,QQQ
2005-03-18,31.071399688720703,36.5099983215332,36.790000915527344,36.349998474121094,36.75,108899400,QQQ
2005-03-21,31.130956649780273,36.58000183105469,36.75,36.25,36.599998474121094,92752500,QQQ
2005-03-22,30.748001098632812,36.130001068115234,36.75,36.11000061035156,36.61000061035156,114016300,QQQ
2005-03-23,30.858633041381836,36.2599983215332,36.4900016784668,36.06999969482422,36.09000015258789,97444900,QQQ
2005-03-24,30.867155075073242,36.27000045776367,36.650001525878906,36.27000045776367,36.38999938964844,77566800,QQQ
2005-03-28,30.92673110961914,36.34000015258789,36.61000061035156,36.310001373291016,36.40999984741211,59739000,QQQ
2005-03-29,30.679931640625,36.04999923706055,36.58000183105469,35.939998626708984,36.27000045776367,119554300,QQQ
2005-03-30,31.25862693786621,36.72999954223633,36.779998779296875,36.220001220703125,36.22999954223633,114711000,QQQ
2005-03-31,31.122467041015625,36.56999969482422,36.75,36.439998626708984,36.72999954223633,86578900,QQQ
2005-04-01,30.807575225830078,36.20000076293945,36.880001068115234,36.130001068115234,36.81999969482422,143814300,QQQ
2005-04-04,31.02886390686035,36.459999084472656,36.599998474121094,36.029998779296875,36.25,100090300,QQQ
2005-04-05,31.11394691467285,36.560001373291016,36.66999816894531,36.41999816894531,36.4900016784668,66266600,QQQ
2005-04-06,31.062889099121094,36.5,36.90999984741211,36.41999816894531,36.65999984741211,82168900,QQQ
2005-04-07,31.43733024597168,36.939998626708984,36.95000076293945,36.5099983215332,36.529998779296875,88618000,QQQ
2005-04-08,31.182050704956055,36.63999938964844,37.06999969482422,36.599998474121094,37.0,92332900,QQQ
2005-04-11,31.045866012573242,36.47999954223633,36.779998779296875,36.400001525878906,36.75,70976000,QQQ
2005-04-12,31.199058532714844,36.65999984741211,36.7400016784668,35.90999984741211,36.439998626708984,144848500,QQQ
2005-04-13,30.688430786132812,36.060001373291016,36.599998474121094,35.97999954223633,36.560001373291016,108995500,QQQ
2005-04-14,30.254411697387695,35.54999923706055,36.099998474121094,35.5,36.060001373291016,158057900,QQQ
2005-04-15,29.565061569213867,34.7400016784668,35.369998931884766,34.68000030517578,35.2400016784668,170013300,QQQ
2005-04-18,29.573572158813477,34.75,35.0,34.63999938964844,34.709999084472656,110084000,QQQ
2005-04-19,29.777814865112305,34.9900016784668,35.099998474121094,34.75,35.02000045776367,96922100,QQQ
2005-04-20,29.53102684020996,34.70000076293945,35.290000915527344,34.59000015258789,35.209999084472656,140457400,QQQ
2005-04-21,30.313976287841797,35.619998931884766,35.709999084472656,34.959999084472656,35.119998931884766,124505100,QQQ
2005-04-22,29.862930297851562,35.09000015258789,35.470001220703125,34.81999969482422,35.459999084472656,114996800,QQQ
2005-04-25,30.109739303588867,35.380001068115234,35.459999084472656,35.150001525878906,35.29999923706055,72170100,QQQ
2005-04-26,29.828895568847656,35.04999923706055,35.70000076293945,35.040000915527344,35.290000915527344,104958800,QQQ
2005-04-27,29.87143898010254,35.099998474121094,35.25,34.72999954223633,34.869998931884766,112539300,QQQ
2005-04-28,29.573572158813477,34.75,35.150001525878906,34.720001220703125,34.91999816894531,98181900,QQQ
2005-04-29,29.76930809020996,34.97999954223633,35.060001373291016,34.349998474121094,35.0,144435900,QQQ
2005-05-02,29.888463973999023,35.119998931884766,35.2599983215332,34.88999938964844,35.099998474121094,67648800,QQQ
2005-05-03,30.04163932800293,35.29999923706055,35.43000030517578,35.029998779296875,35.04999923706055,103428700,QQQ
2005-05-04,30.407583236694336,35.72999954223633,35.83000183105469,35.2400016784668,35.290000915527344,90480600,QQQ
2005-05-05,30.433134078979492,35.7599983215332,35.91999816894531,35.529998779296875,35.75,79341700,QQQ
2005-05-06,30.518239974975586,35.86000061035156,36.02000045776367,35.720001220703125,35.970001220703125,77310200,QQQ
2005-05-09,30.66291046142578,36.029998779296875,36.060001373291016,35.65999984741211,35.869998931884766,66298400,QQQ
2005-05-10,30.44163703918457,35.77000045776367,35.959999084472656,35.619998931884766,35.86000061035156,77194700,QQQ
2005-05-11,30.594820022583008,35.95000076293945,36.029998779296875,35.29999923706055,35.81999969482422,131952400,QQQ
2005-05-12,30.509719848632812,35.849998474121094,36.20000076293945,35.65999984741211,36.029998779296875,116602200,QQQ
2005-05-13,30.841623306274414,36.2400016784668,36.470001220703125,35.88999938964844,35.9900016784668,133273500,QQQ
2005-05-16,31.045866012573242,36.47999954223633,36.540000915527344,36.130001068115234,36.2400016784668,79093200,QQQ
2005-05-17,31.233102798461914,36.70000076293945,36.7400016784668,36.209999084472656,36.349998474121094,91665900,QQQ
2005-05-18,31.658626556396484,37.20000076293945,37.36000061035156,36.709999084472656,36.79999923706055,128105900,QQQ
2005-05-19,31.92243766784668,37.5099983215332,37.52000045776367,37.20000076293945,37.290000915527344,92619700,QQQ
2005-05-20,32.050086975097656,37.65999984741211,37.689998626708984,37.349998474121094,37.45000076293945,66530100,QQQ
2005-05-23,32.21180725097656,37.849998474121094,37.9900016784668,37.599998474121094,37.65999984741211,93068200,QQQ
2005-05-24,32.313926696777344,37.970001220703125,38.0,37.70000076293945,37.7599983215332,100830000,QQQ
2005-05-25,32.177757263183594,37.810001373291016,37.880001068115234,37.59000015258789,37.84000015258789,76470600,QQQ
2005-05-26,32.501136779785156,38.189998626708984,38.27000045776367,37.97999954223633,37.97999954223633,84066800,QQQ
2005-05-27,32.51816940307617,38.209999084472656,38.25,38.02000045776367,38.13999938964844,50076900,QQQ
2005-05-31,32.40752410888672,38.08000183105469,38.2400016784668,37.91999816894531,38.189998626708984,75281500,QQQ
2005-06-01,32.67135238647461,38.38999938964844,38.68000030517578,38.02000045776367,38.029998779296875,110875700,QQQ
2005-06-02,32.90113067626953,38.65999984741211,38.65999984741211,38.29999923706055,38.33000183105469,75926500,QQQ
2005-06-03,32.42453384399414,38.099998474121094,38.63999938964844,38.02000045776367,38.630001068115234,96998400,QQQ
2005-06-06,32.43305587768555,38.11000061035156,38.189998626708984,37.959999084472656,38.119998931884766,52681400,QQQ
2005-06-07,32.16073226928711,37.790000915527344,38.470001220703125,37.7400016784668,38.150001525878906,108953400,QQQ
2005-06-08,32.09262466430664,37.709999084472656,37.95000076293945,37.560001373291016,37.880001068115234,79211900,QQQ
2005-06-09,32.29688262939453,37.95000076293945,38.060001373291016,37.5,37.65999984741211,99383300,QQQ
2005-06-10,31.956478118896484,37.54999923706055,37.900001525878906,37.380001068115234,37.900001525878906,85971700,QQQ
2005-06-13,32.10967254638672,37.72999954223633,37.95000076293945,37.459999084472656,37.47999954223633,82331300,QQQ
2005-06-14,31.981998443603516,37.58000183105469,37.84000015258789,37.5,37.689998626708984,62593600,QQQ
2005-06-15,32.084144592285156,37.70000076293945,37.869998931884766,37.25,37.83000183105469,103952000,QQQ
2005-06-16,32.25434112548828,37.900001525878906,38.0,37.65999984741211,37.7400016784668,90450100,QQQ
2005-06-17,32.25859069824219,37.869998931884766,38.209999084472656,37.75,38.11000061035156,83915700,QQQ
2005-06-20,32.25859069824219,37.869998931884766,38.08000183105469,37.58000183105469,37.720001220703125,67580000,QQQ
2005-06-21,32.2415771484375,37.849998474121094,38.0099983215332,37.70000076293945,37.84000015258789,97845600,QQQ
2005-06-22,32.20749282836914,37.810001373291016,38.099998474121094,37.630001068115234,38.0,75221100,QQQ
2005-06-23,31.84971809387207,37.38999938964844,38.18000030517578,37.33000183105469,37.869998931884766,122163300,QQQ
2005-06-24,31.4919490814209,36.970001220703125,37.40999984741211,36.959999084472656,37.380001068115234,142144100,QQQ
2005-06-27,31.347156524658203,36.79999923706055,37.060001373291016,36.70000076293945,36.95000076293945,72780800,QQQ
2005-06-28,31.645286560058594,37.150001525878906,37.2599983215332,36.900001525878906,36.95000076293945,73330300,QQQ
2005-06-29,31.577159881591797,37.06999969482422,37.2599983215332,36.970001220703125,37.25,71513600,QQQ
2005-06-30,31.330114364624023,36.779998779296875,37.209999084472656,36.75,37.13999938964844,87803700,QQQ
2005-07-01,31.287519454956055,36.72999954223633,37.0,36.68000030517578,36.86000061035156,55254800,QQQ
2005-07-05,31.61121368408203,37.11000061035156,37.189998626708984,36.599998474121094,36.599998474121094,79288700,QQQ
2005-07-06,31.457897186279297,36.93000030517578,37.279998779296875,36.86000061035156,37.029998779296875,79101000,QQQ
2005-07-07,31.568632125854492,37.060001373291016,37.09000015258789,36.54999923706055,36.58000183105469,119466300,QQQ
2005-07-08,32.17343521118164,37.77000045776367,37.810001373291016,36.9900016784668,37.08000183105469,101320700,QQQ
2005-07-11,32.4715576171875,38.119998931884766,38.15999984741211,37.79999923706055,37.869998931884766,96283700,QQQ
2005-07-12,32.624900817871094,38.29999923706055,38.459999084472656,38.0099983215332,38.119998931884766,86059300,QQQ
2005-07-13,32.70155715942383,38.38999938964844,38.43000030517578,38.16999816894531,38.31999969482422,72135400,QQQ
2005-07-14,33.0252571105957,38.77000045776367,38.880001068115234,38.52000045776367,38.66999816894531,99135200,QQQ
2005-07-15,33.12746810913086,38.88999938964844,39.0,38.650001525878906,38.83000183105469,67239200,QQQ
2005-07-18,32.99116897583008,38.72999954223633,38.88999938964844,38.689998626708984,38.790000915527344,58644000,QQQ
2005-07-19,33.37447738647461,39.18000030517578,39.20000076293945,38.84000015258789,38.90999984741211,77860900,QQQ
2005-07-20,33.613006591796875,39.459999084472656,39.56999969482422,38.900001525878906,38.939998626708984,91433100,QQQ
2005-07-21,33.62150955200195,39.470001220703125,39.689998626708984,39.209999084472656,39.560001373291016,127286000,QQQ
2005-07-22,33.57893371582031,39.41999816894531,39.59000015258789,39.220001220703125,39.47999954223633,71666600,QQQ
2005-07-25,33.45116424560547,39.27000045776367,39.630001068115234,39.20000076293945,39.459999084472656,51872700,QQQ
2005-07-26,33.57893371582031,39.41999816894531,39.529998779296875,39.189998626708984,39.38999938964844,67324900,QQQ
2005-07-27,33.8344841003418,39.720001220703125,39.7599983215332,39.22999954223633,39.45000076293945,78351100,QQQ
2005-07-28,33.99631881713867,39.90999984741211,39.91999816894531,39.63999938964844,39.75,66163700,QQQ
2005-07-29,33.71522521972656,39.58000183105469,39.91999816894531,39.52000045776367,39.869998931884766,74725700,QQQ
2005-08-01,33.77486801147461,39.650001525878906,39.83000183105469,39.52000045776367,39.63999938964844,59748300,QQQ
2005-08-02,34.14113998413086,40.08000183105469,40.13999938964844,39.650001525878906,39.70000076293945,79284100,QQQ
2005-08-03,34.124122619628906,40.060001373291016,40.130001068115234,39.880001068115234,39.90999984741211,61916400,QQQ
2005-08-04,33.7918815612793,39.66999816894531,39.939998626708984,39.56999969482422,39.880001068115234,72035500,QQQ
2005-08-05,33.630027770996094,39.47999954223633,39.790000915527344,39.43000030517578,39.61000061035156,66029500,QQQ
2005-08-08,33.38299560546875,39.189998626708984,39.61000061035156,39.13999938964844,39.52000045776367,63415400,QQQ
2005-08-09,33.60446548461914,39.45000076293945,39.59000015258789,39.310001373291016,39.369998931884766,62143600,QQQ
2005-08-10,33.31487274169922,39.11000061035156,39.689998626708984,38.970001220703125,39.54999923706055,102317500,QQQ
2005-08-11,33.587440490722656,39.43000030517578,39.540000915527344,39.099998474121094,39.130001068115234,92446700,QQQ
2005-08-12,33.400047302246094,39.209999084472656,39.31999969482422,38.970001220703125,39.119998931884766,86367300,QQQ
2005-08-15,33.60446548461914,39.45000076293945,39.630001068115234,39.08000183105469,39.13999938964844,63061100,QQQ
2005-08-16,33.059326171875,38.810001373291016,39.33000183105469,38.7400016784668,39.29999923706055,94596000,QQQ
2005-08-17,33.255218505859375,39.040000915527344,39.16999816894531,38.790000915527344,38.91999816894531,74470500,QQQ
2005-08-18,33.08486557006836,38.84000015258789,39.099998474121094,38.77000045776367,38.869998931884766,72559400,QQQ
2005-08-19,33.06782150268555,38.81999969482422,39.0,38.790000915527344,38.88999938964844,52024300,QQQ
2005-08-22,33.08486557006836,38.84000015258789,39.18000030517578,38.599998474121094,38.880001068115234,88056300,QQQ
2005-08-23,32.99116897583008,38.72999954223633,38.91999816894531,38.61000061035156,38.84000015258789,57482900,QQQ
2005-08-24,32.79525375366211,38.5,39.18000030517578,38.459999084472656,38.650001525878906,95025700,QQQ
2005-08-25,32.871925354003906,38.59000015258789,38.689998626708984,38.4900016784668,38.56999969482422,52328800,QQQ
2005-08-26,32.76118469238281,38.459999084472656,38.599998474121094,38.27000045776367,38.529998779296875,63840700,QQQ
2005-08-29,33.01671600341797,38.7599983215332,38.849998474121094,38.2599983215332,38.2599983215332,74940400,QQQ
2005-08-30,32.897464752197266,38.619998931884766,38.65999984741211,38.31999969482422,38.560001373291016,87373600,QQQ
2005-08-31,33.20411682128906,38.97999954223633,39.0099983215332,38.47999954223633,38.63999938964844,93426300,QQQ
2005-09-01,33.15303039550781,38.91999816894531,39.150001525878906,38.779998779296875,39.0,74884400,QQQ
2005-09-02,33.0252571105957,38.77000045776367,39.029998779296875,38.7400016784668,39.0,53244900,QQQ
2005-09-06,33.510772705078125,39.34000015258789,39.40999984741211,38.900001525878906,38.95000076293945,78106600,QQQ
2005-09-07,33.57041931152344,39.40999984741211,39.47999954223633,39.209999084472656,39.29999923706055,57440100,QQQ
2005-09-08,33.561893463134766,39.400001525878906,39.56999969482422,39.27000045776367,39.290000915527344,73529700,QQQ
2005-09-09,33.749298095703125,39.619998931884766,39.689998626708984,39.310001373291016,39.40999984741211,75342100,QQQ
2005-09-12,33.84300231933594,39.72999954223633,39.86000061035156,39.58000183105469,39.630001068115234,51689900,QQQ
2005-09-13,33.757789611816406,39.630001068115234,39.90999984741211,39.540000915527344,39.68000030517578,66145800,QQQ
2005-09-14,33.37447738647461,39.18000030517578,39.68000030517578,39.150001525878906,39.650001525878906,98644000,QQQ
2005-09-15,33.35746383666992,39.15999984741211,39.34000015258789,39.04999923706055,39.2599983215332,80421500,QQQ
2005-09-16,33.561893463134766,39.400001525878906,39.459999084472656,39.11000061035156,39.25,71034100,QQQ
2005-09-19,33.2978515625,39.09000015258789,39.380001068115234,38.90999984741211,39.31999969482422,73387500,QQQ
2005-09-20,33.16153335571289,38.93000030517578,39.540000915527344,38.810001373291016,39.15999984741211,115202800,QQQ
2005-09-21,32.79525375366211,38.5,38.869998931884766,38.470001220703125,38.81999969482422,116404300,QQQ
2005-09-22,32.914512634277344,38.63999938964844,38.72999954223633,38.2400016784668,38.439998626708984,118686100,QQQ
2005-09-23,33.008209228515625,38.75,38.880001068115234,38.40999984741211,38.5,70154000,QQQ
2005-09-26,33.01671600341797,38.7599983215332,39.029998779296875,38.54999923706055,38.970001220703125,69327600,QQQ
2005-09-27,32.940067291259766,38.66999816894531,38.900001525878906,38.5099983215332,38.790000915527344,64089500,QQQ
2005-09-28,32.948577880859375,38.68000030517578,38.95000076293945,38.560001373291016,38.7599983215332,72044500,QQQ
2005-09-29,33.39153289794922,39.20000076293945,39.209999084472656,38.45000076293945,38.630001068115234,117634600,QQQ
2005-09-30,33.613006591796875,39.459999084472656,39.47999954223633,39.130001068115234,39.16999816894531,79248500,QQQ
2005-10-03,33.69819259643555,39.560001373291016,39.75,39.5099983215332,39.540000915527344,81685600,QQQ
2005-10-04,33.47673416137695,39.29999923706055,39.880001068115234,39.290000915527344,39.619998931884766,85348600,QQQ
2005-10-05,33.01671600341797,38.7599983215332,39.34000015258789,38.72999954223633,39.310001373291016,106152200,QQQ
2005-10-06,32.58229446411133,38.25,38.86000061035156,37.91999816894531,38.72999954223633,162213700,QQQ
2005-10-07,32.65895462036133,38.34000015258789,38.56999969482422,38.18000030517578,38.400001525878906,91119900,QQQ
2005-10-10,32.480079650878906,38.130001068115234,38.459999084472656,38.060001373291016,38.27000045776367,64012000,QQQ
2005-10-11,32.3182258605957,37.939998626708984,38.2400016784668,37.79999923706055,38.2400016784668,114736900,QQQ
2005-10-12,31.93490982055664,37.4900016784668,38.060001373291016,37.43000030517578,37.720001220703125,146109500,QQQ
2005-10-13,32.18193435668945,37.779998779296875,37.90999984741211,37.33000183105469,37.470001220703125,138569600,QQQ
2005-10-14,32.420440673828125,38.060001373291016,38.06999969482422,37.63999938964844,37.880001068115234,131463200,QQQ
2005-10-17,32.52265548706055,38.18000030517578,38.189998626708984,37.81999969482422,38.06999969482422,64080400,QQQ
2005-10-18,32.292667388916016,37.90999984741211,38.18000030517578,37.90999984741211,38.13999938964844,88070400,QQQ
2005-10-19,32.940067291259766,38.66999816894531,38.66999816894531,37.61000061035156,37.720001220703125,132879900,QQQ
2005-10-20,32.63340759277344,38.310001373291016,38.849998474121094,38.099998474121094,38.709999084472656,132576900,QQQ
2005-10-21,32.83784484863281,38.54999923706055,38.75,38.33000183105469,38.66999816894531,110032000,QQQ
2005-10-24,33.35746383666992,39.15999984741211,39.18000030517578,38.470001220703125,38.72999954223633,110820900,QQQ
2005-10-25,33.229679107666016,39.0099983215332,39.189998626708984,38.77000045776367,39.09000015258789,86665800,QQQ
2005-10-26,33.059326171875,38.810001373291016,39.27000045776367,38.7599983215332,38.97999954223633,89878100,QQQ
2005-10-27,32.394893646240234,38.029998779296875,38.79999923706055,38.029998779296875,38.779998779296875,132231100,QQQ
2005-10-28,32.64190673828125,38.31999969482422,38.38999938964844,37.91999816894531,38.15999984741211,95243900,QQQ
2005-10-31,33.11042785644531,38.869998931884766,39.04999923706055,38.41999816894531,38.45000076293945,115279100,QQQ
2005-11-01,33.08486557006836,38.84000015258789,39.0099983215332,38.709999084472656,38.779998779296875,73502300,QQQ
2005-11-02,33.51930618286133,39.349998474121094,39.459999084472656,38.709999084472656,38.72999954223633,101409900,QQQ
2005-11-03,34.021881103515625,39.939998626708984,40.09000015258789,39.68000030517578,39.7400016784668,137054000,QQQ
2005-11-04,34.14113998413086,40.08000183105469,40.22999954223633,39.84000015258789,40.0,100944500,QQQ
2005-11-07,34.18373107910156,40.130001068115234,40.290000915527344,39.95000076293945,40.209999084472656,65324500,QQQ
2005-11-08,34.192237854003906,40.13999938964844,40.349998474121094,39.9900016784668,40.08000183105469,78859700,QQQ
2005-11-09,34.20928192138672,40.15999984741211,40.33000183105469,40.029998779296875,40.119998931884766,72458800,QQQ
2005-11-10,34.58407211303711,40.599998474121094,40.689998626708984,39.91999816894531,40.18000030517578,120763100,QQQ
2005-11-11,34.67778778076172,40.709999084472656,40.91999816894531,40.68000030517578,40.77000045776367,80057200,QQQ
2005-11-14,34.67778778076172,40.709999084472656,40.86000061035156,40.599998474121094,40.77000045776367,53652400,QQQ
2005-11-15,34.51594161987305,40.52000045776367,40.900001525878906,40.380001068115234,40.72999954223633,79543500,QQQ
2005-11-16,34.728904724121094,40.77000045776367,40.779998779296875,40.459999084472656,40.630001068115234,65895700,QQQ
2005-11-17,35.188880920410156,41.310001373291016,41.31999969482422,40.849998474121094,40.90999984741211,94425500,QQQ
2005-11-18,35.30814743041992,41.45000076293945,41.650001525878906,41.27000045776367,41.52000045776367,108820200,QQQ
2005-11-21,35.39329528808594,41.54999923706055,41.58000183105469,41.2400016784668,41.400001525878906,69731400,QQQ
2005-11-22,35.52109146118164,41.70000076293945,41.869998931884766,41.36000061035156,41.470001220703125,88814000,QQQ
2005-11-23,35.606285095214844,41.79999923706055,42.02000045776367,41.709999084472656,41.72999954223633,64101200,QQQ
2005-11-25,35.682952880859375,41.88999938964844,41.939998626708984,41.72999954223633,41.84000015258789,22930200,QQQ
2005-11-28,35.384803771972656,41.540000915527344,42.0,41.5,42.0,74716200,QQQ
2005-11-29,35.21445083618164,41.34000015258789,41.849998474121094,41.34000015258789,41.77000045776367,77443000,QQQ
2005-11-30,35.129268646240234,41.2400016784668,41.4900016784668,41.189998626708984,41.279998779296875,88044400,QQQ
2005-12-01,35.785160064697266,42.0099983215332,42.04999923706055,41.5,41.5099983215332,91914100,QQQ
2005-12-02,35.87033462524414,42.11000061035156,42.130001068115234,41.869998931884766,41.939998626708984,72929200,QQQ
2005-12-05,35.606285095214844,41.79999923706055,42.060001373291016,41.630001068115234,42.060001373291016,61519900,QQQ
2005-12-06,35.72553253173828,41.939998626708984,42.310001373291016,41.900001525878906,42.029998779296875,81509400,QQQ
2005-12-07,35.657371520996094,41.86000061035156,42.029998779296875,41.630001068115234,42.0,83885500,QQQ
2005-12-08,35.4018440246582,41.560001373291016,42.0,41.27000045776367,41.959999084472656,112043200,QQQ
2005-12-09,35.538143157958984,41.720001220703125,41.77000045776367,41.380001068115234,41.560001373291016,56526900,QQQ
2005-12-12,35.665889739990234,41.869998931884766,41.939998626708984,41.68000030517578,41.869998931884766,44863600,QQQ
2005-12-13,35.81071853637695,42.040000915527344,42.209999084472656,41.7599983215332,41.81999969482422,76611600,QQQ
2005-12-14,35.69145965576172,41.900001525878906,42.099998474121094,41.709999084472656,41.95000076293945,73581600,QQQ
2005-12-15,35.75109100341797,41.970001220703125,42.06999969482422,41.61000061035156,42.0,72607200,QQQ
2005-12-16,35.50430679321289,41.58000183105469,41.939998626708984,41.54999923706055,41.86000061035156,63743000,QQQ
2005-12-19,34.94075393676758,40.91999816894531,41.709999084472656,40.900001525878906,41.66999816894531,75341700,QQQ
2005-12-20,34.966365814208984,40.95000076293945,41.150001525878906,40.75,40.95000076293945,70257700,QQQ
2005-12-21,35.12006378173828,41.130001068115234,41.40999984741211,40.95000076293945,41.02000045776367,68935000,QQQ
2005-12-22,35.35061264038086,41.400001525878906,41.459999084472656,41.099998474121094,41.11000061035156,59149500,QQQ
2005-12-23,35.35061264038086,41.400001525878906,41.59000015258789,41.29999923706055,41.5099983215332,38000400,QQQ
2005-12-27,35.0432243347168,41.040000915527344,41.68000030517578,40.970001220703125,41.52000045776367,55656300,QQQ
2005-12-28,35.00053024291992,40.9900016784668,41.22999954223633,40.869998931884766,41.060001373291016,50302400,QQQ
2005-12-29,34.769962310791016,40.720001220703125,41.119998931884766,40.650001525878906,41.029998779296875,47301700,QQQ
2005-12-30,34.50526809692383,40.40999984741211,40.58000183105469,40.36000061035156,40.540000915527344,60026500,QQQ
2006-01-03,35.27376937866211,41.310001373291016,41.4900016784668,40.15999984741211,40.650001525878906,109350400,QQQ
2006-01-04,35.640926361083984,41.7400016784668,41.7400016784668,41.31999969482422,41.40999984741211,92769400,QQQ
2006-01-05,35.79464340209961,41.91999816894531,42.0,41.709999084472656,41.75,77656900,QQQ
2006-01-06,36.44358444213867,42.68000030517578,42.70000076293945,42.060001373291016,42.2599983215332,110053900,QQQ
2006-01-09,36.5887336730957,42.849998474121094,42.91999816894531,42.52000045776367,42.68000030517578,80768800,QQQ
2006-01-10,36.614356994628906,42.880001068115234,42.91999816894531,42.54999923706055,42.65999984741211,84369400,QQQ
2006-01-11,36.8961296081543,43.209999084472656,43.310001373291016,42.869998931884766,43.0,100761400,QQQ
2006-01-12,36.716819763183594,43.0,43.290000915527344,42.849998474121094,43.15999984741211,82429200,QQQ
2006-01-13,36.69975662231445,42.97999954223633,43.04999923706055,42.72999954223633,42.939998626708984,64572100,QQQ
2006-01-17,36.46067428588867,42.70000076293945,42.790000915527344,42.5,42.650001525878906,77962100,QQQ
2006-01-18,36.04225540161133,42.209999084472656,42.459999084472656,42.02000045776367,42.029998779296875,121021900,QQQ
2006-01-19,36.30695343017578,42.52000045776367,42.81999969482422,42.290000915527344,42.41999816894531,111094000,QQQ
2006-01-20,35.22251892089844,41.25,42.4900016784668,41.150001525878906,42.459999084472656,188569400,QQQ
2006-01-23,35.23106384277344,41.2599983215332,41.45000076293945,41.08000183105469,41.36000061035156,111381900,QQQ
2006-01-24,35.3847541809082,41.439998626708984,41.70000076293945,41.310001373291016,41.36000061035156,77956900,QQQ
2006-01-25,35.23106384277344,41.2599983215332,41.66999816894531,41.08000183105469,41.63999938964844,99826400,QQQ
2006-01-26,35.47868728637695,41.54999923706055,41.689998626708984,41.22999954223633,41.5,112600600,QQQ
2006-01-27,35.95686721801758,42.11000061035156,42.38999938964844,41.7400016784668,41.79999923706055,110830400,QQQ
2006-01-30,36.025177001953125,42.189998626708984,42.31999969482422,42.06999969482422,42.18000030517578,53942600,QQQ
2006-01-31,35.86293029785156,42.0,42.27000045776367,41.810001373291016,42.16999816894531,100988100,QQQ
2006-02-01,35.991031646728516,42.150001525878906,42.16999816894531,41.70000076293945,41.7400016784668,89168700,QQQ
2006-02-02,35.376216888427734,41.43000030517578,42.08000183105469,41.40999984741211,42.0099983215332,94047400,QQQ
2006-02-03,34.94075393676758,40.91999816894531,41.22999954223633,40.779998779296875,41.119998931884766,121094200,QQQ
2006-02-06,34.84682083129883,40.810001373291016,41.0099983215332,40.59000015258789,40.720001220703125,58162800,QQQ
2006-02-07,34.69313430786133,40.630001068115234,40.93000030517578,40.439998626708984,40.7400016784668,87327000,QQQ
2006-02-08,35.09444808959961,41.099998474121094,41.150001525878906,40.689998626708984,40.91999816894531,89907800,QQQ
2006-02-09,34.761436462402344,40.709999084472656,41.369998931884766,40.630001068115234,41.209999084472656,78213400,QQQ
2006-02-10,34.97490692138672,40.959999084472656,41.060001373291016,40.2599983215332,40.68000030517578,102575900,QQQ
2006-02-13,34.57358169555664,40.4900016784668,40.7400016784668,40.29999923706055,40.70000076293945,70643100,QQQ
2006-02-14,34.92366027832031,40.900001525878906,41.02000045776367,40.40999984741211,40.56999969482422,94340300,QQQ
2006-02-15,35.14567184448242,41.15999984741211,41.2599983215332,40.72999954223633,40.790000915527344,92254300,QQQ
2006-02-16,35.47016143798828,41.540000915527344,41.54999923706055,41.150001525878906,41.310001373291016,103859600,QQQ
2006-02-17,35.18836975097656,41.209999084472656,41.459999084472656,41.20000076293945,41.459999084472656,81770200,QQQ
2006-02-21,34.795589447021484,40.75,41.27000045776367,40.61000061035156,41.209999084472656,85101400,QQQ
2006-02-22,35.23106384277344,41.2599983215332,41.540000915527344,40.68000030517578,40.779998779296875,91983900,QQQ
2006-02-23,35.13713455200195,41.150001525878906,41.540000915527344,41.08000183105469,41.189998626708984,66517100,QQQ
2006-02-24,35.23106384277344,41.2599983215332,41.290000915527344,41.0099983215332,41.189998626708984,57085400,QQQ
2006-02-27,35.623863220214844,41.720001220703125,41.869998931884766,41.33000183105469,41.36000061035156,64945000,QQQ
2006-02-28,35.09444808959961,41.099998474121094,41.720001220703125,40.970001220703125,41.61000061035156,117564600,QQQ
2006-03-01,35.572628021240234,41.65999984741211,41.77000045776367,41.150001525878906,41.22999954223633,80962300,QQQ
2006-03-02,35.59825134277344,41.689998626708984,41.84000015258789,41.40999984741211,41.54999923706055,69856500,QQQ
2006-03-03,35.393306732177734,41.45000076293945,42.0099983215332,41.38999938964844,41.45000076293945,112066100,QQQ
2006-03-06,35.08589553833008,41.09000015258789,41.630001068115234,40.959999084472656,41.540000915527344,99581000,QQQ
2006-03-07,34.88099670410156,40.849998474121094,41.06999969482422,40.650001525878906,41.02000045776367,96441100,QQQ
2006-03-08,34.8980598449707,40.869998931884766,41.09000015258789,40.5,40.7599983215332,103961900,QQQ
2006-03-09,34.59919357299805,40.52000045776367,41.150001525878906,40.470001220703125,41.0,108556700,QQQ
2006-03-10,34.633358001708984,40.560001373291016,40.790000915527344,40.189998626708984,40.47999954223633,124474900,QQQ
2006-03-13,34.73581314086914,40.68000030517578,40.939998626708984,40.619998931884766,40.7400016784668,69169100,QQQ
2006-03-14,35.32500076293945,41.369998931884766,41.41999816894531,40.63999938964844,40.63999938964844,118201000,QQQ
2006-03-15,35.623863220214844,41.720001220703125,41.720001220703125,41.31999969482422,41.529998779296875,84375800,QQQ
2006-03-16,35.32500076293945,41.369998931884766,41.91999816894531,41.33000183105469,41.849998474121094,101371200,QQQ
2006-03-17,35.41814422607422,41.45000076293945,41.59000015258789,41.22999954223633,41.34000015258789,78219600,QQQ
2006-03-20,35.503578186035156,41.54999923706055,41.68000030517578,41.400001525878906,41.56999969482422,60240100,QQQ
2006-03-21,35.127620697021484,41.11000061035156,42.0099983215332,41.08000183105469,41.11000061035156,136566000,QQQ
2006-03-22,35.213069915771484,41.209999084472656,41.279998779296875,40.86000061035156,40.880001068115234,112282800,QQQ
2006-03-23,35.11051940917969,41.09000015258789,41.220001220703125,40.81999969482422,41.09000015258789,75158200,QQQ
2006-03-24,35.28995132446289,41.29999923706055,41.5,41.02000045776367,41.22999954223633,81795500,QQQ
2006-03-27,35.29851531982422,41.310001373291016,41.5099983215332,41.2400016784668,41.279998779296875,54400400,QQQ
2006-03-28,35.153263092041016,41.13999938964844,41.66999816894531,40.9900016784668,41.38999938964844,100522800,QQQ
2006-03-29,35.81974792480469,41.91999816894531,42.099998474121094,41.16999816894531,41.20000076293945,130669100,QQQ
2006-03-30,35.930816650390625,42.04999923706055,42.29999923706055,41.790000915527344,42.0099983215332,115915600,QQQ
2006-03-31,35.828269958496094,41.93000030517578,42.189998626708984,41.84000015258789,42.130001068115234,71074600,QQQ
2006-04-03,35.87101364135742,41.97999954223633,42.369998931884766,41.900001525878906,42.150001525878906,80730700,QQQ
2006-04-04,36.06753921508789,42.209999084472656,42.310001373291016,41.93000030517578,42.04999923706055,89952600,QQQ
2006-04-05,36.40931701660156,42.61000061035156,42.66999816894531,42.209999084472656,42.29999923706055,91628200,QQQ
2006-04-06,36.51188278198242,42.72999954223633,42.939998626708984,42.439998626708984,42.59000015258789,91712800,QQQ
2006-04-07,36.16154861450195,42.31999969482422,43.04999923706055,42.29999923706055,42.880001068115234,116604300,QQQ
2006-04-10,36.11027145385742,42.2599983215332,42.5,42.09000015258789,42.400001525878906,58981900,QQQ
2006-04-11,35.81974792480469,41.91999816894531,42.43000030517578,41.709999084472656,42.38999938964844,91481900,QQQ
2006-04-12,35.828269958496094,41.93000030517578,42.08000183105469,41.79999923706055,41.939998626708984,58751200,QQQ
2006-04-13,35.97355270385742,42.099998474121094,42.33000183105469,41.790000915527344,41.900001525878906,63476900,QQQ
2006-04-17,35.59758758544922,41.65999984741211,42.209999084472656,41.38999938964844,42.040000915527344,104072100,QQQ
2006-04-18,36.281166076660156,42.459999084472656,42.560001373291016,41.77000045776367,41.77000045776367,124291700,QQQ
2006-04-19,36.443519592285156,42.650001525878906,42.650001525878906,42.29999923706055,42.540000915527344,79050300,QQQ
2006-04-20,36.31532669067383,42.5,42.81999969482422,42.380001068115234,42.63999938964844,81408000,QQQ
2006-04-21,35.88806915283203,42.0,42.720001220703125,41.81999969482422,42.65999984741211,130181200,QQQ
2006-04-24,35.85392761230469,41.959999084472656,42.06999969482422,41.720001220703125,41.95000076293945,78556400,QQQ
2006-04-25,35.77700424194336,41.869998931884766,42.099998474121094,41.650001525878906,42.06999969482422,77660800,QQQ
2006-04-26,35.768463134765625,41.86000061035156,42.060001373291016,41.70000076293945,41.86000061035156,82537000,QQQ
2006-04-27,36.11027145385742,42.2599983215332,42.4900016784668,41.5,41.66999816894531,173950100,QQQ
2006-04-28,35.759925842285156,41.849998474121094,42.220001220703125,41.779998779296875,42.0,88876600,QQQ
2006-05-01,35.40957260131836,41.439998626708984,42.04999923706055,41.310001373291016,41.91999816894531,92875500,QQQ
2006-05-02,35.503578186035156,41.54999923706055,41.72999954223633,41.400001525878906,41.619998931884766,85148100,QQQ
2006-05-03,35.45231628417969,41.4900016784668,41.63999938964844,41.279998779296875,41.56999969482422,74971600,QQQ
2006-05-04,35.74281692504883,41.83000183105469,41.9900016784668,41.529998779296875,41.529998779296875,88696800,QQQ
2006-05-05,36.024818420410156,42.15999984741211,42.209999084472656,41.939998626708984,42.099998474121094,80392200,QQQ
2006-05-08,36.05900573730469,42.20000076293945,42.279998779296875,42.06999969482422,42.08000183105469,45079100,QQQ
2006-05-09,35.92229461669922,42.040000915527344,42.18000030517578,41.970001220703125,42.099998474121094,48528800,QQQ
2006-05-10,35.60614013671875,41.66999816894531,41.97999954223633,41.54999923706055,41.93000030517578,92424200,QQQ
2006-05-11,34.81145095825195,40.7400016784668,41.650001525878906,40.630001068115234,41.630001068115234,140989700,QQQ
2006-05-12,34.34149932861328,40.189998626708984,40.619998931884766,40.18000030517578,40.560001373291016,153920800,QQQ
2006-05-15,34.31584930419922,40.15999984741211,40.34000015258789,39.790000915527344,40.02000045776367,127896500,QQQ
2006-05-16,34.05950927734375,39.86000061035156,40.2599983215332,39.77000045776367,40.16999816894531,132397500,QQQ
2006-05-17,33.59808349609375,39.31999969482422,39.810001373291016,39.22999954223633,39.68000030517578,207897100,QQQ
2006-05-18,33.36738586425781,39.04999923706055,39.65999984741211,39.0,39.4900016784668,139690900,QQQ
2006-05-19,33.62373352050781,39.349998474121094,39.470001220703125,38.75,39.20000076293945,194306300,QQQ
2006-05-22,33.299049377441406,38.970001220703125,39.2400016784668,38.619998931884766,39.0099983215332,169591800,QQQ
2006-05-23,32.974334716796875,38.59000015258789,39.380001068115234,38.56999969482422,39.2599983215332,142243900,QQQ
2006-05-24,33.19648742675781,38.849998474121094,39.040000915527344,38.22999954223633,38.529998779296875,234981600,QQQ
2006-05-25,33.63227081298828,39.36000061035156,39.380001068115234,38.81999969482422,39.11000061035156,123510900,QQQ
2006-05-26,33.74333572387695,39.4900016784668,39.58000183105469,39.22999954223633,39.45000076293945,91319600,QQQ
2006-05-30,33.01704025268555,38.63999938964844,39.33000183105469,38.61000061035156,39.29999923706055,105606200,QQQ
2006-05-31,33.17085647583008,38.81999969482422,39.060001373291016,38.540000915527344,38.709999084472656,137066200,QQQ
2006-06-01,33.956966400146484,39.7400016784668,39.7400016784668,38.84000015258789,38.93000030517578,119357400,QQQ
2006-06-02,33.87153625488281,39.63999938964844,40.0,39.310001373291016,39.959999084472656,128864100,QQQ
2006-06-05,33.136688232421875,38.779998779296875,39.560001373291016,38.779998779296875,39.560001373291016,103190600,QQQ
2006-06-06,33.11103057861328,38.75,38.95000076293945,38.349998474121094,38.849998474121094,127271000,QQQ
2006-06-07,32.86323928833008,38.459999084472656,39.16999816894531,38.45000076293945,38.79999923706055,130754700,QQQ
2006-06-08,32.81196594238281,38.400001525878906,38.560001373291016,37.4900016784668,38.27000045776367,280562200,QQQ
2006-06-09,32.598358154296875,38.150001525878906,38.7400016784668,38.11000061035156,38.560001373291016,144146200,QQQ
2006-06-12,31.95749282836914,37.400001525878906,38.2599983215332,37.38999938964844,38.20000076293945,145607500,QQQ
2006-06-13,31.829322814941406,37.25,37.79999923706055,37.15999984741211,37.4900016784668,207099500,QQQ
2006-06-14,32.15402603149414,37.630001068115234,37.709999084472656,37.20000076293945,37.36000061035156,201876800,QQQ
2006-06-15,33.025611877441406,38.650001525878906,38.790000915527344,37.79999923706055,37.849998474121094,200700400,QQQ
2006-06-16,32.782752990722656,38.34000015258789,38.68000030517578,38.20000076293945,38.54999923706055,120006100,QQQ
2006-06-19,32.51768493652344,38.029998779296875,38.540000915527344,37.90999984741211,38.5,129450100,QQQ
2006-06-20,32.56045913696289,38.08000183105469,38.47999954223633,37.939998626708984,38.09000015258789,102871700,QQQ
2006-06-21,33.073482513427734,38.68000030517578,38.9900016784668,38.130001068115234,38.13999938964844,129548100,QQQ
2006-06-22,32.65450668334961,38.189998626708984,38.68000030517578,37.9900016784668,38.59000015258789,143100500,QQQ
2006-06-23,32.62030029296875,38.150001525878906,38.529998779296875,37.93000030517578,38.15999984741211,88050200,QQQ
2006-06-26,32.70579528808594,38.25,38.38999938964844,38.06999969482422,38.16999816894531,65157700,QQQ
2006-06-27,32.09016418457031,37.529998779296875,38.33000183105469,37.4900016784668,38.27000045776367,128227500,QQQ
2006-06-28,32.329593658447266,37.810001373291016,37.84000015258789,37.380001068115234,37.619998931884766,91576300,QQQ
2006-06-29,33.312889099121094,38.959999084472656,38.959999084472656,37.900001525878906,37.97999954223633,181997200,QQQ
2006-06-30,33.15044403076172,38.77000045776367,39.13999938964844,38.68000030517578,39.119998931884766,82719200,QQQ
2006-07-03,33.34710693359375,39.0,39.0,38.810001373291016,38.88999938964844,21598500,QQQ
2006-07-05,32.62030029296875,38.150001525878906,38.68000030517578,38.09000015258789,38.63999938964844,93724000,QQQ
2006-07-06,32.58609390258789,38.11000061035156,38.47999954223633,38.0099983215332,38.27000045776367,70615200,QQQ
2006-07-07,32.22697067260742,37.689998626708984,38.16999816894531,37.56999969482422,37.900001525878906,108063300,QQQ
2006-07-10,31.94482421875,37.36000061035156,37.93000030517578,37.16999816894531,37.790000915527344,105109800,QQQ
2006-07-11,32.1842155456543,37.63999938964844,37.7400016784668,37.08000183105469,37.279998779296875,136114200,QQQ
2006-07-12,31.577144622802734,36.93000030517578,37.63999938964844,36.84000015258789,37.560001373291016,154458900,QQQ
2006-07-13,31.0469970703125,36.310001373291016,37.040000915527344,36.310001373291016,36.63999938964844,177745500,QQQ
2006-07-14,30.730627059936523,35.939998626708984,36.380001068115234,35.790000915527344,36.29999923706055,172448500,QQQ
2006-07-17,30.807586669921875,36.029998779296875,36.25,35.869998931884766,35.95000076293945,134311000,QQQ
2006-07-18,30.910192489624023,36.150001525878906,36.33000183105469,35.540000915527344,36.220001220703125,206964900,QQQ
2006-07-19,31.31207275390625,36.619998931884766,36.83000183105469,36.09000015258789,36.119998931884766,192517600,QQQ
2006-07-20,30.850345611572266,36.08000183105469,36.79999923706055,36.040000915527344,36.75,152292100,QQQ
2006-07-21,30.52541160583496,35.70000076293945,35.959999084472656,35.619998931884766,35.880001068115234,119343000,QQQ
2006-07-24,31.13249397277832,36.40999984741211,36.43000030517578,35.79999923706055,35.84000015258789,130269300,QQQ
2006-07-25,31.31207275390625,36.619998931884766,36.7400016784668,36.2400016784668,36.4900016784668,108869600,QQQ
2006-07-26,31.286405563354492,36.59000015258789,36.869998931884766,36.22999954223633,36.5099983215332,107170500,QQQ
2006-07-27,31.08120346069336,36.349998474121094,37.040000915527344,36.25,36.7400016784668,99698700,QQQ
2006-07-28,31.73104476928711,37.11000061035156,37.13999938964844,36.5,36.529998779296875,93556100,QQQ
2006-07-31,31.722492218017578,37.099998474121094,37.31999969482422,36.88999938964844,37.08000183105469,78015300,QQQ
2006-08-01,31.192363739013672,36.47999954223633,36.79999923706055,36.2599983215332,36.77000045776367,98552800,QQQ
2006-08-02,31.54294204711914,36.88999938964844,37.130001068115234,36.61000061035156,36.61000061035156,87370600,QQQ
2006-08-03,31.73959732055664,37.119998931884766,37.34000015258789,36.47999954223633,36.52000045776367,99205600,QQQ
2006-08-04,31.594228744506836,36.95000076293945,37.630001068115234,36.619998931884766,37.45000076293945,123493800,QQQ
2006-08-07,31.389013290405273,36.709999084472656,36.939998626708984,36.529998779296875,36.90999984741211,69634800,QQQ
2006-08-08,31.192363739013672,36.47999954223633,36.900001525878906,36.2599983215332,36.810001373291016,124139900,QQQ
2006-08-09,31.235109329223633,36.529998779296875,37.310001373291016,36.43000030517578,36.9900016784668,145342200,QQQ
2006-08-10,31.457427978515625,36.790000915527344,36.880001068115234,36.310001373291016,36.43000030517578,102481300,QQQ
2006-08-11,31.235109329223633,36.529998779296875,36.689998626708984,36.369998931884766,36.650001525878906,86903200,QQQ
2006-08-14,31.440336227416992,36.77000045776367,37.27000045776367,36.70000076293945,36.84000015258789,109281100,QQQ
2006-08-15,32.23552703857422,37.70000076293945,37.75,37.09000015258789,37.20000076293945,133712100,QQQ
2006-08-16,32.99652862548828,38.59000015258789,38.61000061035156,37.84000015258789,37.97999954223633,135452100,QQQ
2006-08-17,33.11621856689453,38.72999954223633,38.97999954223633,38.439998626708984,38.459999084472656,129492200,QQQ
2006-08-18,33.167545318603516,38.790000915527344,38.83000183105469,38.279998779296875,38.630001068115234,97754500,QQQ
2006-08-21,32.851165771484375,38.41999816894531,38.560001373291016,38.2599983215332,38.5,66668400,QQQ
2006-08-22,32.85969543457031,38.43000030517578,38.810001373291016,38.20000076293945,38.36000061035156,102058600,QQQ
2006-08-23,32.61172866821289,38.13999938964844,38.66999816894531,37.91999816894531,38.459999084472656,96056300,QQQ
2006-08-24,32.70579528808594,38.25,38.349998474121094,37.91999816894531,38.25,78985300,QQQ
2006-08-25,32.765655517578125,38.31999969482422,38.63999938964844,38.060001373291016,38.16999816894531,73572900,QQQ
2006-08-28,33.01362991333008,38.61000061035156,38.790000915527344,38.2400016784668,38.290000915527344,80035000,QQQ
2006-08-29,33.11621856689453,38.72999954223633,38.7599983215332,38.18000030517578,38.58000183105469,104842000,QQQ
2006-08-30,33.2701530456543,38.90999984741211,39.029998779296875,38.599998474121094,38.720001220703125,75687200,QQQ
2006-08-31,33.23593521118164,38.869998931884766,39.029998779296875,38.7599983215332,38.959999084472656,61207200,QQQ
2006-09-01,33.415504455566406,39.08000183105469,39.209999084472656,38.900001525878906,39.08000183105469,69388500,QQQ
2006-09-05,33.74040985107422,39.459999084472656,39.47999954223633,38.849998474121094,39.099998474121094,85582800,QQQ
2006-09-06,33.06494140625,38.66999816894531,39.189998626708984,38.61000061035156,39.099998474121094,97888600,QQQ
2006-09-07,32.91102981567383,38.4900016784668,38.900001525878906,38.36000061035156,38.54999923706055,115877400,QQQ
2006-09-08,33.10768127441406,38.720001220703125,38.81999969482422,38.459999084472656,38.540000915527344,96627000,QQQ
2006-09-11,33.312889099121094,38.959999084472656,39.150001525878906,38.31999969482422,38.40999984741211,142377500,QQQ
2006-09-12,33.92853927612305,39.68000030517578,39.79999923706055,38.95000076293945,38.95000076293945,124102400,QQQ
2006-09-13,34.15939712524414,39.95000076293945,39.97999954223633,39.630001068115234,39.709999084472656,116054300,QQQ
2006-09-14,34.1936149597168,39.9900016784668,40.220001220703125,39.7599983215332,39.849998474121094,98116000,QQQ
2006-09-15,34.315940856933594,40.11000061035156,40.459999084472656,40.0,40.29999923706055,137825600,QQQ
2006-09-18,34.324493408203125,40.119998931884766,40.400001525878906,39.939998626708984,40.119998931884766,117806700,QQQ
2006-09-19,34.09349060058594,39.849998474121094,40.25,39.52000045776367,40.220001220703125,159060800,QQQ
2006-09-20,34.589725494384766,40.43000030517578,40.540000915527344,40.189998626708984,40.20000076293945,116635500,QQQ
2006-09-21,34.375831604003906,40.18000030517578,40.66999816894531,40.08000183105469,40.529998779296875,121886900,QQQ
2006-09-22,34.11061096191406,39.869998931884766,40.15999984741211,39.70000076293945,40.150001525878906,100996400,QQQ
2006-09-25,34.70948791503906,40.56999969482422,40.65999984741211,39.68000030517578,40.040000915527344,136473400,QQQ
2006-09-26,34.880615234375,40.77000045776367,40.79999923706055,40.400001525878906,40.52000045776367,113375600,QQQ
2006-09-27,34.837825775146484,40.720001220703125,40.95000076293945,40.5,40.66999816894531,113003800,QQQ
2006-09-28,34.93192672729492,40.83000183105469,40.88999938964844,40.43000030517578,40.77000045776367,85943600,QQQ
2006-09-29,34.77792739868164,40.650001525878906,40.93000030517578,40.619998931884766,40.900001525878906,85438200,QQQ
2006-10-02,34.34159469604492,40.13999938964844,40.70000076293945,40.08000183105469,40.599998474121094,97068800,QQQ
2006-10-03,34.4870491027832,40.310001373291016,40.47999954223633,39.880001068115234,40.02000045776367,116261400,QQQ
2006-10-04,35.33403396606445,41.29999923706055,41.310001373291016,40.13999938964844,40.2400016784668,149209500,QQQ
2006-10-05,35.505157470703125,41.5,41.560001373291016,41.18000030517578,41.29999923706055,91799900,QQQ
2006-10-06,35.42814254760742,41.40999984741211,41.560001373291016,41.2400016784668,41.36000061035156,85450400,QQQ
2006-10-09,35.547935485839844,41.54999923706055,41.7400016784668,41.31999969482422,41.36000061035156,62786100,QQQ
2006-10-10,35.60780334472656,41.619998931884766,41.75,41.310001373291016,41.599998474121094,98181800,QQQ
2006-10-11,35.53935241699219,41.540000915527344,41.83000183105469,41.16999816894531,41.43000030517578,136561300,QQQ
2006-10-12,36.10403060913086,42.20000076293945,42.25,41.70000076293945,41.7599983215332,95260200,QQQ
2006-10-13,36.300804138183594,42.43000030517578,42.52000045776367,42.13999938964844,42.22999954223633,80470200,QQQ
2006-10-16,36.335044860839844,42.470001220703125,42.619998931884766,42.400001525878906,42.43000030517578,62017400,QQQ
2006-10-17,35.93291473388672,42.0,42.20000076293945,41.7599983215332,42.16999816894531,146149100,QQQ
2006-10-18,35.76182174682617,41.79999923706055,42.310001373291016,41.650001525878906,42.220001220703125,120366100,QQQ
2006-10-19,35.847354888916016,41.900001525878906,42.11000061035156,41.59000015258789,41.689998626708984,108198400,QQQ
2006-10-20,35.93291473388672,42.0,42.08000183105469,41.63999938964844,42.040000915527344,105454300,QQQ
2006-10-23,36.300804138183594,42.43000030517578,42.58000183105469,41.81999969482422,41.91999816894531,126960500,QQQ
2006-10-24,36.05268859863281,42.13999938964844,42.45000076293945,41.91999816894531,42.279998779296875,103541700,QQQ
2006-10-25,36.300804138183594,42.43000030517578,42.52000045776367,42.04999923706055,42.15999984741211,125399500,QQQ
2006-10-26,36.63447189331055,42.81999969482422,42.91999816894531,42.220001220703125,42.58000183105469,130260700,QQQ
2006-10-27,36.11260223388672,42.209999084472656,42.81999969482422,42.08000183105469,42.720001220703125,129375000,QQQ
2006-10-30,36.34359359741211,42.47999954223633,42.650001525878906,42.060001373291016,42.15999984741211,103899900,QQQ
2006-10-31,36.42913818359375,42.58000183105469,42.7599983215332,42.310001373291016,42.560001373291016,135811800,QQQ
2006-11-01,35.93291473388672,42.0,42.77000045776367,41.81999969482422,42.72999954223633,148960600,QQQ
2006-11-02,35.967159271240234,42.040000915527344,42.13999938964844,41.7400016784668,41.810001373291016,100216400,QQQ
2006-11-03,35.87303161621094,41.93000030517578,42.189998626708984,41.61000061035156,42.099998474121094,119263300,QQQ
2006-11-06,36.39492416381836,42.540000915527344,42.709999084472656,42.060001373291016,42.06999969482422,101283300,QQQ
2006-11-07,36.64302444458008,42.83000183105469,43.09000015258789,42.470001220703125,42.540000915527344,139706500,QQQ
2006-11-08,36.81414031982422,43.029998779296875,43.20000076293945,42.470001220703125,42.59000015258789,180245700,QQQ
2006-11-09,36.64302444458008,42.83000183105469,43.349998474121094,42.66999816894531,43.2599983215332,124278000,QQQ
2006-11-10,36.81414031982422,43.029998779296875,43.040000915527344,42.66999816894531,42.84000015258789,82419400,QQQ
2006-11-13,37.19056701660156,43.470001220703125,43.540000915527344,43.0,43.04999923706055,89146200,QQQ
2006-11-14,37.584136962890625,43.93000030517578,43.970001220703125,43.2400016784668,43.5,121962800,QQQ
2006-11-15,37.738128662109375,44.11000061035156,44.400001525878906,43.91999816894531,43.9900016784668,116565900,QQQ
2006-11-16,37.90066909790039,44.29999923706055,44.41999816894531,44.02000045776367,44.2599983215332,113513200,QQQ
2006-11-17,37.90066909790039,44.29999923706055,44.29999923706055,43.95000076293945,44.060001373291016,95162500,QQQ
2006-11-20,37.97767639160156,44.38999938964844,44.47999954223633,44.0099983215332,44.15999984741211,107184100,QQQ
2006-11-21,38.02901077270508,44.45000076293945,44.5099983215332,44.25,44.41999816894531,68092200,QQQ
2006-11-22,38.268558502197266,44.72999954223633,44.75,44.2599983215332,44.58000183105469,69852700,QQQ
2006-11-24,38.20012664794922,44.650001525878906,44.86000061035156,44.380001068115234,44.400001525878906,51762900,QQQ
2006-11-27,37.33600997924805,43.63999938964844,44.61000061035156,43.63999938964844,44.5099983215332,159506300,QQQ
2006-11-28,37.44723892211914,43.77000045776367,43.84000015258789,43.34000015258789,43.5099983215332,118268400,QQQ
2006-11-29,37.70390319824219,44.06999969482422,44.18000030517578,43.65999984741211,44.0,139515500,QQQ
2006-11-30,37.6782341003418,44.040000915527344,44.279998779296875,43.790000915527344,44.04999923706055,123457100,QQQ
2006-12-01,37.353118896484375,43.65999984741211,44.349998474121094,43.2599983215332,44.0,144559600,QQQ
2006-12-04,37.866458892822266,44.2599983215332,44.47999954223633,43.790000915527344,43.790000915527344,89782400,QQQ
2006-12-05,38.00334167480469,44.41999816894531,44.54999923706055,44.189998626708984,44.38999938964844,84697500,QQQ
2006-12-06,37.866458892822266,44.2599983215332,44.400001525878906,44.06999969482422,44.279998779296875,78207500,QQQ
2006-12-07,37.38735580444336,43.70000076293945,44.47999954223633,43.70000076293945,44.34000015258789,124936100,QQQ
2006-12-08,37.55845260620117,43.900001525878906,44.2599983215332,43.470001220703125,43.560001373291016,133798700,QQQ
2006-12-11,37.695343017578125,44.060001373291016,44.369998931884766,43.75,43.83000183105469,72931300,QQQ
2006-12-12,37.47290802001953,43.79999923706055,44.130001068115234,43.560001373291016,44.04999923706055,110985900,QQQ
2006-12-13,37.54135513305664,43.880001068115234,44.11000061035156,43.619998931884766,44.099998474121094,79035500,QQQ
2006-12-14,37.96056365966797,44.369998931884766,44.56999969482422,43.939998626708984,43.970001220703125,109104200,QQQ
2006-12-15,38.05821990966797,44.43000030517578,44.7599983215332,44.349998474121094,44.68000030517578,99942300,QQQ
2006-12-18,37.68132019042969,43.9900016784668,44.75,43.79999923706055,44.58000183105469,121588700,QQQ
2006-12-19,37.561405181884766,43.849998474121094,44.060001373291016,43.380001068115234,43.650001525878906,136535200,QQQ
2006-12-20,37.42435073852539,43.689998626708984,44.11000061035156,43.66999816894531,43.900001525878906,67213400,QQQ
2006-12-21,37.15877914428711,43.380001068115234,43.790000915527344,43.209999084472656,43.7400016784668,102952300,QQQ
2006-12-22,36.773338317871094,42.93000030517578,43.40999984741211,42.93000030517578,43.400001525878906,92858600,QQQ
2006-12-26,36.927520751953125,43.11000061035156,43.119998931884766,42.880001068115234,42.93000030517578,50848600,QQQ
2006-12-27,37.11597442626953,43.33000183105469,43.400001525878906,43.099998474121094,43.209999084472656,54129200,QQQ
2006-12-28,36.936100006103516,43.119998931884766,43.380001068115234,43.04999923706055,43.20000076293945,69016000,QQQ
2006-12-29,36.97035598754883,43.15999984741211,43.61000061035156,43.119998931884766,43.189998626708984,75152500,QQQ
2007-01-03,37.03887176513672,43.2400016784668,44.060001373291016,42.52000045776367,43.459999084472656,167689500,QQQ
2007-01-04,37.74127960205078,44.060001373291016,44.209999084472656,43.150001525878906,43.29999923706055,136853500,QQQ
2007-01-05,37.561405181884766,43.849998474121094,43.95000076293945,43.47999954223633,43.95000076293945,138958800,QQQ
2007-01-08,37.587074279785156,43.880001068115234,44.119998931884766,43.63999938964844,43.88999938964844,106401600,QQQ
2007-01-09,37.775543212890625,44.099998474121094,44.290000915527344,43.630001068115234,44.0099983215332,121577500,QQQ
2007-01-10,38.22097396850586,44.619998931884766,44.65999984741211,43.81999969482422,43.959999084472656,121070100,QQQ
2007-01-11,38.61500549316406,45.08000183105469,45.2400016784668,44.650001525878906,44.709999084472656,174029800,QQQ
2007-01-12,38.81201934814453,45.310001373291016,45.349998474121094,44.970001220703125,45.02000045776367,104217300,QQQ
2007-01-16,38.78632736206055,45.279998779296875,45.400001525878906,45.130001068115234,45.349998474121094,95690500,QQQ
2007-01-17,38.46938705444336,44.90999984741211,45.290000915527344,44.83000183105469,45.09000015258789,127142600,QQQ
2007-01-18,37.75838851928711,44.08000183105469,44.84000015258789,43.95000076293945,44.790000915527344,189029800,QQQ
2007-01-19,37.835506439208984,44.16999816894531,44.279998779296875,43.90999984741211,43.970001220703125,127544300,QQQ
2007-01-22,37.42435073852539,43.689998626708984,44.22999954223633,43.5099983215332,44.209999084472656,123441700,QQQ
2007-01-23,37.33012008666992,43.58000183105469,43.97999954223633,43.5,43.65999984741211,133103600,QQQ
2007-01-24,37.94686508178711,44.29999923706055,44.31999969482422,43.77000045776367,43.86000061035156,117615300,QQQ
2007-01-25,37.45859146118164,43.72999954223633,44.470001220703125,43.58000183105469,44.36000061035156,158337600,QQQ
2007-01-26,37.321556091308594,43.56999969482422,43.83000183105469,43.290000915527344,43.810001373291016,146284300,QQQ
2007-01-29,37.35581588745117,43.61000061035156,43.90999984741211,43.400001525878906,43.459999084472656,104191500,QQQ
2007-01-30,37.372955322265625,43.630001068115234,43.790000915527344,43.52000045776367,43.68000030517578,69605900,QQQ
2007-01-31,37.749839782714844,44.06999969482422,44.189998626708984,43.33000183105469,43.58000183105469,157772500,QQQ
2007-02-01,37.68989562988281,44.0,44.400001525878906,43.849998474121094,44.27000045776367,147365600,QQQ
2007-02-02,37.82693862915039,44.15999984741211,44.25,43.939998626708984,44.119998931884766,98189200,QQQ
2007-02-05,37.792667388916016,44.119998931884766,44.36000061035156,43.959999084472656,44.13999938964844,96347800,QQQ
2007-02-06,37.74127960205078,44.060001373291016,44.22999954223633,43.63999938964844,44.20000076293945,121110200,QQQ
2007-02-07,38.08390808105469,44.459999084472656,44.650001525878906,44.119998931884766,44.279998779296875,117823800,QQQ
2007-02-08,38.075355529785156,44.45000076293945,44.599998474121094,44.22999954223633,44.400001525878906,89521900,QQQ
2007-02-09,37.587074279785156,43.880001068115234,44.720001220703125,43.72999954223633,44.56999969482422,133472000,QQQ
2007-02-12,37.44147872924805,43.709999084472656,43.88999938964844,43.59000015258789,43.869998931884766,126940000,QQQ
2007-02-13,37.5699462890625,43.86000061035156,44.0,43.70000076293945,43.779998779296875,93648000,QQQ
2007-02-14,38.20383834838867,44.599998474121094,44.709999084472656,44.040000915527344,44.040000915527344,133370000,QQQ
2007-02-15,38.426544189453125,44.86000061035156,44.86000061035156,44.54999923706055,44.630001068115234,110452500,QQQ
2007-02-16,38.29804992675781,44.709999084472656,44.83000183105469,44.56999969482422,44.65999984741211,72342200,QQQ
2007-02-20,38.58929443359375,45.04999923706055,45.119998931884766,44.43000030517578,44.63999938964844,93629000,QQQ
2007-02-21,38.7092170715332,45.189998626708984,45.209999084472656,44.83000183105469,44.91999816894531,95864000,QQQ
2007-02-22,38.906253814697266,45.41999816894531,45.54999923706055,45.06999969482422,45.36000061035156,116344400,QQQ
2007-02-23,38.76919937133789,45.2599983215332,45.459999084472656,45.060001373291016,45.41999816894531,113467100,QQQ
2007-02-26,38.58076095581055,45.040000915527344,45.5,44.7599983215332,45.47999954223633,101623700,QQQ
2007-02-27,36.99605941772461,43.189998626708984,44.47999954223633,43.060001373291016,44.369998931884766,317813200,QQQ
2007-02-28,37.11597442626953,43.33000183105469,43.7599983215332,42.93000030517578,43.150001525878906,214978700,QQQ
2007-03-01,36.94464111328125,43.130001068115234,43.540000915527344,42.2400016784668,42.54999923706055,231806500,QQQ
2007-03-02,36.38788604736328,42.47999954223633,43.13999938964844,42.470001220703125,42.779998779296875,183359400,QQQ
2007-03-05,36.10520553588867,42.150001525878906,42.79999923706055,42.060001373291016,42.150001525878906,171885400,QQQ
2007-03-06,36.704830169677734,42.849998474121094,42.9900016784668,42.5,42.529998779296875,155551800,QQQ
2007-03-07,36.559181213378906,42.68000030517578,42.97999954223633,42.650001525878906,42.86000061035156,119979300,QQQ
2007-03-08,36.8076057434082,42.970001220703125,43.2400016784668,42.84000015258789,43.130001068115234,120900700,QQQ
2007-03-09,36.773338317871094,42.93000030517578,43.34000015258789,42.650001525878906,43.33000183105469,128597600,QQQ
2007-03-12,37.013187408447266,43.209999084472656,43.279998779296875,42.83000183105469,42.869998931884766,81310100,QQQ
2007-03-13,36.29364776611328,42.369998931884766,43.2400016784668,42.36000061035156,43.0,171231800,QQQ
2007-03-14,36.824729919433594,42.9900016784668,43.0,42.099998474121094,42.43000030517578,192586700,QQQ
2007-03-15,36.73905944824219,42.88999938964844,43.060001373291016,42.720001220703125,42.900001525878906,111627400,QQQ
2007-03-16,36.71079635620117,42.83000183105469,43.040000915527344,42.61000061035156,42.939998626708984,108328800,QQQ
2007-03-19,37.087913513183594,43.27000045776367,43.38999938964844,42.95000076293945,43.060001373291016,95913200,QQQ
2007-03-20,37.353641510009766,43.58000183105469,43.59000015258789,43.209999084472656,43.2599983215332,78755700,QQQ
2007-03-21,38.07361602783203,44.41999816894531,44.439998626708984,43.349998474121094,43.63999938964844,173333500,QQQ
2007-03-22,37.93647766113281,44.2599983215332,44.45000076293945,44.09000015258789,44.439998626708984,114856300,QQQ
2007-03-23,37.816497802734375,44.119998931884766,44.369998931884766,44.06999969482422,44.2599983215332,68530300,QQQ
2007-03-26,37.97076416015625,44.29999923706055,44.31999969482422,43.630001068115234,44.13999938964844,114237300,QQQ
2007-03-27,37.705055236816406,43.9900016784668,44.2400016784668,43.95000076293945,44.22999954223633,76419200,QQQ
2007-03-28,37.302223205566406,43.52000045776367,44.029998779296875,43.5099983215332,43.79999923706055,142795000,QQQ
2007-03-29,37.34504318237305,43.56999969482422,43.849998474121094,43.099998474121094,43.81999969482422,124407000,QQQ
2007-03-30,37.310768127441406,43.529998779296875,43.869998931884766,43.220001220703125,43.560001373291016,120418700,QQQ
2007-04-02,37.36220169067383,43.59000015258789,43.7599983215332,43.29999923706055,43.66999816894531,89617700,QQQ
2007-04-03,37.85076141357422,44.15999984741211,44.310001373291016,43.790000915527344,43.81999969482422,105814500,QQQ
2007-04-04,38.00504684448242,44.34000015258789,44.380001068115234,44.130001068115234,44.189998626708984,85147200,QQQ
2007-04-05,38.193626403808594,44.560001373291016,44.58000183105469,44.22999954223633,44.290000915527344,54220200,QQQ
2007-04-09,38.099342346191406,44.45000076293945,44.75,44.380001068115234,44.709999084472656,63050200,QQQ
2007-04-10,38.29645538330078,44.68000030517578,44.68000030517578,44.40999984741211,44.439998626708984,76364500,QQQ
2007-04-11,37.89362716674805,44.209999084472656,44.65999984741211,44.06999969482422,44.63999938964844,114012300,QQQ
2007-04-12,38.193626403808594,44.560001373291016,44.619998931884766,43.95000076293945,44.13999938964844,113801300,QQQ
2007-04-13,38.270751953125,44.650001525878906,44.720001220703125,44.290000915527344,44.56999969482422,94572000,QQQ
2007-04-16,38.6221809387207,45.060001373291016,45.150001525878906,44.83000183105469,44.83000183105469,72803200,QQQ
2007-04-17,38.7078857421875,45.15999984741211,45.20000076293945,44.959999084472656,45.150001525878906,81852300,QQQ
2007-04-18,38.57933807373047,45.0099983215332,45.22999954223633,44.83000183105469,44.93000030517578,82002500,QQQ
2007-04-19,38.699317932128906,45.150001525878906,45.25,44.720001220703125,44.810001373291016,95413000,QQQ
2007-04-20,38.913612365722656,45.400001525878906,45.66999816894531,45.20000076293945,45.52000045776367,122377400,QQQ
2007-04-23,38.97361755371094,45.470001220703125,45.599998474121094,45.34000015258789,45.459999084472656,85303300,QQQ
2007-04-24,39.170738220214844,45.70000076293945,45.83000183105469,45.33000183105469,45.630001068115234,108143700,QQQ
2007-04-25,39.693599700927734,46.310001373291016,46.31999969482422,45.70000076293945,45.849998474121094,106818100,QQQ
2007-04-26,39.899295806884766,46.54999923706055,46.650001525878906,46.33000183105469,46.41999816894531,99308300,QQQ
2007-04-27,39.916439056396484,46.56999969482422,46.70000076293945,46.290000915527344,46.369998931884766,96536500,QQQ
2007-04-30,39.39360427856445,45.959999084472656,46.529998779296875,45.91999816894531,46.4900016784668,93290500,QQQ
2007-05-01,39.35929489135742,45.91999816894531,46.13999938964844,45.65999984741211,45.970001220703125,135044400,QQQ
2007-05-02,39.78787612915039,46.41999816894531,46.58000183105469,46.04999923706055,46.09000015258789,91971600,QQQ
2007-05-03,39.933589935302734,46.59000015258789,46.720001220703125,46.43000030517578,46.5099983215332,98003600,QQQ
2007-05-04,39.96787643432617,46.630001068115234,46.88999938964844,46.41999816894531,46.77000045776367,93591800,QQQ
2007-05-07,39.96787643432617,46.630001068115234,46.779998779296875,46.56999969482422,46.65999984741211,47487900,QQQ
2007-05-08,40.05356979370117,46.72999954223633,46.77000045776367,46.29999923706055,46.470001220703125,95138900,QQQ
2007-05-09,40.139312744140625,46.83000183105469,46.970001220703125,46.459999084472656,46.4900016784668,116021000,QQQ
2007-05-10,39.590736389160156,46.189998626708984,46.779998779296875,46.06999969482422,46.66999816894531,171196300,QQQ
2007-05-11,40.0964469909668,46.779998779296875,46.779998779296875,46.18000030517578,46.2400016784668,104767900,QQQ
2007-05-14,39.82215881347656,46.459999084472656,46.880001068115234,46.189998626708984,46.77000045776367,118899200,QQQ
2007-05-15,39.51360321044922,46.099998474121094,46.70000076293945,45.9900016784668,46.41999816894531,179438500,QQQ
2007-05-16,39.899295806884766,46.54999923706055,46.560001373291016,45.90999984741211,46.20000076293945,144420500,QQQ
2007-05-17,39.71074676513672,46.33000183105469,46.56999969482422,46.290000915527344,46.4900016784668,109869100,QQQ
2007-05-18,40.036441802978516,46.709999084472656,46.709999084472656,46.380001068115234,46.47999954223633,104961700,QQQ
2007-05-21,40.29359817504883,47.0099983215332,47.2400016784668,46.66999816894531,46.7400016784668,112831400,QQQ
2007-05-22,40.32786178588867,47.04999923706055,47.279998779296875,46.869998931884766,47.040000915527344,98029100,QQQ
2007-05-23,40.139312744140625,46.83000183105469,47.369998931884766,46.79999923706055,47.189998626708984,119220600,QQQ
2007-05-24,39.56501770019531,46.15999984741211,47.040000915527344,45.970001220703125,46.86000061035156,206268600,QQQ
2007-05-25,39.8135986328125,46.45000076293945,46.560001373291016,46.18000030517578,46.2599983215332,87143200,QQQ
2007-05-29,40.12215042114258,46.810001373291016,46.86000061035156,46.40999984741211,46.5,99702400,QQQ
2007-05-30,40.447872161865234,47.189998626708984,47.20000076293945,46.349998474121094,46.47999954223633,132036500,QQQ
2007-05-31,40.636436462402344,47.40999984741211,47.52000045776367,47.209999084472656,47.31999969482422,109457700,QQQ
2007-06-01,40.66214370727539,47.439998626708984,47.77000045776367,47.369998931884766,47.58000183105469,125089800,QQQ
2007-06-04,40.78214645385742,47.58000183105469,47.63999938964844,47.2400016784668,47.27000045776367,64782700,QQQ
2007-06-05,40.78214645385742,47.58000183105469,47.58000183105469,47.0,47.45000076293945,151160400,QQQ
2007-06-06,40.34500503540039,47.06999969482422,47.380001068115234,46.959999084472656,47.369998931884766,183166500,QQQ
2007-06-07,39.71929931640625,46.34000015258789,47.209999084472656,46.31999969482422,46.90999984741211,221373300,QQQ
2007-06-08,40.20786666870117,46.90999984741211,46.93000030517578,46.15999984741211,46.31999969482422,177587800,QQQ
2007-06-11,40.13072967529297,46.81999969482422,47.189998626708984,46.7599983215332,46.880001068115234,97100400,QQQ
2007-06-12,39.89073944091797,46.540000915527344,47.040000915527344,46.45000076293945,46.56999969482422,153967700,QQQ
2007-06-13,40.32786178588867,47.04999923706055,47.09000015258789,46.540000915527344,46.7400016784668,147985300,QQQ
2007-06-14,40.59356689453125,47.36000061035156,47.4900016784668,47.09000015258789,47.099998474121094,101531900,QQQ
2007-06-15,40.96845626831055,47.7599983215332,47.869998931884766,47.650001525878906,47.7599983215332,100378400,QQQ
2007-06-18,40.977027893066406,47.77000045776367,47.869998931884766,47.66999816894531,47.849998474121094,75713200,QQQ
2007-06-19,40.96845626831055,47.7599983215332,47.86000061035156,47.5099983215332,47.630001068115234,109621300,QQQ
2007-06-20,40.58243179321289,47.310001373291016,47.91999816894531,47.2400016784668,47.83000183105469,161889500,QQQ
2007-06-21,40.95127868652344,47.7400016784668,47.790000915527344,47.08000183105469,47.290000915527344,143181300,QQQ
2007-06-22,40.56525421142578,47.290000915527344,47.709999084472656,47.13999938964844,47.63999938964844,153328700,QQQ
2007-06-25,40.393699645996094,47.09000015258789,47.58000183105469,46.81999969482422,47.29999923706055,136602600,QQQ
2007-06-26,40.1620979309082,46.81999969482422,47.31999969482422,46.7400016784668,47.310001373291016,128211900,QQQ
2007-06-27,40.77971267700195,47.540000915527344,47.560001373291016,46.70000076293945,46.77000045776367,141196200,QQQ
2007-06-28,40.76258087158203,47.52000045776367,47.849998474121094,47.470001220703125,47.52000045776367,116546300,QQQ
2007-06-29,40.8311882019043,47.599998474121094,47.880001068115234,47.209999084472656,47.779998779296875,124794700,QQQ
2007-07-02,41.200035095214844,48.029998779296875,48.04999923706055,47.68000030517578,47.709999084472656,80863100,QQQ
2007-07-03,41.44023513793945,48.310001373291016,48.31999969482422,48.040000915527344,48.09000015258789,34803300,QQQ
2007-07-05,41.74046325683594,48.65999984741211,48.77000045776367,48.290000915527344,48.34000015258789,73588500,QQQ
2007-07-06,41.91201400756836,48.86000061035156,48.90999984741211,48.5,48.709999084472656,65804300,QQQ
2007-07-09,41.937747955322266,48.88999938964844,48.97999954223633,48.720001220703125,48.900001525878906,66768800,QQQ
2007-07-10,41.58603286743164,48.47999954223633,48.900001525878906,48.43000030517578,48.619998931884766,104383100,QQQ
2007-07-11,41.869136810302734,48.810001373291016,48.810001373291016,48.31999969482422,48.369998931884766,99637600,QQQ
2007-07-12,42.512489318847656,49.560001373291016,49.66999816894531,48.91999816894531,48.970001220703125,107667100,QQQ
2007-07-13,42.80413055419922,49.900001525878906,49.970001220703125,49.56999969482422,49.630001068115234,74232200,QQQ
2007-07-16,42.76123046875,49.849998474121094,50.08000183105469,49.7599983215332,49.88999938964844,77799500,QQQ
2007-07-17,43.087188720703125,50.22999954223633,50.29999923706055,49.91999816894531,49.959999084472656,124833700,QQQ
2007-07-18,43.03573226928711,50.16999816894531,50.16999816894531,49.63999938964844,49.95000076293945,144915900,QQQ
2007-07-19,43.16438674926758,50.31999969482422,50.65999984741211,50.310001373291016,50.40999984741211,116563800,QQQ
2007-07-20,42.93278503417969,50.04999923706055,50.36000061035156,49.7400016784668,50.290000915527344,163721300,QQQ
2007-07-23,42.949947357177734,50.06999969482422,50.310001373291016,49.91999816894531,50.220001220703125,107464100,QQQ
2007-07-24,42.3151741027832,49.33000183105469,50.099998474121094,49.04999923706055,49.70000076293945,175496200,QQQ
2007-07-25,42.375221252441406,49.400001525878906,49.66999816894531,49.060001373291016,49.58000183105469,170258700,QQQ
2007-07-26,42.01494598388672,48.97999954223633,49.470001220703125,48.04999923706055,49.060001373291016,318522000,QQQ
2007-07-27,41.16572952270508,47.9900016784668,49.119998931884766,47.9900016784668,48.88999938964844,246387600,QQQ
2007-07-30,41.646095275878906,48.54999923706055,48.72999954223633,47.95000076293945,48.220001220703125,166517200,QQQ
2007-07-31,40.77113342285156,47.529998779296875,48.9900016784668,47.43000030517578,48.970001220703125,260224500,QQQ
2007-08-01,41.088523864746094,47.900001525878906,47.93000030517578,46.97999954223633,47.38999938964844,301153900,QQQ
2007-08-02,41.465965270996094,48.34000015258789,48.43000030517578,47.790000915527344,47.93000030517578,177369900,QQQ
2007-08-03,40.676788330078125,47.41999816894531,48.310001373291016,47.150001525878906,48.25,166048400,QQQ
2007-08-06,41.14857864379883,47.970001220703125,48.02000045776367,47.029998779296875,47.470001220703125,190869100,QQQ
2007-08-07,41.44023513793945,48.310001373291016,48.619998931884766,47.47999954223633,47.880001068115234,167109700,QQQ
2007-08-08,41.89485168457031,48.84000015258789,49.060001373291016,48.400001525878906,48.5099983215332,164831200,QQQ
2007-08-09,40.92552947998047,47.709999084472656,48.970001220703125,47.689998626708984,48.189998626708984,242418200,QQQ
2007-08-10,40.556697845458984,47.279998779296875,47.83000183105469,46.630001068115234,47.20000076293945,247006400,QQQ
2007-08-13,40.8311882019043,47.599998474121094,47.880001068115234,47.47999954223633,47.68000030517578,116935100,QQQ
2007-08-14,40.13637924194336,46.790000915527344,47.7400016784668,46.72999954223633,47.70000076293945,153529800,QQQ
2007-08-15,39.372928619384766,45.900001525878906,47.09000015258789,45.810001373291016,46.68000030517578,214854100,QQQ
2007-08-16,38.986915588378906,45.45000076293945,45.90999984741211,44.38999938964844,45.529998779296875,362468700,QQQ
2007-08-17,39.72465133666992,46.310001373291016,46.59000015258789,45.59000015258789,46.310001373291016,223246600,QQQ
2007-08-20,39.9133415222168,46.529998779296875,46.720001220703125,46.08000183105469,46.4900016784668,144715100,QQQ
2007-08-21,40.33366012573242,47.02000045776367,47.130001068115234,46.38999938964844,46.47999954223633,115027200,QQQ
2007-08-22,40.882667541503906,47.65999984741211,47.70000076293945,47.27000045776367,47.380001068115234,115814100,QQQ
2007-08-23,40.77113342285156,47.529998779296875,47.849998474121094,47.22999954223633,47.790000915527344,118663400,QQQ
2007-08-24,41.345855712890625,48.20000076293945,48.22999954223633,47.31999969482422,47.380001068115234,88189200,QQQ
2007-08-27,41.071372985839844,47.880001068115234,48.20000076293945,47.84000015258789,48.060001373291016,72490400,QQQ
2007-08-28,40.09348678588867,46.7400016784668,47.70000076293945,46.709999084472656,47.599998474121094,106024800,QQQ
2007-08-29,41.24293899536133,48.08000183105469,48.119998931884766,47.04999923706055,47.04999923706055,113201000,QQQ
2007-08-30,41.457366943359375,48.33000183105469,48.7400016784668,47.75,47.83000183105469,138930000,QQQ
2007-08-31,41.92060089111328,48.869998931884766,49.060001373291016,48.61000061035156,48.86000061035156,94687200,QQQ
2007-09-04,42.61540222167969,49.68000030517578,50.0,48.90999984741211,48.93000030517578,98480900,QQQ
2007-09-05,42.18650817871094,49.18000030517578,49.650001525878906,48.869998931884766,49.560001373291016,114049300,QQQ
2007-09-06,42.15220260620117,49.13999938964844,49.36000061035156,48.810001373291016,49.22999954223633,99222600,QQQ
2007-09-07,41.37159729003906,48.22999954223633,48.599998474121094,47.95000076293945,48.529998779296875,152438000,QQQ
2007-09-10,41.345855712890625,48.20000076293945,48.75,47.810001373291016,48.619998931884766,125199400,QQQ
2007-09-11,41.972068786621094,48.93000030517578,48.9900016784668,48.43000030517578,48.5099983215332,103064500,QQQ
2007-09-12,41.980628967285156,48.939998626708984,49.369998931884766,48.779998779296875,48.84000015258789,93993400,QQQ
2007-09-13,42.18650817871094,49.18000030517578,49.349998474121094,48.939998626708984,49.290000915527344,80807500,QQQ
2007-09-14,42.2208137512207,49.220001220703125,49.310001373291016,48.72999954223633,48.79999923706055,99801200,QQQ
2007-09-17,41.869136810302734,48.810001373291016,49.099998474121094,48.59000015258789,49.0,84882300,QQQ
2007-09-18,42.924217224121094,50.040000915527344,50.08000183105469,48.83000183105469,49.09000015258789,151452100,QQQ
2007-09-19,43.03573226928711,50.16999816894531,50.59000015258789,49.97999954223633,50.290000915527344,127025800,QQQ
2007-09-20,42.91563034057617,50.029998779296875,50.2599983215332,49.91999816894531,50.060001373291016,109970600,QQQ
2007-09-21,43.22117614746094,50.36000061035156,50.52000045776367,50.0099983215332,50.279998779296875,86829500,QQQ
2007-09-24,43.41856384277344,50.59000015258789,50.959999084472656,50.33000183105469,50.4900016784668,107226800,QQQ
2007-09-25,43.83052444458008,51.06999969482422,51.06999969482422,50.36000061035156,50.41999816894531,101102200,QQQ
2007-09-26,44.04509353637695,51.31999969482422,51.5099983215332,51.119998931884766,51.36000061035156,96124600,QQQ
2007-09-27,44.26823425292969,51.58000183105469,51.650001525878906,51.36000061035156,51.619998931884766,73423200,QQQ
2007-09-28,44.12233352661133,51.40999984741211,51.68000030517578,51.18000030517578,51.540000915527344,75546000,QQQ
2007-10-01,44.62868881225586,52.0,52.15999984741211,51.380001068115234,51.45000076293945,100404100,QQQ
2007-10-02,44.63728332519531,52.0099983215332,52.060001373291016,51.720001220703125,52.040000915527344,71046000,QQQ
2007-10-03,44.328311920166016,51.650001525878906,52.06999969482422,51.5,51.84000015258789,106785000,QQQ
2007-10-04,44.43128967285156,51.77000045776367,51.83000183105469,51.34000015258789,51.75,84129300,QQQ
2007-10-05,45.33244323730469,52.81999969482422,52.900001525878906,52.060001373291016,52.16999816894531,115674700,QQQ
2007-10-08,45.61566925048828,53.150001525878906,53.15999984741211,52.709999084472656,52.79999923706055,63022400,QQQ
2007-10-09,45.81306838989258,53.380001068115234,53.45000076293945,53.029998779296875,53.27000045776367,93965600,QQQ
2007-10-10,45.924644470214844,53.5099983215332,53.56999969482422,53.209999084472656,53.38999938964844,91777500,QQQ
2007-10-11,45.19513702392578,52.65999984741211,53.939998626708984,52.279998779296875,53.790000915527344,239786700,QQQ
2007-10-12,45.94179153442383,53.529998779296875,53.540000915527344,52.79999923706055,52.900001525878906,131676000,QQQ
2007-10-15,45.58991622924805,53.119998931884766,53.709999084472656,52.70000076293945,53.61000061035156,121578700,QQQ
2007-10-16,45.3753776550293,52.869998931884766,53.279998779296875,52.68000030517578,52.790000915527344,193676600,QQQ
2007-10-17,45.95896911621094,53.54999923706055,53.65999984741211,52.68000030517578,53.619998931884766,183985200,QQQ
2007-10-18,46.1563606262207,53.779998779296875,53.88999938964844,53.119998931884766,53.33000183105469,144491200,QQQ
2007-10-19,45.00630569458008,52.439998626708984,53.77000045776367,52.38999938964844,53.77000045776367,245111500,QQQ
2007-10-22,45.54701614379883,53.06999969482422,53.119998931884766,52.02000045776367,52.15999984741211,207052100,QQQ
2007-10-23,46.49966812133789,54.18000030517578,54.209999084472656,53.34000015258789,53.61000061035156,162360600,QQQ
2007-10-24,46.14778518676758,53.77000045776367,53.939998626708984,52.599998474121094,53.7400016784668,298293400,QQQ
2007-10-25,45.52985763549805,53.04999923706055,53.97999954223633,52.75,53.88999938964844,233833100,QQQ
2007-10-26,46.28511047363281,53.93000030517578,54.20000076293945,53.439998626708984,54.08000183105469,146690300,QQQ
2007-10-29,46.47391891479492,54.150001525878906,54.33000183105469,53.84000015258789,54.189998626708984,101896600,QQQ
2007-10-30,46.56834030151367,54.2599983215332,54.560001373291016,53.900001525878906,53.939998626708984,114616600,QQQ
2007-10-31,47.229183197021484,55.029998779296875,55.06999969482422,54.040000915527344,54.470001220703125,148431900,QQQ
2007-11-01,46.34518814086914,54.0,54.77000045776367,53.970001220703125,54.68000030517578,181974200,QQQ
2007-11-02,46.70565414428711,54.41999816894531,54.54999923706055,53.599998474121094,54.41999816894531,217882900,QQQ
2007-11-05,46.40525436401367,54.06999969482422,54.400001525878906,53.59000015258789,53.86000061035156,150588900,QQQ
2007-11-06,46.92879104614258,54.68000030517578,54.689998626708984,53.779998779296875,54.33000183105469,131884700,QQQ
2007-11-07,45.78731155395508,53.349998474121094,54.58000183105469,53.310001373291016,54.220001220703125,197908200,QQQ
2007-11-08,44.396949768066406,51.72999954223633,53.33000183105469,50.79999923706055,53.13999938964844,380626400,QQQ
2007-11-09,42.91218566894531,50.0,51.119998931884766,50.0,50.72999954223633,309414900,QQQ
2007-11-12,41.822235107421875,48.72999954223633,50.2400016784668,48.650001525878906,49.91999816894531,283216000,QQQ
2007-11-13,43.54730987548828,50.7400016784668,50.790000915527344,49.349998474121094,49.38999938964844,255625900,QQQ
2007-11-14,42.98945617675781,50.09000015258789,51.439998626708984,49.900001525878906,51.38999938964844,263284100,QQQ
2007-11-15,42.75772476196289,49.81999969482422,50.540000915527344,49.369998931884766,50.0,251548800,QQQ
2007-11-16,43.15251541137695,50.279998779296875,50.4900016784668,49.34000015258789,50.15999984741211,263623700,QQQ
2007-11-19,42.65473175048828,49.70000076293945,50.45000076293945,49.40999984741211,50.15999984741211,198651100,QQQ
2007-11-20,42.826385498046875,49.900001525878906,50.779998779296875,48.93000030517578,49.959999084472656,300763600,QQQ
2007-11-21,42.32001876831055,49.310001373291016,50.16999816894531,48.849998474121094,49.45000076293945,212225400,QQQ
2007-11-23,42.774898529052734,49.84000015258789,49.970001220703125,49.369998931884766,49.630001068115234,46463300,QQQ
2007-11-26,42.03678894042969,48.97999954223633,50.369998931884766,48.900001525878906,49.970001220703125,150352100,QQQ
2007-11-27,42.87788391113281,49.959999084472656,50.04999923706055,49.099998474121094,49.400001525878906,211369300,QQQ
2007-11-28,44.18242263793945,51.47999954223633,51.70000076293945,50.599998474121094,50.630001068115234,216868100,QQQ
2007-11-29,44.3712158203125,51.70000076293945,51.88999938964844,51.20000076293945,51.279998779296875,172087300,QQQ
2007-11-30,44.0365104675293,51.310001373291016,52.25,50.95000076293945,52.209999084472656,171417400,QQQ
2007-12-03,43.66745376586914,50.880001068115234,51.529998779296875,50.81999969482422,51.09000015258789,108625700,QQQ
2007-12-04,43.48722839355469,50.66999816894531,50.939998626708984,50.380001068115234,50.4900016784668,113374100,QQQ
2007-12-05,44.26823425292969,51.58000183105469,52.0,51.15999984741211,51.20000076293945,137614200,QQQ
2007-12-06,44.90333938598633,52.31999969482422,52.369998931884766,51.61000061035156,51.630001068115234,99724500,QQQ
2007-12-07,44.91189956665039,52.33000183105469,52.540000915527344,52.08000183105469,52.290000915527344,88992300,QQQ
2007-12-10,45.09212112426758,52.540000915527344,52.689998626708984,52.31999969482422,52.459999084472656,75657900,QQQ
2007-12-11,44.04509353637695,51.31999969482422,52.84000015258789,51.209999084472656,52.619998931884766,167064300,QQQ
2007-12-12,44.439857482910156,51.779998779296875,52.43000030517578,50.88999938964844,52.25,162975200,QQQ
2007-12-13,44.19956970214844,51.5,51.630001068115234,50.97999954223633,51.33000183105469,153476200,QQQ
2007-12-14,43.74471664428711,50.970001220703125,51.599998474121094,50.91999816894531,51.09000015258789,128396700,QQQ
2007-12-17,42.68048095703125,49.72999954223633,50.9900016784668,49.709999084472656,50.779998779296875,134377000,QQQ
2007-12-18,42.817779541015625,49.88999938964844,50.27000045776367,49.18000030517578,50.2400016784668,154251700,QQQ
2007-12-19,42.80921936035156,49.880001068115234,50.20000076293945,49.61000061035156,49.88999938964844,137970900,QQQ
2007-12-20,43.68461990356445,50.900001525878906,50.959999084472656,50.20000076293945,50.619998931884766,167341700,QQQ
2007-12-21,44.54633331298828,51.849998474121094,51.900001525878906,51.47999954223633,51.68000030517578,107573500,QQQ
2007-12-24,44.881404876708984,52.2400016784668,52.400001525878906,51.95000076293945,52.0099983215332,34499800,QQQ
2007-12-26,45.104774475097656,52.5,52.630001068115234,52.0,52.130001068115234,58492100,QQQ
2007-12-27,44.56352233886719,51.869998931884766,52.5,51.709999084472656,52.33000183105469,65778900,QQQ
2007-12-28,44.52056121826172,51.81999969482422,52.15999984741211,51.43000030517578,52.040000915527344,67545400,QQQ
2007-12-31,44.00508117675781,51.220001220703125,51.68000030517578,51.209999084472656,51.56999969482422,70135600,QQQ
2008-01-02,43.30917739868164,50.40999984741211,51.470001220703125,50.130001068115234,51.27000045776367,152344100,QQQ
2008-01-03,43.48958969116211,50.619998931884766,50.7599983215332,50.150001525878906,50.40999984741211,114103700,QQQ
2008-01-04,41.582313537597656,48.400001525878906,49.83000183105469,48.209999084472656,49.810001373291016,212617600,QQQ
2008-01-07,41.384700775146484,48.16999816894531,48.599998474121094,47.43000030517578,48.400001525878906,235083600,QQQ
2008-01-08,40.31079864501953,46.91999816894531,48.7599983215332,46.91999816894531,48.27000045776367,261669800,QQQ
2008-01-09,41.169918060302734,47.91999816894531,47.959999084472656,46.459999084472656,47.11000061035156,254011800,QQQ
2008-01-10,41.23006057739258,47.9900016784668,48.40999984741211,47.290000915527344,47.43000030517578,249958500,QQQ
2008-01-11,40.4224739074707,47.04999923706055,47.77000045776367,46.70000076293945,47.72999954223633,211685200,QQQ
2008-01-14,41.126976013183594,47.869998931884766,48.0099983215332,47.310001373291016,47.689998626708984,168048500,QQQ
2008-01-15,39.99290084838867,46.54999923706055,47.52000045776367,46.349998474121094,47.369998931884766,241094900,QQQ
2008-01-16,39.5633430480957,46.04999923706055,46.90999984741211,45.459999084472656,46.189998626708984,265625900,QQQ
2008-01-17,39.013492584228516,45.40999984741211,46.58000183105469,45.20000076293945,46.2400016784668,254098800,QQQ
2008-01-18,38.961936950683594,45.349998474121094,46.13999938964844,44.97999954223633,45.63999938964844,273063300,QQQ
2008-01-22,37.956748962402344,44.18000030517578,44.77000045776367,42.72999954223633,42.83000183105469,325732000,QQQ
2008-01-23,37.810691833496094,44.0099983215332,44.150001525878906,41.61000061035156,42.540000915527344,390129000,QQQ
2008-01-24,38.58391189575195,44.90999984741211,44.93000030517578,44.060001373291016,44.189998626708984,250249100,QQQ
2008-01-25,37.79351806640625,43.9900016784668,45.869998931884766,43.939998626708984,45.869998931884766,199299100,QQQ
2008-01-28,38.08562469482422,44.33000183105469,44.439998626708984,43.56999969482422,44.02000045776367,163711200,QQQ
2008-01-29,38.15434265136719,44.40999984741211,44.68000030517578,44.040000915527344,44.560001373291016,138520000,QQQ
2008-01-30,38.1199836730957,44.369998931884766,45.31999969482422,44.18000030517578,44.25,220824400,QQQ
2008-01-31,38.77293014526367,45.130001068115234,45.59000015258789,43.81999969482422,43.869998931884766,246824100,QQQ
2008-02-01,39.16812515258789,45.59000015258789,45.880001068115234,44.880001068115234,45.5,161920300,QQQ
2008-02-04,38.6182861328125,44.95000076293945,45.61000061035156,44.939998626708984,45.58000183105469,100209900,QQQ
2008-02-05,37.51858139038086,43.66999816894531,44.599998474121094,43.63999938964844,44.16999816894531,188990400,QQQ
2008-02-06,36.779720306396484,42.810001373291016,44.16999816894531,42.77000045776367,43.91999816894531,178285000,QQQ
2008-02-07,37.037452697753906,43.11000061035156,43.790000915527344,42.150001525878906,42.33000183105469,286254800,QQQ
2008-02-08,37.458457946777344,43.599998474121094,43.77000045776367,42.939998626708984,43.20000076293945,173781300,QQQ
2008-02-11,37.86223602294922,44.06999969482422,44.220001220703125,43.540000915527344,43.77000045776367,119562300,QQQ
2008-02-12,37.64744186401367,43.81999969482422,44.68000030517578,43.5099983215332,44.34000015258789,145412400,QQQ
2008-02-13,38.47222900390625,44.779998779296875,44.880001068115234,44.15999984741211,44.38999938964844,148685900,QQQ
2008-02-14,37.77633285522461,43.970001220703125,44.849998474121094,43.88999938964844,44.849998474121094,170868900,QQQ
2008-02-15,37.64744186401367,43.81999969482422,43.97999954223633,43.45000076293945,43.72999954223633,100053300,QQQ
2008-02-19,37.578739166259766,43.7400016784668,44.5,43.27000045776367,44.400001525878906,110507600,QQQ
2008-02-20,37.75056076049805,43.939998626708984,44.09000015258789,43.2400016784668,43.2599983215332,137338800,QQQ
2008-02-21,37.389713287353516,43.52000045776367,44.470001220703125,43.34000015258789,44.36000061035156,127857000,QQQ
2008-02-22,37.52717208862305,43.68000030517578,43.689998626708984,42.599998474121094,43.66999816894531,157364700,QQQ
2008-02-25,37.7161750793457,43.900001525878906,44.06999969482422,43.34000015258789,43.630001068115234,121444300,QQQ
2008-02-26,37.86223602294922,44.06999969482422,44.47999954223633,43.369998931884766,43.650001525878906,148375900,QQQ
2008-02-27,38.05126190185547,44.290000915527344,44.459999084472656,43.66999816894531,43.77000045776367,125682600,QQQ
2008-02-28,37.905189514160156,44.119998931884766,44.529998779296875,43.95000076293945,44.119998931884766,129196700,QQQ
2008-02-29,36.89998245239258,42.95000076293945,43.77000045776367,42.849998474121094,43.650001525878906,188724500,QQQ
2008-03-03,36.659427642822266,42.66999816894531,42.9900016784668,42.2400016784668,42.91999816894531,132963800,QQQ
2008-03-04,36.86564636230469,42.90999984741211,43.040000915527344,42.02000045776367,42.400001525878906,183851000,QQQ
2008-03-05,37.04607009887695,43.119998931884766,43.540000915527344,42.75,42.9900016784668,183208300,QQQ
2008-03-06,36.22987747192383,42.16999816894531,43.27000045776367,42.099998474121094,43.09000015258789,152752200,QQQ
2008-03-07,36.14395523071289,42.06999969482422,42.63999938964844,41.380001068115234,41.91999816894531,242552400,QQQ
2008-03-10,35.44805908203125,41.2599983215332,42.13999938964844,41.16999816894531,42.0099983215332,146801900,QQQ
2008-03-11,36.79690933227539,42.83000183105469,42.849998474121094,41.5099983215332,41.86000061035156,196755300,QQQ
2008-03-12,36.69379425048828,42.709999084472656,43.439998626708984,42.599998474121094,43.0,155566100,QQQ
2008-03-13,36.97734451293945,43.040000915527344,43.33000183105469,41.810001373291016,42.22999954223633,208967900,QQQ
2008-03-14,36.29861831665039,42.25,43.380001068115234,41.7400016784668,43.33000183105469,309589800,QQQ
2008-03-17,35.6370735168457,41.47999954223633,42.0099983215332,41.04999923706055,41.290000915527344,193130600,QQQ
2008-03-18,37.22649002075195,43.33000183105469,43.34000015258789,42.11000061035156,42.2400016784668,216300400,QQQ
2008-03-19,36.30720138549805,42.2599983215332,43.599998474121094,42.22999954223633,43.5099983215332,216157200,QQQ
2008-03-20,37.04922866821289,43.09000015258789,43.099998474121094,42.099998474121094,42.349998474121094,128397000,QQQ
2008-03-24,38.33034133911133,44.58000183105469,44.7599983215332,43.279998779296875,43.279998779296875,125018000,QQQ
2008-03-25,38.545284271240234,44.83000183105469,45.06999969482422,44.279998779296875,44.70000076293945,118107500,QQQ
2008-03-26,38.43349838256836,44.70000076293945,44.849998474121094,44.279998779296875,44.66999816894531,124824600,QQQ
2008-03-27,37.582313537597656,43.709999084472656,44.5099983215332,43.709999084472656,44.439998626708984,143868600,QQQ
2008-03-28,37.39313888549805,43.4900016784668,44.34000015258789,43.33000183105469,44.02000045776367,111822300,QQQ
2008-03-31,37.59090805053711,43.720001220703125,44.02000045776367,43.45000076293945,43.650001525878906,113644800,QQQ
2008-04-01,39.198753356933594,45.59000015258789,45.61000061035156,44.40999984741211,44.41999816894531,137494400,QQQ
2008-04-02,39.112762451171875,45.4900016784668,46.02000045776367,45.16999816894531,45.70000076293945,132486800,QQQ
2008-04-03,39.198753356933594,45.59000015258789,45.90999984741211,45.13999938964844,45.290000915527344,140033800,QQQ
2008-04-04,39.43087387084961,45.86000061035156,46.349998474121094,45.400001525878906,45.77000045776367,139261000,QQQ
2008-04-07,39.344913482666016,45.7599983215332,46.40999984741211,45.650001525878906,46.13999938964844,102297100,QQQ
2008-04-08,39.04398727416992,45.40999984741211,45.720001220703125,45.18000030517578,45.40999984741211,97435200,QQQ
2008-04-09,38.60547637939453,44.900001525878906,45.4900016784668,44.630001068115234,45.470001220703125,127182300,QQQ
2008-04-10,39.15575408935547,45.540000915527344,45.84000015258789,44.93000030517578,44.93000030517578,112773800,QQQ
2008-04-11,38.07240676879883,44.279998779296875,45.099998474121094,44.119998931884766,45.02000045776367,120135400,QQQ
2008-04-14,37.90041732788086,44.08000183105469,44.47999954223633,43.95000076293945,44.209999084472656,89274600,QQQ
2008-04-15,37.95201110839844,44.13999938964844,44.349998474121094,43.68000030517578,44.2400016784668,124232300,QQQ
2008-04-16,39.009578704833984,45.369998931884766,45.47999954223633,44.650001525878906,44.689998626708984,134027900,QQQ
2008-04-17,38.923587799072266,45.27000045776367,45.470001220703125,44.97999954223633,45.41999816894531,124953100,QQQ
2008-04-18,40.161712646484375,46.709999084472656,46.93000030517578,46.220001220703125,46.470001220703125,133022500,QQQ
2008-04-21,40.44544982910156,47.040000915527344,47.08000183105469,46.4900016784668,46.619998931884766,83303200,QQQ
2008-04-22,39.84359359741211,46.34000015258789,46.77000045776367,45.93000030517578,46.75,104689600,QQQ
2008-04-23,40.28209686279297,46.849998474121094,47.060001373291016,46.27000045776367,46.68000030517578,131086200,QQQ
2008-04-24,40.64320755004883,47.27000045776367,47.790000915527344,46.38999938964844,46.869998931884766,166509000,QQQ
2008-04-25,40.540069580078125,47.150001525878906,47.349998474121094,46.56999969482422,47.31999969482422,121945400,QQQ
2008-04-28,40.61741256713867,47.2400016784668,47.619998931884766,47.130001068115234,47.2599983215332,71244000,QQQ
2008-04-29,40.926971435546875,47.599998474121094,47.7599983215332,47.060001373291016,47.150001525878906,91270600,QQQ
2008-04-30,40.59163284301758,47.209999084472656,48.060001373291016,47.029998779296875,47.70000076293945,132152700,QQQ
2008-05-01,41.87275314331055,48.70000076293945,48.720001220703125,47.220001220703125,47.22999954223633,143596900,QQQ
2008-05-02,41.93292236328125,48.77000045776367,49.189998626708984,48.34000015258789,49.15999984741211,124990000,QQQ
2008-05-05,41.81256866455078,48.630001068115234,49.029998779296875,48.400001525878906,48.77000045776367,75624700,QQQ
2008-05-06,42.070499420166016,48.93000030517578,49.130001068115234,48.13999938964844,48.4900016784668,139582600,QQQ
2008-05-07,41.30526351928711,48.040000915527344,49.22999954223633,47.869998931884766,48.939998626708984,140008300,QQQ
2008-05-08,41.61479949951172,48.400001525878906,48.70000076293945,48.060001373291016,48.2400016784668,128058700,QQQ
2008-05-09,41.45143127441406,48.209999084472656,48.459999084472656,47.900001525878906,48.040000915527344,97062000,QQQ
2008-05-12,42.208091735839844,49.09000015258789,49.189998626708984,48.20000076293945,48.279998779296875,89606500,QQQ
2008-05-13,42.31985855102539,49.220001220703125,49.33000183105469,48.7599983215332,49.11000061035156,85448100,QQQ
2008-05-14,42.225284576416016,49.11000061035156,49.93000030517578,49.040000915527344,49.40999984741211,143598200,QQQ
2008-05-15,42.9647102355957,49.970001220703125,50.02000045776367,48.97999954223633,49.119998931884766,157248900,QQQ
2008-05-16,42.999107360839844,50.0099983215332,50.11000061035156,49.45000076293945,50.06999969482422,146563200,QQQ
2008-05-19,42.689571380615234,49.650001525878906,50.470001220703125,49.34000015258789,50.04999923706055,140048700,QQQ
2008-05-20,42.36283493041992,49.27000045776367,49.470001220703125,48.88999938964844,49.470001220703125,137163700,QQQ
2008-05-21,41.425636291503906,48.18000030517578,49.599998474121094,48.02000045776367,49.33000183105469,192806700,QQQ
2008-05-22,41.57181167602539,48.349998474121094,48.689998626708984,48.11000061035156,48.29999923706055,153198200,QQQ
2008-05-23,41.442848205566406,48.20000076293945,48.349998474121094,47.81999969482422,48.18000030517578,121698400,QQQ
2008-05-27,42.1737060546875,49.04999923706055,49.11000061035156,48.290000915527344,48.29999923706055,106984300,QQQ
2008-05-28,42.34564208984375,49.25,49.36000061035156,48.75,49.279998779296875,121363000,QQQ
2008-05-29,42.723960876464844,49.689998626708984,49.970001220703125,49.25,49.279998779296875,143993000,QQQ
2008-05-30,42.999107360839844,50.0099983215332,50.2400016784668,49.75,49.880001068115234,94153600,QQQ
2008-06-02,42.4746208190918,49.400001525878906,49.91999816894531,48.959999084472656,49.91999816894531,144359900,QQQ
2008-06-03,42.242454528808594,49.130001068115234,49.900001525878906,48.66999816894531,49.59000015258789,167606900,QQQ
2008-06-04,42.784149169921875,49.7599983215332,50.099998474121094,48.939998626708984,48.97999954223633,174870800,QQQ
2008-06-05,43.463382720947266,50.54999923706055,50.61000061035156,49.70000076293945,49.88999938964844,126653700,QQQ
2008-06-06,42.15646743774414,49.029998779296875,50.209999084472656,49.02000045776367,50.11000061035156,189136000,QQQ
2008-06-09,41.93292236328125,48.77000045776367,49.189998626708984,47.95000076293945,49.130001068115234,208897300,QQQ
2008-06-10,41.73517608642578,48.540000915527344,48.939998626708984,48.15999984741211,48.27000045776367,162798500,QQQ
2008-06-11,40.72920608520508,47.369998931884766,48.52000045776367,47.349998474121094,48.439998626708984,170366900,QQQ
2008-06-12,40.77219772338867,47.41999816894531,48.11000061035156,47.0,47.709999084472656,189913200,QQQ
2008-06-13,41.589012145996094,48.369998931884766,48.470001220703125,47.459999084472656,47.709999084472656,167855000,QQQ
2008-06-16,41.958736419677734,48.79999923706055,49.02000045776367,48.06999969482422,48.119998931884766,136343900,QQQ
2008-06-17,41.73517608642578,48.540000915527344,49.060001373291016,48.470001220703125,48.95000076293945,122932000,QQQ
2008-06-18,41.28807830810547,48.02000045776367,48.45000076293945,47.83000183105469,48.2599983215332,169338100,QQQ
2008-06-19,41.93292236328125,48.77000045776367,49.0099983215332,47.61000061035156,47.93000030517578,221304200,QQQ
2008-06-20,40.800628662109375,47.41999816894531,48.349998474121094,47.209999084472656,48.33000183105469,197434200,QQQ
2008-06-23,40.482303619384766,47.04999923706055,47.7400016784668,46.97999954223633,47.61000061035156,131488800,QQQ
2008-06-24,40.27577590942383,46.810001373291016,47.369998931884766,46.40999984741211,46.83000183105469,178293800,QQQ
2008-06-25,40.92969512939453,47.56999969482422,48.0,46.939998626708984,47.0099983215332,179023400,QQQ
2008-06-26,39.27772521972656,45.650001525878906,46.70000076293945,45.63999938964844,46.689998626708984,190028300,QQQ
2008-06-27,39.27772521972656,45.650001525878906,45.900001525878906,44.970001220703125,45.599998474121094,181351800,QQQ
2008-06-30,38.864715576171875,45.16999816894531,45.83000183105469,45.150001525878906,45.5099983215332,132912400,QQQ
2008-07-01,39.415374755859375,45.810001373291016,45.86000061035156,44.68000030517578,44.810001373291016,245494300,QQQ
2008-07-02,38.468936920166016,44.709999084472656,46.130001068115234,44.63999938964844,45.95000076293945,199576400,QQQ
2008-07-03,38.40010070800781,44.630001068115234,45.08000183105469,44.279998779296875,44.97999954223633,123118300,QQQ
2008-07-07,38.63240432739258,44.900001525878906,45.459999084472656,44.2400016784668,45.040000915527344,181011300,QQQ
2008-07-08,39.553043365478516,45.970001220703125,46.0099983215332,44.77000045776367,44.95000076293945,206151200,QQQ
2008-07-09,38.50334167480469,44.75,46.029998779296875,44.72999954223633,45.959999084472656,168500300,QQQ
2008-07-10,38.95936965942383,45.279998779296875,45.41999816894531,44.380001068115234,44.81999969482422,238811500,QQQ
2008-07-11,38.33987045288086,44.560001373291016,45.27000045776367,43.849998474121094,44.810001373291016,265514700,QQQ
2008-07-14,38.0559196472168,44.22999954223633,45.18000030517578,44.06999969482422,45.13999938964844,177389800,QQQ
2008-07-15,38.06453323364258,44.2400016784668,44.93000030517578,43.29999923706055,44.0099983215332,283891100,QQQ
2008-07-16,39.01100540161133,45.34000015258789,45.380001068115234,43.91999816894531,44.36000061035156,186047800,QQQ
2008-07-17,39.26911163330078,45.63999938964844,45.81999969482422,44.97999954223633,45.61000061035156,197555100,QQQ
2008-07-18,38.36568832397461,44.59000015258789,45.16999816894531,44.59000015258789,45.13999938964844,160661000,QQQ
2008-07-21,38.52915954589844,44.779998779296875,45.189998626708984,44.4900016784668,45.0,128107800,QQQ
2008-07-22,38.52915954589844,44.779998779296875,44.810001373291016,43.86000061035156,44.029998779296875,152524500,QQQ
2008-07-23,39.036800384521484,45.369998931884766,45.88999938964844,44.720001220703125,44.849998474121094,169259100,QQQ
2008-07-24,38.451725006103516,44.689998626708984,45.61000061035156,44.650001525878906,45.58000183105469,145561000,QQQ
2008-07-25,38.950748443603516,45.27000045776367,45.47999954223633,44.7599983215332,44.97999954223633,111616700,QQQ
2008-07-28,38.219398498535156,44.41999816894531,45.52000045776367,44.209999084472656,45.2599983215332,124028500,QQQ
2008-07-29,39.01100540161133,45.34000015258789,45.540000915527344,44.56999969482422,44.61000061035156,142290900,QQQ
2008-07-30,39.20888137817383,45.56999969482422,45.81999969482422,44.880001068115234,45.470001220703125,165679900,QQQ
2008-07-31,39.11423110961914,45.459999084472656,46.150001525878906,45.02000045776367,45.119998931884766,180473100,QQQ
2008-08-01,38.61520004272461,44.880001068115234,45.54999923706055,44.400001525878906,45.5099983215332,180350400,QQQ
2008-08-04,38.22801208496094,44.43000030517578,44.91999816894531,44.29999923706055,44.869998931884766,116298000,QQQ
2008-08-05,39.51863479614258,45.93000030517578,45.970001220703125,44.84000015258789,44.88999938964844,151657400,QQQ
2008-08-06,40.120933532714844,46.630001068115234,46.810001373291016,45.58000183105469,45.95000076293945,133463700,QQQ
2008-08-07,39.811161041259766,46.27000045776367,46.849998474121094,46.08000183105469,46.349998474121094,152805800,QQQ
2008-08-08,40.714595794677734,47.31999969482422,47.439998626708984,46.150001525878906,46.2400016784668,143121500,QQQ
2008-08-11,41.08457946777344,47.75,48.279998779296875,47.13999938964844,47.29999923706055,157290100,QQQ
2008-08-12,41.12759780883789,47.79999923706055,48.15999984741211,47.5099983215332,47.7400016784668,140549300,QQQ
2008-08-13,41.04155731201172,47.70000076293945,48.119998931884766,47.25,47.720001220703125,169652100,QQQ
2008-08-14,41.51478958129883,48.25,48.459999084472656,47.4900016784668,47.540000915527344,158069200,QQQ
2008-08-15,41.437339782714844,48.15999984741211,48.56999969482422,47.959999084472656,48.33000183105469,123115900,QQQ
2008-08-18,40.95552062988281,47.599998474121094,48.310001373291016,47.2599983215332,48.29999923706055,151399100,QQQ
2008-08-19,40.447872161865234,47.0099983215332,47.59000015258789,46.75,47.36000061035156,155410600,QQQ
2008-08-20,40.51670455932617,47.09000015258789,47.560001373291016,46.7400016784668,47.34000015258789,155466700,QQQ
2008-08-21,40.32741928100586,46.869998931884766,47.08000183105469,46.380001068115234,46.7400016784668,118916200,QQQ
2008-08-22,40.86085891723633,47.4900016784668,47.68000030517578,47.08000183105469,47.119998931884766,96515500,QQQ
2008-08-25,40.00046920776367,46.4900016784668,47.209999084472656,46.369998931884766,47.15999984741211,128076500,QQQ
2008-08-26,39.94881820678711,46.43000030517578,46.77000045776367,46.119998931884766,46.52000045776367,107225500,QQQ
2008-08-27,40.206932067871094,46.72999954223633,47.09000015258789,46.290000915527344,46.45000076293945,108489900,QQQ
2008-08-28,40.533912658691406,47.11000061035156,47.279998779296875,46.83000183105469,46.91999816894531,112808600,QQQ
2008-08-29,39.68211364746094,46.119998931884766,47.119998931884766,45.91999816894531,46.61000061035156,133184300,QQQ
2008-09-02,39.19166946411133,45.54999923706055,47.08000183105469,45.34000015258789,46.869998931884766,162277500,QQQ
2008-09-03,38.82168197631836,45.119998931884766,45.63999938964844,44.790000915527344,45.45000076293945,161682900,QQQ
2008-09-04,37.56549835205078,43.65999984741211,44.90999984741211,43.65999984741211,44.86000061035156,219004700,QQQ
2008-09-05,37.38483428955078,43.45000076293945,43.779998779296875,42.810001373291016,43.279998779296875,247977500,QQQ
2008-09-08,37.31597900390625,43.369998931884766,44.220001220703125,42.68000030517578,44.02000045776367,311065100,QQQ
2008-09-09,36.52440643310547,42.45000076293945,43.790000915527344,42.349998474121094,43.349998474121094,214180600,QQQ
2008-09-10,36.8255500793457,42.79999923706055,43.18000030517578,42.45000076293945,42.86000061035156,160658100,QQQ
2008-09-11,37.513885498046875,43.599998474121094,43.689998626708984,42.16999816894531,42.20000076293945,203398200,QQQ
2008-09-12,37.36760330200195,43.43000030517578,43.709999084472656,42.900001525878906,43.22999954223633,172094300,QQQ
2008-09-15,36.20604705810547,42.08000183105469,43.290000915527344,42.029998779296875,42.400001525878906,616772300,QQQ
2008-09-16,36.48997497558594,42.40999984741211,42.84000015258789,41.43000030517578,41.47999954223633,349506500,QQQ
2008-09-17,34.59707260131836,40.209999084472656,42.41999816894531,40.189998626708984,41.869998931884766,340088000,QQQ
2008-09-18,35.767250061035156,41.56999969482422,41.970001220703125,39.5,41.099998474121094,423934000,QQQ
2008-09-19,36.93647003173828,42.900001525878906,43.83000183105469,42.099998474121094,43.77000045776367,263394000,QQQ
2008-09-22,35.197265625,40.880001068115234,42.84000015258789,40.79999923706055,42.7400016784668,164698200,QQQ
2008-09-23,34.930362701416016,40.56999969482422,41.75,40.439998626708984,41.20000076293945,184011200,QQQ
2008-09-24,35.17143249511719,40.849998474121094,41.2599983215332,40.52000045776367,40.810001373291016,159270800,QQQ
2008-09-25,35.731075286865234,41.5,42.02000045776367,41.029998779296875,41.22999954223633,148586800,QQQ
2008-09-26,35.36946487426758,41.08000183105469,41.4900016784668,40.220001220703125,40.310001373291016,182678600,QQQ
2008-09-29,32.562660217285156,37.81999969482422,40.380001068115234,37.18000030517578,40.2599983215332,307954400,QQQ
2008-09-30,33.50110626220703,38.90999984741211,39.29999923706055,37.599998474121094,37.720001220703125,195436700,QQQ
2008-10-01,33.14811706542969,38.5,38.970001220703125,38.029998779296875,38.84000015258789,174033300,QQQ
2008-10-02,31.64137077331543,36.75,38.25,36.63999938964844,38.25,192124000,QQQ
2008-10-03,31.150609970092773,36.18000030517578,38.18000030517578,36.099998474121094,37.2599983215332,272116100,QQQ
2008-10-06,30.01410484313965,34.86000061035156,35.529998779296875,32.90999984741211,35.2599983215332,394046600,QQQ
2008-10-07,28.111328125,32.650001525878906,35.20000076293945,32.27000045776367,35.13999938964844,329365700,QQQ
2008-10-08,27.887468338012695,32.38999938964844,34.119998931884766,31.84000015258789,31.950000762939453,452066500,QQQ
2008-10-09,27.138395309448242,31.520000457763672,33.68000030517578,30.969999313354492,33.150001525878906,352433900,QQQ
2008-10-10,26.966197967529297,31.31999969482422,32.47999954223633,29.3799991607666,30.520000457763672,472339100,QQQ
2008-10-13,30.24656867980957,35.130001068115234,35.25,32.400001525878906,32.86000061035156,276998700,QQQ
2008-10-14,28.937868118286133,33.61000061035156,36.150001525878906,33.189998626708984,36.150001525878906,341595900,QQQ
2008-10-15,26.34627914428711,30.600000381469727,33.349998474121094,30.540000915527344,33.22999954223633,312088500,QQQ
2008-10-16,27.77553367614746,32.2599983215332,32.27000045776367,29.25,30.809999465942383,494783500,QQQ
2008-10-17,27.809968948364258,32.29999923706055,33.650001525878906,31.40999984741211,31.670000076293945,326571300,QQQ
2008-10-20,28.584875106811523,33.20000076293945,33.2599983215332,31.700000762939453,32.7599983215332,232783400,QQQ
2008-10-21,27.103961944580078,31.479999542236328,33.2599983215332,31.479999542236328,32.65999984741211,239932400,QQQ
2008-10-22,26.354900360107422,30.610000610351562,31.600000381469727,29.709999084472656,31.3700008392334,289993600,QQQ
2008-10-23,26.25157928466797,30.489999771118164,31.09000015258789,28.899999618530273,30.489999771118164,377966900,QQQ
2008-10-24,25.407804489135742,29.510000228881836,30.25,28.09000015258789,28.229999542236328,322129500,QQQ
2008-10-27,24.70180320739746,28.690000534057617,30.200000762939453,28.65999984741211,29.170000076293945,239302300,QQQ
2008-10-28,27.431137084960938,31.860000610351562,31.8799991607666,28.850000381469727,29.68000030517578,327239500,QQQ
2008-10-29,27.362262725830078,31.780000686645508,33.08000183105469,31.25,31.90999984741211,341316000,QQQ
2008-10-30,28.274913787841797,32.84000015258789,33.060001373291016,31.979999542236328,32.66999816894531,255292100,QQQ
2008-10-31,28.317956924438477,32.88999938964844,33.43000030517578,32.09000015258789,32.369998931884766,224261000,QQQ
2008-11-03,28.257692337036133,32.81999969482422,33.290000915527344,32.5099983215332,32.810001373291016,128455500,QQQ
2008-11-04,29.058406829833984,33.75,34.0099983215332,32.97999954223633,33.459999084472656,182487600,QQQ
2008-11-05,27.543060302734375,31.989999771118164,33.599998474121094,31.920000076293945,33.529998779296875,183893900,QQQ
2008-11-06,26.311843872070312,30.559999465942383,31.8700008392334,30.399999618530273,31.489999771118164,220677200,QQQ
2008-11-07,26.85427474975586,31.190000534057617,31.479999542236328,30.59000015258789,30.920000076293945,176946200,QQQ
2008-11-10,26.492658615112305,30.770000457763672,31.969999313354492,30.399999618530273,31.969999313354492,142584500,QQQ
2008-11-11,25.915790557861328,30.100000381469727,30.760000228881836,29.719999313354492,30.479999542236328,162869800,QQQ
2008-11-12,24.719017028808594,28.709999084472656,29.799999237060547,28.649999618530273,29.649999618530273,184946400,QQQ
2008-11-13,26.225751876831055,30.459999084472656,30.530000686645508,27.280000686645508,28.610000610351562,317943900,QQQ
2008-11-14,24.95148277282715,28.979999542236328,30.420000076293945,28.8700008392334,29.780000686645508,259407000,QQQ
2008-11-17,24.426280975341797,28.3700008392334,29.229999542236328,28.260000228881836,28.489999771118164,202835200,QQQ
2008-11-18,24.400449752807617,28.34000015258789,28.75,27.389999389648438,28.559999465942383,252661800,QQQ
2008-11-19,23.126184463500977,26.860000610351562,28.780000686645508,26.790000915527344,28.399999618530273,244180600,QQQ
2008-11-20,22.00690269470215,25.559999465942383,27.450000762939453,25.469999313354492,26.530000686645508,342472400,QQQ
2008-11-21,22.962602615356445,26.670000076293945,26.68000030517578,25.049999237060547,26.010000228881836,282746800,QQQ
2008-11-24,24.366012573242188,28.299999237060547,28.639999389648438,26.979999542236328,27.219999313354492,225058200,QQQ
2008-11-25,24.254085540771484,28.170000076293945,28.639999389648438,27.520000457763672,28.610000610351562,202968700,QQQ
2008-11-26,25.270048141479492,29.350000381469727,29.360000610351562,27.809999465942383,27.8799991607666,164912000,QQQ
2008-11-28,25.0720157623291,29.1200008392334,29.190000534057617,28.829999923706055,29.020000457763672,41238200,QQQ
2008-12-01,23.18645668029785,26.93000030517578,28.510000228881836,26.889999389648438,28.5,149161500,QQQ
2008-12-02,23.96134376525879,27.829999923706055,27.889999389648438,26.84000015258789,27.299999237060547,181743000,QQQ
2008-12-03,24.641525268554688,28.6200008392334,28.709999084472656,27.06999969482422,27.1299991607666,230944900,QQQ
2008-12-04,23.944128036499023,27.809999465942383,28.780000686645508,27.31999969482422,28.170000076293945,188868700,QQQ
2008-12-05,24.91703987121582,28.940000534057617,29.06999969482422,26.950000762939453,27.5,212283700,QQQ
2008-12-08,25.898576736450195,30.079999923706055,30.459999084472656,29.440000534057617,29.59000015258789,185782500,QQQ
2008-12-09,25.838300704956055,30.010000228881836,30.829999923706055,29.56999969482422,29.68000030517578,178148300,QQQ
2008-12-10,25.75221061706543,29.90999984741211,30.459999084472656,29.6200008392334,30.100000381469727,162335100,QQQ
2008-12-11,25.046201705932617,29.09000015258789,30.270000457763672,28.940000534057617,29.809999465942383,167161400,QQQ
2008-12-12,25.554180145263672,29.68000030517578,29.860000610351562,28.469999313354492,28.690000534057617,158600100,QQQ
2008-12-15,25.10645866394043,29.15999984741211,29.760000228881836,28.739999771118164,29.729999542236328,107887000,QQQ
2008-12-16,26.311843872070312,30.559999465942383,30.65999984741211,29.100000381469727,29.420000076293945,169300100,QQQ
2008-12-17,25.993276596069336,30.190000534057617,30.600000381469727,29.81999969482422,30.25,159813500,QQQ
2008-12-18,25.536956787109375,29.65999984741211,30.399999618530273,29.360000610351562,30.190000534057617,142656400,QQQ
2008-12-19,25.746479034423828,29.860000610351562,30.3700008392334,29.65999984741211,29.93000030517578,118308900,QQQ
2008-12-22,25.1860294342041,29.209999084472656,29.920000076293945,28.739999771118164,29.860000610351562,95379600,QQQ
2008-12-23,25.056682586669922,29.059999465942383,29.6200008392334,28.889999389648438,29.329999923706055,68764800,QQQ
2008-12-24,25.125675201416016,29.139999389648438,29.209999084472656,28.979999542236328,29.200000762939453,27194700,QQQ
2008-12-26,25.117050170898438,29.1299991607666,29.229999542236328,28.969999313354492,29.200000762939453,20937000,QQQ
2008-12-29,24.91010284423828,28.889999389648438,29.239999771118164,28.459999084472656,29.209999084472656,52688300,QQQ
2008-12-30,25.427457809448242,29.489999771118164,29.59000015258789,28.940000534057617,28.969999313354492,77089500,QQQ
2008-12-31,25.64301300048828,29.739999771118164,30.079999923706055,29.450000762939453,29.459999084472656,89189700,QQQ
2009-01-02,26.75530242919922,31.030000686645508,31.1299991607666,29.690000534057617,29.75,107891500,QQQ
2009-01-05,26.746686935424805,31.020000457763672,31.329999923706055,30.59000015258789,30.829999923706055,91751900,QQQ
2009-01-06,27.013973236083984,31.329999923706055,31.6299991607666,31.110000610351562,31.25,136791700,QQQ
2009-01-07,26.246583938598633,30.440000534057617,30.899999618530273,30.190000534057617,30.729999542236328,133879800,QQQ
2009-01-08,26.522497177124023,30.760000228881836,30.799999237060547,30.079999923706055,30.3799991607666,131926600,QQQ
2009-01-09,25.92755889892578,30.06999969482422,30.790000915527344,29.920000076293945,30.770000457763672,117137900,QQQ
2009-01-12,25.45332145690918,29.520000457763672,30.149999618530273,29.200000762939453,30.110000610351562,102726200,QQQ
2009-01-13,25.461944580078125,29.530000686645508,29.979999542236328,29.18000030517578,29.510000228881836,186266700,QQQ
2009-01-14,24.685922622680664,28.6299991607666,29.280000686645508,28.469999313354492,29.190000534057617,136294000,QQQ
2009-01-15,25.091176986694336,29.100000381469727,29.34000015258789,28.06999969482422,28.56999969482422,192567200,QQQ
2009-01-16,25.367097854614258,29.420000076293945,29.600000381469727,28.700000762939453,29.5,175478100,QQQ
2009-01-20,24.108226776123047,27.959999084472656,29.43000030517578,27.959999084472656,29.299999237060547,135105800,QQQ
2009-01-21,25.134296417236328,29.149999618530273,29.190000534057617,28.100000381469727,28.43000030517578,149179600,QQQ
2009-01-22,24.798017501831055,28.760000228881836,29.229999542236328,28.260000228881836,28.520000457763672,200602700,QQQ
2009-01-23,24.91872787475586,28.899999618530273,29.350000381469727,28.139999389648438,28.290000915527344,170164100,QQQ
2009-01-26,25.09981346130371,29.110000610351562,29.59000015258789,28.75,28.940000534057617,140398700,QQQ
2009-01-27,25.28087615966797,29.31999969482422,29.56999969482422,29.1200008392334,29.1200008392334,110591300,QQQ
2009-01-28,26.168977737426758,30.350000381469727,30.649999618530273,29.809999465942383,29.809999465942383,139722800,QQQ
2009-01-29,25.50505256652832,29.579999923706055,30.399999618530273,29.479999542236328,29.979999542236328,130731800,QQQ
2009-01-30,25.056682586669922,29.059999465942383,29.93000030517578,28.940000534057617,29.799999237060547,140334200,QQQ
2009-02-02,25.358476638793945,29.40999984741211,29.610000610351562,28.739999771118164,28.780000686645508,126796100,QQQ
2009-02-03,25.755104064941406,29.8700008392334,30.43000030517578,29.030000686645508,29.469999313354492,120541100,QQQ
2009-02-04,25.789596557617188,29.90999984741211,30.8700008392334,29.790000915527344,29.940000534057617,175780900,QQQ
2009-02-05,26.358671188354492,30.56999969482422,30.770000457763672,29.459999084472656,29.479999542236328,217578900,QQQ
2009-02-06,27.048465728759766,31.3700008392334,31.510000228881836,30.579999923706055,30.68000030517578,164513200,QQQ
2009-02-09,27.160551071166992,31.5,31.670000076293945,31.190000534057617,31.389999389648438,98856900,QQQ
2009-02-10,26.160350799560547,30.34000015258789,31.68000030517578,30.100000381469727,31.299999237060547,232795200,QQQ
2009-02-11,26.039642333984375,30.200000762939453,30.530000686645508,29.729999542236328,30.3799991607666,169117200,QQQ
2009-02-12,26.358671188354492,30.56999969482422,30.610000610351562,29.639999389648438,29.850000381469727,201151400,QQQ
2009-02-13,26.23795509338379,30.43000030517578,30.780000686645508,30.290000915527344,30.479999542236328,145066700,QQQ
2009-02-17,25.194644927978516,29.219999313354492,29.670000076293945,29.059999465942383,29.489999771118164,157783300,QQQ
2009-02-18,25.21189308166504,29.239999771118164,29.670000076293945,28.8700008392334,29.40999984741211,161271900,QQQ
2009-02-19,24.82388687133789,28.790000915527344,29.610000610351562,28.719999313354492,29.420000076293945,155322400,QQQ
2009-02-20,24.892873764038086,28.8700008392334,29.149999618530273,28.389999389648438,28.469999313354492,210752400,QQQ
2009-02-23,24.022003173828125,27.860000610351562,29.049999237060547,27.729999542236328,29.030000686645508,169473500,QQQ
2009-02-24,24.815261840820312,28.780000686645508,28.979999542236328,27.959999084472656,28.010000228881836,181337300,QQQ
2009-02-25,24.651439666748047,28.59000015258789,29.170000076293945,28.139999389648438,28.610000610351562,220224700,QQQ
2009-02-26,23.961647033691406,27.790000915527344,28.950000762939453,27.700000762939453,28.780000686645508,211218500,QQQ
2009-02-27,23.73746109008789,27.530000686645508,27.979999542236328,27.389999389648438,27.5,204492600,QQQ
2009-03-02,22.970060348510742,26.639999389648438,27.510000228881836,26.469999313354492,27.1200008392334,188180400,QQQ
2009-03-03,22.952821731567383,26.6200008392334,27.15999984741211,26.420000076293945,26.860000610351562,158758800,QQQ
2009-03-04,23.565017700195312,27.329999923706055,27.709999084472656,26.920000076293945,27.010000228881836,164911000,QQQ
2009-03-05,22.85798454284668,26.510000228881836,27.239999771118164,26.420000076293945,27.030000686645508,199626900,QQQ
2009-03-06,22.676908493041992,26.299999237060547,26.809999465942383,25.709999084472656,26.649999618530273,218421600,QQQ
2009-03-09,22.194055557250977,25.739999771118164,26.809999465942383,25.6299991607666,26.09000015258789,181098800,QQQ
2009-03-10,23.565017700195312,27.329999923706055,27.389999389648438,26.15999984741211,26.25,175068200,QQQ
2009-03-11,23.927156448364258,27.75,27.989999771118164,27.260000228881836,27.610000610351562,173094900,QQQ
2009-03-12,24.720422744750977,28.670000076293945,28.760000228881836,27.440000534057617,27.729999542236328,184395100,QQQ
2009-03-13,24.780765533447266,28.739999771118164,28.84000015258789,28.31999969482422,28.65999984741211,156783500,QQQ
2009-03-16,24.366899490356445,28.260000228881836,28.979999542236328,28.190000534057617,28.93000030517578,190269800,QQQ
2009-03-17,25.28949546813965,29.329999923706055,29.329999923706055,28.299999237060547,28.399999618530273,169773800,QQQ
2009-03-18,25.60852813720703,29.700000762939453,30.200000762939453,29.079999923706055,29.209999084472656,208033900,QQQ
2009-03-19,25.59128189086914,29.68000030517578,30.1299991607666,29.459999084472656,30.110000610351562,146753400,QQQ
2009-03-20,25.20177459716797,29.18000030517578,30.030000686645508,28.979999542236328,29.690000534057617,149410800,QQQ
2009-03-23,26.68727684020996,30.899999618530273,30.940000534057617,29.200000762939453,29.899999618530273,179499000,QQQ
2009-03-24,26.194992065429688,30.329999923706055,30.8799991607666,30.309999465942383,30.639999389648438,118757600,QQQ
2009-03-25,26.315895080566406,30.469999313354492,31.049999237060547,29.65999984741211,30.59000015258789,190555200,QQQ
2009-03-26,27.12774085998535,31.40999984741211,31.459999084472656,30.420000076293945,30.799999237060547,182459500,QQQ
2009-03-27,26.61817169189453,30.81999969482422,31.18000030517578,30.709999084472656,31.0,156108100,QQQ
2009-03-30,25.9617919921875,30.059999465942383,30.31999969482422,29.6200008392334,30.299999237060547,162919700,QQQ
2009-03-31,26.18634605407715,30.31999969482422,30.950000762939453,30.270000457763672,30.290000915527344,150243800,QQQ
2009-04-01,26.574995040893555,30.770000457763672,30.8799991607666,29.790000915527344,29.940000534057617,137950000,QQQ
2009-04-02,27.430021286010742,31.760000228881836,32.27000045776367,31.229999542236328,31.31999969482422,212272400,QQQ
2009-04-03,27.939584732055664,32.349998474121094,32.400001525878906,31.829999923706055,32.09000015258789,134577300,QQQ
2009-04-06,27.870494842529297,32.27000045776367,32.33000183105469,31.649999618530273,31.989999771118164,160413700,QQQ
2009-04-07,27.136383056640625,31.420000076293945,31.920000076293945,31.209999084472656,31.920000076293945,147531200,QQQ
2009-04-08,27.594118118286133,31.950000762939453,32.150001525878906,31.489999771118164,31.729999542236328,126126000,QQQ
2009-04-09,28.449148178100586,32.939998626708984,33.0099983215332,32.43000030517578,32.54999923706055,131871500,QQQ
2009-04-13,28.405963897705078,32.88999938964844,33.06999969482422,32.529998779296875,32.84000015258789,119310500,QQQ
2009-04-14,28.06049919128418,32.4900016784668,32.880001068115234,32.27000045776367,32.689998626708984,124069000,QQQ
2009-04-15,27.982769012451172,32.400001525878906,32.43000030517578,31.850000381469727,32.2599983215332,124808200,QQQ
2009-04-16,28.7082576751709,33.2400016784668,33.43000030517578,32.5099983215332,32.849998474121094,171168000,QQQ
2009-04-17,28.768695831298828,33.310001373291016,33.5,32.93000030517578,33.16999816894531,129835400,QQQ
2009-04-20,27.844579696655273,32.2400016784668,32.81999969482422,32.060001373291016,32.709999084472656,123080500,QQQ
2009-04-21,28.233226776123047,32.689998626708984,32.7400016784668,32.08000183105469,32.119998931884766,145490200,QQQ
2009-04-22,28.319599151611328,32.790000915527344,33.529998779296875,32.38999938964844,32.5,165040500,QQQ
2009-04-23,28.59598159790039,33.11000061035156,33.13999938964844,32.4900016784668,33.0,181666600,QQQ
2009-04-24,29.096900939941406,33.689998626708984,33.93000030517578,33.06999969482422,33.34000015258789,141170000,QQQ
2009-04-27,29.13144302368164,33.72999954223633,34.060001373291016,33.349998474121094,33.41999816894531,120749100,QQQ
2009-04-28,28.915538787841797,33.47999954223633,33.90999984741211,33.36000061035156,33.52000045776367,108968000,QQQ
2009-04-29,29.312814712524414,33.939998626708984,34.400001525878906,33.70000076293945,33.75,141413600,QQQ
2009-04-30,29.606460571289062,34.279998779296875,34.900001525878906,34.040000915527344,34.38999938964844,144120400,QQQ
2009-05-01,29.68418312072754,34.369998931884766,34.540000915527344,34.0099983215332,34.27000045776367,100112000,QQQ
2009-05-04,30.271472930908203,35.04999923706055,35.09000015258789,34.52000045776367,34.68000030517578,119317400,QQQ
2009-05-05,30.24558448791504,35.02000045776367,35.060001373291016,34.630001068115234,34.9900016784668,113569500,QQQ
2009-05-06,30.25420570373535,35.029998779296875,35.34000015258789,34.459999084472656,35.290000915527344,178840500,QQQ
2009-05-07,29.545997619628906,34.209999084472656,35.27000045776367,33.880001068115234,35.27000045776367,216484700,QQQ
2009-05-08,29.563274383544922,34.22999954223633,34.7400016784668,33.880001068115234,34.470001220703125,183507300,QQQ
2009-05-11,29.666913986206055,34.349998474121094,34.720001220703125,33.68000030517578,33.790000915527344,142775900,QQQ
2009-05-12,29.304174423217773,33.93000030517578,34.47999954223633,33.52000045776367,34.41999816894531,147842200,QQQ
2009-05-13,28.51824378967285,33.02000045776367,33.650001525878906,32.959999084472656,33.630001068115234,175548300,QQQ
2009-05-14,28.83779525756836,33.38999938964844,33.70000076293945,33.08000183105469,33.099998474121094,140021700,QQQ
2009-05-15,28.820518493652344,33.369998931884766,33.81999969482422,33.22999954223633,33.34000015258789,121326400,QQQ
2009-05-18,29.571914672851562,34.2400016784668,34.279998779296875,33.38999938964844,33.599998474121094,114333400,QQQ
2009-05-19,29.710105895996094,34.400001525878906,34.7400016784668,33.95000076293945,34.15999984741211,129086400,QQQ
2009-05-20,29.606460571289062,34.279998779296875,35.040000915527344,34.18000030517578,34.529998779296875,131873700,QQQ
2009-05-21,29.06235122680664,33.650001525878906,34.2599983215332,33.310001373291016,34.02000045776367,139253200,QQQ
2009-05-22,28.967350006103516,33.540000915527344,33.970001220703125,33.31999969482422,33.779998779296875,83510600,QQQ
2009-05-26,30.04692268371582,34.790000915527344,34.83000183105469,33.18000030517578,33.25,144857200,QQQ
2009-05-27,29.839643478393555,34.54999923706055,35.189998626708984,34.43000030517578,34.689998626708984,121348800,QQQ
2009-05-28,30.185117721557617,34.95000076293945,35.06999969482422,34.209999084472656,34.7599983215332,118931300,QQQ
2009-05-29,30.556499481201172,35.380001068115234,35.5,34.7599983215332,34.970001220703125,111535700,QQQ
2009-06-01,31.428796768188477,36.38999938964844,36.5,35.61000061035156,35.7599983215332,119126200,QQQ
2009-06-02,31.471986770629883,36.439998626708984,36.790000915527344,36.11000061035156,36.189998626708984,126858600,QQQ
2009-06-03,31.376981735229492,36.33000183105469,36.369998931884766,35.93000030517578,36.33000183105469,93329800,QQQ
2009-06-04,31.7310848236084,36.7400016784668,36.790000915527344,36.34000015258789,36.40999984741211,89280600,QQQ
2009-06-05,31.76561737060547,36.779998779296875,37.08000183105469,36.41999816894531,36.959999084472656,121958800,QQQ
2009-06-08,31.670610427856445,36.66999816894531,36.95000076293945,36.119998931884766,36.54999923706055,89194100,QQQ
2009-06-09,31.912450790405273,36.95000076293945,37.16999816894531,36.66999816894531,36.84000015258789,109187800,QQQ
2009-06-10,31.800174713134766,36.81999969482422,37.16999816894531,36.290000915527344,37.15999984741211,133404700,QQQ
2009-06-11,31.800174713134766,36.81999969482422,37.22999954223633,36.75,36.77000045776367,147909800,QQQ
2009-06-12,31.65336036682129,36.650001525878906,36.720001220703125,36.20000076293945,36.66999816894531,109452500,QQQ
2009-06-15,31.005603790283203,35.900001525878906,36.33000183105469,35.58000183105469,36.29999923706055,112152900,QQQ
2009-06-16,30.703332901000977,35.54999923706055,36.189998626708984,35.52000045776367,36.040000915527344,110550300,QQQ
2009-06-17,30.99696159362793,35.88999938964844,36.209999084472656,35.45000076293945,35.70000076293945,153421800,QQQ
2009-06-18,30.93651008605957,35.81999969482422,36.060001373291016,35.56999969482422,35.83000183105469,126266700,QQQ
2009-06-19,31.268566131591797,36.15999984741211,36.36000061035156,35.90999984741211,36.04999923706055,122044700,QQQ
2009-06-22,30.334653854370117,35.08000183105469,35.88999938964844,35.02000045776367,35.83000183105469,137714900,QQQ
2009-06-23,30.265478134155273,35.0,35.2599983215332,34.77000045776367,35.18000030517578,114903100,QQQ
2009-06-24,30.77565574645996,35.59000015258789,35.869998931884766,35.279998779296875,35.29999923706055,103314600,QQQ
2009-06-25,31.3809814453125,36.290000915527344,36.36000061035156,35.279998779296875,35.36000061035156,112538200,QQQ
2009-06-26,31.450162887573242,36.369998931884766,36.5,36.04999923706055,36.119998931884766,87677300,QQQ
2009-06-29,31.519330978393555,36.45000076293945,36.75,36.119998931884766,36.470001220703125,93817600,QQQ
2009-06-30,31.458797454833984,36.380001068115234,36.72999954223633,36.11000061035156,36.54999923706055,97843000,QQQ
2009-07-01,31.476106643676758,36.400001525878906,36.84000015258789,36.38999938964844,36.560001373291016,85976000,QQQ
2009-07-02,30.784313201904297,35.599998474121094,36.099998474121094,35.5,36.09000015258789,113309800,QQQ
2009-07-06,30.620006561279297,35.40999984741211,35.540000915527344,35.040000915527344,35.380001068115234,107632500,QQQ
2009-07-07,29.859060287475586,34.529998779296875,35.4900016784668,34.5099983215332,35.41999816894531,149773000,QQQ
2009-07-08,30.014705657958984,34.709999084472656,34.869998931884766,34.29999923706055,34.7400016784668,152776400,QQQ
2009-07-09,30.06658363342285,34.77000045776367,35.0099983215332,34.650001525878906,34.84000015258789,97851500,QQQ
2009-07-10,30.196306228637695,34.91999816894531,35.13999938964844,34.560001373291016,34.66999816894531,108482000,QQQ
2009-07-13,30.77565574645996,35.59000015258789,35.599998474121094,34.47999954223633,34.95000076293945,127140300,QQQ
2009-07-14,30.888071060180664,35.720001220703125,35.790000915527344,35.400001525878906,35.54999923706055,115631700,QQQ
2009-07-15,31.925765991210938,36.91999816894531,36.93000030517578,36.13999938964844,36.31999969482422,160869700,QQQ
2009-07-16,32.30624008178711,37.36000061035156,37.439998626708984,36.720001220703125,36.75,120142500,QQQ
2009-07-17,32.479190826416016,37.560001373291016,37.56999969482422,37.16999816894531,37.349998474121094,104906500,QQQ
2009-07-20,32.79048538208008,37.91999816894531,38.0,37.61000061035156,37.7599983215332,97168800,QQQ
2009-07-21,33.01531219482422,38.18000030517578,38.18000030517578,37.63999938964844,38.06999969482422,130587600,QQQ
2009-07-22,33.292030334472656,38.5,38.689998626708984,38.130001068115234,38.209999084472656,113808600,QQQ
2009-07-23,34.02704620361328,39.349998474121094,39.4900016784668,38.38999938964844,38.459999084472656,160239300,QQQ
2009-07-24,33.767635345458984,39.04999923706055,39.369998931884766,38.779998779296875,38.93000030517578,109312300,QQQ
2009-07-27,34.02704620361328,39.349998474121094,39.40999984741211,38.869998931884766,39.33000183105469,94718600,QQQ
2009-07-28,33.79356002807617,39.08000183105469,39.59000015258789,38.93000030517578,39.18000030517578,111564300,QQQ
2009-07-29,34.01839828491211,39.34000015258789,39.43000030517578,39.0,39.31999969482422,126538200,QQQ
2009-07-30,34.21727752685547,39.56999969482422,40.18000030517578,39.5099983215332,39.75,108969900,QQQ
2009-07-31,34.113525390625,39.45000076293945,39.849998474121094,39.40999984741211,39.56999969482422,78208300,QQQ
2009-08-03,34.62370300292969,40.040000915527344,40.060001373291016,39.63999938964844,39.869998931884766,111722800,QQQ
2009-08-04,34.62370300292969,40.040000915527344,40.189998626708984,39.77000045776367,39.849998474121094,100690800,QQQ
2009-08-05,34.35564041137695,39.72999954223633,40.13999938964844,39.459999084472656,40.130001068115234,118093000,QQQ
2009-08-06,34.052982330322266,39.380001068115234,39.93000030517578,39.2400016784668,39.81999969482422,116937500,QQQ
2009-08-07,34.48534393310547,39.880001068115234,40.06999969482422,39.59000015258789,39.91999816894531,107442100,QQQ
2009-08-10,34.243221282958984,39.599998474121094,39.849998474121094,39.34000015258789,39.7400016784668,87163200,QQQ
2009-08-11,33.949222564697266,39.2599983215332,39.5,39.04999923706055,39.470001220703125,91922700,QQQ
2009-08-12,34.47669982910156,39.869998931884766,40.220001220703125,39.20000076293945,39.22999954223633,147240000,QQQ
2009-08-13,34.66693878173828,40.09000015258789,40.15999984741211,39.63999938964844,40.11000061035156,110107000,QQQ
2009-08-14,34.269168853759766,39.630001068115234,39.959999084472656,39.279998779296875,39.869998931884766,124480200,QQQ
2009-08-17,33.27473831176758,38.47999954223633,39.0099983215332,38.459999084472656,38.959999084472656,131797200,QQQ
2009-08-18,33.75031280517578,39.029998779296875,39.11000061035156,38.61000061035156,38.720001220703125,84496200,QQQ
2009-08-19,33.983795166015625,39.29999923706055,39.400001525878906,38.540000915527344,38.56999969482422,88036300,QQQ
2009-08-20,34.381587982177734,39.7599983215332,39.84000015258789,39.20000076293945,39.279998779296875,81473500,QQQ
2009-08-21,34.83987808227539,40.290000915527344,40.36000061035156,39.7400016784668,39.9900016784668,114660200,QQQ
2009-08-24,34.805301666259766,40.25,40.56999969482422,40.099998474121094,40.36000061035156,109904900,QQQ
2009-08-25,34.909080505371094,40.369998931884766,40.7599983215332,40.25,40.34000015258789,92900400,QQQ
2009-08-26,34.84852600097656,40.29999923706055,40.599998474121094,40.08000183105469,40.279998779296875,96407500,QQQ
2009-08-27,34.93500518798828,40.400001525878906,40.470001220703125,39.66999816894531,40.290000915527344,121957800,QQQ
2009-08-28,34.96959686279297,40.439998626708984,41.08000183105469,40.15999984741211,40.900001525878906,114300900,QQQ
2009-08-31,34.61505889892578,40.029998779296875,40.20000076293945,39.790000915527344,40.13999938964844,96415300,QQQ
2009-09-01,33.966522216796875,39.279998779296875,40.59000015258789,39.15999984741211,39.88999938964844,162958900,QQQ
2009-09-02,33.94055938720703,39.25,39.470001220703125,39.040000915527344,39.06999969482422,92757200,QQQ
2009-09-03,34.1653938293457,39.5099983215332,39.56999969482422,39.02000045776367,39.439998626708984,76783100,QQQ
2009-09-04,34.90041732788086,40.36000061035156,40.380001068115234,39.52000045776367,39.58000183105469,74866600,QQQ
2009-09-08,35.22899627685547,40.7400016784668,40.779998779296875,40.459999084472656,40.68000030517578,71024400,QQQ
2009-09-09,35.531673431396484,41.09000015258789,41.290000915527344,40.59000015258789,40.77000045776367,99280800,QQQ
2009-09-10,35.8689079284668,41.47999954223633,41.529998779296875,41.0,41.11000061035156,99289100,QQQ
2009-09-11,35.903499603271484,41.52000045776367,41.619998931884766,41.220001220703125,41.5099983215332,93868400,QQQ
2009-09-14,36.041873931884766,41.68000030517578,41.709999084472656,41.209999084472656,41.25,90435600,QQQ
2009-09-15,36.15427017211914,41.810001373291016,41.95000076293945,41.56999969482422,41.650001525878906,91594600,QQQ
2009-09-16,36.68174743652344,42.41999816894531,42.47999954223633,41.84000015258789,42.0,96888500,QQQ
2009-09-17,36.6731071472168,42.40999984741211,42.65999984741211,42.209999084472656,42.310001373291016,102169600,QQQ
2009-09-18,36.734561920166016,42.439998626708984,42.619998931884766,42.209999084472656,42.540000915527344,87444200,QQQ
2009-09-21,36.84709548950195,42.56999969482422,42.70000076293945,42.15999984741211,42.20000076293945,71351400,QQQ
2009-09-22,36.91633605957031,42.650001525878906,42.83000183105469,42.439998626708984,42.810001373291016,75638400,QQQ
2009-09-23,36.743221282958984,42.45000076293945,43.16999816894531,42.380001068115234,42.83000183105469,143924100,QQQ
2009-09-24,36.414302825927734,42.06999969482422,42.689998626708984,41.77000045776367,42.619998931884766,111016400,QQQ
2009-09-25,36.094051361083984,41.70000076293945,42.09000015258789,41.58000183105469,41.7599983215332,109216000,QQQ
2009-09-28,36.708595275878906,42.40999984741211,42.65999984741211,41.88999938964844,41.93000030517578,84478500,QQQ
2009-09-29,36.54415512084961,42.220001220703125,42.619998931884766,42.029998779296875,42.40999984741211,106686400,QQQ
2009-09-30,36.57011795043945,42.25,42.599998474121094,41.599998474121094,42.38999938964844,173102700,QQQ
2009-10-01,35.4881477355957,41.0,42.130001068115234,41.0,42.099998474121094,140119100,QQQ
2009-10-02,35.38429641723633,40.880001068115234,41.25,40.720001220703125,40.720001220703125,145286400,QQQ
2009-10-05,35.669918060302734,41.209999084472656,41.400001525878906,40.83000183105469,41.09000015258789,97054200,QQQ
2009-10-06,36.301780700683594,41.939998626708984,42.13999938964844,41.41999816894531,41.439998626708984,124628000,QQQ
2009-10-07,36.40565872192383,42.060001373291016,42.08000183105469,41.77000045776367,41.88999938964844,93787600,QQQ
2009-10-08,36.56144714355469,42.2400016784668,42.619998931884766,42.13999938964844,42.310001373291016,107850400,QQQ
2009-10-09,36.7691650390625,42.47999954223633,42.54999923706055,42.060001373291016,42.150001525878906,62828000,QQQ
2009-10-12,36.84709548950195,42.56999969482422,42.869998931884766,42.279998779296875,42.650001525878906,53221900,QQQ
2009-10-13,36.85573959350586,42.58000183105469,42.75,42.369998931884766,42.529998779296875,70939300,QQQ
2009-10-14,37.35776901245117,43.15999984741211,43.209999084472656,42.849998474121094,43.11000061035156,91004900,QQQ
2009-10-15,37.27123260498047,43.060001373291016,43.119998931884766,42.869998931884766,42.93000030517578,85772800,QQQ
2009-10-16,37.02886962890625,42.779998779296875,42.9900016784668,42.47999954223633,42.900001525878906,111859300,QQQ
2009-10-19,37.40106201171875,43.209999084472656,43.27000045776367,42.59000015258789,42.810001373291016,83512000,QQQ
2009-10-20,37.40970230102539,43.220001220703125,43.459999084472656,42.939998626708984,43.459999084472656,89847900,QQQ
2009-10-21,37.340457916259766,43.13999938964844,43.81999969482422,43.060001373291016,43.209999084472656,110397400,QQQ
2009-10-22,37.48760223388672,43.310001373291016,43.4900016784668,42.790000915527344,43.060001373291016,85871800,QQQ
2009-10-23,37.33180618286133,43.130001068115234,43.72999954223633,43.02000045776367,43.72999954223633,117020400,QQQ
2009-10-26,37.21062088012695,42.9900016784668,43.7599983215332,42.790000915527344,43.20000076293945,107068600,QQQ
2009-10-27,36.64801788330078,42.34000015258789,43.11000061035156,42.18000030517578,42.93000030517578,121438200,QQQ
2009-10-28,35.825714111328125,41.38999938964844,42.31999969482422,41.29999923706055,42.189998626708984,143553600,QQQ
2009-10-29,36.43162155151367,42.09000015258789,42.189998626708984,41.540000915527344,41.630001068115234,85207600,QQQ
2009-10-30,35.45354461669922,40.959999084472656,42.150001525878906,40.91999816894531,42.060001373291016,162796500,QQQ
2009-11-02,35.60067367553711,41.130001068115234,41.56999969482422,40.63999938964844,41.0,142456600,QQQ
2009-11-03,35.71318054199219,41.2599983215332,41.31999969482422,40.84000015258789,40.90999984741211,95107000,QQQ
2009-11-04,35.773780822753906,41.33000183105469,41.869998931884766,41.279998779296875,41.529998779296875,107970600,QQQ
2009-11-05,36.65666961669922,42.349998474121094,42.400001525878906,41.779998779296875,41.810001373291016,135204800,QQQ
2009-11-06,36.87306213378906,42.599998474121094,42.650001525878906,42.08000183105469,42.119998931884766,96312300,QQQ
2009-11-09,37.66072082519531,43.5099983215332,43.52000045776367,42.880001068115234,42.93000030517578,101620800,QQQ
2009-11-10,37.75592041015625,43.619998931884766,43.77000045776367,43.400001525878906,43.459999084472656,72846500,QQQ
2009-11-11,37.998291015625,43.900001525878906,44.13999938964844,43.61000061035156,43.95000076293945,84676200,QQQ
2009-11-12,37.78189468383789,43.650001525878906,44.15999984741211,43.54999923706055,43.93000030517578,92426100,QQQ
2009-11-13,38.09352111816406,44.0099983215332,44.13999938964844,43.630001068115234,43.779998779296875,87959500,QQQ
2009-11-16,38.48300552368164,44.459999084472656,44.650001525878906,44.119998931884766,44.20000076293945,87776100,QQQ
2009-11-17,38.60419464111328,44.599998474121094,44.599998474121094,44.25,44.34000015258789,81884000,QQQ
2009-11-18,38.387794494628906,44.349998474121094,44.4900016784668,44.04999923706055,44.459999084472656,100240800,QQQ
2009-11-19,37.79056167602539,43.65999984741211,44.08000183105469,43.349998474121094,44.04999923706055,114558000,QQQ
2009-11-20,37.60013198852539,43.439998626708984,43.54999923706055,43.279998779296875,43.43000030517578,70912100,QQQ
2009-11-23,38.206031799316406,44.13999938964844,44.400001525878906,43.86000061035156,43.88999938964844,91621500,QQQ
2009-11-24,38.07618713378906,43.9900016784668,44.150001525878906,43.72999954223633,44.119998931884766,60670000,QQQ
2009-11-25,38.24064254760742,44.18000030517578,44.220001220703125,44.0099983215332,44.13999938964844,37630100,QQQ
2009-11-27,37.66072082519531,43.5099983215332,43.83000183105469,42.900001525878906,42.970001220703125,61230000,QQQ
2009-11-30,37.70399856567383,43.560001373291016,43.619998931884766,43.11000061035156,43.40999984741211,84819400,QQQ
2009-12-01,38.09352111816406,44.0099983215332,44.29999923706055,43.880001068115234,43.88999938964844,81817800,QQQ
2009-12-02,38.145442962646484,44.06999969482422,44.4900016784668,43.97999954223633,44.15999984741211,81653600,QQQ
2009-12-03,37.98963165283203,43.88999938964844,44.5,43.880001068115234,44.22999954223633,72460400,QQQ
2009-12-04,38.188720703125,44.119998931884766,44.72999954223633,43.65999984741211,44.45000076293945,125062600,QQQ
2009-12-07,38.006935119628906,43.90999984741211,44.290000915527344,43.81999969482422,44.09000015258789,67471900,QQQ
2009-12-08,37.773250579833984,43.63999938964844,44.0,43.36000061035156,43.65999984741211,86621400,QQQ
2009-12-09,38.154090881347656,44.08000183105469,44.119998931884766,43.31999969482422,43.599998474121094,78820500,QQQ
2009-12-10,38.344520568847656,44.29999923706055,44.540000915527344,44.2400016784668,44.27000045776367,76722400,QQQ
2009-12-11,38.19737243652344,44.130001068115234,44.59000015258789,43.95000076293945,44.540000915527344,66643700,QQQ
2009-12-14,38.5609016418457,44.54999923706055,44.599998474121094,44.189998626708984,44.43000030517578,47965500,QQQ
2009-12-15,38.344520568847656,44.29999923706055,44.66999816894531,44.16999816894531,44.40999984741211,61171100,QQQ
2009-12-16,38.39645767211914,44.36000061035156,44.70000076293945,44.290000915527344,44.470001220703125,61629700,QQQ
2009-12-17,37.92904281616211,43.81999969482422,44.209999084472656,43.7599983215332,44.15999984741211,90440900,QQQ
2009-12-18,38.54722595214844,44.459999084472656,44.47999954223633,44.0,44.15999984741211,96442600,QQQ
2009-12-21,38.9807243347168,44.959999084472656,45.130001068115234,44.66999816894531,44.689998626708984,82357400,QQQ
2009-12-22,39.21482467651367,45.22999954223633,45.290000915527344,45.029998779296875,45.11000061035156,51569100,QQQ
2009-12-23,39.50093078613281,45.560001373291016,45.56999969482422,45.209999084472656,45.31999969482422,73932200,QQQ
2009-12-24,39.865081787109375,45.97999954223633,45.97999954223633,45.599998474121094,45.61000061035156,31770400,QQQ
2009-12-28,40.07316970825195,46.220001220703125,46.29999923706055,45.939998626708984,46.09000015258789,49381400,QQQ
2009-12-29,39.908424377441406,46.029998779296875,46.25,45.9900016784668,46.22999954223633,32410200,QQQ
2009-12-30,40.029788970947266,46.16999816894531,46.2599983215332,45.959999084472656,45.97999954223633,57612700,QQQ
2009-12-31,39.6656608581543,45.75,46.279998779296875,45.75,46.2599983215332,50079200,QQQ
2010-01-04,40.24655532836914,46.41999816894531,46.4900016784668,46.27000045776367,46.33000183105469,62822800,QQQ
2010-01-05,40.24655532836914,46.41999816894531,46.5,46.15999984741211,46.38999938964844,62935600,QQQ
2010-01-06,40.0037841796875,46.13999938964844,46.54999923706055,46.06999969482422,46.400001525878906,96033000,QQQ
2010-01-07,40.029788970947266,46.16999816894531,46.27000045776367,45.91999816894531,46.209999084472656,77094100,QQQ
2010-01-08,40.35927200317383,46.54999923706055,46.54999923706055,45.93000030517578,46.06999969482422,88886600,QQQ
2010-01-11,40.19453811645508,46.36000061035156,46.63999938964844,46.119998931884766,46.61000061035156,104673400,QQQ
2010-01-12,39.69167709350586,45.779998779296875,46.13999938964844,45.529998779296875,46.08000183105469,90673900,QQQ
2010-01-13,40.18587112426758,46.349998474121094,46.4900016784668,45.61000061035156,45.91999816894531,100661000,QQQ
2010-01-14,40.22054672241211,46.38999938964844,46.52000045776367,46.220001220703125,46.2599983215332,75209000,QQQ
2010-01-15,39.75236511230469,45.849998474121094,46.54999923706055,45.650001525878906,46.470001220703125,126849300,QQQ
2010-01-19,40.39394760131836,46.59000015258789,46.63999938964844,45.95000076293945,45.959999084472656,84388200,QQQ
2010-01-20,39.813053131103516,45.91999816894531,46.599998474121094,45.43000030517578,46.2599983215332,145680000,QQQ
2010-01-21,39.44023895263672,45.4900016784668,46.349998474121094,45.29999923706055,46.04999923706055,204939600,QQQ
2010-01-22,38.2871208190918,44.15999984741211,45.47999954223633,44.040000915527344,45.34000015258789,171098700,QQQ
2010-01-25,38.417171478271484,44.310001373291016,44.599998474121094,44.119998931884766,44.43000030517578,154218700,QQQ
2010-01-26,38.451847076416016,44.349998474121094,44.88999938964844,44.04999923706055,44.2599983215332,140816500,QQQ
2010-01-27,38.755306243896484,44.70000076293945,44.849998474121094,44.0099983215332,44.27000045776367,161632700,QQQ
2010-01-28,37.75823974609375,43.54999923706055,44.43000030517578,43.31999969482422,44.400001525878906,221439800,QQQ
2010-01-29,37.09932327270508,42.790000915527344,44.02000045776367,42.630001068115234,43.90999984741211,212099600,QQQ
2010-02-01,37.506813049316406,43.2599983215332,43.279998779296875,42.880001068115234,42.900001525878906,136827100,QQQ
2010-02-02,37.844947814941406,43.650001525878906,43.779998779296875,43.029998779296875,43.33000183105469,110727700,QQQ
2010-02-03,38.053016662597656,43.88999938964844,43.970001220703125,43.41999816894531,43.439998626708984,93581600,QQQ
2010-02-04,36.951927185058594,42.619998931884766,43.65999984741211,42.619998931884766,43.56999969482422,151652500,QQQ
2010-02-05,37.26403045654297,42.97999954223633,43.02000045776367,42.119998931884766,42.72999954223633,213618600,QQQ
2010-02-08,36.99528121948242,42.66999816894531,43.18000030517578,42.63999938964844,42.90999984741211,94354400,QQQ
2010-02-09,37.37675476074219,43.11000061035156,43.5099983215332,42.7599983215332,43.18000030517578,118956000,QQQ
2010-02-10,37.29873275756836,43.02000045776367,43.310001373291016,42.75,43.11000061035156,94102900,QQQ
2010-02-11,37.86227798461914,43.66999816894531,43.790000915527344,42.7599983215332,43.029998779296875,93050800,QQQ
2010-02-12,37.940330505371094,43.7599983215332,43.880001068115234,43.15999984741211,43.279998779296875,93938500,QQQ
2010-02-16,38.425838470458984,44.31999969482422,44.349998474121094,43.849998474121094,44.08000183105469,83861400,QQQ
2010-02-17,38.64261245727539,44.56999969482422,44.56999969482422,44.2599983215332,44.52000045776367,82691700,QQQ
2010-02-18,38.8853759765625,44.849998474121094,44.93000030517578,44.45000076293945,44.540000915527344,65752600,QQQ
2010-02-19,38.868019104003906,44.83000183105469,45.04999923706055,44.619998931884766,44.72999954223633,80416500,QQQ
2010-02-22,38.78998565673828,44.7400016784668,45.029998779296875,44.560001373291016,45.0099983215332,72055000,QQQ
2010-02-23,38.2871208190918,44.15999984741211,44.7400016784668,43.95000076293945,44.709999084472656,95814400,QQQ
2010-02-24,38.67726516723633,44.61000061035156,44.790000915527344,44.31999969482422,44.38999938964844,86591000,QQQ
2010-02-25,38.668609619140625,44.599998474121094,44.70000076293945,43.83000183105469,44.13999938964844,97961300,QQQ
2010-02-26,38.80731201171875,44.7599983215332,44.86000061035156,44.400001525878906,44.59000015258789,66222400,QQQ
2010-03-01,39.37088394165039,45.40999984741211,45.4900016784668,44.95000076293945,44.959999084472656,77290100,QQQ
2010-03-02,39.492271423339844,45.54999923706055,45.849998474121094,45.45000076293945,45.56999969482422,76368500,QQQ
2010-03-03,39.535614013671875,45.599998474121094,45.81999969482422,45.43000030517578,45.65999984741211,65735500,QQQ
2010-03-04,39.6656608581543,45.75,45.810001373291016,45.400001525878906,45.630001068115234,54470900,QQQ
2010-03-05,40.26390075683594,46.439998626708984,46.540000915527344,45.9900016784668,46.09000015258789,68136300,QQQ
2010-03-08,40.341922760009766,46.529998779296875,46.63999938964844,46.439998626708984,46.459999084472656,58712400,QQQ
2010-03-09,40.56735610961914,46.790000915527344,47.04999923706055,46.400001525878906,46.43000030517578,98002800,QQQ
2010-03-10,40.89680862426758,47.16999816894531,47.279998779296875,46.79999923706055,46.81999969482422,102578900,QQQ
2010-03-11,41.05288314819336,47.349998474121094,47.349998474121094,46.97999954223633,47.060001373291016,67510300,QQQ
2010-03-12,41.061546325683594,47.36000061035156,47.529998779296875,47.099998474121094,47.5,64068300,QQQ
2010-03-15,40.9575080871582,47.2400016784668,47.380001068115234,46.90999984741211,47.2599983215332,60150500,QQQ
2010-03-16,41.21760559082031,47.540000915527344,47.61000061035156,47.22999954223633,47.38999938964844,74950600,QQQ
2010-03-17,41.3303337097168,47.66999816894531,47.900001525878906,47.529998779296875,47.61000061035156,75643500,QQQ
2010-03-18,41.46905517578125,47.83000183105469,47.880001068115234,47.599998474121094,47.709999084472656,77829400,QQQ
2010-03-19,41.21820831298828,47.4900016784668,47.95000076293945,47.31999969482422,47.91999816894531,86337100,QQQ
2010-03-22,41.5914192199707,47.91999816894531,48.11000061035156,47.25,47.29999923706055,71902800,QQQ
2010-03-23,41.87782669067383,48.25,48.29999923706055,47.77000045776367,47.9900016784668,59182600,QQQ
2010-03-24,41.6782112121582,48.02000045776367,48.16999816894531,47.90999984741211,48.16999816894531,62995700,QQQ
2010-03-25,41.61745834350586,47.95000076293945,48.599998474121094,47.900001525878906,48.41999816894531,76294800,QQQ
2010-03-26,41.66085433959961,48.0,48.33000183105469,47.7400016784668,48.150001525878906,78067900,QQQ
2010-03-29,41.8604736328125,48.22999954223633,48.400001525878906,48.099998474121094,48.2400016784668,57993300,QQQ
2010-03-30,41.999351501464844,48.38999938964844,48.54999923706055,48.060001373291016,48.380001068115234,49437300,QQQ
2010-03-31,41.79972457885742,48.15999984741211,48.45000076293945,48.06999969482422,48.2400016784668,59947400,QQQ
2010-04-01,41.79972457885742,48.15999984741211,48.70000076293945,47.790000915527344,48.36000061035156,83728600,QQQ
2010-04-05,42.190303802490234,48.61000061035156,48.720001220703125,48.13999938964844,48.27000045776367,56220300,QQQ
2010-04-06,42.311798095703125,48.75,48.900001525878906,48.38999938964844,48.5,54097100,QQQ
2010-04-07,42.207664489746094,48.630001068115234,48.869998931884766,48.369998931884766,48.68000030517578,77211500,QQQ
2010-04-08,42.30312728881836,48.7400016784668,48.81999969482422,48.2400016784668,48.4900016784668,68314300,QQQ
2010-04-09,42.55482864379883,49.029998779296875,49.04999923706055,48.630001068115234,48.75,54227300,QQQ
2010-04-12,42.58955764770508,49.06999969482422,49.20000076293945,48.939998626708984,49.04999923706055,44280600,QQQ
2010-04-13,42.806541442871094,49.31999969482422,49.349998474121094,48.86000061035156,49.02000045776367,59376000,QQQ
2010-04-14,43.31863021850586,49.90999984741211,49.91999816894531,49.5,49.58000183105469,69004800,QQQ
2010-04-15,43.50954818725586,50.130001068115234,50.189998626708984,49.869998931884766,49.869998931884766,72254200,QQQ
2010-04-16,42.988800048828125,49.529998779296875,50.119998931884766,49.20000076293945,49.95000076293945,127388000,QQQ
2010-04-19,42.9627685546875,49.5,49.65999984741211,48.900001525878906,49.349998474121094,98251700,QQQ
2010-04-20,43.17973709106445,49.75,49.880001068115234,49.43000030517578,49.77000045776367,69543700,QQQ
2010-04-21,43.42274856567383,50.029998779296875,50.189998626708984,49.720001220703125,50.09000015258789,74748700,QQQ
2010-04-22,43.66577911376953,50.310001373291016,50.36000061035156,49.2599983215332,49.54999923706055,110477200,QQQ
2010-04-23,43.84804153442383,50.52000045776367,50.56999969482422,50.09000015258789,50.29999923706055,77205200,QQQ
2010-04-26,43.75259017944336,50.40999984741211,50.650001525878906,50.29999923706055,50.56999969482422,67361000,QQQ
2010-04-27,42.823890686035156,49.34000015258789,50.43000030517578,49.209999084472656,50.209999084472656,112608000,QQQ
2010-04-28,42.849918365478516,49.369998931884766,49.630001068115234,48.97999954223633,49.599998474121094,130082100,QQQ
2010-04-29,43.59634780883789,50.22999954223633,50.33000183105469,49.61000061035156,49.650001525878906,84180200,QQQ
2010-04-30,42.737098693847656,49.2400016784668,50.290000915527344,49.20000076293945,50.209999084472656,110897000,QQQ
2010-05-03,43.33597183227539,49.93000030517578,50.16999816894531,49.43000030517578,49.45000076293945,74169700,QQQ
2010-05-04,42.03406524658203,48.43000030517578,49.31999969482422,48.08000183105469,49.31999969482422,141136500,QQQ
2010-05-05,41.81707763671875,48.18000030517578,48.5,47.63999938964844,47.91999816894531,128560200,QQQ
2010-05-06,40.41971206665039,46.56999969482422,48.31999969482422,42.63999938964844,47.849998474121094,274356800,QQQ
2010-05-07,39.41291809082031,45.40999984741211,46.79999923706055,44.279998779296875,46.220001220703125,288200400,QQQ
2010-05-10,41.46122741699219,47.77000045776367,47.79999923706055,47.310001373291016,47.43000030517578,136041600,QQQ
2010-05-11,41.41783142089844,47.720001220703125,48.38999938964844,47.20000076293945,47.290000915527344,113016100,QQQ
2010-05-12,42.19898223876953,48.619998931884766,48.65999984741211,47.900001525878906,47.97999954223633,85462400,QQQ
2010-05-13,41.53066635131836,47.849998474121094,48.790000915527344,47.72999954223633,48.40999984741211,102844300,QQQ
2010-05-14,40.7321662902832,46.93000030517578,47.52000045776367,46.380001068115234,47.4900016784668,147386100,QQQ
2010-05-17,40.86236572265625,47.08000183105469,47.27000045776367,46.06999969482422,47.02000045776367,120969600,QQQ
2010-05-18,40.29819869995117,46.43000030517578,47.58000183105469,46.220001220703125,47.47999954223633,153072100,QQQ
2010-05-19,39.9770622253418,46.060001373291016,46.630001068115234,45.54999923706055,46.2599983215332,159000300,QQQ
2010-05-20,38.492897033691406,44.349998474121094,45.279998779296875,44.25,45.15999984741211,189289800,QQQ
2010-05-21,38.918190002441406,44.84000015258789,45.63999938964844,43.4900016784668,43.65999984741211,190631100,QQQ
2010-05-24,38.761959075927734,44.65999984741211,45.33000183105469,44.63999938964844,44.81999969482422,113038000,QQQ
2010-05-25,38.79667282104492,44.70000076293945,44.7599983215332,43.22999954223633,43.68000030517578,155643000,QQQ
2010-05-26,38.362693786621094,44.20000076293945,45.56999969482422,44.119998931884766,45.0099983215332,140203200,QQQ
2010-05-27,39.812164306640625,45.869998931884766,45.88999938964844,45.09000015258789,45.20000076293945,110671600,QQQ
2010-05-28,39.57781982421875,45.599998474121094,45.9900016784668,45.20000076293945,45.95000076293945,128535300,QQQ
2010-06-01,39.213294982910156,45.18000030517578,46.25,45.130001068115234,45.43000030517578,104242700,QQQ
2010-06-02,40.1419677734375,46.25,46.279998779296875,45.130001068115234,45.439998626708984,97249300,QQQ
2010-06-03,40.523860931396484,46.689998626708984,46.77000045776367,46.08000183105469,46.380001068115234,98928400,QQQ
2010-06-04,39.13517761230469,45.09000015258789,46.290000915527344,44.939998626708984,45.70000076293945,112849900,QQQ
2010-06-07,38.423458099365234,44.27000045776367,45.459999084472656,44.220001220703125,45.31999969482422,88436600,QQQ
2010-06-08,38.354026794433594,44.189998626708984,44.47999954223633,43.59000015258789,44.349998474121094,133030100,QQQ
2010-06-09,38.032875061035156,43.81999969482422,44.90999984741211,43.689998626708984,44.5,101949200,QQQ
2010-06-10,39.11781311035156,45.06999969482422,45.119998931884766,44.2400016784668,44.36000061035156,76892300,QQQ
2010-06-11,39.49103927612305,45.5,45.540000915527344,44.61000061035156,44.61000061035156,74346800,QQQ
2010-06-14,39.482330322265625,45.4900016784668,46.2400016784668,45.40999984741211,45.91999816894531,68085000,QQQ
2010-06-15,40.54121398925781,46.709999084472656,46.77000045776367,45.45000076293945,45.72999954223633,76332600,QQQ
2010-06-16,40.706119537353516,46.900001525878906,47.13999938964844,46.5,46.58000183105469,78399700,QQQ
2010-06-17,40.83631134033203,47.04999923706055,47.18000030517578,46.63999938964844,47.15999984741211,77111900,QQQ
2010-06-18,40.870235443115234,47.0,47.34000015258789,46.86000061035156,47.04999923706055,75921400,QQQ
2010-06-21,40.52240753173828,46.599998474121094,47.68000030517578,46.33000183105469,47.599998474121094,95488100,QQQ
2010-06-22,40.209346771240234,46.2400016784668,47.13999938964844,46.150001525878906,46.79999923706055,94493400,QQQ
2010-06-23,40.04412078857422,46.04999923706055,46.470001220703125,45.689998626708984,46.290000915527344,92397600,QQQ
2010-06-24,39.435401916503906,45.349998474121094,45.9900016784668,45.20000076293945,45.849998474121094,114145900,QQQ
2010-06-25,39.443260192871094,45.27000045776367,45.65999984741211,44.95000076293945,45.5099983215332,88740300,QQQ
2010-06-28,39.303863525390625,45.11000061035156,45.54999923706055,44.810001373291016,45.27000045776367,71350000,QQQ
2010-06-29,37.78782653808594,43.369998931884766,44.459999084472656,43.06999969482422,44.41999816894531,136384200,QQQ
2010-06-30,37.212764739990234,42.709999084472656,43.66999816894531,42.63999938964844,43.22999954223633,101313200,QQQ
2010-07-01,37.108219146728516,42.59000015258789,42.959999084472656,41.77000045776367,42.84000015258789,158695000,QQQ
2010-07-02,37.003662109375,42.470001220703125,42.81999969482422,42.09000015258789,42.65999984741211,78565300,QQQ
2010-07-06,37.11690902709961,42.599998474121094,43.369998931884766,42.25,43.099998474121094,88591900,QQQ
2010-07-07,38.301883697509766,43.959999084472656,44.0099983215332,42.70000076293945,42.7400016784668,72448400,QQQ
2010-07-08,38.510990142822266,44.20000076293945,44.380001068115234,43.68000030517578,44.310001373291016,78264600,QQQ
2010-07-09,38.87693405151367,44.619998931884766,44.630001068115234,44.08000183105469,44.18000030517578,47851200,QQQ
2010-07-12,38.99018478393555,44.75,45.029998779296875,44.459999084472656,44.58000183105469,60927500,QQQ
2010-07-13,39.49554443359375,45.33000183105469,45.5,44.79999923706055,45.13999938964844,93310500,QQQ
2010-07-14,39.69594955444336,45.560001373291016,45.810001373291016,45.2400016784668,45.41999816894531,87687100,QQQ
2010-07-15,39.730777740478516,45.599998474121094,45.7400016784668,44.9900016784668,45.470001220703125,95992500,QQQ
2010-07-16,38.63297653198242,44.34000015258789,45.630001068115234,44.29999923706055,45.439998626708984,98831900,QQQ
2010-07-19,38.96406173706055,44.720001220703125,44.810001373291016,44.099998474121094,44.470001220703125,81800800,QQQ
2010-07-20,39.43455123901367,45.2599983215332,45.2599983215332,43.86000061035156,44.0,89061200,QQQ
2010-07-21,38.894351959228516,44.63999938964844,45.7599983215332,44.560001373291016,45.7400016784668,83577000,QQQ
2010-07-22,39.87889862060547,45.77000045776367,45.97999954223633,45.2400016784668,45.27000045776367,82890300,QQQ
2010-07-23,40.13160705566406,46.060001373291016,46.099998474121094,45.380001068115234,45.459999084472656,81056100,QQQ
2010-07-26,40.46267318725586,46.439998626708984,46.459999084472656,45.90999984741211,46.119998931884766,64850900,QQQ
2010-07-27,40.44526672363281,46.41999816894531,46.720001220703125,46.209999084472656,46.63999938964844,67655600,QQQ
2010-07-28,40.122859954833984,46.04999923706055,46.58000183105469,45.880001068115234,46.369998931884766,51988200,QQQ
2010-07-29,39.82664108276367,45.709999084472656,46.40999984741211,45.25,46.31999969482422,85669500,QQQ
2010-07-30,39.913753509521484,45.810001373291016,46.09000015258789,45.06999969482422,45.33000183105469,98958100,QQQ
2010-08-02,40.6630744934082,46.66999816894531,46.790000915527344,46.209999084472656,46.38999938964844,68706800,QQQ
2010-08-03,40.48881912231445,46.470001220703125,46.70000076293945,46.25,46.63999938964844,60856600,QQQ
2010-08-04,40.89832305908203,46.939998626708984,46.9900016784668,46.5,46.68000030517578,43820600,QQQ
2010-08-05,40.802494049072266,46.83000183105469,46.91999816894531,46.52000045776367,46.709999084472656,39150200,QQQ
2010-08-06,40.741477966308594,46.7599983215332,46.849998474121094,46.04999923706055,46.31999969482422,71339200,QQQ
2010-08-09,41.020294189453125,47.08000183105469,47.189998626708984,46.790000915527344,47.0,26927600,QQQ
2010-08-10,40.6630744934082,46.66999816894531,46.95000076293945,46.279998779296875,46.70000076293945,86694500,QQQ
2010-08-11,39.55655288696289,45.400001525878906,45.91999816894531,45.209999084472656,45.900001525878906,92219700,QQQ
2010-08-12,39.242881774902344,45.040000915527344,45.2400016784668,44.45000076293945,44.529998779296875,66000200,QQQ
2010-08-13,38.96406173706055,44.720001220703125,45.060001373291016,44.709999084472656,44.869998931884766,46387300,QQQ
2010-08-16,39.03377151489258,44.79999923706055,45.11000061035156,44.29999923706055,44.5,55472900,QQQ
2010-08-17,39.530391693115234,45.369998931884766,45.779998779296875,45.029998779296875,45.119998931884766,56927100,QQQ
2010-08-18,39.68722915649414,45.54999923706055,45.81999969482422,45.11000061035156,45.279998779296875,61835400,QQQ
2010-08-19,39.08605194091797,44.86000061035156,45.459999084472656,44.560001373291016,45.279998779296875,82969500,QQQ
2010-08-20,39.13832473754883,44.91999816894531,45.029998779296875,44.540000915527344,44.790000915527344,65806700,QQQ
2010-08-23,38.75495529174805,44.47999954223633,45.34000015258789,44.459999084472656,45.20000076293945,69612200,QQQ
2010-08-24,38.03179168701172,43.650001525878906,44.119998931884766,43.470001220703125,43.970001220703125,79095800,QQQ
2010-08-25,38.39772033691406,44.06999969482422,44.2599983215332,43.27000045776367,43.34000015258789,87247900,QQQ
2010-08-26,37.93592834472656,43.540000915527344,44.31999969482422,43.5,44.220001220703125,91199000,QQQ
2010-08-27,38.39772033691406,44.06999969482422,44.15999984741211,42.970001220703125,43.86000061035156,109568800,QQQ
2010-08-30,37.99692916870117,43.61000061035156,44.25,43.599998474121094,43.86000061035156,49373200,QQQ
2010-08-31,37.86623001098633,43.459999084472656,43.849998474121094,43.18000030517578,43.380001068115234,72066900,QQQ
2010-09-01,38.99890899658203,44.7599983215332,44.90999984741211,44.06999969482422,44.099998474121094,83523100,QQQ
2010-09-02,39.43455123901367,45.2599983215332,45.279998779296875,44.72999954223633,44.84000015258789,41816800,QQQ
2010-09-03,40.08800506591797,46.0099983215332,46.02000045776367,45.54999923706055,45.7599983215332,64041100,QQQ
2010-09-07,39.81792449951172,45.70000076293945,46.029998779296875,45.630001068115234,45.81999969482422,51195200,QQQ
2010-09-08,40.29712677001953,46.25,46.45000076293945,45.81999969482422,45.83000183105469,66879800,QQQ
2010-09-09,40.4539680480957,46.43000030517578,46.70000076293945,46.31999969482422,46.65999984741211,61476400,QQQ
2010-09-10,40.602073669433594,46.599998474121094,46.66999816894531,46.25,46.47999954223633,66995700,QQQ
2010-09-13,41.16842269897461,47.25,47.369998931884766,46.939998626708984,46.959999084472656,64523400,QQQ
2010-09-14,41.342674255371094,47.45000076293945,47.70000076293945,47.08000183105469,47.189998626708984,91405800,QQQ
2010-09-15,41.604061126708984,47.75,47.79999923706055,47.189998626708984,47.33000183105469,67108200,QQQ
2010-09-16,41.769630432128906,47.939998626708984,47.97999954223633,47.540000915527344,47.65999984741211,66885800,QQQ
2010-09-17,41.91109085083008,47.9900016784668,48.13999938964844,47.75,48.13999938964844,76372600,QQQ
2010-09-20,42.64468765258789,48.83000183105469,48.93000030517578,48.11000061035156,48.16999816894531,84475000,QQQ
2010-09-21,42.63595962524414,48.81999969482422,49.16999816894531,48.61000061035156,48.86000061035156,82272000,QQQ
2010-09-22,42.522422790527344,48.689998626708984,49.02000045776367,48.41999816894531,48.619998931884766,88315900,QQQ
2010-09-23,42.50495910644531,48.66999816894531,49.15999984741211,48.31999969482422,48.369998931884766,85040000,QQQ
2010-09-24,43.36956024169922,49.65999984741211,49.689998626708984,49.150001525878906,49.220001220703125,79495900,QQQ
2010-09-27,43.133750915527344,49.38999938964844,49.75,49.349998474121094,49.630001068115234,43859800,QQQ
2010-09-28,43.11628341674805,49.369998931884766,49.540000915527344,48.59000015258789,49.5099983215332,104922900,QQQ
2010-09-29,43.04642868041992,49.290000915527344,49.529998779296875,49.11000061035156,49.29999923706055,81679200,QQQ
2010-09-30,42.85428237915039,49.06999969482422,49.84000015258789,48.75,49.540000915527344,122458600,QQQ
2010-10-01,42.8018684387207,49.0099983215332,49.529998779296875,48.779998779296875,49.47999954223633,77675400,QQQ
2010-10-04,42.339027404785156,48.47999954223633,49.04999923706055,48.20000076293945,48.869998931884766,71359900,QQQ
2010-10-05,43.36956024169922,49.65999984741211,49.7599983215332,49.0,49.029998779296875,99301300,QQQ
2010-10-06,42.99402618408203,49.22999954223633,49.709999084472656,48.90999984741211,49.599998474121094,81831200,QQQ
2010-10-07,43.151222229003906,49.40999984741211,49.540000915527344,49.0,49.5099983215332,75693300,QQQ
2010-10-08,43.448143005371094,49.75,49.869998931884766,49.08000183105469,49.43000030517578,83223900,QQQ
2010-10-11,43.465614318847656,49.77000045776367,50.02000045776367,49.619998931884766,49.779998779296875,46880000,QQQ
2010-10-12,43.76254653930664,50.11000061035156,50.209999084472656,49.2599983215332,49.689998626708984,88571700,QQQ
2010-10-13,44.12060546875,50.52000045776367,50.75,50.279998779296875,50.43000030517578,71122900,QQQ
2010-10-14,44.033267974853516,50.41999816894531,50.63999938964844,50.16999816894531,50.54999923706055,68464000,QQQ
2010-10-15,44.96775436401367,51.4900016784668,51.5,50.630001068115234,51.040000915527344,104654000,QQQ
2010-10-18,44.80182647705078,51.29999923706055,51.720001220703125,51.29999923706055,51.5,72399400,QQQ
2010-10-19,44.38260269165039,50.81999969482422,51.29999923706055,50.41999816894531,50.81999969482422,105739800,QQQ
2010-10-20,44.705745697021484,51.189998626708984,51.56999969482422,50.869998931884766,50.959999084472656,80861400,QQQ
2010-10-21,44.793067932128906,51.290000915527344,51.709999084472656,50.790000915527344,51.5099983215332,85885400,QQQ
2010-10-22,45.09873580932617,51.63999938964844,51.689998626708984,51.209999084472656,51.29999923706055,47406900,QQQ
2010-10-25,45.31707763671875,51.88999938964844,52.22999954223633,51.849998474121094,51.849998474121094,51413900,QQQ
2010-10-26,45.4393310546875,52.029998779296875,52.150001525878906,51.41999816894531,51.630001068115234,60498300,QQQ
2010-10-27,45.57908630371094,52.189998626708984,52.22999954223633,51.65999984741211,51.7599983215332,57483400,QQQ
2010-10-28,45.67513656616211,52.29999923706055,52.45000076293945,51.84000015258789,52.40999984741211,61220000,QQQ
2010-10-29,45.57035827636719,52.18000030517578,52.4900016784668,52.16999816894531,52.29999923706055,46668700,QQQ
2010-11-01,45.605289459228516,52.220001220703125,52.75,51.97999954223633,52.369998931884766,60555600,QQQ
2010-11-02,46.09433364868164,52.779998779296875,52.93000030517578,52.58000183105469,52.650001525878906,48137500,QQQ
2010-11-03,46.30393981933594,53.02000045776367,53.040000915527344,52.36000061035156,52.83000183105469,126225800,QQQ
2010-11-04,46.87160110473633,53.66999816894531,53.86000061035156,53.5,53.599998474121094,84201000,QQQ
2010-11-05,46.87160110473633,53.66999816894531,53.810001373291016,53.5099983215332,53.70000076293945,77937100,QQQ
2010-11-08,46.9327392578125,53.7400016784668,53.83000183105469,53.45000076293945,53.58000183105469,39623500,QQQ
2010-11-09,46.67948913574219,53.45000076293945,54.040000915527344,53.209999084472656,53.95000076293945,66828700,QQQ
2010-11-10,46.91526794433594,53.720001220703125,53.77000045776367,53.099998474121094,53.52000045776367,83553700,QQQ
2010-11-11,46.61833190917969,53.380001068115234,53.47999954223633,52.65999984741211,52.90999984741211,85163600,QQQ
2010-11-12,45.858543395996094,52.5099983215332,53.369998931884766,52.11000061035156,53.099998474121094,99164300,QQQ
2010-11-15,45.68388366699219,52.310001373291016,52.880001068115234,52.290000915527344,52.779998779296875,56723400,QQQ
2010-11-16,44.93282699584961,51.45000076293945,52.25,50.849998474121094,51.939998626708984,101097000,QQQ
2010-11-17,45.063812255859375,51.599998474121094,51.869998931884766,51.349998474121094,51.47999954223633,77836200,QQQ
2010-11-18,45.788673400878906,52.43000030517578,52.790000915527344,52.130001068115234,52.15999984741211,71488300,QQQ
2010-11-19,45.823612213134766,52.470001220703125,52.59000015258789,52.13999938964844,52.36000061035156,54506100,QQQ
2010-11-22,46.207862854003906,52.90999984741211,52.90999984741211,52.16999816894531,52.2599983215332,69918900,QQQ
2010-11-23,45.47427749633789,52.06999969482422,52.45000076293945,51.77000045776367,52.369998931884766,76818300,QQQ
2010-11-24,46.391273498535156,53.119998931884766,53.25,52.560001373291016,52.58000183105469,53444200,QQQ
2010-11-26,46.08562088012695,52.77000045776367,53.130001068115234,52.66999816894531,52.779998779296875,23640300,QQQ
2010-11-29,46.050682067871094,52.72999954223633,52.900001525878906,52.099998474121094,52.70000076293945,89269100,QQQ
2010-11-30,45.491737365722656,52.09000015258789,52.7400016784668,51.880001068115234,52.18000030517578,118862100,QQQ
2010-12-01,46.45240783691406,53.189998626708984,53.459999084472656,52.84000015258789,52.86000061035156,81758800,QQQ
2010-12-02,46.924015045166016,53.72999954223633,53.810001373291016,53.209999084472656,53.27000045776367,56844600,QQQ
2010-12-03,47.0462760925293,53.869998931884766,53.939998626708984,53.5,53.5,38014200,QQQ
2010-12-06,47.02880859375,53.849998474121094,53.95000076293945,53.68000030517578,53.880001068115234,39312000,QQQ
2010-12-07,47.055015563964844,53.880001068115234,54.52000045776367,53.81999969482422,54.5,59067300,QQQ
2010-12-08,47.229679107666016,54.08000183105469,54.150001525878906,53.689998626708984,54.02000045776367,48066900,QQQ
2010-12-09,47.27334213256836,54.130001068115234,54.439998626708984,53.95000076293945,54.40999984741211,51679800,QQQ
2010-12-10,47.58772659301758,54.4900016784668,54.54999923706055,54.09000015258789,54.290000915527344,44696200,QQQ
2010-12-13,47.42181396484375,54.29999923706055,54.7400016784668,54.27000045776367,54.70000076293945,53110200,QQQ
2010-12-14,47.5091438293457,54.400001525878906,54.619998931884766,54.22999954223633,54.439998626708984,69884800,QQQ
2010-12-15,47.29953384399414,54.15999984741211,54.70000076293945,54.029998779296875,54.369998931884766,76951900,QQQ
2010-12-16,47.66632843017578,54.58000183105469,54.65999984741211,54.060001373291016,54.209999084472656,65519400,QQQ
2010-12-17,47.70833969116211,54.52000045776367,54.68000030517578,54.40999984741211,54.540000915527344,36844200,QQQ
2010-12-20,47.74334716796875,54.560001373291016,54.7599983215332,54.15999984741211,54.619998931884766,48159600,QQQ
2010-12-21,48.03209686279297,54.88999938964844,54.88999938964844,54.619998931884766,54.77000045776367,35775400,QQQ
2010-12-22,48.023372650146484,54.880001068115234,54.959999084472656,54.790000915527344,54.869998931884766,35766500,QQQ
2010-12-23,47.90085220336914,54.7400016784668,54.869998931884766,54.61000061035156,54.779998779296875,21664800,QQQ
2010-12-27,47.92708969116211,54.77000045776367,54.86000061035156,54.209999084472656,54.58000183105469,29263700,QQQ
2010-12-28,47.839599609375,54.66999816894531,54.91999816894531,54.54999923706055,54.880001068115234,24160500,QQQ
2010-12-29,47.944602966308594,54.790000915527344,54.900001525878906,54.72999954223633,54.81999969482422,24132700,QQQ
2010-12-30,47.83084487915039,54.65999984741211,54.79999923706055,54.54999923706055,54.790000915527344,27553300,QQQ
2010-12-31,47.655845642089844,54.459999084472656,54.619998931884766,54.209999084472656,54.59000015258789,38540100,QQQ
2011-01-03,48.39963150024414,55.310001373291016,55.689998626708984,54.95000076293945,54.970001220703125,90994300,QQQ
2011-01-04,48.3646354675293,55.27000045776367,55.54999923706055,54.91999816894531,55.5099983215332,43851500,QQQ
2011-01-05,48.77592468261719,55.7400016784668,55.7599983215332,55.06999969482422,55.099998474121094,43787400,QQQ
2011-01-06,48.933414459228516,55.91999816894531,55.959999084472656,55.68000030517578,55.79999923706055,46139600,QQQ
2011-01-07,48.889678955078125,55.869998931884766,56.04999923706055,55.31999969482422,56.02000045776367,72261700,QQQ
2011-01-10,49.07344055175781,56.08000183105469,56.18000030517578,55.58000183105469,55.75,55551800,QQQ
2011-01-11,49.14344024658203,56.15999984741211,56.36000061035156,55.95000076293945,56.310001373291016,56663800,QQQ
2011-01-12,49.49346160888672,56.560001373291016,56.560001373291016,56.20000076293945,56.43000030517578,51979300,QQQ
2011-01-13,49.5109748840332,56.58000183105469,56.72999954223633,56.40999984741211,56.599998474121094,47364500,QQQ
2011-01-14,49.87847900390625,57.0,57.02000045776367,56.459999084472656,56.599998474121094,43867400,QQQ
2011-01-18,50.018497467041016,57.15999984741211,57.22999954223633,56.4900016784668,56.56999969482422,65805600,QQQ
2011-01-19,49.449710845947266,56.5099983215332,57.2599983215332,56.31999969482422,57.2599983215332,67767200,QQQ
2011-01-20,49.09968185424805,56.11000061035156,56.349998474121094,55.68000030517578,56.27000045776367,92357800,QQQ
2011-01-21,48.72340774536133,55.68000030517578,56.4900016784668,55.650001525878906,56.38999938964844,59673300,QQQ
2011-01-24,49.3972053527832,56.45000076293945,56.459999084472656,55.68000030517578,55.790000915527344,64103300,QQQ
2011-01-25,49.46720886230469,56.529998779296875,56.54999923706055,56.04999923706055,56.16999816894531,55305100,QQQ
2011-01-26,49.729732513427734,56.83000183105469,56.97999954223633,56.45000076293945,56.61000061035156,60547700,QQQ
2011-01-27,50.0360107421875,57.18000030517578,57.349998474121094,56.91999816894531,57.0099983215332,53656100,QQQ
2011-01-28,48.76716232299805,55.72999954223633,57.220001220703125,55.470001220703125,57.16999816894531,123359900,QQQ
2011-01-31,49.0034065246582,56.0,56.15999984741211,55.38999938964844,55.810001373291016,70571300,QQQ
2011-02-01,49.92224884033203,57.04999923706055,57.18000030517578,56.36000061035156,56.41999816894531,76952900,QQQ
2011-02-02,49.843475341796875,56.959999084472656,57.16999816894531,56.84000015258789,56.93000030517578,48661000,QQQ
2011-02-03,49.93099594116211,57.060001373291016,57.13999938964844,56.400001525878906,56.849998474121094,45341900,QQQ
2011-02-04,50.211021423339844,57.380001068115234,57.41999816894531,56.900001525878906,57.04999923706055,47647800,QQQ
2011-02-07,50.44729232788086,57.650001525878906,57.970001220703125,57.400001525878906,57.4900016784668,45627100,QQQ
2011-02-08,50.77980041503906,58.029998779296875,58.06999969482422,57.560001373291016,57.66999816894531,38099900,QQQ
2011-02-09,50.692291259765625,57.93000030517578,58.119998931884766,57.75,57.939998626708984,62540800,QQQ
2011-02-10,50.77104949951172,58.02000045776367,58.099998474121094,57.4900016784668,57.54999923706055,70194700,QQQ
2011-02-11,51.13858413696289,58.439998626708984,58.47999954223633,57.77000045776367,57.849998474121094,47853500,QQQ
2011-02-14,51.26108932495117,58.58000183105469,58.65999984741211,58.380001068115234,58.439998626708984,48506100,QQQ
2011-02-15,51.19107437133789,58.5,58.56999969482422,58.22999954223633,58.439998626708984,39723800,QQQ
2011-02-16,51.52360916137695,58.880001068115234,59.040000915527344,58.630001068115234,58.650001525878906,53061700,QQQ
2011-02-17,51.50611877441406,58.86000061035156,58.970001220703125,58.54999923706055,58.59000015258789,38361900,QQQ
2011-02-18,51.39234924316406,58.72999954223633,58.970001220703125,58.5099983215332,58.86000061035156,44334300,QQQ
2011-02-22,49.904754638671875,57.029998779296875,58.130001068115234,56.939998626708984,57.93000030517578,92598100,QQQ
2011-02-23,49.49346160888672,56.560001373291016,57.22999954223633,56.130001068115234,57.029998779296875,97842900,QQQ
2011-02-24,49.7559700012207,56.86000061035156,57.029998779296875,56.13999938964844,56.68000030517578,98716100,QQQ
2011-02-25,50.44729232788086,57.650001525878906,57.720001220703125,57.119998931884766,57.18000030517578,54094600,QQQ
2011-02-28,50.55229187011719,57.77000045776367,58.04999923706055,57.43000030517578,57.880001068115234,51402800,QQQ
2011-03-01,49.73847961425781,56.84000015258789,58.02000045776367,56.70000076293945,58.02000045776367,91993900,QQQ
2011-03-02,50.00099563598633,57.13999938964844,57.5099983215332,56.790000915527344,56.810001373291016,61552900,QQQ
2011-03-03,50.98981857299805,58.27000045776367,58.369998931884766,57.66999816894531,57.66999816894531,64146600,QQQ
2011-03-04,50.7273063659668,57.970001220703125,58.2599983215332,57.59000015258789,58.25,62328400,QQQ
2011-03-07,50.04474639892578,57.189998626708984,58.2599983215332,56.66999816894531,58.209999084472656,98470000,QQQ
2011-03-08,50.24601745605469,57.41999816894531,57.68000030517578,56.77000045776367,57.119998931884766,62399100,QQQ
2011-03-09,49.904754638671875,57.029998779296875,57.27000045776367,56.720001220703125,57.209999084472656,84764200,QQQ
2011-03-10,49.12593460083008,56.13999938964844,56.52000045776367,55.90999984741211,56.38999938964844,102894400,QQQ
2011-03-11,49.43220520019531,56.4900016784668,56.65999984741211,55.81999969482422,55.81999969482422,81679400,QQQ
2011-03-14,49.257198333740234,56.290000915527344,56.59000015258789,55.86000061035156,56.18000030517578,73565800,QQQ
2011-03-15,48.55715560913086,55.4900016784668,55.81999969482422,54.470001220703125,54.63999938964844,101276500,QQQ
2011-03-16,47.384578704833984,54.150001525878906,55.34000015258789,53.77000045776367,55.029998779296875,176507700,QQQ
2011-03-17,47.82209014892578,54.650001525878906,55.2400016784668,54.130001068115234,55.0099983215332,94434500,QQQ
2011-03-18,47.71432113647461,54.45000076293945,55.220001220703125,54.40999984741211,55.220001220703125,94887200,QQQ
2011-03-21,48.634429931640625,55.5,55.779998779296875,54.5,55.279998779296875,57423000,QQQ
2011-03-22,48.54678726196289,55.400001525878906,55.61000061035156,55.279998779296875,55.58000183105469,36162100,QQQ
2011-03-23,48.81846237182617,55.709999084472656,55.869998931884766,54.81999969482422,55.20000076293945,60365100,QQQ
2011-03-24,49.685977935791016,56.70000076293945,56.81999969482422,55.81999969482422,56.130001068115234,69502400,QQQ
2011-03-25,49.80866622924805,56.84000015258789,57.220001220703125,56.72999954223633,56.880001068115234,74131100,QQQ
2011-03-28,49.53700256347656,56.529998779296875,57.099998474121094,56.5,57.09000015258789,37824000,QQQ
2011-03-29,50.01895523071289,57.08000183105469,57.08000183105469,56.22999954223633,56.400001525878906,47994800,QQQ
2011-03-30,50.255577087402344,57.349998474121094,57.43000030517578,57.08000183105469,57.36000061035156,44935900,QQQ
2011-03-31,50.32565689086914,57.43000030517578,57.47999954223633,57.150001525878906,57.25,50004300,QQQ
2011-04-01,50.351966857910156,57.459999084472656,57.900001525878906,57.290000915527344,57.720001220703125,68031800,QQQ
2011-04-04,50.18546676635742,57.27000045776367,57.68000030517578,57.02000045776367,57.619998931884766,48659100,QQQ
2011-04-05,50.054019927978516,57.119998931884766,57.4900016784668,57.0,57.15999984741211,55349400,QQQ
2011-04-06,50.17670440673828,57.2599983215332,57.72999954223633,56.93000030517578,57.560001373291016,49532100,QQQ
2011-04-07,50.141666412353516,57.220001220703125,57.599998474121094,56.810001373291016,57.2400016784668,60697000,QQQ
2011-04-08,49.90504837036133,56.95000076293945,57.56999969482422,56.650001525878906,57.47999954223633,42782200,QQQ
2011-04-11,49.738548278808594,56.7599983215332,57.290000915527344,56.560001373291016,57.16999816894531,42451700,QQQ
2011-04-12,49.396793365478516,56.369998931884766,56.63999938964844,56.150001525878906,56.5,50422800,QQQ
2011-04-13,49.81742858886719,56.849998474121094,57.0,56.400001525878906,56.790000915527344,49979800,QQQ
2011-04-14,49.72978973388672,56.75,56.83000183105469,56.22999954223633,56.459999084472656,53544100,QQQ
2011-04-15,49.64216613769531,56.650001525878906,56.869998931884766,56.279998779296875,56.529998779296875,68530000,QQQ
2011-04-18,49.29164123535156,56.25,56.27000045776367,55.31999969482422,56.08000183105469,69065000,QQQ
2011-04-19,49.59833526611328,56.599998474121094,56.599998474121094,56.099998474121094,56.400001525878906,38608400,QQQ
2011-04-20,50.72002410888672,57.880001068115234,57.939998626708984,57.529998779296875,57.599998474121094,67397500,QQQ
2011-04-21,51.12310791015625,58.34000015258789,58.470001220703125,58.15999984741211,58.439998626708984,43666800,QQQ
2011-04-25,51.254547119140625,58.4900016784668,58.52000045776367,58.279998779296875,58.38999938964844,25376800,QQQ
2011-04-26,51.54372024536133,58.81999969482422,59.029998779296875,58.5099983215332,58.63999938964844,49400000,QQQ
2011-04-27,51.89423751831055,59.220001220703125,59.290000915527344,58.65999984741211,58.93000030517578,56465500,QQQ
2011-04-28,51.81538772583008,59.130001068115234,59.22999954223633,58.880001068115234,59.040000915527344,48100000,QQQ
2011-04-29,51.77157211303711,59.08000183105469,59.290000915527344,58.97999954223633,59.02000045776367,44831200,QQQ
2011-05-02,51.67516326904297,58.970001220703125,59.34000015258789,58.81999969482422,59.16999816894531,48149400,QQQ
2011-05-03,51.429805755615234,58.689998626708984,59.0,58.33000183105469,58.939998626708984,38100000,QQQ
2011-05-04,51.3509407043457,58.599998474121094,58.869998931884766,58.11000061035156,58.720001220703125,53097200,QQQ
2011-05-05,51.07052993774414,58.279998779296875,58.970001220703125,58.08000183105469,58.310001373291016,72200000,QQQ
2011-05-06,51.23701858520508,58.470001220703125,59.20000076293945,58.310001373291016,58.86000061035156,72507000,QQQ
2011-05-09,51.429805755615234,58.689998626708984,58.91999816894531,58.34000015258789,58.56999969482422,40022000,QQQ
2011-05-10,51.86793518066406,59.189998626708984,59.279998779296875,58.779998779296875,58.86000061035156,38053600,QQQ
2011-05-11,51.491146087646484,58.7599983215332,59.310001373291016,58.36000061035156,59.099998474121094,61900000,QQQ
2011-05-12,51.797847747802734,59.11000061035156,59.189998626708984,58.2400016784668,58.58000183105469,66100000,QQQ
2011-05-13,51.1844596862793,58.40999984741211,59.06999969482422,58.38999938964844,58.970001220703125,63506600,QQQ
2011-05-16,50.29938888549805,57.400001525878906,58.31999969482422,57.27000045776367,58.13999938964844,73115300,QQQ
2011-05-17,50.439598083496094,57.560001373291016,57.56999969482422,56.97999954223633,57.099998474121094,63136000,QQQ
2011-05-18,50.8602180480957,58.040000915527344,58.13999938964844,57.40999984741211,57.47999954223633,42351100,QQQ
2011-05-19,51.009193420410156,58.209999084472656,58.34000015258789,57.849998474121094,58.220001220703125,35015800,QQQ
2011-05-20,50.62361526489258,57.77000045776367,58.209999084472656,57.689998626708984,58.150001525878906,44703300,QQQ
2011-05-23,49.87877655029297,56.91999816894531,57.150001525878906,56.650001525878906,56.97999954223633,43700000,QQQ
2011-05-24,49.57204818725586,56.56999969482422,57.06999969482422,56.560001373291016,57.060001373291016,39314800,QQQ
2011-05-25,49.76484680175781,56.790000915527344,57.060001373291016,56.470001220703125,56.5,41369000,QQQ
2011-05-26,50.07154846191406,57.13999938964844,57.29999923706055,56.61000061035156,56.619998931884766,40564100,QQQ
2011-05-27,50.32565689086914,57.43000030517578,57.4900016784668,57.189998626708984,57.2400016784668,30127200,QQQ
2011-05-31,51.14064407348633,58.36000061035156,58.36000061035156,57.66999816894531,57.970001220703125,47590100,QQQ
2011-06-01,50.02774429321289,57.09000015258789,58.36000061035156,57.040000915527344,58.220001220703125,51795000,QQQ
2011-06-02,50.13288879394531,57.209999084472656,57.40999984741211,56.88999938964844,57.20000076293945,50198100,QQQ
2011-06-03,49.3792724609375,56.349998474121094,56.9900016784668,56.27000045776367,56.54999923706055,57773700,QQQ
2011-06-06,48.976165771484375,55.88999938964844,56.529998779296875,55.86000061035156,56.220001220703125,50175600,QQQ
2011-06-07,48.88855743408203,55.790000915527344,56.2599983215332,55.75,56.040000915527344,46311100,QQQ
2011-06-08,48.53802490234375,55.38999938964844,55.77000045776367,55.22999954223633,55.66999816894531,46426400,QQQ
2011-06-09,48.62565994262695,55.4900016784668,55.7599983215332,55.22999954223633,55.40999984741211,45307500,QQQ
2011-06-10,47.88080596923828,54.63999938964844,55.34000015258789,54.59000015258789,55.22999954223633,53740600,QQQ
2011-06-13,47.88080596923828,54.63999938964844,54.93000030517578,54.45000076293945,54.66999816894531,37736800,QQQ
2011-06-14,48.49420928955078,55.34000015258789,55.470001220703125,55.029998779296875,55.060001373291016,40565300,QQQ
2011-06-15,47.57413101196289,54.290000915527344,55.150001525878906,54.18000030517578,54.810001373291016,59022400,QQQ
2011-06-16,47.39008331298828,54.08000183105469,54.5,53.619998931884766,54.31999969482422,66316200,QQQ
2011-06-17,47.24165725708008,53.790000915527344,54.599998474121094,53.630001068115234,54.400001525878906,70337000,QQQ
2011-06-20,47.4875602722168,54.06999969482422,54.22999954223633,53.63999938964844,53.63999938964844,37402900,QQQ
2011-06-21,48.50634765625,55.22999954223633,55.290000915527344,54.029998779296875,54.2599983215332,55892800,QQQ
2011-06-22,48.15506362915039,54.83000183105469,55.31999969482422,54.81999969482422,55.0,36833300,QQQ
2011-06-23,48.602962493896484,55.34000015258789,55.369998931884766,54.060001373291016,54.2400016784668,80743300,QQQ
2011-06-24,47.759830474853516,54.380001068115234,55.130001068115234,54.27000045776367,55.08000183105469,56298300,QQQ
2011-06-27,48.52392578125,55.25,55.529998779296875,54.31999969482422,54.439998626708984,49968900,QQQ
2011-06-28,49.24409866333008,56.06999969482422,56.08000183105469,55.290000915527344,55.369998931884766,47028800,QQQ
2011-06-29,49.446083068847656,56.29999923706055,56.40999984741211,55.900001525878906,56.20000076293945,65407300,QQQ
2011-06-30,50.10479736328125,57.04999923706055,57.09000015258789,56.470001220703125,56.5,50347200,QQQ
2011-07-01,50.86008834838867,57.90999984741211,57.9900016784668,56.91999816894531,57.08000183105469,53203900,QQQ
2011-07-05,51.11479187011719,58.20000076293945,58.2599983215332,57.83000183105469,57.970001220703125,43128800,QQQ
2011-07-06,51.28165817260742,58.38999938964844,58.4900016784668,57.939998626708984,58.130001068115234,49282700,QQQ
2011-07-07,51.98424530029297,59.189998626708984,59.36000061035156,58.7400016784668,58.83000183105469,54799800,QQQ
2011-07-08,51.84375762939453,59.029998779296875,59.040000915527344,58.369998931884766,58.68000030517578,69519500,QQQ
2011-07-11,50.903995513916016,57.959999084472656,58.709999084472656,57.7599983215332,58.40999984741211,52080800,QQQ
2011-07-12,50.517574310302734,57.52000045776367,58.06999969482422,57.459999084472656,57.95000076293945,84000700,QQQ
2011-07-13,50.728355407714844,57.7599983215332,58.34000015258789,57.54999923706055,57.939998626708984,82378100,QQQ
2011-07-14,50.139930725097656,57.09000015258789,58.18000030517578,56.869998931884766,57.90999984741211,98774200,QQQ
2011-07-15,50.807395935058594,57.849998474121094,57.849998474121094,57.310001373291016,57.72999954223633,68281500,QQQ
2011-07-18,50.535152435302734,57.540000915527344,57.790000915527344,56.97999954223633,57.529998779296875,59512200,QQQ
2011-07-19,51.6856689453125,58.849998474121094,58.900001525878906,58.09000015258789,58.09000015258789,73904600,QQQ
2011-07-20,51.466102600097656,58.599998474121094,59.189998626708984,58.5,59.18000030517578,57085500,QQQ
2011-07-21,51.808616638183594,58.9900016784668,59.31999969482422,58.34000015258789,58.65999984741211,70148800,QQQ
2011-07-22,52.34434509277344,59.599998474121094,59.70000076293945,58.91999816894531,58.959999084472656,43620400,QQQ
2011-07-25,52.238948822021484,59.47999954223633,59.810001373291016,59.02000045776367,59.130001068115234,48916100,QQQ
2011-07-26,52.37071228027344,59.630001068115234,59.83000183105469,59.31999969482422,59.439998626708984,40918900,QQQ
2011-07-27,51.01816940307617,58.09000015258789,59.290000915527344,57.939998626708984,59.2400016784668,83969500,QQQ
2011-07-28,51.10601043701172,58.189998626708984,58.93000030517578,57.88999938964844,58.119998931884766,61031900,QQQ
2011-07-29,50.93913269042969,58.0,58.61000061035156,57.439998626708984,57.720001220703125,82860500,QQQ
2011-08-01,50.702003479003906,57.72999954223633,58.81999969482422,57.029998779296875,58.70000076293945,85421100,QQQ
2011-08-02,49.419742584228516,56.27000045776367,57.720001220703125,56.209999084472656,57.459999084472656,90853300,QQQ
2011-08-03,49.89400863647461,56.810001373291016,56.880001068115234,55.349998474121094,56.34000015258789,103612300,QQQ
2011-08-04,47.57538986206055,54.16999816894531,56.09000015258789,54.16999816894531,56.0,132830000,QQQ
2011-08-05,47.27677917480469,53.83000183105469,55.029998779296875,52.31999969482422,54.720001220703125,214111800,QQQ
2011-08-08,44.43122482299805,50.59000015258789,53.119998931884766,50.59000015258789,52.18000030517578,204804500,QQQ
2011-08-09,46.574180603027344,53.029998779296875,53.08000183105469,49.93000030517578,51.349998474121094,193707100,QQQ
2011-08-10,44.66835403442383,50.86000061035156,53.040000915527344,50.79999923706055,51.83000183105469,205917900,QQQ
2011-08-11,46.63563919067383,53.099998474121094,53.689998626708984,51.34000015258789,51.59000015258789,143825300,QQQ
2011-08-12,47.0484504699707,53.56999969482422,53.900001525878906,52.880001068115234,53.43000030517578,90483300,QQQ
2011-08-15,47.742271423339844,54.36000061035156,54.36000061035156,53.529998779296875,53.790000915527344,73554300,QQQ
2011-08-16,47.3382682800293,53.900001525878906,54.349998474121094,53.18000030517578,53.83000183105469,89219200,QQQ
2011-08-17,47.05723190307617,53.58000183105469,54.41999816894531,53.02000045776367,53.970001220703125,84416600,QQQ
2011-08-18,44.74739456176758,50.95000076293945,52.13999938964844,50.47999954223633,52.130001068115234,130019400,QQQ
2011-08-19,43.93939971923828,50.029998779296875,51.66999816894531,49.9900016784668,50.41999816894531,96674600,QQQ
2011-08-22,44.097476959228516,50.209999084472656,51.2400016784668,50.060001373291016,51.22999954223633,77107700,QQQ
2011-08-23,45.91550827026367,52.279998779296875,52.279998779296875,50.34000015258789,50.54999923706055,75688400,QQQ
2011-08-24,46.275569915771484,52.689998626708984,52.790000915527344,51.709999084472656,52.130001068115234,80197700,QQQ
2011-08-25,45.52027130126953,51.83000183105469,52.900001525878906,51.650001525878906,52.65999984741211,93623700,QQQ
2011-08-26,46.662010192871094,53.130001068115234,53.310001373291016,51.150001525878906,51.65999984741211,91573300,QQQ
2011-08-29,47.961849212646484,54.61000061035156,54.66999816894531,53.63999938964844,53.65999984741211,45985800,QQQ
2011-08-30,48.278018951416016,54.970001220703125,55.29999923706055,54.11000061035156,54.40999984741211,61617900,QQQ
2011-08-31,48.357051849365234,55.060001373291016,55.7400016784668,54.599998474121094,55.29999923706055,60900400,QQQ
2011-09-01,47.91791915893555,54.560001373291016,55.63999938964844,54.459999084472656,55.20000076293945,57158400,QQQ
2011-09-02,46.79374313354492,53.279998779296875,54.61000061035156,52.9900016784668,53.58000183105469,58185700,QQQ
2011-09-06,46.80252456665039,53.290000915527344,53.369998931884766,51.90999984741211,52.040000915527344,52992200,QQQ
2011-09-07,47.98817825317383,54.63999938964844,54.650001525878906,53.900001525878906,54.04999923706055,48952200,QQQ
2011-09-08,47.768619537353516,54.38999938964844,55.16999816894531,54.209999084472656,54.36000061035156,61422800,QQQ
2011-09-09,46.70590591430664,53.18000030517578,54.2400016784668,52.849998474121094,54.0099983215332,63663500,QQQ
2011-09-12,47.30311965942383,53.86000061035156,53.900001525878906,52.56999969482422,52.59000015258789,65973000,QQQ
2011-09-13,47.93547439575195,54.58000183105469,54.689998626708984,53.79999923706055,54.060001373291016,59020000,QQQ
2011-09-14,48.62052536010742,55.36000061035156,55.97999954223633,54.31999969482422,54.86000061035156,90757300,QQQ
2011-09-15,49.340694427490234,56.18000030517578,56.279998779296875,55.38999938964844,55.959999084472656,83536100,QQQ
2011-09-16,49.79296112060547,56.59000015258789,56.650001525878906,56.09000015258789,56.20000076293945,91902100,QQQ
2011-09-19,49.810569763183594,56.61000061035156,56.90999984741211,55.43000030517578,55.88999938964844,73042900,QQQ
2011-09-20,49.59059524536133,56.36000061035156,57.349998474121094,56.22999954223633,56.900001525878906,66570100,QQQ
2011-09-21,48.72829818725586,55.380001068115234,56.93000030517578,55.369998931884766,56.650001525878906,79938000,QQQ
2011-09-22,47.14451217651367,53.58000183105469,54.459999084472656,52.75,53.970001220703125,151885500,QQQ
2011-09-23,47.646053314208984,54.150001525878906,54.380001068115234,53.09000015258789,53.130001068115234,85940600,QQQ
2011-09-26,48.20036315917969,54.779998779296875,54.880001068115234,53.209999084472656,54.41999816894531,96261400,QQQ
2011-09-27,48.70191192626953,55.349998474121094,56.20000076293945,54.97999954223633,55.709999084472656,81148600,QQQ
2011-09-28,47.98038864135742,54.529998779296875,55.970001220703125,54.400001525878906,55.59000015258789,76757100,QQQ
2011-09-29,47.4084587097168,53.880001068115234,55.43000030517578,52.970001220703125,55.36000061035156,116900200,QQQ
2011-09-30,46.185420989990234,52.4900016784668,53.61000061035156,52.459999084472656,53.15999984741211,104870100,QQQ
2011-10-03,44.997554779052734,51.13999938964844,52.849998474121094,51.11000061035156,52.02000045776367,99149500,QQQ
2011-10-04,45.921443939208984,52.189998626708984,52.290000915527344,50.099998474121094,50.619998931884766,137013700,QQQ
2011-10-05,47.10049057006836,53.529998779296875,53.68000030517578,51.65999984741211,52.060001373291016,108825700,QQQ
2011-10-06,47.89242172241211,54.43000030517578,54.439998626708984,53.209999084472656,53.459999084472656,71939200,QQQ
2011-10-07,47.575626373291016,54.06999969482422,54.65999984741211,53.720001220703125,54.400001525878906,72525200,QQQ
2011-10-10,49.221031188964844,55.939998626708984,55.939998626708984,54.88999938964844,54.9900016784668,48230200,QQQ
2011-10-11,49.55539321899414,56.31999969482422,56.459999084472656,55.70000076293945,55.790000915527344,66449100,QQQ
2011-10-12,49.80175018310547,56.599998474121094,57.22999954223633,56.560001373291016,56.86000061035156,85627600,QQQ
2011-10-13,50.259300231933594,57.119998931884766,57.189998626708984,56.43000030517578,56.4900016784668,63443700,QQQ
2011-10-14,51.191993713378906,58.18000030517578,58.189998626708984,57.5099983215332,57.81999969482422,65643600,QQQ
2011-10-17,50.400081634521484,57.279998779296875,58.09000015258789,56.970001220703125,57.90999984741211,65161300,QQQ
2011-10-18,51.024810791015625,57.9900016784668,58.290000915527344,56.65999984741211,57.189998626708984,91434600,QQQ
2011-10-19,50.039337158203125,56.869998931884766,57.849998474121094,56.68000030517578,57.66999816894531,67639400,QQQ
2011-10-20,49.79296112060547,56.59000015258789,56.91999816894531,55.790000915527344,56.86000061035156,80378300,QQQ
2011-10-21,50.417686462402344,57.29999923706055,57.65999984741211,56.779998779296875,57.189998626708984,60455800,QQQ
2011-10-24,51.464752197265625,58.4900016784668,58.650001525878906,57.310001373291016,57.5099983215332,61449500,QQQ
2011-10-25,50.4528694152832,57.34000015258789,58.31999969482422,57.220001220703125,58.29999923706055,65299200,QQQ
2011-10-26,50.39128494262695,57.27000045776367,57.779998779296875,56.209999084472656,57.65999984741211,98193800,QQQ
2011-10-27,51.78151321411133,58.849998474121094,59.20000076293945,58.029998779296875,58.63999938964844,104455500,QQQ
2011-10-28,51.86070251464844,58.939998626708984,59.0099983215332,58.5,58.52000045776367,42950000,QQQ
2011-10-31,50.98960876464844,57.95000076293945,58.63999938964844,57.90999984741211,58.43000030517578,60520200,QQQ
2011-11-01,49.660987854003906,56.439998626708984,57.90999984741211,56.119998931884766,56.52000045776367,99933000,QQQ
2011-11-02,50.08333206176758,56.91999816894531,57.15999984741211,56.380001068115234,57.029998779296875,65003800,QQQ
2011-11-03,51.121604919433594,58.099998474121094,58.18000030517578,56.709999084472656,57.369998931884766,78994200,QQQ
2011-11-04,50.85762405395508,57.79999923706055,58.04999923706055,57.220001220703125,57.81999969482422,61527800,QQQ
2011-11-07,51.2183837890625,58.209999084472656,58.25,57.16999816894531,57.7599983215332,65559000,QQQ
2011-11-08,51.80791473388672,58.880001068115234,58.97999954223633,57.970001220703125,58.630001068115234,62906900,QQQ
2011-11-09,49.98653030395508,56.810001373291016,57.83000183105469,56.630001068115234,57.7400016784668,69539000,QQQ
2011-11-10,49.96015167236328,56.779998779296875,57.41999816894531,56.22999954223633,57.369998931884766,66052400,QQQ
2011-11-11,50.901615142822266,57.849998474121094,58.02000045776367,57.20000076293945,57.27000045776367,54471000,QQQ
2011-11-14,50.584869384765625,57.4900016784668,58.0099983215332,57.279998779296875,57.689998626708984,44617600,QQQ
2011-11-15,51.14801788330078,58.130001068115234,58.36000061035156,57.2599983215332,57.31999969482422,52203900,QQQ
2011-11-16,50.30330276489258,57.16999816894531,58.15999984741211,57.060001373291016,57.709999084472656,68342800,QQQ
2011-11-17,49.1242561340332,55.83000183105469,57.040000915527344,55.47999954223633,57.02000045776367,101706900,QQQ
2011-11-18,48.74589538574219,55.400001525878906,55.900001525878906,55.29999923706055,55.84000015258789,60417000,QQQ
2011-11-21,47.81321334838867,54.34000015258789,54.72999954223633,53.779998779296875,54.650001525878906,52283700,QQQ
2011-11-22,47.971580505371094,54.52000045776367,54.68000030517578,53.869998931884766,54.20000076293945,51940100,QQQ
2011-11-23,46.88933563232422,53.290000915527344,54.16999816894531,53.2599983215332,54.11000061035156,48437300,QQQ
2011-11-25,46.5285758972168,52.880001068115234,53.66999816894531,52.869998931884766,53.060001373291016,25448100,QQQ
2011-11-28,48.14756774902344,54.720001220703125,54.790000915527344,54.13999938964844,54.16999816894531,46710700,QQQ
2011-11-29,47.848419189453125,54.380001068115234,55.099998474121094,54.220001220703125,54.689998626708984,52056700,QQQ
2011-11-30,49.617000579833984,56.38999938964844,56.439998626708984,55.66999816894531,55.86000061035156,66918600,QQQ
2011-12-01,49.96015167236328,56.779998779296875,56.93000030517578,56.349998474121094,56.380001068115234,45362200,QQQ
2011-12-02,49.81936264038086,56.619998931884766,57.34000015258789,56.56999969482422,57.34000015258789,36938900,QQQ
2011-12-05,50.36488723754883,57.2400016784668,57.619998931884766,56.91999816894531,57.470001220703125,40492200,QQQ
2011-12-06,50.22410202026367,57.08000183105469,57.45000076293945,56.88999938964844,57.290000915527344,38670000,QQQ
2011-12-07,50.22410202026367,57.08000183105469,57.34000015258789,56.349998474121094,56.91999816894531,44576200,QQQ
2011-12-08,49.37942123413086,56.119998931884766,57.150001525878906,56.0099983215332,56.709999084472656,51692600,QQQ
2011-12-09,50.17131042480469,57.02000045776367,57.189998626708984,56.2400016784668,56.2599983215332,55757900,QQQ
2011-12-12,49.60820007324219,56.380001068115234,57.0099983215332,55.900001525878906,56.41999816894531,55411700,QQQ
2011-12-13,49.06265640258789,55.7599983215332,56.97999954223633,55.529998779296875,56.75,68557700,QQQ
2011-12-14,48.297149658203125,54.88999938964844,55.59000015258789,54.58000183105469,55.54999923706055,63682800,QQQ
2011-12-15,48.16517639160156,54.7400016784668,55.41999816894531,54.65999984741211,55.36000061035156,58732900,QQQ
2011-12-16,48.413124084472656,54.86000061035156,55.61000061035156,54.77000045776367,54.869998931884766,60978900,QQQ
2011-12-19,47.936607360839844,54.31999969482422,55.20000076293945,54.16999816894531,55.06999969482422,46733900,QQQ
2011-12-20,49.3574104309082,55.93000030517578,56.0,55.16999816894531,55.20000076293945,81758800,QQQ
2011-12-21,48.65142059326172,55.130001068115234,55.63999938964844,54.4900016784668,55.599998474121094,78552300,QQQ
2011-12-22,49.066192626953125,55.599998474121094,55.630001068115234,55.16999816894531,55.25,40334100,QQQ
2011-12-23,49.48978042602539,56.08000183105469,56.08000183105469,55.58000183105469,55.709999084472656,26594600,QQQ
2011-12-27,49.67438507080078,56.2400016784668,56.41999816894531,55.93000030517578,55.9900016784668,21443500,QQQ
2011-12-28,49.100257873535156,55.59000015258789,56.2599983215332,55.439998626708984,56.16999816894531,38180100,QQQ
2011-12-29,49.45355224609375,55.9900016784668,56.029998779296875,55.5,55.68000030517578,28077900,QQQ
2011-12-30,49.31223678588867,55.83000183105469,56.119998931884766,55.81999969482422,55.869998931884766,21832400,QQQ
2012-01-03,50.2573356628418,56.900001525878906,57.189998626708984,56.75,56.90999984741211,39514100,QQQ
2012-01-04,50.469303131103516,57.13999938964844,57.220001220703125,56.560001373291016,56.810001373291016,29403400,QQQ
2012-01-05,50.88444900512695,57.61000061035156,57.65999984741211,56.79999923706055,57.02000045776367,41260600,QQQ
2012-01-06,51.06110382080078,57.810001373291016,57.939998626708984,57.400001525878906,57.619998931884766,46325200,QQQ
2012-01-09,50.89328384399414,57.619998931884766,57.97999954223633,57.43000030517578,57.959999084472656,39195500,QQQ
2012-01-10,51.26424789428711,58.040000915527344,58.400001525878906,57.63999938964844,58.22999954223633,35949900,QQQ
2012-01-11,51.370243072509766,58.15999984741211,58.290000915527344,57.810001373291016,58.029998779296875,37144100,QQQ
2012-01-12,51.57337951660156,58.38999938964844,58.470001220703125,57.86000061035156,58.290000915527344,26188300,QQQ
2012-01-13,51.38790512084961,58.18000030517578,58.20000076293945,57.68000030517578,58.08000183105469,35980400,QQQ
2012-01-17,51.856021881103516,58.709999084472656,58.959999084472656,58.4900016784668,58.689998626708984,41790800,QQQ
2012-01-18,52.54497528076172,59.4900016784668,59.4900016784668,58.68000030517578,58.81999969482422,48692700,QQQ
2012-01-19,52.871761322021484,59.86000061035156,59.970001220703125,59.650001525878906,59.7599983215332,47774500,QQQ
2012-01-20,52.79228973388672,59.77000045776367,59.79999923706055,59.560001373291016,59.599998474121094,41041700,QQQ
2012-01-23,52.8099479675293,59.790000915527344,60.209999084472656,59.439998626708984,59.779998779296875,40958300,QQQ
2012-01-24,52.712791442871094,59.68000030517578,59.84000015258789,59.40999984741211,59.52000045776367,38440200,QQQ
2012-01-25,53.37522888183594,60.43000030517578,60.58000183105469,59.83000183105469,60.2599983215332,61591800,QQQ
2012-01-26,53.18973922729492,60.220001220703125,60.79999923706055,59.93000030517578,60.689998626708984,37852700,QQQ
2012-01-27,53.34873580932617,60.400001525878906,60.5099983215332,60.060001373291016,60.09000015258789,45532300,QQQ
2012-01-30,53.39289474487305,60.45000076293945,60.540000915527344,59.65999984741211,59.88999938964844,42797800,QQQ
2012-01-31,53.46355438232422,60.529998779296875,60.86000061035156,60.13999938964844,60.75,51449600,QQQ
2012-02-01,53.89633560180664,61.02000045776367,61.2400016784668,60.65999984741211,60.880001068115234,46146700,QQQ
2012-02-02,54.064170837402344,61.209999084472656,61.40999984741211,60.970001220703125,61.220001220703125,46373600,QQQ
2012-02-03,54.806114196777344,62.04999923706055,62.119998931884766,61.68000030517578,61.779998779296875,36453800,QQQ
2012-02-06,54.761932373046875,62.0,62.02000045776367,61.65999984741211,61.81999969482422,28541300,QQQ
2012-02-07,54.876766204833984,62.130001068115234,62.25,61.66999816894531,61.95000076293945,37935700,QQQ
2012-02-08,55.16822814941406,62.459999084472656,62.459999084472656,61.90999984741211,62.13999938964844,41171100,QQQ
2012-02-09,55.565696716308594,62.90999984741211,62.97999954223633,62.31999969482422,62.70000076293945,46856400,QQQ
2012-02-10,55.177066802978516,62.470001220703125,62.63999938964844,62.25,62.459999084472656,58090500,QQQ
2012-02-13,55.68935775756836,63.04999923706055,63.130001068115234,62.650001525878906,62.939998626708984,36810200,QQQ
2012-02-14,55.830684661865234,63.209999084472656,63.220001220703125,62.689998626708984,62.90999984741211,51648200,QQQ
2012-02-15,55.442047119140625,62.77000045776367,63.86000061035156,62.66999816894531,63.5099983215332,105709100,QQQ
2012-02-16,56.20166015625,63.630001068115234,63.70000076293945,62.630001068115234,62.790000915527344,83642300,QQQ
2012-02-17,56.02499771118164,63.43000030517578,63.689998626708984,63.150001525878906,63.63999938964844,76112300,QQQ
2012-02-21,56.183990478515625,63.61000061035156,63.88999938964844,63.209999084472656,63.5,38141300,QQQ
2012-02-22,55.927833557128906,63.31999969482422,63.68000030517578,63.22999954223633,63.4900016784668,43174700,QQQ
2012-02-23,56.29880905151367,63.7400016784668,63.810001373291016,63.09000015258789,63.400001525878906,54250000,QQQ
2012-02-24,56.493125915527344,63.959999084472656,64.06999969482422,63.79999923706055,63.91999816894531,41364900,QQQ
2012-02-27,56.572628021240234,64.05000305175781,64.26000213623047,63.33000183105469,63.61000061035156,42678500,QQQ
2012-02-28,57.146728515625,64.69999694824219,64.69999694824219,64.02999877929688,64.11000061035156,43717500,QQQ
2012-02-29,56.890594482421875,64.41000366210938,64.95999908447266,64.19999694824219,64.75,59784400,QQQ
2012-03-01,57.34103775024414,64.91999816894531,64.9800033569336,64.45999908447266,64.6500015258789,67558900,QQQ
2012-03-02,57.29690933227539,64.87000274658203,65.08000183105469,64.66000366210938,64.83000183105469,33358200,QQQ
2012-03-05,56.705108642578125,64.19999694824219,64.91000366210938,63.9900016784668,64.83000183105469,45788800,QQQ
2012-03-06,56.14866256713867,63.56999969482422,63.720001220703125,63.22999954223633,63.56999969482422,54638600,QQQ
2012-03-07,56.58145523071289,64.05999755859375,64.20999908447266,63.77000045776367,63.869998931884766,42741800,QQQ
2012-03-08,57.19089126586914,64.75,64.94000244140625,64.30000305175781,64.44000244140625,43711100,QQQ
2012-03-09,57.429386138916016,65.0199966430664,65.13999938964844,64.81999969482422,64.86000061035156,43117200,QQQ
2012-03-12,57.455867767333984,65.05000305175781,65.11000061035156,64.72000122070312,65.0,32687300,QQQ
2012-03-13,58.52460861206055,66.26000213623047,66.26000213623047,65.2699966430664,65.4000015258789,61559100,QQQ
2012-03-14,58.727752685546875,66.48999786376953,66.73999786376953,66.08000183105469,66.33000183105469,59926900,QQQ
2012-03-15,58.89558792114258,66.68000030517578,66.81999969482422,66.3499984741211,66.69000244140625,65531200,QQQ
2012-03-16,58.854000091552734,66.5199966430664,66.66999816894531,66.36000061035156,66.66999816894531,53023100,QQQ
2012-03-19,59.26982879638672,66.98999786376953,67.1500015258789,66.44999694824219,66.62999725341797,60966200,QQQ
2012-03-20,59.375999450683594,67.11000061035156,67.18000030517578,66.45999908447266,66.63999938964844,47290600,QQQ
2012-03-21,59.384830474853516,67.12000274658203,67.48999786376953,67.02999877929688,67.12000274658203,39648100,QQQ
2012-03-22,59.26100540161133,66.9800033569336,67.13999938964844,66.68000030517578,66.72000122070312,56953900,QQQ
2012-03-23,59.22560119628906,66.94000244140625,67.08000183105469,66.55999755859375,67.05999755859375,45541700,QQQ
2012-03-26,60.26076889038086,68.11000061035156,68.11000061035156,67.33000183105469,67.38999938964844,40855300,QQQ
2012-03-27,60.3492546081543,68.20999908447266,68.48999786376953,68.12999725341797,68.16000366210938,37278200,QQQ
2012-03-28,60.11034393310547,67.94000244140625,68.51000213623047,67.54000091552734,68.25,44421900,QQQ
2012-03-29,59.88032913208008,67.68000030517578,67.93000030517578,67.19999694824219,67.5999984741211,53975300,QQQ
2012-03-30,59.76531982421875,67.55000305175781,68.0199966430664,67.27999877929688,67.9800033569336,39480900,QQQ
2012-04-02,60.38463592529297,68.25,68.33999633789062,67.36000061035156,67.4800033569336,40031600,QQQ
2012-04-03,60.366943359375,68.2300033569336,68.55000305175781,67.8499984741211,68.30999755859375,45539900,QQQ
2012-04-04,59.544132232666016,67.30000305175781,67.76000213623047,66.91000366210938,67.72000122070312,54088100,QQQ
2012-04-05,59.91574478149414,67.72000122070312,67.77999877929688,67.12999725341797,67.18000030517578,42979900,QQQ
2012-04-09,59.464481353759766,67.20999908447266,67.4800033569336,66.76000213623047,66.87999725341797,36908200,QQQ
2012-04-10,58.50896072387695,66.12999725341797,67.44000244140625,65.91999816894531,67.18000030517578,69254200,QQQ
2012-04-11,58.79206466674805,66.44999694824219,66.88999938964844,66.27999877929688,66.70999908447266,62950000,QQQ
2012-04-12,59.464481353759766,67.20999908447266,67.27999877929688,66.4800033569336,66.58000183105469,57407400,QQQ
2012-04-13,58.56205368041992,66.19000244140625,67.19999694824219,66.16000366210938,66.9800033569336,55227500,QQQ
2012-04-16,57.90730667114258,65.44999694824219,66.55999755859375,65.23999786376953,66.5199966430664,57588000,QQQ
2012-04-17,59.08404541015625,66.77999877929688,66.98999786376953,65.62999725341797,65.7300033569336,47362400,QQQ
2012-04-18,58.93363571166992,66.61000061035156,67.0,66.41000366210938,66.58999633789062,42536100,QQQ
2012-04-19,58.27008819580078,65.86000061035156,67.16999816894531,65.62000274658203,66.37000274658203,81110900,QQQ
2012-04-20,58.11080551147461,65.68000030517578,66.51000213623047,65.58000183105469,66.22000122070312,59906900,QQQ
2012-04-23,57.57994079589844,65.08000183105469,65.18000030517578,64.48999786376953,65.05999755859375,70514400,QQQ
2012-04-24,57.27029800415039,64.7300033569336,65.2300033569336,64.44999694824219,64.95999908447266,49661500,QQQ
2012-04-25,58.79206466674805,66.44999694824219,66.48999786376953,65.97000122070312,66.06999969482422,57526900,QQQ
2012-04-26,59.137107849121094,66.83999633789062,66.98999786376953,66.3499984741211,66.44000244140625,41799500,QQQ
2012-04-27,59.49101638793945,67.23999786376953,67.44999694824219,66.7699966430664,67.12000274658203,46003800,QQQ
2012-04-30,59.06634521484375,66.76000213623047,67.16999816894531,66.70999908447266,67.04000091552734,37787700,QQQ
2012-05-01,59.163673400878906,66.87000274658203,67.62999725341797,66.58999633789062,66.69000244140625,37643800,QQQ
2012-05-02,59.331787109375,67.05999755859375,67.11000061035156,66.37999725341797,66.54000091552734,38299300,QQQ
2012-05-03,58.703590393066406,66.3499984741211,67.1500015258789,66.18000030517578,67.0999984741211,51297600,QQQ
2012-05-04,57.243743896484375,64.69999694824219,66.3499984741211,64.69000244140625,65.73999786376953,107554000,QQQ
2012-05-07,57.296844482421875,64.76000213623047,65.06999969482422,64.29000091552734,64.30999755859375,50267800,QQQ
2012-05-08,57.08449172973633,64.5199966430664,64.73999786376953,63.47999954223633,64.3499984741211,72659700,QQQ
2012-05-09,56.90753936767578,64.31999969482422,64.68000030517578,63.5099983215332,63.77000045776367,85715300,QQQ
2012-05-10,56.79252624511719,64.19000244140625,64.62999725341797,63.95000076293945,64.61000061035156,49448900,QQQ
2012-05-11,56.783668518066406,64.18000030517578,64.86000061035156,63.90999984741211,63.970001220703125,47099900,QQQ
2012-05-14,56.252830505371094,63.58000183105469,64.08000183105469,63.47999954223633,63.630001068115234,46360000,QQQ
2012-05-15,56.06702423095703,63.369998931884766,64.2699966430664,63.2599983215332,63.75,66908600,QQQ
2012-05-16,55.686561584472656,62.939998626708984,63.779998779296875,62.810001373291016,63.59000015258789,52825900,QQQ
2012-05-17,54.50984573364258,61.61000061035156,63.060001373291016,61.599998474121094,62.959999084472656,62253900,QQQ
2012-05-18,53.80204391479492,60.810001373291016,61.959999084472656,60.7599983215332,61.79999923706055,79496500,QQQ
2012-05-21,55.306121826171875,62.5099983215332,62.56999969482422,60.849998474121094,60.93000030517578,61473000,QQQ
2012-05-22,55.24420928955078,62.439998626708984,62.95000076293945,61.9900016784668,62.689998626708984,62954800,QQQ
2012-05-23,55.35036849975586,62.560001373291016,62.709999084472656,61.369998931884766,61.90999984741211,56951100,QQQ
2012-05-24,54.987613677978516,62.150001525878906,62.709999084472656,61.689998626708984,62.650001525878906,83131200,QQQ
2012-05-25,54.91682434082031,62.06999969482422,62.31999969482422,61.88999938964844,62.209999084472656,32078900,QQQ
2012-05-29,55.61579513549805,62.86000061035156,63.150001525878906,62.279998779296875,62.650001525878906,44216700,QQQ
2012-05-30,55.14686965942383,62.33000183105469,62.54999923706055,61.68000030517578,62.290000915527344,56431800,QQQ
2012-05-31,54.90797424316406,62.060001373291016,62.40999984741211,61.59000015258789,62.25,55260100,QQQ
2012-06-01,53.448143005371094,60.40999984741211,61.31999969482422,60.38999938964844,60.939998626708984,71430800,QQQ
2012-06-04,53.855125427246094,60.869998931884766,60.959999084472656,60.040000915527344,60.58000183105469,74119500,QQQ
2012-06-05,54.07631301879883,61.119998931884766,61.2400016784668,60.630001068115234,60.65999984741211,47916900,QQQ
2012-06-06,55.31498718261719,62.52000045776367,62.56999969482422,61.52000045776367,61.58000183105469,58781800,QQQ
2012-06-07,55.09379959106445,62.27000045776367,63.18000030517578,62.220001220703125,63.18000030517578,38414800,QQQ
2012-06-08,55.6246337890625,62.869998931884766,62.95000076293945,61.959999084472656,62.16999816894531,39730800,QQQ
2012-06-11,54.68679428100586,61.810001373291016,63.380001068115234,61.77000045776367,63.349998474121094,51008900,QQQ
2012-06-12,55.35036849975586,62.560001373291016,62.59000015258789,61.68000030517578,62.099998474121094,48802600,QQQ
2012-06-13,54.96992492675781,62.130001068115234,62.849998474121094,61.91999816894531,62.380001068115234,50840100,QQQ
2012-06-14,55.17341613769531,62.36000061035156,62.61000061035156,61.79999923706055,62.119998931884766,65170600,QQQ
2012-06-15,55.85891342163086,62.9900016784668,63.08000183105469,62.36000061035156,62.38999938964844,41536100,QQQ
2012-06-18,56.38210678100586,63.58000183105469,63.7400016784668,62.630001068115234,62.72999954223633,32191200,QQQ
2012-06-19,56.96738052368164,64.23999786376953,64.51000213623047,63.849998474121094,63.900001525878906,36476500,QQQ
2012-06-20,57.011714935302734,64.29000091552734,64.56999969482422,63.810001373291016,64.37999725341797,51389700,QQQ
2012-06-21,55.59287643432617,62.689998626708984,64.30999755859375,62.619998931884766,64.23999786376953,42492700,QQQ
2012-06-22,56.17814254760742,63.349998474121094,63.43000030517578,62.72999954223633,62.900001525878906,29504200,QQQ
2012-06-25,55.096248626708984,62.130001068115234,62.849998474121094,61.95000076293945,62.83000183105469,33136400,QQQ
2012-06-26,55.44211196899414,62.52000045776367,62.70000076293945,62.060001373291016,62.34000015258789,30611100,QQQ
2012-06-27,55.77909469604492,62.900001525878906,63.18000030517578,62.689998626708984,62.7599983215332,35705800,QQQ
2012-06-28,55.15834045410156,62.20000076293945,62.470001220703125,61.540000915527344,62.43000030517578,49793400,QQQ
2012-06-29,56.89645767211914,64.16000366210938,64.16000366210938,63.209999084472656,63.400001525878906,44761300,QQQ
2012-07-02,57.06494140625,64.3499984741211,64.37999725341797,63.869998931884766,64.25,33425600,QQQ
2012-07-03,57.543800354003906,64.88999938964844,64.88999938964844,64.29000091552734,64.38999938964844,15895100,QQQ
2012-07-05,57.57927703857422,64.93000030517578,65.25,64.4800033569336,64.83000183105469,37016200,QQQ
2012-07-06,56.86097717285156,64.12000274658203,64.69000244140625,63.650001525878906,64.62999725341797,40684100,QQQ
2012-07-09,56.754554748535156,64.0,64.26000213623047,63.68000030517578,64.05000305175781,35628300,QQQ
2012-07-10,56.195865631103516,63.369998931884766,64.51000213623047,63.119998931884766,64.3499984741211,47365700,QQQ
2012-07-11,55.88551330566406,63.02000045776367,63.459999084472656,62.5,63.290000915527344,43432000,QQQ
2012-07-12,55.36231231689453,62.43000030517578,62.689998626708984,61.86000061035156,62.52000045776367,57680400,QQQ
2012-07-13,56.20475387573242,63.380001068115234,63.52000045776367,62.560001373291016,62.599998474121094,32357200,QQQ
2012-07-16,56.04513168334961,63.20000076293945,63.52000045776367,62.95000076293945,63.2400016784668,27621400,QQQ
2012-07-17,56.337764739990234,63.529998779296875,63.7400016784668,62.630001068115234,63.599998474121094,42467800,QQQ
2012-07-18,57.10040283203125,64.38999938964844,64.58000183105469,63.38999938964844,63.40999984741211,44489700,QQQ
2012-07-19,57.73002624511719,65.0999984741211,65.30999755859375,64.72000122070312,64.83999633789062,53017800,QQQ
2012-07-20,56.96738052368164,64.23999786376953,65.0999984741211,64.20999908447266,65.08000183105469,40573100,QQQ
2012-07-23,56.27568817138672,63.459999084472656,63.68000030517578,62.5099983215332,62.9900016784668,48657800,QQQ
2012-07-24,55.8322868347168,62.959999084472656,63.65999984741211,62.54999923706055,63.56999969482422,57269700,QQQ
2012-07-25,55.4598503112793,62.540000915527344,62.95000076293945,62.150001525878906,62.470001220703125,46264400,QQQ
2012-07-26,56.195865631103516,63.369998931884766,63.72999954223633,62.970001220703125,63.439998626708984,41928200,QQQ
2012-07-27,57.526065826416016,64.87000274658203,64.98999786376953,63.63999938964844,63.83000183105469,42621000,QQQ
2012-07-30,57.481727600097656,64.81999969482422,65.30999755859375,64.5999984741211,65.02999877929688,37821300,QQQ
2012-07-31,57.46400451660156,64.80000305175781,65.18000030517578,64.73999786376953,64.91999816894531,34588300,QQQ
2012-08-01,57.29549789428711,64.61000061035156,65.27999877929688,64.3499984741211,65.26000213623047,30920200,QQQ
2012-08-02,57.09153747558594,64.37999725341797,65.0199966430664,63.90999984741211,64.12000274658203,40534900,QQQ
2012-08-03,58.173397064208984,65.5999984741211,65.87999725341797,65.19000244140625,65.41999816894531,42117400,QQQ
2012-08-06,58.61681365966797,66.0999984741211,66.38999938964844,65.80000305175781,65.94000244140625,23523600,QQQ
2012-08-07,59.104557037353516,66.6500015258789,66.91999816894531,66.27999877929688,66.37999725341797,28223300,QQQ
2012-08-08,59.077964782714844,66.62000274658203,66.76000213623047,66.37000274658203,66.4800033569336,20723500,QQQ
2012-08-09,59.25532913208008,66.81999969482422,66.91000366210938,66.48999786376953,66.61000061035156,20726200,QQQ
2012-08-10,59.29079055786133,66.86000061035156,66.87999725341797,66.41000366210938,66.58000183105469,20312000,QQQ
2012-08-13,59.43267059326172,67.0199966430664,67.02999877929688,66.5,66.83999633789062,19890300,QQQ
2012-08-14,59.45927810668945,67.05000305175781,67.41000366210938,66.86000061035156,67.2699966430664,24218700,QQQ
2012-08-15,59.610050201416016,67.22000122070312,67.31999969482422,66.98999786376953,67.0,29100400,QQQ
2012-08-16,60.319461822509766,68.0199966430664,68.16999816894531,67.38999938964844,67.47000122070312,35699900,QQQ
2012-08-17,60.585506439208984,68.31999969482422,68.33000183105469,68.01000213623047,68.16999816894531,22584800,QQQ
2012-08-20,60.67417907714844,68.41999816894531,68.43000030517578,68.0,68.2699966430664,26924000,QQQ
2012-08-21,60.43473815917969,68.1500015258789,68.87999725341797,67.87999725341797,68.5999984741211,41391000,QQQ
2012-08-22,60.68304443359375,68.43000030517578,68.55999755859375,67.80999755859375,68.0,44555700,QQQ
2012-08-23,60.186424255371094,67.87000274658203,68.33999633789062,67.69000244140625,68.12000274658203,28800400,QQQ
2012-08-24,60.55888366699219,68.29000091552734,68.44999694824219,67.5999984741211,67.70999908447266,38384800,QQQ
2012-08-27,60.656436920166016,68.4000015258789,68.66999816894531,68.25,68.58000183105469,20671400,QQQ
2012-08-28,60.656436920166016,68.4000015258789,68.58999633789062,68.11000061035156,68.33999633789062,27337900,QQQ
2012-08-29,60.656436920166016,68.4000015258789,68.56999969482422,68.11000061035156,68.4000015258789,26672400,QQQ
2012-08-30,60.044551849365234,67.70999908447266,68.12999725341797,67.5999984741211,68.0999984741211,24425400,QQQ
2012-08-31,60.4436149597168,68.16000366210938,68.44999694824219,67.47000122070312,68.19999694824219,42128000,QQQ
2012-09-04,60.381534576416016,68.08999633789062,68.3499984741211,67.41999816894531,68.02999877929688,32017200,QQQ
2012-09-05,60.319461822509766,68.0199966430664,68.3499984741211,67.83999633789062,68.05999755859375,26129300,QQQ
2012-09-06,61.65850067138672,69.52999877929688,69.55000305175781,68.41999816894531,68.44000244140625,43100000,QQQ
2012-09-07,61.5698127746582,69.43000030517578,69.55000305175781,69.2300033569336,69.37000274658203,32958600,QQQ
2012-09-10,60.78057861328125,68.54000091552734,69.4000015258789,68.48999786376953,69.25,25490000,QQQ
2012-09-11,60.68304443359375,68.43000030517578,68.81999969482422,68.31999969482422,68.55000305175781,29810100,QQQ
2012-09-12,60.860382080078125,68.62999725341797,68.80999755859375,68.20999908447266,68.68000030517578,42203400,QQQ
2012-09-13,61.68510055541992,69.55999755859375,69.86000061035156,68.62000274658203,68.69000244140625,45417800,QQQ
2012-09-14,62.23495101928711,70.18000030517578,70.43000030517578,69.79000091552734,69.80999755859375,38880300,QQQ
2012-09-17,62.261558532714844,70.20999908447266,70.23999786376953,69.95999908447266,70.22000122070312,31798400,QQQ
2012-09-18,62.31471633911133,70.2699966430664,70.30000305175781,70.0199966430664,70.02999877929688,27169800,QQQ
2012-09-19,62.43000030517578,70.4000015258789,70.58000183105469,70.05999755859375,70.26000213623047,36484600,QQQ
2012-09-20,62.3679313659668,70.33000183105469,70.4000015258789,69.87000274658203,70.05999755859375,42520200,QQQ
2012-09-21,62.3857307434082,70.1500015258789,70.54000091552734,70.08000183105469,70.4800033569336,23678500,QQQ
2012-09-24,62.02113723754883,69.73999786376953,69.86000061035156,69.41999816894531,69.56999969482422,32341600,QQQ
2012-09-25,61.14959716796875,68.76000213623047,70.08000183105469,68.7300033569336,69.91999816894531,41299600,QQQ
2012-09-26,60.65156555175781,68.19999694824219,68.70999908447266,67.8499984741211,68.66999816894531,32770400,QQQ
2012-09-27,61.487510681152344,69.13999938964844,69.30000305175781,68.25,68.37000274658203,25339500,QQQ
2012-09-28,60.9806022644043,68.56999969482422,69.12000274658203,68.51000213623047,68.91000366210938,30112600,QQQ
2012-10-01,60.891658782958984,68.47000122070312,69.33000183105469,68.25,68.9000015258789,37715300,QQQ
2012-10-02,61.069549560546875,68.66999816894531,68.9800033569336,68.12999725341797,68.7699966430664,33254300,QQQ
2012-10-03,61.46084976196289,69.11000061035156,69.23999786376953,68.58999633789062,68.86000061035156,38236000,QQQ
2012-10-04,61.67427062988281,69.3499984741211,69.54000091552734,69.0,69.22000122070312,26128600,QQQ
2012-10-05,61.34522247314453,68.9800033569336,69.80000305175781,68.80000305175781,69.69999694824219,25207900,QQQ
2012-10-08,60.784942626953125,68.3499984741211,68.72000122070312,68.19000244140625,68.58000183105469,30911500,QQQ
2012-10-09,59.815582275390625,67.26000213623047,68.33999633789062,67.0999984741211,68.16999816894531,67974000,QQQ
2012-10-10,59.51322937011719,66.91999816894531,67.43000030517578,66.80000305175781,67.23999786376953,45134300,QQQ
2012-10-11,59.326473236083984,66.70999908447266,67.47000122070312,66.66999816894531,67.41999816894531,30469400,QQQ
2012-10-12,59.29978942871094,66.68000030517578,67.05999755859375,66.55000305175781,66.69999694824219,24891200,QQQ
2012-10-15,59.73554992675781,67.16999816894531,67.26000213623047,66.52999877929688,66.93000030517578,22220100,QQQ
2012-10-16,60.58042907714844,68.12000274658203,68.19999694824219,67.25,67.2699966430664,33960600,QQQ
2012-10-17,60.54483413696289,68.08000183105469,68.30000305175781,67.68000030517578,67.7699966430664,33439400,QQQ
2012-10-18,59.84226989746094,67.29000091552734,68.08000183105469,67.04000091552734,67.86000061035156,61707600,QQQ
2012-10-19,58.41047286987305,65.68000030517578,67.2699966430664,65.5999984741211,67.20999908447266,75362600,QQQ
2012-10-22,58.71283721923828,66.0199966430664,66.19000244140625,65.5,65.6500015258789,38621500,QQQ
2012-10-23,58.15258026123047,65.38999938964844,65.94999694824219,65.19000244140625,65.4800033569336,52591200,QQQ
2012-10-24,57.94802474975586,65.16000366210938,65.87000274658203,65.05999755859375,65.76000213623047,39872400,QQQ
2012-10-25,57.94802474975586,65.16000366210938,65.72000122070312,64.97000122070312,65.61000061035156,52688700,QQQ
2012-10-26,58.11701202392578,65.3499984741211,65.62000274658203,64.6500015258789,65.16000366210938,54213100,QQQ
2012-10-31,57.76127624511719,64.94999694824219,65.38999938964844,64.7300033569336,65.2699966430664,38524500,QQQ
2012-11-01,58.5794563293457,65.87000274658203,66.0,65.16999816894531,65.36000061035156,26945000,QQQ
2012-11-02,57.956932067871094,65.16999816894531,66.20999908447266,65.11000061035156,66.16999816894531,44083000,QQQ
2012-11-05,58.33930587768555,65.5999984741211,65.7300033569336,65.04000091552734,65.18000030517578,28094700,QQQ
2012-11-06,58.446044921875,65.72000122070312,66.16999816894531,65.45999908447266,65.70999908447266,29608400,QQQ
2012-11-07,57.06760787963867,64.16999816894531,65.0999984741211,63.900001525878906,65.0199966430664,70737800,QQQ
2012-11-08,56.16938018798828,63.15999984741211,64.5,63.15999984741211,64.3499984741211,58585800,QQQ
2012-11-09,56.40950393676758,63.43000030517578,64.11000061035156,63.15999984741211,63.20000076293945,51542100,QQQ
2012-11-12,56.40061569213867,63.41999816894531,63.869998931884766,63.25,63.79999923706055,32663700,QQQ
2012-11-13,56.00930404663086,62.97999954223633,63.58000183105469,62.779998779296875,62.93000030517578,43288300,QQQ
2012-11-14,55.35122299194336,62.2400016784668,63.36000061035156,62.13999938964844,63.290000915527344,82655300,QQQ
2012-11-15,55.164466857910156,62.029998779296875,62.4900016784668,61.79999923706055,62.279998779296875,55124200,QQQ
2012-11-16,55.404571533203125,62.29999923706055,62.47999954223633,61.310001373291016,62.08000183105469,70873100,QQQ
2012-11-19,56.72077178955078,63.779998779296875,63.83000183105469,62.959999084472656,62.97999954223633,55306400,QQQ
2012-11-20,56.738563537597656,63.79999923706055,63.88999938964844,63.189998626708984,63.7599983215332,52012700,QQQ
2012-11-21,56.85417938232422,63.93000030517578,64.0199966430664,63.599998474121094,63.869998931884766,19611700,QQQ
2012-11-23,57.716800689697266,64.9000015258789,64.91999816894531,64.25,64.29000091552734,16462900,QQQ
2012-11-26,57.96580123901367,65.18000030517578,65.22000122070312,64.54000091552734,64.73999786376953,26430900,QQQ
2012-11-27,57.770172119140625,64.95999908447266,65.4000015258789,64.8499984741211,65.16999816894531,25828600,QQQ
2012-11-28,58.26816940307617,65.5199966430664,65.56999969482422,64.25,64.6500015258789,37295800,QQQ
2012-11-29,58.61500930786133,65.91000366210938,66.13999938964844,65.58000183105469,65.87000274658203,41136100,QQQ
2012-11-30,58.51719665527344,65.80000305175781,65.97000122070312,65.61000061035156,65.91999816894531,33497400,QQQ
2012-12-03,58.401580810546875,65.66999816894531,66.37000274658203,65.63999938964844,66.30999755859375,28240000,QQQ
2012-12-04,58.36599349975586,65.62999725341797,65.7699966430664,65.19999694824219,65.69999694824219,49584500,QQQ
2012-12-05,57.716800689697266,64.9000015258789,65.54000091552734,64.55000305175781,65.52999877929688,54076200,QQQ
2012-12-06,58.090301513671875,65.31999969482422,65.4800033569336,64.52999877929688,64.69999694824219,47512300,QQQ
2012-12-07,57.74348449707031,64.93000030517578,65.70999908447266,64.70999908447266,65.63999938964844,30089400,QQQ
2012-12-10,57.91245651245117,65.12000274658203,65.45999908447266,64.75,64.75,33219600,QQQ
2012-12-11,58.66838455200195,65.97000122070312,66.33999633789062,65.5199966430664,65.56999969482422,40750800,QQQ
2012-12-12,58.54387283325195,65.83000183105469,66.31999969482422,65.6500015258789,66.31999969482422,45917700,QQQ
2012-12-13,58.08141326904297,65.30999755859375,66.16000366210938,65.02999877929688,65.69999694824219,45467700,QQQ
2012-12-14,57.53003692626953,64.69000244140625,65.08000183105469,64.47000122070312,64.87000274658203,39630300,QQQ
2012-12-17,58.29486083984375,65.55000305175781,65.56999969482422,64.66000366210938,64.75,42302900,QQQ
2012-12-18,59.184181213378906,66.55000305175781,66.6500015258789,65.69999694824219,65.87999725341797,55596000,QQQ
2012-12-19,58.92628479003906,66.26000213623047,66.76000213623047,66.22000122070312,66.73999786376953,34832500,QQQ
2012-12-20,58.92628479003906,66.26000213623047,66.41000366210938,65.93000030517578,66.37999725341797,40754300,QQQ
2012-12-21,58.30653762817383,65.19999694824219,65.27999877929688,64.5999984741211,64.87999725341797,51152900,QQQ
2012-12-24,58.19028091430664,65.06999969482422,65.13999938964844,64.91999816894531,65.02999877929688,11418300,QQQ
2012-12-26,57.680545806884766,64.5,65.18000030517578,64.29000091552734,65.12000274658203,21751300,QQQ
2012-12-27,57.59114074707031,64.4000015258789,64.63999938964844,63.599998474121094,64.55999755859375,52933200,QQQ
2012-12-28,57.03667449951172,63.779998779296875,64.43000030517578,63.75,63.90999984741211,33082100,QQQ
2012-12-31,58.24394607543945,65.12999725341797,65.25,63.58000183105469,63.709999084472656,57544000,QQQ
2013-01-02,60.095088958740234,67.19999694824219,67.2300033569336,66.4800033569336,66.7300033569336,70695900,QQQ
2013-01-03,59.78208923339844,66.8499984741211,67.33999633789062,66.6500015258789,67.19999694824219,47366500,QQQ
2013-01-04,59.585357666015625,66.62999725341797,66.87999725341797,66.47000122070312,66.87999725341797,33972500,QQQ
2013-01-07,59.60324478149414,66.6500015258789,66.76000213623047,66.25,66.45999908447266,26766200,QQQ
2013-01-08,59.48699951171875,66.5199966430664,66.81999969482422,66.16999816894531,66.63999938964844,28734900,QQQ
2013-01-09,59.7105598449707,66.7699966430664,66.94999694824219,66.55000305175781,66.62000274658203,25600300,QQQ
2013-01-10,60.06825256347656,67.16999816894531,67.2699966430664,66.55000305175781,67.2300033569336,37528000,QQQ
2013-01-11,60.14874267578125,67.26000213623047,67.29000091552734,67.0,67.13999938964844,21158600,QQQ
2013-01-14,59.880470275878906,66.95999908447266,67.1500015258789,66.66999816894531,66.91999816894531,36768500,QQQ
2013-01-15,59.585357666015625,66.62999725341797,66.7300033569336,66.33000183105469,66.62999725341797,31675300,QQQ
2013-01-16,59.82683181762695,66.9000015258789,67.12999725341797,66.5999984741211,66.72000122070312,33822300,QQQ
2013-01-17,60.113006591796875,67.22000122070312,67.4800033569336,67.05999755859375,67.16999816894531,32024200,QQQ
2013-01-18,59.97883605957031,67.06999969482422,67.13999938964844,66.7699966430664,67.0199966430664,31992000,QQQ
2013-01-22,60.07721710205078,67.18000030517578,67.2300033569336,66.7300033569336,67.13999938964844,32123100,QQQ
2013-01-23,60.44384002685547,67.58999633789062,67.79000091552734,67.45999908447266,67.55999755859375,31975700,QQQ
2013-01-24,59.6121826171875,66.66000366210938,67.27999877929688,66.55999755859375,66.66000366210938,42596300,QQQ
2013-01-25,59.91624450683594,67.0,67.19000244140625,66.73999786376953,66.87000274658203,39240100,QQQ
2013-01-28,60.05038070678711,67.1500015258789,67.37999725341797,66.93000030517578,67.01000213623047,32926100,QQQ
2013-01-29,60.059322357177734,67.16000366210938,67.30999755859375,66.62999725341797,67.06999969482422,35554700,QQQ
2013-01-30,59.934104919433594,67.0199966430664,67.4800033569336,66.87000274658203,67.27999877929688,34445000,QQQ
2013-01-31,59.79998779296875,66.87000274658203,67.3499984741211,66.80999755859375,66.98999786376953,34870500,QQQ
2013-02-01,60.5064811706543,67.66000366210938,67.77999877929688,67.06999969482422,67.33999633789062,53120800,QQQ
2013-02-04,59.451229095458984,66.4800033569336,67.45999908447266,66.45999908447266,67.2699966430664,48483700,QQQ
2013-02-05,60.327606201171875,67.45999908447266,67.66999816894531,66.61000061035156,66.7699966430664,35120300,QQQ
2013-02-06,60.130855560302734,67.23999786376953,67.55000305175781,67.04000091552734,67.23999786376953,43593200,QQQ
2013-02-07,60.18452072143555,67.30000305175781,67.37000274658203,66.55999755859375,67.31999969482422,46017900,QQQ
2013-02-08,60.80155944824219,67.98999786376953,68.12999725341797,67.62999725341797,67.63999938964844,39837200,QQQ
2013-02-11,60.81944274902344,68.01000213623047,68.05999755859375,67.77999877929688,68.02999877929688,17650400,QQQ
2013-02-12,60.56907653808594,67.7300033569336,68.05000305175781,67.66000366210938,67.91999816894531,22057900,QQQ
2013-02-13,60.78366470336914,67.97000122070312,68.2300033569336,67.7699966430664,67.93000030517578,23494700,QQQ
2013-02-14,60.76580047607422,67.94999694824219,68.05000305175781,67.62000274658203,67.66000366210938,24478800,QQQ
2013-02-15,60.58692169189453,67.75,68.11000061035156,67.55999755859375,67.94000244140625,25333600,QQQ
2013-02-19,61.025123596191406,68.23999786376953,68.26000213623047,67.86000061035156,67.87999725341797,23436500,QQQ
2013-02-20,60.08616256713867,67.19000244140625,68.25,67.18000030517578,68.22000122070312,38200300,QQQ
2013-02-21,59.44226837158203,66.47000122070312,67.01000213623047,66.2300033569336,66.94000244140625,45855600,QQQ
2013-02-22,60.04145050048828,67.13999938964844,67.1500015258789,66.58999633789062,66.8499984741211,21968000,QQQ
2013-02-25,59.29917907714844,66.30999755859375,67.80999755859375,66.25,67.56999969482422,40927600,QQQ
2013-02-26,59.52274703979492,66.55999755859375,66.68000030517578,65.95999908447266,66.4000015258789,42088800,QQQ
2013-02-27,60.130855560302734,67.23999786376953,67.6500015258789,66.47000122070312,66.55999755859375,36339500,QQQ
2013-02-28,60.00566482543945,67.0999984741211,67.73999786376953,67.08999633789062,67.25,28557300,QQQ
2013-03-01,60.25604248046875,67.37999725341797,67.5,66.54000091552734,66.87000274658203,31617200,QQQ
2013-03-04,60.52432632446289,67.68000030517578,67.69000244140625,67.06999969482422,67.16000366210938,19380500,QQQ
2013-03-05,61.41861343383789,68.68000030517578,68.7699966430664,68.08000183105469,68.08000183105469,35581900,QQQ
2013-03-06,61.26658630371094,68.51000213623047,68.91000366210938,68.41999816894531,68.88999938964844,29071100,QQQ
2013-03-07,61.42755126953125,68.69000244140625,68.80000305175781,68.44999694824219,68.58999633789062,21775900,QQQ
2013-03-08,61.49912643432617,68.7699966430664,69.0199966430664,68.5,68.91999816894531,26159900,QQQ
2013-03-11,61.677955627441406,68.97000122070312,68.98999786376953,68.47000122070312,68.68000030517578,23187900,QQQ
2013-03-12,61.454383850097656,68.72000122070312,68.93000030517578,68.38999938964844,68.7699966430664,27575400,QQQ
2013-03-13,61.37389373779297,68.62999725341797,68.88999938964844,68.38999938964844,68.80999755859375,34297300,QQQ
2013-03-14,61.579566955566406,68.86000061035156,69.01000213623047,68.70999908447266,68.87000274658203,31530800,QQQ
2013-03-15,61.40837478637695,68.51000213623047,68.79000091552734,68.33999633789062,68.75,30752600,QQQ
2013-03-18,61.273929595947266,68.36000061035156,68.63999938964844,67.7300033569336,67.87999725341797,36163000,QQQ
2013-03-19,61.157405853271484,68.2300033569336,68.69999694824219,67.62000274658203,68.56999969482422,33125100,QQQ
2013-03-20,61.5876350402832,68.70999908447266,68.86000061035156,68.38999938964844,68.70999908447266,28035400,QQQ
2013-03-21,60.88851547241211,67.93000030517578,68.25,67.7699966430664,68.08000183105469,30050800,QQQ
2013-03-22,61.48008346557617,68.58999633789062,68.63999938964844,68.12999725341797,68.20999908447266,28837200,QQQ
2013-03-25,61.256004333496094,68.33999633789062,68.95999908447266,68.01000213623047,68.80999755859375,24909800,QQQ
2013-03-26,61.5876350402832,68.70999908447266,68.7300033569336,68.44999694824219,68.5999984741211,19725200,QQQ
2013-03-27,61.66834259033203,68.80000305175781,68.8499984741211,68.13999938964844,68.23999786376953,22539500,QQQ
2013-03-28,61.82069778442383,68.97000122070312,69.05999755859375,68.63999938964844,68.80000305175781,23662800,QQQ
2013-04-01,61.39939498901367,68.5,69.08999633789062,68.30999755859375,69.0199966430664,28112800,QQQ
2013-04-02,61.883460998535156,69.04000091552734,69.2699966430664,68.7699966430664,68.83000183105469,29431900,QQQ
2013-04-03,61.31874084472656,68.41000366210938,69.18000030517578,68.23999786376953,69.08000183105469,35131200,QQQ
2013-04-04,61.33666229248047,68.43000030517578,68.5999984741211,68.05999755859375,68.37999725341797,32287400,QQQ
2013-04-05,60.825767517089844,67.86000061035156,67.95999908447266,67.19000244140625,67.3499984741211,55610800,QQQ
2013-04-08,61.1484489440918,68.22000122070312,68.23999786376953,67.69000244140625,67.88999938964844,17891600,QQQ
2013-04-09,61.56074905395508,68.68000030517578,68.95999908447266,68.08999633789062,68.4000015258789,30931400,QQQ
2013-04-10,62.761844635009766,70.0199966430664,70.16999816894531,68.87999725341797,68.91999816894531,55271300,QQQ
2013-04-11,62.73495101928711,69.98999786376953,70.1500015258789,69.7699966430664,69.8499984741211,37233600,QQQ
2013-04-12,62.69014358520508,69.94000244140625,69.98999786376953,69.41000366210938,69.81999969482422,32783700,QQQ
2013-04-15,61.45322036743164,68.55999755859375,69.79000091552734,68.4800033569336,69.68000030517578,48795800,QQQ
2013-04-16,62.26887512207031,69.47000122070312,69.55000305175781,68.80999755859375,68.94999694824219,27682600,QQQ
2013-04-17,61.049835205078125,68.11000061035156,68.88999938964844,67.70999908447266,68.87000274658203,60204800,QQQ
2013-04-18,60.207271575927734,67.16999816894531,68.33000183105469,66.87999725341797,68.29000091552734,56798200,QQQ
2013-04-19,61.031917572021484,68.08999633789062,68.2300033569336,67.19999694824219,67.30000305175781,43062800,QQQ
2013-04-22,61.659358978271484,68.79000091552734,69.04000091552734,68.08000183105469,68.33000183105469,34412100,QQQ
2013-04-23,62.25094985961914,69.44999694824219,69.69999694824219,68.81999969482422,69.18000030517578,53078300,QQQ
2013-04-24,62.22405242919922,69.41999816894531,69.66999816894531,69.12000274658203,69.27999877929688,44500700,QQQ
2013-04-25,62.555686950683594,69.79000091552734,70.05000305175781,69.58999633789062,69.5999984741211,26437100,QQQ
2013-04-26,62.35848617553711,69.56999969482422,69.7699966430664,69.2699966430664,69.62000274658203,24079800,QQQ
2013-04-29,62.93217086791992,70.20999908447266,70.4800033569336,69.76000213623047,69.79000091552734,31664000,QQQ
2013-04-30,63.389286041259766,70.72000122070312,70.7300033569336,70.04000091552734,70.30000305175781,30135800,QQQ
2013-05-01,63.09354019165039,70.38999938964844,70.8499984741211,70.25,70.73999786376953,28537200,QQQ
2013-05-02,63.89125442504883,71.27999877929688,71.43000030517578,70.44999694824219,70.51000213623047,31744200,QQQ
2013-05-03,64.64420318603516,72.12000274658203,72.33999633789062,71.91000366210938,71.97000122070312,34061700,QQQ
2013-05-06,64.89515686035156,72.4000015258789,72.51000213623047,72.19000244140625,72.25,19244300,QQQ
2013-05-07,64.85929870605469,72.36000061035156,72.56999969482422,72.08999633789062,72.5199966430664,25838100,QQQ
2013-05-08,65.17300415039062,72.70999908447266,72.7699966430664,72.19999694824219,72.31999969482422,24252100,QQQ
2013-05-09,65.08335876464844,72.61000061035156,73.0999984741211,72.47000122070312,72.56999969482422,29337200,QQQ
2013-05-10,65.47777557373047,73.05000305175781,73.08000183105469,72.62999725341797,72.76000213623047,20663700,QQQ
2013-05-13,65.5584487915039,73.13999938964844,73.31999969482422,72.86000061035156,72.93000030517578,29730100,QQQ
2013-05-14,65.8990478515625,73.5199966430664,73.73999786376953,73.12999725341797,73.16000366210938,36009800,QQQ
2013-05-15,66.03347778320312,73.66999816894531,73.73999786376953,73.19999694824219,73.37999725341797,27214400,QQQ
2013-05-16,65.9618148803711,73.58999633789062,74.0999984741211,73.55000305175781,73.7300033569336,27253400,QQQ
2013-05-17,66.59820556640625,74.30000305175781,74.33000183105469,73.7300033569336,73.97000122070312,31114500,QQQ
2013-05-20,66.4996109008789,74.19000244140625,74.43000030517578,73.88999938964844,74.16000366210938,25132400,QQQ
2013-05-21,66.57131958007812,74.2699966430664,74.54000091552734,73.88999938964844,74.1500015258789,25900000,QQQ
2013-05-22,65.98868560791016,73.62000274658203,74.94999694824219,73.23999786376953,74.36000061035156,59843200,QQQ
2013-05-23,65.83628845214844,73.44999694824219,73.69999694824219,72.83000183105469,72.97000122070312,48222100,QQQ
2013-05-24,65.80044555664062,73.41000366210938,73.43000030517578,72.76000213623047,72.95999908447266,26430300,QQQ
2013-05-28,66.23070526123047,73.88999938964844,74.54000091552734,73.66000366210938,74.2699966430664,27057100,QQQ
2013-05-29,65.91700744628906,73.54000091552734,73.80000305175781,73.12000274658203,73.5999984741211,32090300,QQQ
2013-05-30,66.26653289794922,73.93000030517578,74.27999877929688,73.55000305175781,73.56999969482422,32390500,QQQ
2013-05-31,65.65705108642578,73.25,74.20999908447266,73.16999816894531,73.6500015258789,38347600,QQQ
2013-06-03,65.7735824584961,73.37999725341797,73.4000015258789,72.43000030517578,73.26000213623047,47613100,QQQ
2013-06-04,65.43295288085938,73.0,73.81999969482422,72.69999694824219,73.52999877929688,35251900,QQQ
2013-06-05,64.58142852783203,72.05000305175781,73.04000091552734,71.98999786376953,72.76000213623047,48654200,QQQ
2013-06-06,64.89515686035156,72.4000015258789,72.41000366210938,71.47000122070312,72.1500015258789,62524100,QQQ
2013-06-07,65.78252410888672,73.38999938964844,73.47000122070312,72.5199966430664,72.69999694824219,31969800,QQQ
2013-06-10,65.8094253540039,73.41999816894531,73.76000213623047,73.26000213623047,73.52999877929688,25390000,QQQ
2013-06-11,65.15509796142578,72.69000244140625,73.33999633789062,72.44000244140625,72.69000244140625,40278900,QQQ
2013-06-12,64.40213775634766,71.8499984741211,73.13999938964844,71.73999786376953,73.11000061035156,42081900,QQQ
2013-06-13,65.21783447265625,72.76000213623047,72.91999816894531,71.55000305175781,71.75,28221500,QQQ
2013-06-14,64.78759765625,72.27999877929688,72.83999633789062,72.16999816894531,72.76000213623047,27690700,QQQ
2013-06-17,65.4150390625,72.9800033569336,73.4000015258789,72.5999984741211,72.8499984741211,32441900,QQQ
2013-06-18,65.95281982421875,73.58000183105469,73.72000122070312,73.05999755859375,73.08000183105469,24853100,QQQ
2013-06-19,65.21783447265625,72.76000213623047,73.68000030517578,72.68000030517578,73.5999984741211,43145100,QQQ
2013-06-20,63.66714096069336,71.02999877929688,72.16000366210938,70.79000091552734,71.91999816894531,60908400,QQQ
2013-06-21,63.32905197143555,70.43000030517578,70.97000122070312,69.83999633789062,70.77999877929688,51558900,QQQ
2013-06-24,62.69963455200195,69.7300033569336,70.2699966430664,69.1500015258789,69.8499984741211,41492300,QQQ
2013-06-25,63.1581916809082,70.23999786376953,70.5199966430664,69.80999755859375,70.4000015258789,28897400,QQQ
2013-06-26,63.72471237182617,70.87000274658203,71.0,70.58999633789062,70.83999633789062,23742300,QQQ
2013-06-27,63.99443435668945,71.16999816894531,71.62000274658203,71.12999725341797,71.23999786376953,23545000,QQQ
2013-06-28,64.08440399169922,71.2699966430664,71.69000244140625,70.79000091552734,70.94999694824219,28301100,QQQ
2013-07-01,64.48003387451172,71.70999908447266,72.30000305175781,71.63999938964844,71.75,24942800,QQQ
2013-07-02,64.50701904296875,71.73999786376953,72.18000030517578,71.3499984741211,71.68000030517578,23067900,QQQ
2013-07-03,64.7677230834961,72.02999877929688,72.37000274658203,71.41999816894531,71.4800033569336,18847500,QQQ
2013-07-05,65.26232147216797,72.58000183105469,72.61000061035156,71.86000061035156,72.44000244140625,28795900,QQQ
2013-07-08,65.32523345947266,72.6500015258789,72.98999786376953,72.37999725341797,72.95999908447266,20558500,QQQ
2013-07-09,65.72087097167969,73.08999633789062,73.25,72.6500015258789,72.98999786376953,26108600,QQQ
2013-07-10,66.09851837158203,73.51000213623047,73.62000274658203,72.9800033569336,73.0199966430664,25598900,QQQ
2013-07-11,67.41133880615234,74.97000122070312,75.02999877929688,74.25,74.30000305175781,47768900,QQQ
2013-07-12,67.70807647705078,75.30000305175781,75.3499984741211,74.81999969482422,75.0199966430664,31412600,QQQ
2013-07-15,67.8609390258789,75.47000122070312,75.5199966430664,75.16999816894531,75.37999725341797,19783600,QQQ
2013-07-16,67.77103424072266,75.37000274658203,75.58999633789062,75.18000030517578,75.52999877929688,31747100,QQQ
2013-07-17,67.94184112548828,75.55999755859375,75.73999786376953,75.3499984741211,75.5999984741211,24631500,QQQ
2013-07-18,67.77103424072266,75.37000274658203,75.73999786376953,75.25,75.55000305175781,36278800,QQQ
2013-07-19,67.06965637207031,74.58999633789062,74.73999786376953,74.37000274658203,74.72000122070312,37732400,QQQ
2013-07-22,67.26747131347656,74.80999755859375,74.9800033569336,74.58000183105469,74.87000274658203,21135900,QQQ
2013-07-23,66.77291870117188,74.26000213623047,74.95999908447266,74.19999694824219,74.94999694824219,24739500,QQQ
2013-07-24,66.98870849609375,74.5,75.0199966430664,74.33000183105469,74.98999786376953,24426900,QQQ
2013-07-25,67.41133880615234,74.97000122070312,75.05999755859375,74.45999908447266,74.8499984741211,23162200,QQQ
2013-07-26,67.77103424072266,75.37000274658203,75.37999725341797,74.55000305175781,74.66999816894531,20885600,QQQ
2013-07-29,67.64512634277344,75.2300033569336,75.54000091552734,75.02999877929688,75.22000122070312,20958400,QQQ
2013-07-30,68.00480651855469,75.62999725341797,75.94999694824219,75.3499984741211,75.5,24104600,QQQ
2013-07-31,68.13068389892578,75.7699966430664,76.20999908447266,75.62999725341797,75.77999877929688,25007600,QQQ
2013-08-01,68.82305908203125,76.54000091552734,76.6500015258789,76.20999908447266,76.29000091552734,16880000,QQQ
2013-08-02,69.20967102050781,76.97000122070312,76.98999786376953,76.37999725341797,76.55000305175781,18105300,QQQ
2013-08-05,69.254638671875,77.0199966430664,77.08000183105469,76.77999877929688,76.93000030517578,15462800,QQQ
2013-08-06,68.84104919433594,76.55999755859375,76.98999786376953,76.25,76.91999816894531,23675400,QQQ
2013-08-07,68.71513366699219,76.41999816894531,76.56999969482422,75.87000274658203,76.33999633789062,20281200,QQQ
2013-08-08,69.05683135986328,76.80000305175781,76.9800033569336,76.30000305175781,76.83999633789062,19994000,QQQ
2013-08-09,68.778076171875,76.48999786376953,76.94000244140625,76.2699966430664,76.66999816894531,18558500,QQQ
2013-08-12,68.93993377685547,76.66999816894531,76.80999755859375,76.19000244140625,76.19999694824219,20515900,QQQ
2013-08-13,69.32658386230469,77.0999984741211,77.2699966430664,76.22000122070312,76.7699966430664,23917000,QQQ
2013-08-14,69.06581115722656,76.80999755859375,77.18000030517578,76.69999694824219,77.06999969482422,29921000,QQQ
2013-08-15,67.89691925048828,75.51000213623047,75.98999786376953,75.29000091552734,75.94999694824219,39406600,QQQ
2013-08-16,67.86991119384766,75.4800033569336,75.87000274658203,75.3499984741211,75.5199966430664,23825000,QQQ
2013-08-19,67.7530517578125,75.3499984741211,76.12999725341797,75.33000183105469,75.48999786376953,29586900,QQQ
2013-08-20,68.04973602294922,75.68000030517578,76.02999877929688,75.43000030517578,75.48999786376953,18842800,QQQ
2013-08-21,67.81597900390625,75.41999816894531,76.08999633789062,75.13999938964844,75.44000244140625,30705100,QQQ
2013-08-22,68.48136138916016,76.16000366210938,76.20999908447266,75.70999908447266,75.75,17269500,QQQ
2013-08-23,68.93993377685547,76.66999816894531,76.7699966430664,76.4000015258789,76.69999694824219,20697300,QQQ
2013-08-26,68.97592163085938,76.70999908447266,77.27999877929688,76.55000305175781,76.7300033569336,27525500,QQQ
2013-08-27,67.56419372558594,75.13999938964844,76.18000030517578,74.95999908447266,75.80000305175781,40068900,QQQ
2013-08-28,67.8249740600586,75.43000030517578,75.75,75.05000305175781,75.05000305175781,20490400,QQQ
2013-08-29,68.30150604248047,75.95999908447266,76.33999633789062,75.30000305175781,75.41000366210938,27287900,QQQ
2013-08-30,67.8609390258789,75.47000122070312,76.04000091552734,75.19999694824219,76.04000091552734,26228500,QQQ
2013-09-03,68.24757385253906,75.9000015258789,76.44000244140625,75.54000091552734,76.08999633789062,27241500,QQQ
2013-09-04,68.97592163085938,76.70999908447266,76.83999633789062,75.93000030517578,76.16000366210938,27142900,QQQ
2013-09-05,69.09278106689453,76.83999633789062,77.05999755859375,76.7300033569336,76.76000213623047,17809700,QQQ
2013-09-06,69.1737289428711,76.93000030517578,77.33999633789062,76.05000305175781,77.0999984741211,27715100,QQQ
2013-09-09,69.98300170898438,77.83000183105469,77.95999908447266,77.2300033569336,77.26000213623047,25161900,QQQ
2013-09-10,70.32466888427734,78.20999908447266,78.31999969482422,77.91999816894531,78.27999877929688,27619400,QQQ
2013-09-11,70.18980407714844,78.05999755859375,78.11000061035156,77.58999633789062,77.69000244140625,28132900,QQQ
2013-09-12,70.14483642578125,78.01000213623047,78.25,77.8499984741211,78.08000183105469,18332700,QQQ
2013-09-13,70.18980407714844,78.05999755859375,78.13999938964844,77.63999938964844,78.08999633789062,16932500,QQQ
2013-09-16,70.0009536743164,77.8499984741211,78.72000122070312,77.66999816894531,78.72000122070312,25704300,QQQ
2013-09-17,70.4685287475586,78.37000274658203,78.47000122070312,77.9800033569336,78.0199966430664,27174300,QQQ
2013-09-18,71.31379699707031,79.30999755859375,79.47000122070312,78.33000183105469,78.48999786376953,31714700,QQQ
2013-09-19,71.48460388183594,79.5,79.69000244140625,79.36000061035156,79.55999755859375,26435700,QQQ
2013-09-20,71.2392807006836,78.98999786376953,79.54000091552734,78.94999694824219,79.44999694824219,26328900,QQQ
2013-09-23,71.09500122070312,78.83000183105469,79.41000366210938,78.45999908447266,79.31999969482422,30319400,QQQ
2013-09-24,71.09500122070312,78.83000183105469,79.25,78.56999969482422,79.0,21871300,QQQ
2013-09-25,70.85152435302734,78.55999755859375,79.0,78.4000015258789,78.88999938964844,22746400,QQQ
2013-09-26,71.40164184570312,79.16999816894531,79.36000061035156,78.8499984741211,78.87999725341797,22421700,QQQ
2013-09-27,71.31143951416016,79.06999969482422,79.20999908447266,78.58999633789062,78.70999908447266,25151600,QQQ
2013-09-30,71.14009857177734,78.87999725341797,79.08999633789062,78.0,78.25,28031900,QQQ
2013-10-01,71.86161041259766,79.68000030517578,79.72000122070312,78.8499984741211,78.88999938964844,33129700,QQQ
2013-10-02,71.83454132080078,79.6500015258789,79.76000213623047,79.05999755859375,79.13999938964844,25503800,QQQ
2013-10-03,70.99578857421875,78.72000122070312,79.72000122070312,78.30000305175781,79.55000305175781,42998200,QQQ
2013-10-04,71.60909271240234,79.4000015258789,79.51000213623047,78.6500015258789,78.72000122070312,22852700,QQQ
2013-10-07,71.01383972167969,78.73999786376953,79.3499984741211,78.66999816894531,78.69999694824219,20227100,QQQ
2013-10-08,69.64298248291016,77.22000122070312,78.80999755859375,77.19000244140625,78.73999786376953,43660700,QQQ
2013-10-09,69.42652130126953,76.9800033569336,77.44000244140625,76.3499984741211,77.4000015258789,64526700,QQQ
2013-10-10,70.89659118652344,78.61000061035156,78.79000091552734,77.79000091552734,77.80999755859375,48062700,QQQ
2013-10-11,71.4557876586914,79.2300033569336,79.29000091552734,78.4000015258789,78.41000366210938,25214100,QQQ
2013-10-14,71.9608154296875,79.79000091552734,79.79000091552734,78.68000030517578,78.73999786376953,31471900,QQQ
2013-10-15,71.68122863769531,79.4800033569336,80.11000061035156,79.37999725341797,79.7300033569336,38684000,QQQ
2013-10-16,72.49293518066406,80.37999725341797,80.41999816894531,79.79000091552734,79.8499984741211,46735900,QQQ
2013-10-17,72.90776062011719,80.83999633789062,80.87000274658203,79.94999694824219,80.0199966430664,32193500,QQQ
2013-10-18,74.08921813964844,82.1500015258789,82.18000030517578,81.3499984741211,81.58000183105469,39628200,QQQ
2013-10-21,74.25157165527344,82.33000183105469,82.54000091552734,82.06999969482422,82.33999633789062,31176900,QQQ
2013-10-22,74.35977935791016,82.44999694824219,82.9000015258789,81.93000030517578,82.6500015258789,43944800,QQQ
2013-10-23,73.90887451171875,81.94999694824219,82.19999694824219,81.55000305175781,82.05000305175781,38021300,QQQ
2013-10-24,74.2335433959961,82.30999755859375,82.4800033569336,81.87999725341797,82.0,23155100,QQQ
2013-10-25,74.765625,82.9000015258789,83.27999877929688,82.5,83.08000183105469,35824500,QQQ
2013-10-28,74.78368377685547,82.91999816894531,83.05000305175781,82.55000305175781,82.91000366210938,28618400,QQQ
2013-10-29,74.90994262695312,83.05999755859375,83.26000213623047,82.69999694824219,83.19999694824219,36878100,QQQ
2013-10-30,74.83778381347656,82.9800033569336,83.48999786376953,82.58000183105469,83.3499984741211,33535500,QQQ
2013-10-31,74.66641235351562,82.79000091552734,83.30000305175781,82.4800033569336,82.7699966430664,31309900,QQQ
2013-11-01,74.68447875976562,82.80999755859375,83.16999816894531,82.4000015258789,83.06999969482422,30867800,QQQ
2013-11-04,74.7927017211914,82.93000030517578,83.06999969482422,82.63999938964844,83.05999755859375,16834000,QQQ
2013-11-05,74.87385559082031,83.0199966430664,83.22000122070312,82.37000274658203,82.61000061035156,27975600,QQQ
2013-11-06,74.8558120727539,83.0,83.4000015258789,82.7300033569336,83.37000274658203,25576800,QQQ
2013-11-07,73.44889068603516,81.44000244140625,83.12999725341797,81.37000274658203,83.01000213623047,52173200,QQQ
2013-11-08,74.44097900390625,82.54000091552734,82.55999755859375,81.51000213623047,81.73999786376953,31470500,QQQ
2013-11-11,74.32373809814453,82.41000366210938,82.63999938964844,82.13999938964844,82.41999816894531,24822900,QQQ
2013-11-12,74.44097900390625,82.54000091552734,82.66000366210938,82.12000274658203,82.16000366210938,20108500,QQQ
2013-11-13,75.34284210205078,83.54000091552734,83.55000305175781,82.0,82.0,31345900,QQQ
2013-11-14,75.57733917236328,83.80000305175781,83.86000061035156,83.13999938964844,83.31999969482422,31101200,QQQ
2013-11-15,75.72164154052734,83.95999908447266,83.95999908447266,83.61000061035156,83.81999969482422,20511300,QQQ
2013-11-18,74.98208618164062,83.13999938964844,84.11000061035156,82.9800033569336,83.94000244140625,31679600,QQQ
2013-11-19,74.765625,82.9000015258789,83.48999786376953,82.76000213623047,83.08999633789062,25545300,QQQ
2013-11-20,74.58526611328125,82.69999694824219,83.43000030517578,82.45999908447266,83.12000274658203,32177400,QQQ
2013-11-21,75.34284210205078,83.54000091552734,83.61000061035156,82.9800033569336,83.05000305175781,28125000,QQQ
2013-11-22,75.74868774414062,83.98999786376953,84.0199966430664,83.62000274658203,83.68000030517578,25361300,QQQ
2013-11-25,75.92904663085938,84.19000244140625,84.37999725341797,83.9800033569336,84.29000091552734,21695100,QQQ
2013-11-26,76.32589721679688,84.62999725341797,84.83999633789062,84.02999877929688,84.20999908447266,26621000,QQQ
2013-11-27,76.85800170898438,85.22000122070312,85.23999786376953,84.7300033569336,84.80000305175781,21638100,QQQ
2013-11-29,77.31793975830078,85.7300033569336,85.83999633789062,85.47000122070312,85.55999755859375,16708900,QQQ
2013-12-02,77.09248352050781,85.4800033569336,85.95999908447266,85.3499984741211,85.83000183105469,26354600,QQQ
2013-12-03,77.02935028076172,85.41000366210938,85.63999938964844,85.08000183105469,85.41999816894531,37147000,QQQ
2013-12-04,77.10153198242188,85.48999786376953,85.7699966430664,84.77999877929688,85.05000305175781,37193200,QQQ
2013-12-05,77.0022964477539,85.37999725341797,85.66000366210938,85.16999816894531,85.55999755859375,39829300,QQQ
2013-12-06,77.56148529052734,86.0,86.18000030517578,85.58999633789062,86.0999984741211,36842900,QQQ
2013-12-09,77.87713623046875,86.3499984741211,86.52999877929688,86.19999694824219,86.3499984741211,22590000,QQQ
2013-12-10,77.82299041748047,86.29000091552734,86.44999694824219,86.12000274658203,86.20999908447266,26965900,QQQ
2013-12-11,76.82195281982422,85.18000030517578,86.4000015258789,85.05999755859375,86.27999877929688,36830600,QQQ
2013-12-12,76.62350463867188,84.95999908447266,85.41999816894531,84.9000015258789,85.20999908447266,33662600,QQQ
2013-12-13,76.52430725097656,84.8499984741211,85.4000015258789,84.70999908447266,85.36000061035156,34072000,QQQ
2013-12-16,76.94818878173828,85.31999969482422,85.80999755859375,85.20999908447266,85.2699966430664,24902500,QQQ
2013-12-17,76.79486846923828,85.1500015258789,85.52999877929688,84.98999786376953,85.31999969482422,24454900,QQQ
2013-12-18,77.68770599365234,86.13999938964844,86.22000122070312,84.05000305175781,85.25,68387200,QQQ
2013-12-19,77.47129821777344,85.9000015258789,86.01000213623047,85.5199966430664,86.0,44964100,QQQ
2013-12-20,78.26018524169922,86.5,86.68000030517578,85.7300033569336,85.79000091552734,40475400,QQQ
2013-12-23,79.08353424072266,87.41000366210938,87.41000366210938,86.94999694824219,87.20999908447266,28181800,QQQ
2013-12-24,79.11968231201172,87.44999694824219,87.51000213623047,87.2699966430664,87.43000030517578,13852500,QQQ
2013-12-26,79.38208770751953,87.73999786376953,87.80999755859375,87.44000244140625,87.61000061035156,15241100,QQQ
2013-12-27,79.18305969238281,87.5199966430664,87.9000015258789,87.41000366210938,87.8499984741211,15827400,QQQ
2013-12-30,79.0654296875,87.38999938964844,87.51000213623047,87.13999938964844,87.38999938964844,18983700,QQQ
2013-12-31,79.58111572265625,87.95999908447266,87.95999908447266,87.5199966430664,87.55000305175781,24890500,QQQ
2014-01-02,78.95685577392578,87.2699966430664,87.58000183105469,87.0199966430664,87.55000305175781,29177500,QQQ
2014-01-03,78.38689422607422,86.63999938964844,87.3499984741211,86.62000274658203,87.2699966430664,35723700,QQQ
2014-01-06,78.09733581542969,86.31999969482422,86.76000213623047,86.0,86.66000366210938,32073100,QQQ
2014-01-07,78.82115173339844,87.12000274658203,87.25,86.55999755859375,86.72000122070312,25860600,QQQ
2014-01-08,78.99305725097656,87.30999755859375,87.55000305175781,86.94999694824219,87.13999938964844,27197400,QQQ
2014-01-09,78.73065948486328,87.0199966430664,87.63999938964844,86.72000122070312,87.62999725341797,23674700,QQQ
2014-01-10,78.98400115966797,87.30000305175781,87.4000015258789,86.58000183105469,87.2300033569336,38008900,QQQ
2014-01-13,77.81690216064453,86.01000213623047,87.4800033569336,85.68000030517578,87.18000030517578,48842300,QQQ
2014-01-14,79.30067443847656,87.6500015258789,87.72000122070312,86.30000305175781,86.30000305175781,37178900,QQQ
2014-01-15,79.95206451416016,88.37000274658203,88.54000091552734,87.94000244140625,88.02999877929688,39835600,QQQ
2014-01-16,79.9611587524414,88.37999725341797,88.51000213623047,88.16000366210938,88.30000305175781,31630100,QQQ
2014-01-17,79.50873565673828,87.87999725341797,88.37000274658203,87.66999816894531,88.11000061035156,36895800,QQQ
2014-01-21,80.11492156982422,88.55000305175781,88.58999633789062,87.80999755859375,88.44000244140625,26412700,QQQ
2014-01-22,80.32299041748047,88.77999877929688,89.0,88.5199966430664,88.77999877929688,29376900,QQQ
2014-01-23,80.05160522460938,88.4800033569336,88.5199966430664,87.86000061035156,88.51000213623047,35011900,QQQ
2014-01-24,78.47737121582031,86.73999786376953,88.18000030517578,86.70999908447266,88.05000305175781,63974600,QQQ
2014-01-27,77.7173843383789,85.9000015258789,86.88999938964844,85.25,86.73999786376953,63519300,QQQ
2014-01-28,77.67213439941406,85.8499984741211,85.94000244140625,85.30999755859375,85.5,44378800,QQQ
2014-01-29,76.83975219726562,84.93000030517578,85.73999786376953,84.76000213623047,85.11000061035156,51939300,QQQ
2014-01-30,78.26018524169922,86.5,86.80000305175781,85.87999725341797,85.97000122070312,65833600,QQQ
2014-01-31,78.05211639404297,86.2699966430664,86.68000030517578,85.44999694824219,85.54000091552734,45187000,QQQ
2014-02-03,76.26073455810547,84.29000091552734,86.5,84.06999969482422,86.11000061035156,65596900,QQQ
2014-02-04,76.8216781616211,84.91000366210938,85.25,84.45999908447266,84.72000122070312,37675500,QQQ
2014-02-05,76.62264251708984,84.69000244140625,84.98999786376953,83.73999786376953,84.62999725341797,41721800,QQQ
2014-02-06,77.5997314453125,85.7699966430664,85.87999725341797,84.91999816894531,84.94000244140625,32308600,QQQ
2014-02-07,78.98400115966797,87.30000305175781,87.36000061035156,86.0,86.25,38359400,QQQ
2014-02-10,79.43634033203125,87.80000305175781,87.83999633789062,87.20999908447266,87.2699966430664,30205400,QQQ
2014-02-11,80.34109497070312,88.80000305175781,88.97000122070312,87.88999938964844,87.98999786376953,38635500,QQQ
2014-02-12,80.49491882324219,88.97000122070312,89.16999816894531,88.69999694824219,88.9800033569336,32507200,QQQ
2014-02-13,81.092041015625,89.62999725341797,89.69999694824219,88.30000305175781,88.31999969482422,40454500,QQQ
2014-02-14,81.25489807128906,89.80999755859375,90.01000213623047,89.33000183105469,89.5999984741211,33212400,QQQ
2014-02-18,81.65299224853516,90.25,90.41999816894531,89.73999786376953,89.95999908447266,29546600,QQQ
2014-02-19,81.092041015625,89.62999725341797,90.29000091552734,89.44999694824219,90.08000183105469,41749900,QQQ
2014-02-20,81.47207641601562,90.05000305175781,90.22000122070312,89.30999755859375,89.69000244140625,41814800,QQQ
2014-02-21,81.36347198486328,89.93000030517578,90.47000122070312,89.81999969482422,90.33999633789062,31192200,QQQ
2014-02-24,81.7977294921875,90.41000366210938,90.81999969482422,90.04000091552734,90.13999938964844,31500400,QQQ
2014-02-25,81.70726013183594,90.30999755859375,90.72000122070312,90.0199966430664,90.54000091552734,26771700,QQQ
2014-02-26,81.63493347167969,90.2300033569336,90.83999633789062,89.87000274658203,90.55000305175781,42953700,QQQ
2014-02-27,82.16455078125,90.44000244140625,90.52999877929688,89.7300033569336,89.87000274658203,28742400,QQQ
2014-02-28,82.07367706298828,90.33999633789062,90.95999908447266,89.54000091552734,90.41999816894531,48609800,QQQ
2014-03-03,81.46500396728516,89.66999816894531,89.91000366210938,88.87000274658203,89.48999786376953,38885700,QQQ
2014-03-04,82.50067901611328,90.80999755859375,90.9800033569336,90.55999755859375,90.6500015258789,33189000,QQQ
2014-03-05,82.72781372070312,91.05999755859375,91.22000122070312,90.7699966430664,90.95999908447266,27203300,QQQ
2014-03-06,82.6551742553711,90.9800033569336,91.33999633789062,90.6500015258789,91.2699966430664,24063900,QQQ
2014-03-07,82.24629974365234,90.52999877929688,91.36000061035156,90.06999969482422,91.2699966430664,31167800,QQQ
2014-03-10,82.31900024414062,90.61000061035156,90.66000366210938,90.02999877929688,90.4800033569336,18131700,QQQ
2014-03-11,81.96468353271484,90.22000122070312,91.05999755859375,89.94999694824219,90.83000183105469,27484300,QQQ
2014-03-12,82.2735824584961,90.55999755859375,90.61000061035156,89.4800033569336,89.80999755859375,27977200,QQQ
2014-03-13,81.11070251464844,89.27999877929688,90.93000030517578,88.87000274658203,90.9000015258789,48542000,QQQ
2014-03-14,80.55652618408203,88.66999816894531,89.37999725341797,88.62999725341797,88.98999786376953,38732300,QQQ
2014-03-17,81.26514434814453,89.44999694824219,89.91000366210938,89.19000244140625,89.23999786376953,28467200,QQQ
2014-03-18,82.24629974365234,90.52999877929688,90.63999938964844,89.52999877929688,89.55999755859375,31250200,QQQ
2014-03-19,81.80113983154297,90.04000091552734,90.66000366210938,89.44999694824219,90.55999755859375,40869400,QQQ
2014-03-20,82.02828979492188,90.29000091552734,90.55999755859375,89.58000183105469,89.76000213623047,31634500,QQQ
2014-03-21,81.04117584228516,89.0,90.6500015258789,88.83000183105469,90.5999984741211,62754000,QQQ
2014-03-24,80.33098602294922,88.22000122070312,89.38999938964844,87.41000366210938,89.31999969482422,77735300,QQQ
2014-03-25,80.59502410888672,88.51000213623047,89.25,87.7699966430664,88.68000030517578,41723300,QQQ
2014-03-26,79.55699920654297,87.37000274658203,89.1500015258789,87.36000061035156,88.94999694824219,40930400,QQQ
2014-03-27,79.11077880859375,86.87999725341797,87.63999938964844,86.4000015258789,87.25,64784500,QQQ
2014-03-28,79.26557159423828,87.05000305175781,88.01000213623047,86.80999755859375,87.16000366210938,39895100,QQQ
2014-03-31,79.83015441894531,87.66999816894531,88.26000213623047,87.62000274658203,87.7300033569336,33924300,QQQ
2014-04-01,81.23242950439453,89.20999908447266,89.2699966430664,87.70999908447266,88.0999984741211,38683800,QQQ
2014-04-02,81.44188690185547,89.44000244140625,89.68000030517578,89.04000091552734,89.58999633789062,34631600,QQQ
2014-04-03,80.79535675048828,88.7300033569336,89.68000030517578,88.22000122070312,89.52999877929688,30319100,QQQ
2014-04-04,78.64639282226562,86.37000274658203,89.41000366210938,86.13999938964844,89.31999969482422,131213200,QQQ
2014-04-07,77.89972686767578,85.55000305175781,86.62999725341797,84.94999694824219,85.83000183105469,83995800,QQQ
2014-04-08,78.61906433105469,86.33999633789062,86.45999908447266,85.3499984741211,85.6500015258789,51495700,QQQ
2014-04-09,79.96674346923828,87.81999969482422,87.87000274658203,86.43000030517578,86.66000366210938,45685200,QQQ
2014-04-10,77.48998260498047,85.0999984741211,87.87999725341797,84.86000061035156,87.87999725341797,73659600,QQQ
2014-04-11,76.58849334716797,84.11000061035156,85.44000244140625,83.91000366210938,84.33999633789062,93657400,QQQ
2014-04-14,77.18944549560547,84.7699966430664,85.22000122070312,83.98999786376953,84.8499984741211,46500700,QQQ
2014-04-15,77.44446563720703,85.05000305175781,85.54000091552734,83.27999877929688,85.08000183105469,84631500,QQQ
2014-04-16,78.4734115600586,86.18000030517578,86.18000030517578,85.08999633789062,85.79000091552734,46970900,QQQ
2014-04-17,78.4916000366211,86.19999694824219,86.62999725341797,85.62999725341797,85.8499984741211,53719500,QQQ
2014-04-21,79.07435607910156,86.83999633789062,86.83999633789062,86.0,86.4000015258789,25947900,QQQ
2014-04-22,79.70267486572266,87.52999877929688,87.75,86.98999786376953,87.13999938964844,38593400,QQQ
2014-04-23,79.00151824951172,86.76000213623047,87.55999755859375,86.70999908447266,87.52999877929688,34376700,QQQ
2014-04-24,79.75733184814453,87.58999633789062,88.20999908447266,86.6500015258789,88.19000244140625,48926300,QQQ
2014-04-25,78.48249053955078,86.19000244140625,87.16999816894531,85.9800033569336,87.06999969482422,44334000,QQQ
2014-04-28,78.73745727539062,86.47000122070312,87.11000061035156,85.11000061035156,86.5999984741211,58623800,QQQ
2014-04-29,79.36576080322266,87.16000366210938,87.31999969482422,86.30999755859375,86.7300033569336,36742700,QQQ
2014-04-30,79.57516479492188,87.38999938964844,87.4800033569336,86.54000091552734,86.76000213623047,38689400,QQQ
2014-05-01,79.81193542480469,87.6500015258789,88.1500015258789,87.30999755859375,87.52999877929688,37127200,QQQ
2014-05-02,79.66624450683594,87.48999786376953,88.11000061035156,87.27999877929688,87.94999694824219,40074200,QQQ
2014-05-05,80.08512115478516,87.94999694824219,87.97000122070312,86.76000213623047,86.97000122070312,27924400,QQQ
2014-05-06,79.04707336425781,86.80999755859375,87.86000061035156,86.7699966430664,87.80999755859375,33698500,QQQ
2014-05-07,78.81941986083984,86.55999755859375,87.08000183105469,85.52999877929688,86.98999786376953,67489100,QQQ
2014-05-08,78.74656677246094,86.4800033569336,87.52999877929688,86.05000305175781,86.25,46556900,QQQ
2014-05-09,79.03797149658203,86.80000305175781,86.86000061035156,85.8499984741211,86.43000030517578,35081500,QQQ
2014-05-12,80.340087890625,88.2300033569336,88.26000213623047,87.23999786376953,87.31999969482422,38951100,QQQ
2014-05-13,80.39469146728516,88.29000091552734,88.61000061035156,88.12000274658203,88.30999755859375,30311900,QQQ
2014-05-14,79.97584533691406,87.83000183105469,88.3499984741211,87.62000274658203,88.0199966430664,26483600,QQQ
2014-05-15,79.34754943847656,87.13999938964844,87.95999908447266,86.58000183105469,87.80999755859375,59680300,QQQ
2014-05-16,79.8665542602539,87.70999908447266,87.76000213623047,86.63999938964844,87.23999786376953,66804100,QQQ
2014-05-19,80.4220199584961,88.31999969482422,88.45999908447266,87.30000305175781,87.44999694824219,32017000,QQQ
2014-05-20,80.130615234375,88.0,88.5999984741211,87.63999938964844,88.27999877929688,33716000,QQQ
2014-05-21,80.89550018310547,88.83999633789062,88.88999938964844,88.11000061035156,88.16000366210938,36837700,QQQ
2014-05-22,81.25065612792969,89.2300033569336,89.4800033569336,88.80000305175781,88.94000244140625,30617100,QQQ
2014-05-23,81.84251403808594,89.87999725341797,89.9000015258789,89.12000274658203,89.31999969482422,22687300,QQQ
2014-05-27,82.86235809326172,91.0,91.0199966430664,90.19999694824219,90.27999877929688,29725200,QQQ
2014-05-28,82.607421875,90.72000122070312,91.0999984741211,90.6500015258789,90.97000122070312,30468100,QQQ
2014-05-29,83.13551330566406,91.30000305175781,91.30999755859375,90.86000061035156,91.04000091552734,33036100,QQQ
2014-05-30,83.1446762084961,91.30999755859375,91.44999694824219,90.83000183105469,91.31999969482422,29906400,QQQ
2014-06-02,83.06270599365234,91.22000122070312,91.44000244140625,90.63999938964844,91.41999816894531,30409900,QQQ
2014-06-03,83.02629852294922,91.18000030517578,91.33000183105469,90.80000305175781,90.91999816894531,21774500,QQQ
2014-06-04,83.33588409423828,91.5199966430664,91.66999816894531,90.80999755859375,90.94999694824219,20118300,QQQ
2014-06-05,84.03701782226562,92.29000091552734,92.45999908447266,91.29000091552734,91.5999984741211,35583100,QQQ
2014-06-06,84.51962280273438,92.81999969482422,92.81999969482422,92.44999694824219,92.62999725341797,22680600,QQQ
2014-06-09,84.45587921142578,92.75,92.9800033569336,92.5,92.83999633789062,23399500,QQQ
2014-06-10,84.60155487060547,92.91000366210938,92.95999908447266,92.55999755859375,92.66999816894531,20626000,QQQ
2014-06-11,84.58334350585938,92.88999938964844,93.0199966430664,92.5,92.58999633789062,22878200,QQQ
2014-06-12,83.81849670410156,92.05000305175781,92.79000091552734,91.7300033569336,92.69000244140625,35275900,QQQ
2014-06-13,84.06431579589844,92.31999969482422,92.55000305175781,91.91999816894531,92.44999694824219,39447100,QQQ
2014-06-16,84.13717651367188,92.4000015258789,92.66999816894531,91.95999908447266,92.16000366210938,25212300,QQQ
2014-06-17,84.1827163696289,92.44999694824219,92.69999694824219,92.18000030517578,92.33000183105469,19977900,QQQ
2014-06-18,84.65621185302734,92.97000122070312,93.0999984741211,91.9800033569336,92.54000091552734,34514000,QQQ
2014-06-19,84.60155487060547,92.91000366210938,93.16999816894531,92.48999786376953,93.11000061035156,38422200,QQQ
2014-06-20,84.70108795166016,92.7699966430664,92.87000274658203,92.52999877929688,92.69999694824219,25897500,QQQ
2014-06-23,84.7193603515625,92.79000091552734,92.81999969482422,92.51000213623047,92.76000213623047,20837900,QQQ
2014-06-24,84.63719177246094,92.69999694824219,93.56999969482422,92.43000030517578,92.77999877929688,31945800,QQQ
2014-06-25,85.1758804321289,93.29000091552734,93.44999694824219,92.4800033569336,92.48999786376953,32818600,QQQ
2014-06-26,85.22149658203125,93.33999633789062,93.36000061035156,92.62000274658203,93.3499984741211,22563900,QQQ
2014-06-27,85.59587860107422,93.75,93.7699966430664,93.19000244140625,93.22000122070312,22877800,QQQ
2014-06-30,85.7419204711914,93.91000366210938,94.13999938964844,93.66999816894531,93.7300033569336,19751900,QQQ
2014-07-01,86.68232727050781,94.94000244140625,95.19000244140625,94.19999694824219,94.23999786376953,31862500,QQQ
2014-07-02,86.82842254638672,95.0999984741211,95.23999786376953,94.91000366210938,95.0,18777300,QQQ
2014-07-03,87.37623596191406,95.69999694824219,95.69999694824219,95.1500015258789,95.41000366210938,15291700,QQQ
2014-07-07,87.11146545410156,95.41000366210938,95.70999908447266,95.2300033569336,95.58999633789062,23266400,QQQ
2014-07-08,86.06150817871094,94.26000213623047,95.30000305175781,93.87000274658203,95.2300033569336,40612400,QQQ
2014-07-09,86.7005844116211,94.95999908447266,95.06999969482422,94.23999786376953,94.51000213623047,29919000,QQQ
2014-07-10,86.42667388916016,94.66000366210938,95.05000305175781,93.62999725341797,93.73999786376953,44245300,QQQ
2014-07-11,86.98365020751953,95.2699966430664,95.2699966430664,94.61000061035156,94.9000015258789,19566300,QQQ
2014-07-14,87.50407409667969,95.83999633789062,96.05999755859375,95.54000091552734,95.69999694824219,19579000,QQQ
2014-07-15,87.2027587890625,95.51000213623047,96.12999725341797,94.83000183105469,95.98999786376953,39467500,QQQ
2014-07-16,87.54972076416016,95.88999938964844,96.30000305175781,95.79000091552734,96.19999694824219,22052600,QQQ
2014-07-17,86.39017486572266,94.62000274658203,95.97000122070312,94.31999969482422,95.62999725341797,43111500,QQQ
2014-07-18,87.75973510742188,96.12000274658203,96.16999816894531,95.0,95.11000061035156,36682200,QQQ
2014-07-21,87.65016174316406,96.0,96.16000366210938,95.55000305175781,95.91999816894531,29750700,QQQ
2014-07-22,88.20708465576172,96.61000061035156,96.76000213623047,96.3499984741211,96.44999694824219,25770400,QQQ
2014-07-23,88.77316284179688,97.2300033569336,97.33999633789062,96.7699966430664,96.94999694824219,28947500,QQQ
2014-07-24,88.6727294921875,97.12000274658203,97.51000213623047,96.9800033569336,97.4000015258789,24707200,QQQ
2014-07-25,88.32577514648438,96.73999786376953,96.87000274658203,96.2300033569336,96.62000274658203,29898900,QQQ
2014-07-28,88.35314178466797,96.7699966430664,97.0199966430664,96.0199966430664,96.83999633789062,25603400,QQQ
2014-07-29,88.19799041748047,96.5999984741211,97.19999694824219,96.5199966430664,96.9800033569336,27022200,QQQ
2014-07-30,88.5448989868164,96.9800033569336,97.31999969482422,96.5999984741211,97.13999938964844,35348500,QQQ
2014-07-31,86.75537109375,95.0199966430664,96.33999633789062,94.87999725341797,96.18000030517578,50047900,QQQ
2014-08-01,86.43585968017578,94.66999816894531,95.33999633789062,94.04000091552734,94.81999969482422,60708000,QQQ
2014-08-04,87.02926635742188,95.31999969482422,95.69000244140625,94.5199966430664,94.87000274658203,33230500,QQQ
2014-08-05,86.36280822753906,94.58999633789062,95.20999908447266,94.1500015258789,94.94000244140625,50331100,QQQ
2014-08-06,86.29888916015625,94.5199966430664,95.11000061035156,93.91999816894531,94.0,34431900,QQQ
2014-08-07,86.02498626708984,94.22000122070312,95.13999938964844,93.88999938964844,94.95999908447266,33274700,QQQ
2014-08-08,86.64581298828125,94.9000015258789,95.01000213623047,93.97000122070312,94.37000274658203,40236900,QQQ
2014-08-11,87.1571273803711,95.45999908447266,95.76000213623047,95.19999694824219,95.2699966430664,28277500,QQQ
2014-08-12,87.12059020996094,95.41999816894531,95.66999816894531,94.93000030517578,95.36000061035156,28152300,QQQ
2014-08-13,88.042724609375,96.43000030517578,96.47000122070312,95.76000213623047,95.80999755859375,27996500,QQQ
2014-08-14,88.4992446899414,96.93000030517578,96.94999694824219,96.43000030517578,96.55999755859375,25006600,QQQ
2014-08-15,88.92837524414062,97.4000015258789,97.62999725341797,96.4800033569336,97.48999786376953,55205500,QQQ
2014-08-18,89.6131362915039,98.1500015258789,98.23999786376953,97.7699966430664,97.91000366210938,38938300,QQQ
2014-08-19,90.11530303955078,98.69999694824219,98.76000213623047,98.31999969482422,98.37999725341797,21363400,QQQ
2014-08-20,90.11530303955078,98.69999694824219,98.9000015258789,98.52999877929688,98.62000274658203,23435600,QQQ
2014-08-21,90.29788970947266,98.9000015258789,98.94999694824219,98.5999984741211,98.75,19339500,QQQ
2014-08-22,90.43485260009766,99.05000305175781,99.25,98.72000122070312,98.94000244140625,24692000,QQQ
2014-08-25,90.75442504882812,99.4000015258789,99.68000030517578,99.16000366210938,99.5199966430664,24124700,QQQ
2014-08-26,90.8457260131836,99.5,99.61000061035156,99.2699966430664,99.55000305175781,20100400,QQQ
2014-08-27,90.86397552490234,99.5199966430664,99.63999938964844,99.30999755859375,99.52999877929688,15589100,QQQ
2014-08-28,90.7635726928711,99.41000366210938,99.52999877929688,99.08000183105469,99.18000030517578,23563900,QQQ
2014-08-29,91.10140228271484,99.77999877929688,99.91000366210938,99.2699966430664,99.62999725341797,17906300,QQQ
2014-09-02,91.36615753173828,100.06999969482422,100.0999984741211,99.66000366210938,100.0199966430664,18326800,QQQ
2014-09-03,90.82746124267578,99.4800033569336,100.33999633789062,99.30000305175781,100.33999633789062,25950700,QQQ
2014-09-04,90.7452621459961,99.38999938964844,100.22000122070312,99.13999938964844,99.70999908447266,24663500,QQQ
2014-09-05,91.20182037353516,99.88999938964844,99.94999694824219,99.02999877929688,99.54000091552734,30798200,QQQ
2014-09-08,91.37527465820312,100.08000183105469,100.33000183105469,99.62000274658203,99.91999816894531,25571300,QQQ
2014-09-09,90.61747741699219,99.25,100.45999908447266,99.05999755859375,100.08999633789062,36449200,QQQ
2014-09-10,91.36615753173828,100.06999969482422,100.11000061035156,99.0999984741211,99.37999725341797,31080100,QQQ
2014-09-11,91.29308319091797,99.98999786376953,100.04000091552734,99.23999786376953,99.63999938964844,28691900,QQQ
2014-09-12,90.82746124267578,99.4800033569336,99.93000030517578,99.16999816894531,99.9000015258789,30444400,QQQ
2014-09-15,89.9509506225586,98.5199966430664,99.5999984741211,98.22000122070312,99.58999633789062,32972200,QQQ
2014-09-16,90.73617553710938,99.37999725341797,99.56999969482422,98.05000305175781,98.1500015258789,38166900,QQQ
2014-09-17,90.87310791015625,99.52999877929688,100.0,98.93000030517578,99.36000061035156,37196500,QQQ
2014-09-18,91.557861328125,100.27999877929688,100.29000091552734,99.7300033569336,99.83999633789062,30196700,QQQ
2014-09-19,91.50114440917969,99.9800033569336,100.55999755859375,99.58000183105469,100.45999908447266,46918000,QQQ
2014-09-22,90.64999389648438,99.05000305175781,99.75,98.62000274658203,99.73999786376953,48658000,QQQ
2014-09-23,90.40291595458984,98.77999877929688,99.22000122070312,98.58000183105469,98.6500015258789,33989600,QQQ
2014-09-24,91.37303161621094,99.83999633789062,99.88999938964844,98.54000091552734,98.87999725341797,35959000,QQQ
2014-09-25,89.45109558105469,97.73999786376953,99.6500015258789,97.69999694824219,99.5199966430664,68642500,QQQ
2014-09-26,90.40291595458984,98.77999877929688,98.95999908447266,97.88999938964844,98.05999755859375,56106200,QQQ
2014-09-29,90.2839126586914,98.6500015258789,98.91999816894531,97.75,97.80000305175781,33342700,QQQ
2014-09-30,90.41204833984375,98.79000091552734,99.30000305175781,98.31999969482422,98.91999816894531,41834300,QQQ
2014-10-01,88.966064453125,97.20999908447266,98.61000061035156,96.9000015258789,98.51000213623047,58164900,QQQ
2014-10-02,88.966064453125,97.20999908447266,97.51000213623047,95.97000122070312,97.16999816894531,54501300,QQQ
2014-10-03,89.84463500976562,98.16999816894531,98.56999969482422,97.44000244140625,97.77999877929688,41627800,QQQ
2014-10-06,89.6524429321289,97.95999908447266,98.72000122070312,97.66000366210938,98.4800033569336,36038700,QQQ
2014-10-07,88.38030242919922,96.56999969482422,97.77999877929688,96.55999755859375,97.5,45154000,QQQ
2014-10-08,90.10088348388672,98.44999694824219,98.76000213623047,96.05999755859375,96.62000274658203,64931600,QQQ
2014-10-09,88.64576721191406,96.86000061035156,98.56999969482422,96.70999908447266,98.31999969482422,62497100,QQQ
2014-10-10,86.43096160888672,94.44000244140625,96.83000183105469,94.41999816894531,96.29000091552734,77579400,QQQ
2014-10-13,85.07646942138672,92.95999908447266,94.98999786376953,92.87999725341797,94.2699966430664,80835900,QQQ
2014-10-14,85.08565521240234,92.97000122070312,94.16999816894531,92.70999908447266,93.54000091552734,71814500,QQQ
2014-10-15,84.53653717041016,92.37000274658203,92.76000213623047,90.23999786376953,91.56999969482422,108847800,QQQ
2014-10-16,84.00572967529297,91.79000091552734,92.58000183105469,90.38999938964844,90.41999816894531,93165800,QQQ
2014-10-17,85.11306762695312,93.0,93.88999938964844,92.45999908447266,93.0,69546700,QQQ
2014-10-20,86.38520050048828,94.38999938964844,94.47000122070312,92.80000305175781,92.98999786376953,41479300,QQQ
2014-10-21,88.6549072265625,96.87000274658203,96.87000274658203,95.31999969482422,95.55999755859375,53609800,QQQ
2014-10-22,88.19731140136719,96.37000274658203,97.30000305175781,96.30999755859375,97.16999816894531,39178000,QQQ
2014-10-23,89.5242919921875,97.81999969482422,98.36000061035156,97.16999816894531,97.33999633789062,48123800,QQQ
2014-10-24,90.25647735595703,98.62000274658203,98.69000244140625,97.63999938964844,98.02999877929688,43157600,QQQ
2014-10-27,90.32056427001953,98.69000244140625,98.87000274658203,98.0199966430664,98.43000030517578,29545700,QQQ
2014-10-28,91.68418884277344,100.18000030517578,100.19999694824219,99.08000183105469,99.1500015258789,34495100,QQQ
2014-10-29,91.34555053710938,99.80999755859375,100.12000274658203,99.0999984741211,99.8499984741211,40552800,QQQ
2014-10-30,91.53772735595703,100.0199966430664,100.26000213623047,99.13999938964844,99.36000061035156,35935800,QQQ
2014-10-31,92.80071258544922,101.4000015258789,101.75,101.06999969482422,101.68000030517578,54254100,QQQ
2014-11-03,93.07525634765625,101.69999694824219,101.97000122070312,101.43000030517578,101.58000183105469,33481000,QQQ
2014-11-04,92.76409149169922,101.36000061035156,101.62000274658203,100.66999816894531,101.37999725341797,22773300,QQQ
2014-11-05,92.77327728271484,101.37000274658203,102.02999877929688,101.0199966430664,102.02999877929688,25818600,QQQ
2014-11-06,93.06610870361328,101.69000244140625,101.72000122070312,100.91999816894531,101.36000061035156,24671900,QQQ
2014-11-07,92.9837646484375,101.5999984741211,101.91000366210938,101.06999969482422,101.87000274658203,20931700,QQQ
2014-11-10,93.31321716308594,101.95999908447266,102.08999633789062,101.37999725341797,101.6500015258789,20360000,QQQ
2014-11-11,93.6061019897461,102.27999877929688,102.27999877929688,101.69999694824219,101.9800033569336,15454000,QQQ
2014-11-12,93.77084350585938,102.45999908447266,102.56999969482422,101.87000274658203,101.87000274658203,22050300,QQQ
2014-11-13,94.1734848022461,102.9000015258789,103.27999877929688,102.41999816894531,102.6500015258789,28027800,QQQ
2014-11-14,94.46636962890625,103.22000122070312,103.22000122070312,102.52999877929688,102.87000274658203,19251300,QQQ
2014-11-17,94.18267059326172,102.91000366210938,103.20999908447266,102.41999816894531,102.9800033569336,23361600,QQQ
2014-11-18,94.88738250732422,103.68000030517578,103.81999969482422,102.98999786376953,103.0,26336800,QQQ
2014-11-19,94.45721435546875,103.20999908447266,103.56999969482422,102.7300033569336,103.56999969482422,23760200,QQQ
2014-11-20,94.87818145751953,103.66999816894531,103.76000213623047,102.69000244140625,102.7699966430664,22874000,QQQ
2014-11-21,95.0612564086914,103.87000274658203,104.69000244140625,103.54000091552734,104.58999633789062,34049100,QQQ
2014-11-24,95.80254364013672,104.68000030517578,104.7300033569336,104.05999755859375,104.1500015258789,17928300,QQQ
2014-11-25,95.94898223876953,104.83999633789062,105.1500015258789,104.56999969482422,104.83999633789062,17526000,QQQ
2014-11-26,96.57129669189453,105.5199966430664,105.58000183105469,104.83000183105469,104.94000244140625,18973800,QQQ
2014-11-28,97.01976776123047,106.01000213623047,106.25,105.7300033569336,105.80000305175781,17360400,QQQ
2014-12-01,95.92150115966797,104.80999755859375,105.91999816894531,104.41999816894531,105.72000122070312,35969500,QQQ
2014-12-02,96.3059310913086,105.2300033569336,105.41999816894531,104.69999694824219,104.91999816894531,26031300,QQQ
2014-12-03,96.47979736328125,105.41999816894531,105.56999969482422,104.76000213623047,105.38999938964844,32974300,QQQ
2014-12-04,96.43403625488281,105.37000274658203,105.77999877929688,104.93000030517578,105.31999969482422,31008800,QQQ
2014-12-05,96.44317626953125,105.37999725341797,105.69999694824219,105.1500015258789,105.54000091552734,25622200,QQQ
2014-12-08,95.75679779052734,104.62999725341797,105.56999969482422,104.08000183105469,105.11000061035156,32685800,QQQ
2014-12-09,96.05879974365234,104.95999908447266,105.04000091552734,103.04000091552734,103.41000366210938,46035100,QQQ
2014-12-10,94.5487289428711,103.30999755859375,105.02999877929688,103.12000274658203,104.7699966430664,39330100,QQQ
2014-12-11,94.9971923828125,103.80000305175781,105.04000091552734,103.58999633789062,103.61000061035156,47576000,QQQ
2014-12-12,93.96300506591797,102.66999816894531,103.98999786376953,102.66000366210938,102.80999755859375,46889400,QQQ
2014-12-15,92.9928970336914,101.61000061035156,103.58000183105469,101.31999969482422,103.19999694824219,52968400,QQQ
2014-12-16,91.50114440917969,99.9800033569336,102.47000122070312,99.95999908447266,100.97000122070312,65348600,QQQ
2014-12-17,93.16678619384766,101.80000305175781,102.08999633789062,99.91999816894531,100.05000305175781,79715300,QQQ
2014-12-18,95.40901947021484,104.25,104.26000213623047,102.9800033569336,103.26000213623047,49840900,QQQ
2014-12-19,95.82882690429688,104.31999969482422,104.73999786376953,103.70999908447266,103.97000122070312,51419900,QQQ
2014-12-22,96.06767272949219,104.58000183105469,104.61000061035156,104.0999984741211,104.1500015258789,33869200,QQQ
2014-12-23,95.7278060913086,104.20999908447266,104.97000122070312,104.08999633789062,104.95999908447266,30156900,QQQ
2014-12-24,95.81046295166016,104.30000305175781,104.69999694824219,104.2699966430664,104.33999633789062,14291300,QQQ
2014-12-26,96.4902114868164,105.04000091552734,105.26000213623047,104.56999969482422,104.5999984741211,13924300,QQQ
2014-12-29,96.47186279296875,105.0199966430664,105.25,104.87999725341797,104.94000244140625,17073800,QQQ
2014-12-30,95.82882690429688,104.31999969482422,104.95999908447266,104.18000030517578,104.72000122070312,18604000,QQQ
2014-12-31,94.84590911865234,103.25,104.91000366210938,103.0999984741211,104.5,24367100,QQQ
2015-01-02,94.5611801147461,102.94000244140625,104.19999694824219,102.44000244140625,103.76000213623047,31314600,QQQ
2015-01-05,93.17404174804688,101.43000030517578,102.61000061035156,101.13999938964844,102.48999786376953,36521300,QQQ
2015-01-06,91.92477416992188,100.06999969482422,101.75,99.62000274658203,101.58000183105469,66205500,QQQ
2015-01-07,93.10973358154297,101.36000061035156,101.5999984741211,100.48999786376953,100.7300033569336,37577400,QQQ
2015-01-08,94.891845703125,103.30000305175781,103.5,102.11000061035156,102.22000122070312,40212600,QQQ
2015-01-09,94.2671890258789,102.62000274658203,103.6500015258789,102.0199966430664,103.62000274658203,41410100,QQQ
2015-01-12,93.28428649902344,101.55000305175781,102.93000030517578,101.29000091552734,102.81999969482422,34129800,QQQ
2015-01-13,93.2567367553711,101.5199966430664,103.62000274658203,100.69999694824219,102.54000091552734,56162300,QQQ
2015-01-14,92.7422866821289,100.95999908447266,101.4800033569336,100.06999969482422,100.5,51354200,QQQ
2015-01-15,91.5389175415039,99.6500015258789,101.58999633789062,99.52999877929688,101.43000030517578,51005400,QQQ
2015-01-16,92.61369323730469,100.81999969482422,100.94999694824219,99.36000061035156,99.5199966430664,35362200,QQQ
2015-01-20,93.34859466552734,101.62000274658203,101.87999725341797,100.29000091552734,101.43000030517578,30964100,QQQ
2015-01-21,93.82627868652344,102.13999938964844,102.62000274658203,100.95999908447266,101.31999969482422,40128800,QQQ
2015-01-22,95.56241607666016,104.02999877929688,104.13999938964844,101.63999938964844,102.54000091552734,40887200,QQQ
2015-01-23,95.7737045288086,104.26000213623047,104.58000183105469,103.72000122070312,104.0199966430664,34783000,QQQ
2015-01-26,95.66345977783203,104.13999938964844,104.33000183105469,103.61000061035156,104.13999938964844,19960900,QQQ
2015-01-27,93.1832504272461,101.44000244140625,102.55999755859375,101.0999984741211,102.5,45253200,QQQ
2015-01-28,92.70555877685547,100.91999816894531,103.18000030517578,100.9000015258789,103.06999969482422,43591700,QQQ
2015-01-29,93.59664916992188,101.88999938964844,102.08000183105469,99.95999908447266,100.83999633789062,46539700,QQQ
2015-01-30,92.87091827392578,101.0999984741211,102.58000183105469,100.95999908447266,101.80000305175781,42927600,QQQ
2015-02-02,93.67928314208984,101.9800033569336,102.06999969482422,99.75,101.33000183105469,43624700,QQQ
2015-02-03,94.57950592041016,102.95999908447266,103.02999877929688,101.68000030517578,102.3499984741211,30750400,QQQ
2015-02-04,94.49684143066406,102.87000274658203,103.55000305175781,102.30999755859375,102.54000091552734,34073200,QQQ
2015-02-05,95.31436920166016,103.76000213623047,103.83000183105469,102.87000274658203,103.12999725341797,23605500,QQQ
2015-02-06,94.73567199707031,103.12999725341797,104.16999816894531,102.76000213623047,103.91999816894531,34169300,QQQ
2015-02-09,94.43255615234375,102.80000305175781,103.29000091552734,102.55000305175781,102.7300033569336,22604700,QQQ
2015-02-10,95.90233612060547,104.4000015258789,104.54000091552734,103.20999908447266,103.37000274658203,23686500,QQQ
2015-02-11,96.25139617919922,104.77999877929688,105.0199966430664,104.31999969482422,104.5199966430664,20303600,QQQ
2015-02-12,97.37208557128906,106.0,106.04000091552734,105.30000305175781,105.45999908447266,22520300,QQQ
2015-02-13,98.20800018310547,106.91000366210938,106.93000030517578,106.0999984741211,106.30000305175781,29030200,QQQ
2015-02-17,98.29988861083984,107.01000213623047,107.08000183105469,106.63999938964844,106.91000366210938,17675300,QQQ
2015-02-18,98.43766784667969,107.16000366210938,107.22000122070312,106.73999786376953,106.87999725341797,15149600,QQQ
2015-02-19,98.92451477050781,107.69000244140625,107.76000213623047,107.05999755859375,107.08999633789062,19828100,QQQ
2015-02-20,99.58592224121094,108.41000366210938,108.47000122070312,107.27999877929688,107.62000274658203,28336700,QQQ
2015-02-23,99.68697357177734,108.5199966430664,108.55000305175781,108.11000061035156,108.3499984741211,17868000,QQQ
2015-02-24,99.76045227050781,108.5999984741211,108.7300033569336,108.05000305175781,108.37999725341797,19745000,QQQ
2015-02-25,99.51240539550781,108.33000183105469,108.86000061035156,108.08999633789062,108.44000244140625,19472300,QQQ
2015-02-26,100.01763153076172,108.87999725341797,108.94000244140625,108.13999938964844,108.44000244140625,22255500,QQQ
2015-02-27,99.57671356201172,108.4000015258789,108.91000366210938,108.2300033569336,108.83999633789062,27757600,QQQ
2015-03-02,100.47697448730469,109.37999725341797,109.41999816894531,108.58999633789062,108.61000061035156,22988600,QQQ
2015-03-03,100.00846099853516,108.87000274658203,109.16000366210938,108.18000030517578,109.05000305175781,20788900,QQQ
2015-03-04,99.6226806640625,108.44999694824219,108.66999816894531,107.86000061035156,108.51000213623047,21007400,QQQ
2015-03-05,99.79719543457031,108.63999938964844,108.97000122070312,108.19000244140625,108.7300033569336,15381000,QQQ
2015-03-06,98.66732025146484,107.41000366210938,108.70999908447266,107.13999938964844,108.5,30990400,QQQ
2015-03-09,98.95207977294922,107.72000122070312,107.98999786376953,107.19000244140625,107.62999725341797,26237100,QQQ
2015-03-10,97.11487579345703,105.72000122070312,106.9800033569336,105.72000122070312,106.94999694824219,34234500,QQQ
2015-03-11,96.55453491210938,105.11000061035156,106.01000213623047,105.06999969482422,105.87999725341797,25459700,QQQ
2015-03-12,97.18836975097656,105.80000305175781,105.91999816894531,104.95999908447266,105.02999877929688,21473200,QQQ
2015-03-13,96.76580047607422,105.33999633789062,106.12000274658203,104.68000030517578,105.69999694824219,42021100,QQQ
2015-03-16,98.01508331298828,106.69999694824219,106.73999786376953,105.62000274658203,105.7300033569336,25674100,QQQ
2015-03-17,98.17124938964844,106.87000274658203,107.04000091552734,106.16000366210938,106.41000366210938,19603800,QQQ
2015-03-18,99.13581085205078,107.91999816894531,108.41000366210938,106.02999877929688,106.58000183105469,40622200,QQQ
2015-03-19,99.28276824951172,108.08000183105469,108.37999725341797,107.87000274658203,108.02999877929688,31314000,QQQ
2015-03-20,99.92543029785156,108.52999877929688,109.06999969482422,108.51000213623047,108.72000122070312,31761400,QQQ
2015-03-23,99.73209381103516,108.31999969482422,108.7699966430664,108.27999877929688,108.47000122070312,17268500,QQQ
2015-03-24,99.3730239868164,107.93000030517578,108.80999755859375,107.91000366210938,108.30999755859375,22445300,QQQ
2015-03-25,97.09880828857422,105.45999908447266,108.19999694824219,105.41999816894531,108.0999984741211,41581400,QQQ
2015-03-26,96.76734924316406,105.0999984741211,105.69999694824219,104.23999786376953,104.58999633789062,47846300,QQQ
2015-03-27,97.1540756225586,105.5199966430664,105.7699966430664,104.91999816894531,105.08000183105469,33878400,QQQ
2015-03-30,98.26815032958984,106.7300033569336,106.81999969482422,106.16000366210938,106.16000366210938,30570200,QQQ
2015-03-31,97.22775268554688,105.5999984741211,106.6500015258789,105.56999969482422,106.43000030517578,30488100,QQQ
2015-04-01,96.7213363647461,105.05000305175781,105.62000274658203,104.37000274658203,105.5999984741211,32970500,QQQ
2015-04-02,96.78579711914062,105.12000274658203,105.45999908447266,104.77999877929688,105.1500015258789,19164200,QQQ
2015-04-06,97.57759857177734,105.9800033569336,106.2699966430664,104.33999633789062,104.5,24451100,QQQ
2015-04-07,97.4118881225586,105.80000305175781,106.69999694824219,105.80000305175781,105.91999816894531,19379400,QQQ
2015-04-08,98.18528747558594,106.63999938964844,106.79000091552734,105.83000183105469,105.83999633789062,25866900,QQQ
2015-04-09,98.80217742919922,107.30999755859375,107.3499984741211,106.2300033569336,106.58999633789062,23114700,QQQ
2015-04-10,99.20726776123047,107.75,107.76000213623047,107.02999877929688,107.2699966430664,17164300,QQQ
2015-04-13,98.95867919921875,107.4800033569336,108.37999725341797,107.36000061035156,107.83000183105469,17783500,QQQ
2015-04-14,98.67325592041016,107.16999816894531,107.68000030517578,106.55999755859375,107.37000274658203,23755700,QQQ
2015-04-15,99.29014587402344,107.83999633789062,108.06999969482422,107.31999969482422,107.44999694824219,21128600,QQQ
2015-04-16,99.15205383300781,107.69000244140625,107.87999725341797,107.4000015258789,107.55000305175781,16195300,QQQ
2015-04-17,97.60523223876953,106.01000213623047,106.94999694824219,105.55000305175781,106.66000366210938,46514000,QQQ
2015-04-20,99.06917572021484,107.5999984741211,107.79000091552734,106.5,106.54000091552734,28945900,QQQ
2015-04-21,99.49269104003906,108.05999755859375,108.41000366210938,107.93000030517578,108.22000122070312,22759800,QQQ
2015-04-22,100.03591918945312,108.6500015258789,108.83000183105469,107.63999938964844,108.33999633789062,21429200,QQQ
2015-04-23,100.41341400146484,109.05999755859375,109.55000305175781,108.26000213623047,108.27999877929688,29473200,QQQ
2015-04-24,101.77606964111328,110.54000091552734,110.69000244140625,110.02999877929688,110.20999908447266,32508100,QQQ
2015-04-27,101.51829528808594,110.26000213623047,111.16000366210938,110.0199966430664,110.94999694824219,31121300,QQQ
2015-04-28,101.31571960449219,110.04000091552734,110.55000305175781,109.11000061035156,110.33999633789062,36849200,QQQ
2015-04-29,100.680419921875,109.3499984741211,110.06999969482422,108.75,109.43000030517578,34043900,QQQ
2015-04-30,99.0967788696289,107.62999725341797,109.16999816894531,107.05999755859375,108.7300033569336,44080500,QQQ
2015-05-01,100.4041976928711,109.05000305175781,109.12000274658203,108.02999877929688,108.05000305175781,32874300,QQQ
2015-05-04,100.5699234008789,109.2300033569336,109.91000366210938,109.16999816894531,109.4000015258789,23507300,QQQ
2015-05-05,98.9310531616211,107.44999694824219,109.0,107.4000015258789,108.80000305175781,47843300,QQQ
2015-05-06,98.24974822998047,106.70999908447266,107.94999694824219,106.0,107.63999938964844,42687200,QQQ
2015-05-07,98.83899688720703,107.3499984741211,107.6500015258789,106.5999984741211,106.68000030517578,29335800,QQQ
2015-05-08,100.07275390625,108.69000244140625,108.91999816894531,108.30000305175781,108.45999908447266,33023300,QQQ
2015-05-11,99.68604278564453,108.2699966430664,108.9800033569336,108.19000244140625,108.76000213623047,19679300,QQQ
2015-05-12,99.23490142822266,107.77999877929688,108.33000183105469,106.80000305175781,107.62999725341797,33665000,QQQ
2015-05-13,99.43748474121094,108.0,108.80999755859375,107.83999633789062,108.25,20738400,QQQ
2015-05-14,100.89218139648438,109.58000183105469,109.66999816894531,108.4800033569336,108.87999725341797,23904200,QQQ
2015-05-15,100.89218139648438,109.58000183105469,110.01000213623047,109.30999755859375,109.86000061035156,23937400,QQQ
2015-05-18,101.3341293334961,110.05999755859375,110.27999877929688,109.31999969482422,109.4000015258789,17631100,QQQ
2015-05-19,101.2236557006836,109.94000244140625,110.3499984741211,109.76000213623047,110.18000030517578,14212900,QQQ
2015-05-20,101.28809356689453,110.01000213623047,110.66999816894531,109.43000030517578,110.0199966430664,21131900,QQQ
2015-05-21,101.8128890991211,110.58000183105469,110.7300033569336,109.66000366210938,109.81999969482422,16771800,QQQ
2015-05-22,101.71162414550781,110.47000122070312,110.87000274658203,110.37999725341797,110.44999694824219,13543800,QQQ
2015-05-26,100.54232025146484,109.19999694824219,110.37999725341797,108.76000213623047,110.2300033569336,25488400,QQQ
2015-05-27,102.16275787353516,110.95999908447266,111.08000183105469,109.29000091552734,109.52999877929688,30572700,QQQ
2015-05-28,101.93260955810547,110.70999908447266,111.01000213623047,110.37000274658203,110.75,17302400,QQQ
2015-05-29,101.324951171875,110.05000305175781,110.79000091552734,109.79000091552734,110.63999938964844,30383000,QQQ
2015-06-01,101.66559600830078,110.41999816894531,110.72000122070312,109.5199966430664,110.63999938964844,24570200,QQQ
2015-06-02,101.34334564208984,110.06999969482422,110.61000061035156,109.47000122070312,110.01000213623047,19449600,QQQ
2015-06-03,101.64717102050781,110.4000015258789,110.80999755859375,110.12999725341797,110.56999969482422,20507200,QQQ
2015-06-04,100.87376403808594,109.55999755859375,110.4800033569336,109.20999908447266,109.77999877929688,31374600,QQQ
2015-06-05,100.63441467285156,109.30000305175781,109.69000244140625,108.62999725341797,109.43000030517578,22641700,QQQ
2015-06-08,99.6124038696289,108.19000244140625,109.33000183105469,107.97000122070312,109.25,24549200,QQQ
2015-06-09,99.44666290283203,108.01000213623047,108.4000015258789,107.19999694824219,107.93000030517578,27554600,QQQ
2015-06-10,100.809326171875,109.48999786376953,109.80999755859375,108.26000213623047,108.37999725341797,30297900,QQQ
2015-06-11,100.95665740966797,109.6500015258789,110.1500015258789,109.45999908447266,109.86000061035156,17593500,QQQ
2015-06-12,100.12797546386719,108.75,109.30000305175781,108.5999984741211,109.06999969482422,27201800,QQQ
2015-06-15,99.63081359863281,108.20999908447266,108.37999725341797,107.30999755859375,107.94000244140625,31238800,QQQ
2015-06-16,100.17402648925781,108.80000305175781,108.9800033569336,108.05000305175781,108.0999984741211,16456900,QQQ
2015-06-17,100.45024871826172,109.0999984741211,109.44999694824219,108.43000030517578,108.9800033569336,23296700,QQQ
2015-06-18,101.9141845703125,110.69000244140625,110.87999725341797,109.44000244140625,109.5,43032400,QQQ
2015-06-19,101.41033172607422,109.88999938964844,110.58000183105469,109.80999755859375,110.48999786376953,27877600,QQQ
2015-06-22,102.1578140258789,110.69999694824219,111.02999877929688,110.44999694824219,110.69999694824219,19120900,QQQ
2015-06-23,102.24087524414062,110.79000091552734,110.88999938964844,110.33000183105469,110.81999969482422,18127900,QQQ
2015-06-24,101.7148666381836,110.22000122070312,111.12999725341797,110.19000244140625,110.66000366210938,15815900,QQQ
2015-06-25,101.51182556152344,110.0,110.76000213623047,109.81999969482422,110.6500015258789,18326700,QQQ
2015-06-26,100.83817291259766,109.2699966430664,110.2300033569336,108.86000061035156,109.9800033569336,32311700,QQQ
2015-06-29,98.4572525024414,106.69000244140625,108.66000366210938,106.63999938964844,108.05999755859375,50874900,QQQ
2015-06-30,98.80791473388672,107.06999969482422,107.72000122070312,106.73999786376953,107.48999786376953,34809900,QQQ
2015-07-01,99.59233856201172,107.91999816894531,108.3499984741211,107.41999816894531,108.12999725341797,21293000,QQQ
2015-07-02,99.62003326416016,107.94999694824219,108.31999969482422,107.62000274658203,108.2300033569336,20499400,QQQ
2015-07-06,99.38931274414062,107.69999694824219,108.31999969482422,107.04000091552734,107.2699966430664,24311000,QQQ
2015-07-07,99.63848876953125,107.97000122070312,108.06999969482422,105.83000183105469,107.81999969482422,44230800,QQQ
2015-07-08,97.9035415649414,106.08999633789062,107.33000183105469,105.88999938964844,107.19999694824219,39691500,QQQ
2015-07-09,97.8481674194336,106.02999877929688,107.5999984741211,106.0199966430664,107.5,28381000,QQQ
2015-07-10,99.34317016601562,107.6500015258789,108.05000305175781,107.05000305175781,107.44000244140625,26415800,QQQ
2015-07-13,101.08732604980469,109.54000091552734,109.62999725341797,108.56999969482422,108.58000183105469,25780700,QQQ
2015-07-14,101.75179290771484,110.26000213623047,110.55999755859375,109.62999725341797,109.69000244140625,21977200,QQQ
2015-07-15,101.86249542236328,110.37999725341797,110.80999755859375,110.06999969482422,110.47000122070312,28631500,QQQ
2015-07-16,103.3021240234375,111.94000244140625,111.95999908447266,111.06999969482422,111.29000091552734,29838900,QQQ
2015-07-17,104.82481384277344,113.58999633789062,113.58999633789062,112.6500015258789,112.83999633789062,35926800,QQQ
2015-07-20,105.1847152709961,113.9800033569336,114.38999938964844,113.4800033569336,113.83000183105469,26539000,QQQ
2015-07-21,105.1201400756836,113.91000366210938,114.19999694824219,113.58000183105469,114.0199966430664,35468900,QQQ
2015-07-22,103.92965698242188,112.62000274658203,113.16999816894531,112.16999816894531,112.16999816894531,35575000,QQQ
2015-07-23,103.54207611083984,112.19999694824219,113.0999984741211,111.91000366210938,112.7300033569336,25698300,QQQ
2015-07-24,102.52696228027344,111.0999984741211,113.0,110.93000030517578,112.80000305175781,30844700,QQQ
2015-07-27,101.67794799804688,110.18000030517578,110.94999694824219,109.94000244140625,110.47000122070312,35994800,QQQ
2015-07-28,102.55462646484375,111.12999725341797,111.3499984741211,109.79000091552734,110.66999816894531,33553500,QQQ
2015-07-29,102.94224548339844,111.55000305175781,111.79000091552734,110.94000244140625,111.37000274658203,26714100,QQQ
2015-07-30,103.43134307861328,112.08000183105469,112.2699966430664,110.62000274658203,111.29000091552734,25438100,QQQ
2015-07-31,103.31134033203125,111.94999694824219,112.48999786376953,111.72000122070312,112.43000030517578,22081700,QQQ
2015-08-03,102.98836517333984,111.5999984741211,112.27999877929688,110.86000061035156,111.97000122070312,25001800,QQQ
2015-08-04,102.79460906982422,111.38999938964844,111.75,110.93000030517578,111.55000305175781,22132300,QQQ
2015-08-05,103.58818817138672,112.25,113.0,111.87999725341797,112.01000213623047,28989900,QQQ
2015-08-06,101.92710876464844,110.44999694824219,112.5,109.94999694824219,112.3499984741211,42125400,QQQ
2015-08-07,101.79792785644531,110.30999755859375,110.56999969482422,109.4000015258789,110.18000030517578,30006800,QQQ
2015-08-10,102.96070098876953,111.56999969482422,111.80999755859375,111.0,111.01000213623047,21500800,QQQ
2015-08-11,101.64104461669922,110.13999938964844,111.41000366210938,109.52999877929688,110.9800033569336,36123300,QQQ
2015-08-12,101.99170684814453,110.5199966430664,110.73999786376953,108.22000122070312,109.37999725341797,41889000,QQQ
2015-08-13,101.82559967041016,110.33999633789062,111.16000366210938,110.0999984741211,110.62999725341797,22510500,QQQ
2015-08-14,101.98247528076172,110.51000213623047,110.66999816894531,109.86000061035156,110.08000183105469,17924900,QQQ
2015-08-17,102.83148193359375,111.43000030517578,111.45999908447266,109.95999908447266,110.23999786376953,21224900,QQQ
2015-08-18,102.30548095703125,110.86000061035156,111.37000274658203,110.70999908447266,111.27999877929688,13984400,QQQ
2015-08-19,101.63176727294922,110.12999725341797,111.11000061035156,109.48999786376953,110.5199966430664,42511400,QQQ
2015-08-20,98.8171615600586,107.08000183105469,109.45999908447266,107.06999969482422,109.11000061035156,57747300,QQQ
2015-08-21,94.4982681274414,102.4000015258789,106.47000122070312,102.4000015258789,105.56999969482422,97763400,QQQ
2015-08-24,90.86231994628906,98.45999908447266,102.52999877929688,84.73999786376953,94.2300033569336,150829900,QQQ
2015-08-25,90.5208740234375,98.08999633789062,102.73999786376953,98.01000213623047,102.06999969482422,75088300,QQQ
2015-08-26,95.07965850830078,103.02999877929688,103.2300033569336,98.93000030517578,100.95999908447266,104103800,QQQ
2015-08-27,97.48826599121094,105.63999938964844,105.70999908447266,103.27999877929688,104.5199966430664,69377700,QQQ
2015-08-28,97.46984100341797,105.62000274658203,106.0,104.8499984741211,105.08000183105469,49919600,QQQ
2015-08-31,96.26090240478516,104.30999755859375,105.61000061035156,104.05000305175781,105.02999877929688,39549400,QQQ
2015-09-01,93.25248718261719,101.05000305175781,103.29000091552734,100.62999725341797,101.70999908447266,73155500,QQQ
2015-09-02,95.8825454711914,103.9000015258789,103.91999816894531,101.69999694824219,102.87999725341797,43963600,QQQ
2015-09-03,95.4118881225586,103.38999938964844,105.0199966430664,103.0999984741211,104.30999755859375,45131800,QQQ
2015-09-04,94.2768325805664,102.16000366210938,102.8499984741211,101.58999633789062,101.97000122070312,49379600,QQQ
2015-09-08,96.93456268310547,105.04000091552734,105.16999816894531,103.69000244140625,104.12000274658203,37343500,QQQ
2015-09-09,95.84561157226562,103.86000061035156,106.30999755859375,103.58999633789062,106.27999877929688,47146700,QQQ
2015-09-10,96.88842010498047,104.98999786376953,105.68000030517578,103.62000274658203,103.73999786376953,47686700,QQQ
2015-09-11,97.42369079589844,105.56999969482422,105.56999969482422,104.20999908447266,104.51000213623047,29106100,QQQ
2015-09-14,97.12837219238281,105.25,105.9800033569336,104.8499984741211,105.95999908447266,19718800,QQQ
2015-09-15,98.2726821899414,106.48999786376953,106.81999969482422,105.11000061035156,105.5,30020200,QQQ
2015-09-16,98.82637023925781,107.08999633789062,107.19000244140625,106.13999938964844,106.51000213623047,31329100,QQQ
2015-09-17,98.86329650878906,107.12999725341797,108.7300033569336,106.63999938964844,106.9800033569336,56139800,QQQ
2015-09-18,97.4571762084961,105.3499984741211,106.5999984741211,105.16999816894531,105.2300033569336,48384000,QQQ
2015-09-21,97.76245880126953,105.68000030517578,106.55000305175781,104.7300033569336,105.93000030517578,35772600,QQQ
2015-09-22,96.30084228515625,104.0999984741211,104.41999816894531,103.12999725341797,104.05999755859375,47359700,QQQ
2015-09-23,96.37484741210938,104.18000030517578,104.66000366210938,103.63999938964844,104.37999725341797,21775100,QQQ
2015-09-24,96.0232925415039,103.80000305175781,104.19000244140625,102.2699966430664,103.16999816894531,38284300,QQQ
2015-09-25,95.2092514038086,102.91999816894531,105.01000213623047,102.27999877929688,104.91000366210938,44700000,QQQ
2015-09-28,92.49876403808594,99.98999786376953,102.55000305175781,99.69000244140625,102.4800033569336,44077500,QQQ
2015-09-29,92.01769256591797,99.47000122070312,101.26000213623047,98.75,100.23999786376953,49315500,QQQ
2015-09-30,94.13612365722656,101.76000213623047,101.87000274658203,100.5,100.88999938964844,41411400,QQQ
2015-10-01,94.5616683959961,102.22000122070312,102.2300033569336,100.58999633789062,101.94000244140625,39339100,QQQ
2015-10-02,96.21756744384766,104.01000213623047,104.01000213623047,100.4800033569336,100.80000305175781,59370900,QQQ
2015-10-05,97.5959243774414,105.5,105.77999877929688,104.55000305175781,104.77999877929688,32853500,QQQ
2015-10-06,97.1333999633789,105.0,105.5999984741211,104.18000030517578,105.25,33051500,QQQ
2015-10-07,97.71620178222656,105.62999725341797,105.86000061035156,104.29000091552734,105.66000366210938,37389300,QQQ
2015-10-08,98.10474395751953,106.05000305175781,106.2300033569336,104.20999908447266,105.2300033569336,50188900,QQQ
2015-10-09,98.54877471923828,106.52999877929688,106.7300033569336,105.80999755859375,106.0999984741211,23916200,QQQ
2015-10-12,98.78932189941406,106.79000091552734,106.98999786376953,106.3499984741211,106.7300033569336,16162000,QQQ
2015-10-13,98.15094757080078,106.0999984741211,107.26000213623047,106.0,106.18000030517578,26999600,QQQ
2015-10-14,97.99373626708984,105.93000030517578,106.62999725341797,105.48999786376953,106.0999984741211,30902600,QQQ
2015-10-15,99.60334777832031,107.66999816894531,107.68000030517578,106.18000030517578,106.31999969482422,38393800,QQQ
2015-10-16,100.01966857910156,108.12000274658203,108.18000030517578,107.37999725341797,107.9000015258789,27091100,QQQ
2015-10-19,100.59322357177734,108.73999786376953,108.80999755859375,107.73999786376953,107.9800033569336,23776300,QQQ
2015-10-20,100.07514190673828,108.18000030517578,108.77999877929688,107.80999755859375,108.55000305175781,23404700,QQQ
2015-10-21,99.46460723876953,107.5199966430664,108.83999633789062,107.4800033569336,108.7300033569336,30195200,QQQ
2015-10-22,101.49052429199219,109.70999908447266,109.80000305175781,108.16999816894531,108.4800033569336,42778700,QQQ
2015-10-23,104.33052062988281,112.77999877929688,113.23999786376953,112.06999969482422,112.66000366210938,53170900,QQQ
2015-10-26,104.3952865600586,112.8499984741211,113.06999969482422,112.2699966430664,112.69999694824219,25918000,QQQ
2015-10-27,104.60804748535156,113.08000183105469,113.23999786376953,112.5199966430664,112.55000305175781,31390500,QQQ
2015-10-28,105.47762298583984,114.0199966430664,114.0199966430664,112.33999633789062,113.25,42221900,QQQ
2015-10-29,105.31109619140625,113.83999633789062,114.02999877929688,113.37999725341797,113.5,24913300,QQQ
2015-10-30,104.83932495117188,113.33000183105469,114.08000183105469,113.30000305175781,113.88999938964844,27199200,QQQ
2015-11-02,106.02342224121094,114.61000061035156,114.75,113.38999938964844,113.62999725341797,22176900,QQQ
2015-11-03,106.3934555053711,115.01000213623047,115.41999816894531,114.20999908447266,114.37999725341797,20418400,QQQ
2015-11-04,106.40269470214844,115.0199966430664,115.47000122070312,114.54000091552734,115.38999938964844,28633000,QQQ
2015-11-05,106.11592102050781,114.70999908447266,115.4000015258789,114.11000061035156,115.12000274658203,25004100,QQQ
2015-11-06,106.18993377685547,114.79000091552734,114.91999816894531,113.76000213623047,114.48999786376953,29924900,QQQ
2015-11-09,105.06133270263672,113.56999969482422,114.51000213623047,112.87000274658203,114.36000061035156,33479800,QQQ
2015-11-10,104.79306030273438,113.27999877929688,113.38999938964844,112.62999725341797,112.97000122070312,35452100,QQQ
2015-11-11,104.66354370117188,113.13999938964844,114.13999938964844,112.94999694824219,113.58999633789062,22748800,QQQ
2015-11-12,103.64598083496094,112.04000091552734,113.2300033569336,111.95999908447266,112.68000030517578,31196900,QQQ
2015-11-13,101.61076354980469,109.83999633789062,111.69000244140625,109.77999877929688,111.56999969482422,52836000,QQQ
2015-11-16,103.07239532470703,111.41999816894531,111.44000244140625,109.4800033569336,109.7300033569336,33980600,QQQ
2015-11-17,103.13717651367188,111.48999786376953,112.29000091552734,111.20999908447266,111.61000061035156,30579500,QQQ
2015-11-18,105.1168441772461,113.62999725341797,113.73999786376953,111.83000183105469,111.94000244140625,32966500,QQQ
2015-11-19,105.19083404541016,113.70999908447266,114.2300033569336,113.48999786376953,113.69000244140625,26188100,QQQ
2015-11-20,105.90316772460938,114.4800033569336,114.56999969482422,114.13999938964844,114.25,22727600,QQQ
2015-11-23,105.59788513183594,114.1500015258789,114.94000244140625,113.66000366210938,114.5199966430664,20696200,QQQ
2015-11-24,105.50537872314453,114.05000305175781,114.31999969482422,112.83999633789062,113.41000366210938,26374400,QQQ
2015-11-25,105.59788513183594,114.1500015258789,114.36000061035156,113.91000366210938,114.22000122070312,14159900,QQQ
2015-11-27,105.74588012695312,114.30999755859375,114.54000091552734,113.91999816894531,114.4000015258789,8828000,QQQ
2015-11-30,105.47762298583984,114.0199966430664,114.6500015258789,113.6500015258789,114.6500015258789,25041600,QQQ
2015-12-01,106.5322036743164,115.16000366210938,115.16000366210938,114.33999633789062,114.4800033569336,28639400,QQQ
2015-12-02,105.87539672851562,114.44999694824219,115.75,114.27999877929688,115.25,22395500,QQQ
2015-12-03,104.08073425292969,112.51000213623047,114.95999908447266,111.83999633789062,114.76000213623047,42754300,QQQ
2015-12-04,106.51370239257812,115.13999938964844,115.33000183105469,112.62000274658203,112.8499984741211,40037300,QQQ
2015-12-07,106.03265380859375,114.62000274658203,115.29000091552734,114.06999969482422,115.22000122070312,25892100,QQQ
2015-12-08,106.04190826416016,114.62999725341797,115.0,113.37999725341797,113.41999816894531,30792600,QQQ
2015-12-09,104.43228149414062,112.88999938964844,114.76000213623047,112.19999694824219,114.12999725341797,48509200,QQQ
2015-12-10,104.90408325195312,113.4000015258789,114.16000366210938,112.80999755859375,113.1500015258789,30154600,QQQ
2015-12-11,102.48961639404297,110.79000091552734,112.38999938964844,110.72000122070312,112.08999633789062,56022200,QQQ
2015-12-14,103.26669311523438,111.62999725341797,111.68000030517578,109.37999725341797,110.94000244140625,53098500,QQQ
2015-12-15,103.8957290649414,112.30999755859375,113.27999877929688,112.16999816894531,112.66000366210938,48428000,QQQ
2015-12-16,105.44062042236328,113.9800033569336,114.16999816894531,111.88999938964844,113.06999969482422,44944100,QQQ
2015-12-17,103.90496826171875,112.31999969482422,114.4800033569336,112.30000305175781,114.4800033569336,45668800,QQQ
2015-12-18,101.91183471679688,109.83000183105469,111.87999725341797,109.83000183105469,111.62999725341797,53746100,QQQ
2015-12-21,103.04389190673828,111.05000305175781,111.06999969482422,110.05000305175781,110.87000274658203,26432800,QQQ
2015-12-22,103.72124481201172,111.77999877929688,111.94000244140625,111.05000305175781,111.63999938964844,26540300,QQQ
2015-12-23,104.49142456054688,112.61000061035156,112.69000244140625,112.16000366210938,112.36000061035156,25656900,QQQ
2015-12-24,104.47284698486328,112.58999633789062,112.9000015258789,112.54000091552734,112.61000061035156,11468600,QQQ
2015-12-28,104.41720581054688,112.52999877929688,112.55000305175781,111.51000213623047,112.31999969482422,19183600,QQQ
2015-12-29,106.05957794189453,114.30000305175781,114.55000305175781,113.12999725341797,113.19999694824219,27725700,QQQ
2015-12-30,105.10380554199219,113.2699966430664,114.23999786376953,113.25,114.19999694824219,19520100,QQQ
2015-12-31,103.79547882080078,111.86000061035156,113.08000183105469,111.83999633789062,112.87000274658203,29886800,QQQ
2016-01-04,101.60560607910156,109.5,109.5999984741211,108.12000274658203,109.44999694824219,50807600,QQQ
2016-01-05,101.42930603027344,109.30999755859375,110.18000030517578,108.80000305175781,110.04000091552734,38795200,QQQ
2016-01-06,100.45504760742188,108.26000213623047,108.88999938964844,107.41000366210938,107.41000366210938,41891100,QQQ
2016-01-07,97.30943298339844,104.87000274658203,107.29000091552734,104.80999755859375,105.94999694824219,61386300,QQQ
2016-01-08,96.51143646240234,104.01000213623047,106.29000091552734,103.9000015258789,105.62999725341797,69344000,QQQ
2016-01-11,96.808349609375,104.33000183105469,105.05999755859375,102.7300033569336,104.75,50024100,QQQ
2016-01-12,97.9311294555664,105.54000091552734,106.08000183105469,104.08000183105469,105.33000183105469,46734200,QQQ
2016-01-13,94.55352783203125,101.9000015258789,106.2300033569336,101.73999786376953,105.97000122070312,69870700,QQQ
2016-01-14,96.56709289550781,104.06999969482422,104.9800033569336,100.66999816894531,102.30000305175781,78445700,QQQ
2016-01-15,93.5699691772461,100.83999633789062,101.94000244140625,99.51000213623047,100.62000274658203,91443900,QQQ
2016-01-19,93.77410888671875,101.05999755859375,102.37000274658203,99.87999725341797,102.20999908447266,56563800,QQQ
2016-01-20,93.4864501953125,100.75,101.83000183105469,97.25,99.47000122070312,86675000,QQQ
2016-01-21,93.57923126220703,100.8499984741211,102.3499984741211,99.81999969482422,101.18000030517578,61660100,QQQ
2016-01-22,96.28874206542969,103.7699966430664,103.80999755859375,102.52999877929688,102.87999725341797,42229800,QQQ
2016-01-25,94.8597640991211,102.2300033569336,103.98999786376953,102.13999938964844,103.4000015258789,38881500,QQQ
2016-01-26,95.71343231201172,103.1500015258789,103.58999633789062,101.76000213623047,102.66000366210938,36143900,QQQ
2016-01-27,93.32872772216797,100.58000183105469,102.98999786376953,100.1500015258789,102.55000305175781,54524700,QQQ
2016-01-28,94.64634704589844,102.0,102.29000091552734,100.26000213623047,102.25,47641500,QQQ
2016-01-29,96.62279510498047,104.12999725341797,104.16999816894531,101.94000244140625,101.97000122070312,54245100,QQQ
2016-02-01,96.88260650634766,104.41000366210938,104.80000305175781,103.2300033569336,103.62999725341797,32750300,QQQ
2016-02-02,94.78555297851562,102.1500015258789,103.97000122070312,101.83999633789062,103.93000030517578,44928100,QQQ
2016-02-03,94.33085632324219,101.66000366210938,102.83000183105469,99.87999725341797,102.83000183105469,61572900,QQQ
2016-02-04,94.32156372070312,101.6500015258789,102.45999908447266,100.44000244140625,101.38999938964844,49321600,QQQ
2016-02-05,91.04608154296875,98.12000274658203,101.33000183105469,97.72000122070312,101.29000091552734,70749900,QQQ
2016-02-08,89.65421295166016,96.62000274658203,97.05000305175781,94.83999633789062,96.29000091552734,91673100,QQQ
2016-02-09,89.37582397460938,96.31999969482422,97.77999877929688,95.18000030517578,95.33000183105469,73778400,QQQ
2016-02-10,89.71916198730469,96.69000244140625,98.69000244140625,96.62000274658203,97.43000030517578,59421700,QQQ
2016-02-11,89.58924102783203,96.55000305175781,97.31999969482422,95.19000244140625,95.45999908447266,76839200,QQQ
2016-02-12,90.95323944091797,98.0199966430664,98.12000274658203,96.7300033569336,97.63999938964844,49186500,QQQ
2016-02-16,93.00394439697266,100.2300033569336,100.2300033569336,98.8499984741211,99.47000122070312,40565900,QQQ
2016-02-17,95.11030578613281,102.5,102.63999938964844,100.69999694824219,100.95999908447266,41766500,QQQ
2016-02-18,94.0246353149414,101.33000183105469,102.83999633789062,101.19999694824219,102.81999969482422,38991500,QQQ
2016-02-19,94.3030014038086,101.62999725341797,101.94000244140625,100.62000274658203,100.83999633789062,28257900,QQQ
2016-02-22,95.83406066894531,103.27999877929688,103.37999725341797,102.4800033569336,102.58000183105469,23979100,QQQ
2016-02-23,94.2566146850586,101.58000183105469,102.95999908447266,101.51000213623047,102.68000030517578,29869700,QQQ
2016-02-24,95.15669250488281,102.55000305175781,102.68000030517578,99.7699966430664,100.38999938964844,40739100,QQQ
2016-02-25,96.09386444091797,103.55999755859375,103.55999755859375,101.83999633789062,102.76000213623047,29389300,QQQ
2016-02-26,95.97325134277344,103.43000030517578,104.37000274658203,103.18000030517578,104.3499984741211,30925000,QQQ
2016-02-29,95.11030578613281,102.5,104.0999984741211,102.5,103.33000183105469,27553900,QQQ
2016-03-01,98.16311645507812,105.79000091552734,105.79000091552734,103.16000366210938,103.4800033569336,37699800,QQQ
2016-03-02,98.20025634765625,105.83000183105469,105.8499984741211,105.01000213623047,105.66000366210938,29209800,QQQ
2016-03-03,98.01461791992188,105.62999725341797,105.75,104.87000274658203,105.72000122070312,25474600,QQQ
2016-03-04,98.05176544189453,105.66999816894531,106.3499984741211,104.97000122070312,105.75,31655400,QQQ
2016-03-07,97.4486083984375,105.0199966430664,105.73999786376953,104.2699966430664,105.12999725341797,25861200,QQQ
2016-03-08,96.64132690429688,104.1500015258789,105.20999908447266,103.97000122070312,104.30000305175781,28898500,QQQ
2016-03-09,97.26301574707031,104.81999969482422,104.83999633789062,103.95999908447266,104.54000091552734,31047400,QQQ
2016-03-10,97.11455535888672,104.66000366210938,105.86000061035156,103.30999755859375,105.26000213623047,44236100,QQQ
2016-03-11,98.81263732910156,106.48999786376953,106.48999786376953,105.45999908447266,105.79000091552734,31454000,QQQ
2016-03-14,98.97966766357422,106.66999816894531,106.91999816894531,106.05999755859375,106.08999633789062,25374900,QQQ
2016-03-15,98.94257354736328,106.62999725341797,106.75,105.94999694824219,106.29000091552734,26524600,QQQ
2016-03-16,99.82405090332031,107.58000183105469,107.86000061035156,106.33999633789062,106.37000274658203,31693100,QQQ
2016-03-17,99.76838684082031,107.5199966430664,107.7699966430664,106.87000274658203,107.2699966430664,29623700,QQQ
2016-03-18,99.92473602294922,107.37000274658203,107.63999938964844,106.80000305175781,107.45999908447266,37682300,QQQ
2016-03-21,100.31562042236328,107.79000091552734,107.88999938964844,107.12000274658203,107.18000030517578,17288600,QQQ
2016-03-22,100.62271881103516,108.12000274658203,108.37000274658203,107.16000366210938,107.18000030517578,18840300,QQQ
2016-03-23,99.79442596435547,107.2300033569336,107.98999786376953,106.98999786376953,107.91000366210938,20912900,QQQ
2016-03-24,99.82235717773438,107.26000213623047,107.29000091552734,106.52999877929688,106.70999908447266,19017300,QQQ
2016-03-28,99.6827392578125,107.11000061035156,107.58000183105469,106.91999816894531,107.55999755859375,13892300,QQQ
2016-03-29,101.28348541259766,108.83000183105469,108.9000015258789,106.7300033569336,106.91000366210938,29963900,QQQ
2016-03-30,101.7767333984375,109.36000061035156,110.04000091552734,109.12999725341797,109.4800033569336,23807200,QQQ
2016-03-31,101.62786102294922,109.19999694824219,109.69000244140625,109.02999877929688,109.27999877929688,21447200,QQQ
2016-04-01,102.70738983154297,110.36000061035156,110.4000015258789,108.38999938964844,108.54000091552734,26389000,QQQ
2016-04-04,102.31653594970703,109.94000244140625,110.44000244140625,109.68000030517578,110.36000061035156,17163000,QQQ
2016-04-05,101.33001708984375,108.87999725341797,109.5,108.73999786376953,109.08999633789062,20107900,QQQ
2016-04-06,102.99590301513672,110.66999816894531,110.70999908447266,108.98999786376953,108.98999786376953,25056000,QQQ
2016-04-07,101.51615142822266,109.08000183105469,110.2300033569336,108.61000061035156,110.02999877929688,28567200,QQQ
2016-04-08,101.44169616699219,109.0,110.0199966430664,108.62000274658203,109.76000213623047,22898000,QQQ
2016-04-11,101.0694351196289,108.5999984741211,110.0199966430664,108.58999633789062,109.47000122070312,25772100,QQQ
2016-04-12,101.91633605957031,109.51000213623047,109.72000122070312,108.0199966430664,108.68000030517578,28564100,QQQ
2016-04-13,103.21929168701172,110.91000366210938,111.08000183105469,110.20999908447266,110.3499984741211,25356700,QQQ
2016-04-14,103.22855377197266,110.91999816894531,111.33000183105469,110.0,110.93000030517578,17199700,QQQ
2016-04-15,102.96797180175781,110.63999938964844,111.05999755859375,110.36000061035156,110.83000183105469,21353300,QQQ
2016-04-18,103.51708221435547,111.2300033569336,111.2699966430664,110.25,110.31999969482422,17126100,QQQ
2016-04-19,102.88423156738281,110.55000305175781,111.44000244140625,109.87999725341797,111.44000244140625,42481400,QQQ
2016-04-20,102.96797180175781,110.63999938964844,111.1500015258789,110.16999816894531,110.55000305175781,18078300,QQQ
2016-04-21,102.977294921875,110.6500015258789,111.05000305175781,110.1500015258789,110.58000183105469,20216000,QQQ
2016-04-22,101.42310333251953,108.9800033569336,109.72000122070312,108.12000274658203,109.20999908447266,39074000,QQQ
2016-04-25,101.42310333251953,108.9800033569336,108.98999786376953,108.44999694824219,108.6500015258789,14351900,QQQ
2016-04-26,100.92984771728516,108.44999694824219,109.38999938964844,108.12000274658203,109.20999908447266,19118300,QQQ
2016-04-27,100.12014770507812,107.58000183105469,107.83000183105469,106.69000244140625,107.33999633789062,33059800,QQQ
2016-04-28,98.9103012084961,106.27999877929688,108.33000183105469,106.06999969482422,107.69999694824219,29818200,QQQ
2016-04-29,98.38912200927734,105.72000122070312,106.5,104.87999725341797,106.27999877929688,67502800,QQQ
2016-05-02,99.3198013305664,106.72000122070312,106.87000274658203,105.55000305175781,105.98999786376953,24813800,QQQ
2016-05-03,98.39845275878906,105.7300033569336,106.44000244140625,105.44999694824219,105.95999908447266,38569400,QQQ
2016-05-04,97.76559448242188,105.05000305175781,105.4800033569336,104.79000091552734,105.08999633789062,27474500,QQQ
2016-05-05,97.7376937866211,105.0199966430664,105.66000366210938,104.80999755859375,105.43000030517578,20788100,QQQ
2016-05-06,98.25885772705078,105.58000183105469,105.5999984741211,104.4000015258789,104.5,30758500,QQQ
2016-05-09,98.53803253173828,105.87999725341797,106.37000274658203,105.54000091552734,105.58999633789062,19289600,QQQ
2016-05-10,99.88749694824219,107.33000183105469,107.37999725341797,106.06999969482422,106.26000213623047,21178900,QQQ
2016-05-11,98.98477172851562,106.36000061035156,107.48999786376953,106.33000183105469,107.16999816894531,20966300,QQQ
2016-05-12,98.54736328125,105.88999938964844,106.73999786376953,105.13999938964844,106.61000061035156,29196300,QQQ
2016-05-13,98.18436431884766,105.5,106.44999694824219,105.29000091552734,105.80000305175781,21059300,QQQ
2016-05-16,99.4128646850586,106.81999969482422,107.20999908447266,105.55999755859375,105.66000366210938,18311900,QQQ
2016-05-17,98.1657943725586,105.4800033569336,107.04000091552734,105.19999694824219,106.7300033569336,29932700,QQQ
2016-05-18,98.51944732666016,105.86000061035156,106.43000030517578,105.04000091552734,105.23999786376953,27524400,QQQ
2016-05-19,98.0075454711914,105.30999755859375,105.70999908447266,104.54000091552734,105.44999694824219,27334600,QQQ
2016-05-20,99.08714294433594,106.47000122070312,106.9000015258789,105.66999816894531,105.7300033569336,29549600,QQQ
2016-05-23,98.95687103271484,106.33000183105469,106.97000122070312,106.2300033569336,106.58999633789062,15729800,QQQ
2016-05-24,100.93914031982422,108.45999908447266,108.58999633789062,106.88999938964844,106.91999816894531,29931300,QQQ
2016-05-25,101.66506958007812,109.23999786376953,109.56999969482422,108.68000030517578,108.87000274658203,37951700,QQQ
2016-05-26,101.96286010742188,109.55999755859375,109.69999694824219,109.08999633789062,109.3499984741211,21885900,QQQ
2016-05-27,102.49334716796875,110.12999725341797,110.13999938964844,109.61000061035156,109.62999725341797,19870000,QQQ
2016-05-31,102.68877410888672,110.33999633789062,110.51000213623047,109.77999877929688,110.27999877929688,24366100,QQQ
2016-06-01,102.69808197021484,110.3499984741211,110.5999984741211,109.91000366210938,110.0,19571500,QQQ
2016-06-02,102.91214752197266,110.58000183105469,110.58999633789062,109.52999877929688,110.12999725341797,15696600,QQQ
2016-06-03,102.42819213867188,110.05999755859375,110.41999816894531,109.33999633789062,110.37000274658203,20269900,QQQ
2016-06-06,102.80046844482422,110.45999908447266,110.75,110.06999969482422,110.26000213623047,12502400,QQQ
2016-06-07,102.53987121582031,110.18000030517578,110.62999725341797,110.12999725341797,110.5199966430664,12184300,QQQ
2016-06-08,102.71671295166016,110.37000274658203,110.5999984741211,109.95999908447266,110.37000274658203,14568700,QQQ
2016-06-09,102.5491943359375,110.19000244140625,110.30999755859375,109.70999908447266,109.91999816894531,17571600,QQQ
2016-06-10,101.38587951660156,108.94000244140625,109.4000015258789,108.55999755859375,109.19000244140625,32965000,QQQ
2016-06-13,100.5389633178711,108.02999877929688,108.93000030517578,107.88999938964844,108.31999969482422,25154700,QQQ
2016-06-14,100.5389633178711,108.02999877929688,108.41999816894531,107.23999786376953,107.73999786376953,24588500,QQQ
2016-06-15,100.25045776367188,107.72000122070312,108.44000244140625,107.54000091552734,108.29000091552734,24605700,QQQ
2016-06-16,100.54825592041016,108.04000091552734,108.13999938964844,106.5,107.19000244140625,32079900,QQQ
2016-06-17,99.36970520019531,106.48999786376953,107.68000030517578,106.23999786376953,107.52999877929688,29208800,QQQ
2016-06-20,99.99491882324219,107.16000366210938,108.23999786376953,107.08000183105469,107.7300033569336,20562800,QQQ
2016-06-21,100.31219482421875,107.5,107.72000122070312,107.0999984741211,107.30000305175781,22804100,QQQ
2016-06-22,100.06954956054688,107.23999786376953,108.19000244140625,107.1500015258789,107.55999755859375,22724200,QQQ
2016-06-23,101.49726104736328,108.7699966430664,108.79000091552734,107.62000274658203,108.06999969482422,18714200,QQQ
2016-06-24,97.31680297851562,104.29000091552734,106.5,104.05999755859375,104.9000015258789,68012700,QQQ
2016-06-27,95.38522338867188,102.22000122070312,103.5999984741211,101.75,103.5999984741211,48222600,QQQ
2016-06-28,97.4754409790039,104.45999908447266,104.51000213623047,103.30000305175781,103.3499984741211,28260600,QQQ
2016-06-29,99.20175170898438,106.30999755859375,106.52999877929688,105.2300033569336,105.27999877929688,31356700,QQQ
2016-06-30,100.34951782226562,107.54000091552734,107.61000061035156,106.12999725341797,106.48999786376953,36300800,QQQ
2016-07-01,100.85343170166016,108.08000183105469,108.4800033569336,107.44999694824219,107.48999786376953,19902800,QQQ
2016-07-05,100.23753356933594,107.41999816894531,107.66000366210938,106.83999633789062,107.51000213623047,21167900,QQQ
2016-07-06,101.05868530273438,108.30000305175781,108.3499984741211,106.56999969482422,106.91000366210938,24579300,QQQ
2016-07-07,101.35729217529297,108.62000274658203,108.86000061035156,108.11000061035156,108.4000015258789,19161700,QQQ
2016-07-08,102.92498016357422,110.30000305175781,110.36000061035156,109.0199966430664,109.19999694824219,29457900,QQQ
2016-07-11,103.51285552978516,110.93000030517578,111.33999633789062,110.66000366210938,110.66999816894531,20218500,QQQ
2016-07-12,104.03539276123047,111.48999786376953,111.79000091552734,111.33999633789062,111.61000061035156,21906100,QQQ
2016-07-13,103.78343200683594,111.22000122070312,111.81999969482422,111.20999908447266,111.75,21107800,QQQ
2016-07-14,104.49263763427734,111.9800033569336,112.19000244140625,111.69999694824219,111.95999908447266,20871000,QQQ
2016-07-15,104.32466125488281,111.80000305175781,112.30000305175781,111.55000305175781,112.23999786376953,17999300,QQQ
2016-07-18,105.01517486572266,112.54000091552734,112.73999786376953,111.8499984741211,111.87000274658203,20713900,QQQ
2016-07-19,104.63262176513672,112.12999725341797,112.4800033569336,111.93000030517578,112.1500015258789,18936700,QQQ
2016-07-20,105.85499572753906,113.44000244140625,113.6500015258789,112.5999984741211,112.73999786376953,24997900,QQQ
2016-07-21,105.61239624023438,113.18000030517578,113.73999786376953,112.87000274658203,113.5199966430664,18885400,QQQ
2016-07-22,106.05095672607422,113.6500015258789,113.77999877929688,112.91000366210938,113.26000213623047,20003400,QQQ
2016-07-25,106.06027221679688,113.66000366210938,113.69000244140625,113.27999877929688,113.55999755859375,12968100,QQQ
2016-07-26,106.1816177368164,113.79000091552734,114.19999694824219,113.22000122070312,113.62000274658203,21223800,QQQ
2016-07-27,106.91878509521484,114.58000183105469,114.87999725341797,114.0999984741211,114.75,27646100,QQQ
2016-07-28,107.29203033447266,114.9800033569336,115.11000061035156,114.4000015258789,114.76000213623047,16939700,QQQ
2016-07-29,107.52532958984375,115.2300033569336,115.54000091552734,114.87000274658203,115.23999786376953,22385300,QQQ
2016-08-01,108.09453582763672,115.83999633789062,116.12999725341797,115.16999816894531,115.30999755859375,13990100,QQQ
2016-08-02,107.27339172363281,114.95999908447266,115.7699966430664,114.22000122070312,115.66999816894531,21278400,QQQ
2016-08-03,107.62797546386719,115.33999633789062,115.3499984741211,114.80000305175781,114.87000274658203,15011300,QQQ
2016-08-04,107.9359130859375,115.66999816894531,115.77999877929688,115.02999877929688,115.30000305175781,12835300,QQQ
2016-08-05,108.9717025756836,116.77999877929688,117.04000091552734,116.12999725341797,116.26000213623047,23196600,QQQ
2016-08-08,108.85039520263672,116.6500015258789,116.87000274658203,116.27999877929688,116.83999633789062,12358200,QQQ
2016-08-09,109.1023178100586,116.91999816894531,117.29000091552734,116.66999816894531,116.73999786376953,13276500,QQQ
2016-08-10,108.8223876953125,116.62000274658203,117.0199966430664,116.30999755859375,116.98999786376953,14688400,QQQ
2016-08-11,109.28899383544922,117.12000274658203,117.37000274658203,116.77999877929688,117.0199966430664,12969800,QQQ
2016-08-12,109.36360168457031,117.19999694824219,117.20999908447266,116.79000091552734,116.91999816894531,19379000,QQQ
2016-08-15,109.83018493652344,117.69999694824219,117.97000122070312,117.30999755859375,117.3499984741211,11777800,QQQ
2016-08-16,109.22366333007812,117.05000305175781,117.48999786376953,117.02999877929688,117.4800033569336,14161400,QQQ
2016-08-17,109.41963195800781,117.26000213623047,117.30000305175781,116.43000030517578,117.08000183105469,15980300,QQQ
2016-08-18,109.44758605957031,117.29000091552734,117.45999908447266,116.94999694824219,117.1500015258789,10036300,QQQ
2016-08-19,109.41963195800781,117.26000213623047,117.5199966430664,116.76000213623047,117.08000183105469,18743000,QQQ
2016-08-22,109.50357818603516,117.3499984741211,117.55000305175781,116.87000274658203,117.08999633789062,14500600,QQQ
2016-08-23,109.69954681396484,117.55999755859375,118.01000213623047,117.51000213623047,117.80999755859375,11997900,QQQ
2016-08-24,108.9903793334961,116.80000305175781,117.63999938964844,116.41000366210938,117.4800033569336,17728700,QQQ
2016-08-25,108.81304931640625,116.61000061035156,116.97000122070312,116.36000061035156,116.5,24266300,QQQ
2016-08-26,108.9717025756836,116.77999877929688,117.54000091552734,116.08000183105469,116.6500015258789,23896000,QQQ
2016-08-29,109.12100219726562,116.94000244140625,117.25,116.79000091552734,116.80999755859375,11184900,QQQ
2016-08-30,108.76638793945312,116.55999755859375,117.08999633789062,116.16000366210938,116.75,19843300,QQQ
2016-08-31,108.65442657470703,116.44000244140625,116.55999755859375,115.94999694824219,116.37999725341797,16169800,QQQ
2016-09-01,108.93437194824219,116.73999786376953,116.87999725341797,115.91000366210938,116.4800033569336,20944700,QQQ
2016-09-02,109.28899383544922,117.12000274658203,117.55999755859375,116.68000030517578,117.31999969482422,18088200,QQQ
2016-09-06,109.97012329101562,117.8499984741211,117.8499984741211,117.05999755859375,117.31999969482422,18525200,QQQ
2016-09-07,110.03546905517578,117.91999816894531,118.12000274658203,117.47000122070312,117.95999908447266,17546900,QQQ
2016-09-08,109.3916015625,117.2300033569336,117.5999984741211,116.91999816894531,117.56999969482422,20125300,QQQ
2016-09-09,106.63882446289062,114.27999877929688,116.51000213623047,114.26000213623047,116.25,50813300,QQQ
2016-09-12,108.5517578125,116.33000183105469,116.48999786376953,113.62999725341797,113.63999938964844,39646000,QQQ
2016-09-13,107.58131408691406,115.29000091552734,116.08999633789062,114.7300033569336,115.75,45863900,QQQ
2016-09-14,108.09453582763672,115.83999633789062,116.47000122070312,115.37999725341797,115.41000366210938,28221800,QQQ
2016-09-15,109.77418518066406,117.63999938964844,117.81999969482422,115.86000061035156,115.87000274658203,38521400,QQQ
2016-09-16,109.7218017578125,117.29000091552734,117.41000366210938,116.70999908447266,117.22000122070312,27596500,QQQ
2016-09-19,109.24472045898438,116.77999877929688,117.94999694824219,116.55000305175781,117.58999633789062,16222900,QQQ
2016-09-20,109.45051574707031,117.0,117.4800033569336,116.80000305175781,117.19999694824219,18078600,QQQ
2016-09-21,110.52632141113281,118.1500015258789,118.31999969482422,116.80999755859375,117.5,31546800,QQQ
2016-09-22,111.4056625366211,119.08999633789062,119.22000122070312,118.72000122070312,118.83999633789062,22614400,QQQ
2016-09-23,110.69471740722656,118.33000183105469,119.0,118.16000366210938,119.0,22213400,QQQ
2016-09-26,109.76856231689453,117.33999633789062,117.80000305175781,117.16999816894531,117.66000366210938,16403900,QQQ
2016-09-27,110.85374450683594,118.5,118.55999755859375,117.1500015258789,117.26000213623047,20238400,QQQ
2016-09-28,111.04080963134766,118.69999694824219,118.7699966430664,118.08999633789062,118.6500015258789,14794300,QQQ
2016-09-29,110.23628997802734,117.83999633789062,118.72000122070312,117.33000183105469,118.5,27207500,QQQ
2016-09-30,111.05953979492188,118.72000122070312,119.06999969482422,118.02999877929688,118.1500015258789,25543200,QQQ
2016-10-03,110.90050506591797,118.55000305175781,118.69999694824219,118.08999633789062,118.56999969482422,19216400,QQQ
2016-10-04,110.73213195800781,118.37000274658203,119.16000366210938,117.91999816894531,118.9000015258789,21239700,QQQ
2016-10-05,111.1250228881836,118.79000091552734,119.16999816894531,118.66999816894531,118.72000122070312,14481300,QQQ
2016-10-06,111.06890106201172,118.7300033569336,118.9800033569336,118.1500015258789,118.63999938964844,11987100,QQQ
2016-10-07,110.8256607055664,118.47000122070312,119.01000213623047,117.88999938964844,118.83999633789062,19984200,QQQ
2016-10-10,111.52726745605469,119.22000122070312,119.4800033569336,119.02999877929688,119.08000183105469,19687300,QQQ
2016-10-11,109.93697357177734,117.5199966430664,119.13999938964844,117.0,119.12000274658203,27774400,QQQ
2016-10-12,109.84342193603516,117.41999816894531,117.81999969482422,117.05999755859375,117.62999725341797,14267800,QQQ
2016-10-13,109.45051574707031,117.0,117.31999969482422,115.94000244140625,116.62000274658203,22821000,QQQ
2016-10-14,109.58148193359375,117.13999938964844,118.05000305175781,117.06999969482422,117.58000183105469,21313300,QQQ
2016-10-17,109.28214263916016,116.81999969482422,117.30000305175781,116.66999816894531,117.04000091552734,14182700,QQQ
2016-10-18,110.25505828857422,117.86000061035156,118.41000366210938,117.80000305175781,118.20999908447266,19276700,QQQ
2016-10-19,110.24565124511719,117.8499984741211,118.0199966430664,117.63999938964844,117.7699966430664,13702900,QQQ
2016-10-20,110.11470031738281,117.70999908447266,117.97000122070312,117.02999877929688,117.7300033569336,18132200,QQQ
2016-10-21,110.52632141113281,118.1500015258789,118.22000122070312,117.41000366210938,117.80000305175781,15707800,QQQ
2016-10-24,111.85469055175781,119.56999969482422,119.6500015258789,118.88999938964844,118.91000366210938,19143000,QQQ
2016-10-25,111.49919128417969,119.19000244140625,119.66000366210938,119.01000213623047,119.63999938964844,20341800,QQQ
2016-10-26,110.74146270751953,118.37999725341797,119.02999877929688,118.02999877929688,118.41999816894531,20463700,QQQ
2016-10-27,110.23628997802734,117.83999633789062,118.98999786376953,117.66999816894531,118.88999938964844,19099800,QQQ
2016-10-28,109.54405975341797,117.0999984741211,118.11000061035156,116.73999786376953,117.5,35369300,QQQ
2016-10-31,109.44116973876953,116.98999786376953,117.52999877929688,116.93000030517578,117.52999877929688,18749400,QQQ
2016-11-01,108.61793518066406,116.11000061035156,117.20999908447266,115.0999984741211,117.19000244140625,23498700,QQQ
2016-11-02,107.74793243408203,115.18000030517578,116.30000305175781,114.88999938964844,116.02999877929688,26960100,QQQ
2016-11-03,106.69084167480469,114.05000305175781,115.37000274658203,113.91999816894531,114.98999786376953,36205200,QQQ
2016-11-04,106.31666564941406,113.6500015258789,114.54000091552734,113.44999694824219,113.7699966430664,26997500,QQQ
2016-11-07,108.84245300292969,116.3499984741211,116.47000122070312,115.30000305175781,115.48999786376953,26591200,QQQ
2016-11-08,109.55342102050781,117.11000061035156,117.63999938964844,115.95999908447266,116.2300033569336,20777900,QQQ
2016-11-09,110.05857849121094,117.6500015258789,117.83999633789062,115.5999984741211,115.73999786376953,70234400,QQQ
2016-11-10,108.28118133544922,115.75,118.37999725341797,114.19999694824219,118.22000122070312,72825400,QQQ
2016-11-11,108.32794952392578,115.80000305175781,116.05000305175781,114.83999633789062,115.25,41115200,QQQ
2016-11-14,107.23343658447266,114.62999725341797,115.94000244140625,114.02999877929688,115.83000183105469,35906000,QQQ
2016-11-15,108.72086334228516,116.22000122070312,116.62000274658203,115.33000183105469,115.5,31796600,QQQ
2016-11-16,109.36631774902344,116.91000366210938,116.98999786376953,115.66999816894531,115.66999816894531,16538100,QQQ
2016-11-17,110.1614761352539,117.76000213623047,117.77999877929688,116.61000061035156,116.8499984741211,20598600,QQQ
2016-11-18,109.74984741210938,117.31999969482422,118.0999984741211,117.20999908447266,117.9000015258789,16428700,QQQ
2016-11-21,110.89115142822266,118.54000091552734,118.6500015258789,117.56999969482422,117.61000061035156,20268500,QQQ
2016-11-22,111.2279281616211,118.9000015258789,119.19000244140625,118.61000061035156,119.01000213623047,18850600,QQQ
2016-11-23,110.77887725830078,118.41999816894531,118.63999938964844,117.9000015258789,118.51000213623047,22926000,QQQ
2016-11-25,111.13438415527344,118.80000305175781,118.8499984741211,118.41999816894531,118.55999755859375,7162800,QQQ
2016-11-28,110.88177490234375,118.52999877929688,119.08000183105469,118.41000366210938,118.6500015258789,13479000,QQQ
2016-11-29,111.26532745361328,118.94000244140625,119.51000213623047,118.30000305175781,118.63999938964844,18553000,QQQ
2016-11-30,109.91825866699219,117.5,119.12999725341797,117.45999908447266,119.08999633789062,30405300,QQQ
2016-12-01,108.01923370361328,115.47000122070312,117.47000122070312,115.29000091552734,117.45999908447266,39796600,QQQ
2016-12-02,108.23439025878906,115.69999694824219,116.16000366210938,115.22000122070312,115.54000091552734,32876800,QQQ
2016-12-05,109.07633972167969,116.5999984741211,117.05999755859375,115.7699966430664,116.30000305175781,21419700,QQQ
2016-12-06,109.33824920654297,116.87999725341797,117.08000183105469,116.38999938964844,116.93000030517578,27293300,QQQ
2016-12-07,110.72273254394531,118.36000061035156,118.51000213623047,116.29000091552734,116.63999938964844,26622400,QQQ
2016-12-08,110.919189453125,118.56999969482422,118.87000274658203,118.18000030517578,118.41000366210938,18578400,QQQ
2016-12-09,111.7892074584961,119.5,119.54000091552734,119.0,119.01000213623047,21863100,QQQ
2016-12-12,111.28404235839844,118.95999908447266,119.20999908447266,118.47000122070312,118.97000122070312,23259300,QQQ
2016-12-13,112.68727111816406,120.45999908447266,121.11000061035156,119.31999969482422,119.31999969482422,54477900,QQQ
2016-12-14,112.45338439941406,120.20999908447266,121.0,119.86000061035156,120.61000061035156,28746000,QQQ
2016-12-15,112.63113403320312,120.4000015258789,121.11000061035156,120.08000183105469,120.37000274658203,22762300,QQQ
2016-12-16,112.21361541748047,119.5999984741211,120.58000183105469,119.36000061035156,120.33999633789062,26283900,QQQ
2016-12-19,112.6733627319336,120.08999633789062,120.83000183105469,119.55000305175781,119.72000122070312,21138700,QQQ
2016-12-20,113.10493469238281,120.55000305175781,120.7699966430664,120.33000183105469,120.47000122070312,11461800,QQQ
2016-12-21,113.02051544189453,120.45999908447266,120.68000030517578,120.19000244140625,120.5999984741211,7079300,QQQ
2016-12-22,112.70150756835938,120.12000274658203,120.5,119.6500015258789,120.47000122070312,16645000,QQQ
2016-12-23,112.77653503417969,120.19999694824219,120.25,119.80999755859375,119.91999816894531,9007500,QQQ
2016-12-27,113.35824584960938,120.81999969482422,121.5199966430664,120.41000366210938,120.45999908447266,16110600,QQQ
2016-12-28,112.47633361816406,119.87999725341797,121.19000244140625,119.80000305175781,121.08000183105469,17975200,QQQ
2016-12-29,112.31680297851562,119.70999908447266,120.12999725341797,119.33000183105469,119.8499984741211,13267500,QQQ
2016-12-30,111.16278839111328,118.4800033569336,119.94999694824219,118.13999938964844,119.94000244140625,41749000,QQQ
2017-01-03,112.15730285644531,119.54000091552734,119.98999786376953,118.88999938964844,119.2699966430664,22307600,QQQ
2017-01-04,112.76717376708984,120.19000244140625,120.41000366210938,119.66000366210938,119.66999816894531,19749100,QQQ
2017-01-05,113.40518951416016,120.87000274658203,120.94999694824219,120.0999984741211,120.0999984741211,20644300,QQQ
2017-01-06,114.39970397949219,121.93000030517578,122.25,120.69000244140625,121.0,24074300,QQQ
2017-01-09,114.77503967285156,122.33000183105469,122.55000305175781,121.94999694824219,122.02999877929688,18909200,QQQ
2017-01-10,115.02833557128906,122.5999984741211,122.97000122070312,122.0999984741211,122.37999725341797,16176600,QQQ
2017-01-11,115.33797454833984,122.93000030517578,122.93000030517578,122.0199966430664,122.6500015258789,20686000,QQQ
2017-01-12,115.15970611572266,122.73999786376953,122.81999969482422,121.5999984741211,122.48999786376953,19622500,QQQ
2017-01-13,115.55377197265625,123.16000366210938,123.37000274658203,122.80000305175781,122.80000305175781,16930800,QQQ
2017-01-17,115.20660400390625,122.79000091552734,123.02999877929688,122.43000030517578,122.83999633789062,14538500,QQQ
2017-01-18,115.441162109375,123.04000091552734,123.16000366210938,122.66000366210938,122.97000122070312,12499700,QQQ
2017-01-19,115.38485717773438,122.9800033569336,123.6500015258789,122.72000122070312,123.22000122070312,12710700,QQQ
2017-01-20,115.63818359375,123.25,123.83000183105469,122.91999816894531,123.5199966430664,22091000,QQQ
2017-01-23,115.73200988769531,123.3499984741211,123.52999877929688,122.56999969482422,123.16999816894531,17434200,QQQ
2017-01-24,116.5107650756836,124.18000030517578,124.37000274658203,123.37999725341797,123.58999633789062,17640900,QQQ
2017-01-25,117.68354034423828,125.43000030517578,125.45999908447266,124.8499984741211,124.95999908447266,15036200,QQQ
2017-01-26,117.80552673339844,125.55999755859375,125.81999969482422,125.33999633789062,125.5999984741211,16052200,QQQ
2017-01-27,118.03070068359375,125.80000305175781,125.91999816894531,125.38999938964844,125.83000183105469,15053000,QQQ
2017-01-30,117.11122131347656,124.81999969482422,125.37999725341797,124.12999725341797,125.37999725341797,25006700,QQQ
2017-01-31,116.87669372558594,124.56999969482422,124.5999984741211,123.8499984741211,124.37999725341797,19091100,QQQ
2017-02-01,117.68354034423828,125.43000030517578,125.68000030517578,124.86000061035156,125.44999694824219,22861900,QQQ
2017-02-02,117.5803451538086,125.31999969482422,125.69999694824219,124.86000061035156,125.20999908447266,15101400,QQQ
2017-02-03,117.91812133789062,125.68000030517578,125.80999755859375,125.33000183105469,125.44999694824219,16957200,QQQ
2017-02-06,118.05886840820312,125.83000183105469,125.8499984741211,125.3499984741211,125.47000122070312,11630100,QQQ
2017-02-07,118.49043273925781,126.29000091552734,126.55000305175781,125.97000122070312,126.08999633789062,17541100,QQQ
2017-02-08,118.68748474121094,126.5,126.68000030517578,125.87999725341797,126.12000274658203,12569100,QQQ
2017-02-09,119.11907196044922,126.95999908447266,127.23999786376953,126.55999755859375,126.62999725341797,17542700,QQQ
2017-02-10,119.51310729980469,127.37999725341797,127.55999755859375,127.0199966430664,127.23999786376953,13915700,QQQ
2017-02-13,120.18865203857422,128.10000610351562,128.25999450683594,127.72000122070312,127.7699966430664,19120200,QQQ
2017-02-14,120.59210205078125,128.52999877929688,128.5399932861328,127.73999786376953,128.14999389648438,16333500,QQQ
2017-02-15,121.3051986694336,129.2899932861328,129.35000610351562,128.3699951171875,128.44000244140625,17891400,QQQ
2017-02-16,121.26763916015625,129.25,129.6300048828125,128.9199981689453,129.3699951171875,15098300,QQQ
2017-02-17,121.79305267333984,129.80999755859375,129.82000732421875,129.0399932861328,129.05999755859375,15563700,QQQ
2017-02-21,122.3935317993164,130.4499969482422,130.52999877929688,129.99000549316406,130.05999755859375,18479600,QQQ
2017-02-22,122.4404525756836,130.5,130.58999633789062,130.11000061035156,130.3300018310547,12110900,QQQ
2017-02-23,121.98068237304688,130.00999450683594,130.6999969482422,129.49000549316406,130.6999969482422,17489000,QQQ
2017-02-24,122.21528625488281,130.25999450683594,130.25999450683594,129.3800048828125,129.4199981689453,18624500,QQQ
2017-02-27,122.36538696289062,130.4199981689453,130.42999267578125,129.8000030517578,130.02000427246094,12008700,QQQ
2017-02-28,121.99009704589844,130.02000427246094,130.4499969482422,129.66000366210938,130.38999938964844,16598600,QQQ
2017-03-01,123.32239532470703,131.44000244140625,131.67999267578125,130.60000610351562,130.85000610351562,25813800,QQQ
2017-03-02,122.70315551757812,130.77999877929688,131.42999267578125,130.6199951171875,131.41000366210938,19951400,QQQ
2017-03-03,122.92830657958984,131.02000427246094,131.05999755859375,130.33999633789062,130.69000244140625,13722700,QQQ
2017-03-06,122.65624237060547,130.72999572753906,130.9499969482422,130.2100067138672,130.58999633789062,12026200,QQQ
2017-03-07,122.44981384277344,130.50999450683594,131.0800018310547,130.27999877929688,130.47000122070312,15500900,QQQ
2017-03-08,122.66563415527344,130.74000549316406,131.14999389648438,130.4600067138672,130.58999633789062,15776000,QQQ
2017-03-09,122.75949096679688,130.83999633789062,131.02000427246094,130.13999938964844,130.7100067138672,20855300,QQQ
2017-03-10,123.27548217773438,131.38999938964844,131.60000610351562,130.82000732421875,131.44000244140625,21922600,QQQ
2017-03-13,123.48187255859375,131.61000061035156,131.63999938964844,131.27000427246094,131.33999633789062,10731600,QQQ
2017-03-14,123.1816635131836,131.2899932861328,131.36000061035156,130.75999450683594,131.30999755859375,14019700,QQQ
2017-03-15,123.94161987304688,132.10000610351562,132.41000366210938,131.13999938964844,131.55999755859375,22709100,QQQ
2017-03-16,123.85719299316406,132.00999450683594,132.35000610351562,131.7100067138672,132.35000610351562,18457300,QQQ
2017-03-17,123.8139419555664,131.69000244140625,132.0399932861328,131.6199951171875,131.89999389648438,21234500,QQQ
2017-03-20,123.9267807006836,131.80999755859375,132.11000061035156,131.4600067138672,131.64999389648438,10105200,QQQ
2017-03-21,122.04638671875,129.80999755859375,132.42999267578125,129.72999572753906,132.30999755859375,35841900,QQQ
2017-03-22,122.87374114990234,130.69000244140625,130.82000732421875,129.67999267578125,129.85000610351562,29177900,QQQ
2017-03-23,122.5634994506836,130.36000061035156,130.8800048828125,130.13999938964844,130.52000427246094,20311700,QQQ
2017-03-24,122.81733703613281,130.6300048828125,131.2899932861328,130.1300048828125,130.77999877929688,22967600,QQQ
2017-03-27,123.01481628417969,130.83999633789062,131.07000732421875,129.39999389648438,129.6999969482422,18472400,QQQ
2017-03-28,123.76692962646484,131.63999938964844,132.02999877929688,130.5500030517578,130.83999633789062,23721900,QQQ
2017-03-29,124.34044647216797,132.25,132.3000030517578,131.58999633789062,131.72999572753906,13710000,QQQ
2017-03-30,124.54729461669922,132.47000122070312,132.61000061035156,132.0800018310547,132.1999969482422,16092400,QQQ
2017-03-31,124.4626693725586,132.3800048828125,132.74000549316406,132.1300048828125,132.27999877929688,19841400,QQQ
2017-04-03,124.38739776611328,132.3000030517578,132.80999755859375,131.55999755859375,132.49000549316406,23700300,QQQ
2017-04-04,124.58487701416016,132.50999450683594,132.52999877929688,131.8699951171875,131.9199981689453,13400000,QQQ
2017-04-05,124.07714080810547,131.97000122070312,133.47999572753906,131.72000122070312,132.6999969482422,32011200,QQQ
2017-04-06,124.14300537109375,132.0399932861328,132.38999938964844,131.6999969482422,132.10000610351562,18832200,QQQ
2017-04-07,124.07714080810547,131.97000122070312,132.3699951171875,131.5,132.0,16743100,QQQ
2017-04-10,124.12419891357422,132.02000427246094,132.57000732421875,131.66000366210938,132.10000610351562,15619300,QQQ
2017-04-11,123.58831024169922,131.4499969482422,132.10000610351562,130.5,131.89999389648438,33778400,QQQ
2017-04-12,123.09003448486328,130.9199981689453,131.5399932861328,130.77999877929688,131.42999267578125,15955200,QQQ
2017-04-13,122.60105895996094,130.39999389648438,131.50999450683594,130.3800048828125,130.74000549316406,23683000,QQQ
2017-04-17,123.61650848388672,131.47999572753906,131.5,130.72000122070312,130.77000427246094,13325500,QQQ
2017-04-18,123.42847442626953,131.27999877929688,131.66000366210938,130.9499969482422,131.0399932861328,12841100,QQQ
2017-04-19,123.62590026855469,131.49000549316406,132.2899932861328,131.30999755859375,131.85000610351562,17764800,QQQ
2017-04-20,124.66012573242188,132.58999633789062,132.8800048828125,131.82000732421875,132.02000427246094,21977900,QQQ
2017-04-21,124.63190460205078,132.55999755859375,132.75999450683594,132.22000122070312,132.7100067138672,22454900,QQQ
2017-04-24,126.1362533569336,134.16000366210938,134.2899932861328,133.8000030517578,134.02999877929688,22469900,QQQ
2017-04-25,127.04817962646484,135.1300048828125,135.3699951171875,134.47999572753906,134.60000610351562,19384400,QQQ
2017-04-26,126.86957550048828,134.94000244140625,135.50999450683594,134.86000061035156,135.17999267578125,25398500,QQQ
2017-04-27,127.631103515625,135.75,135.75,135.19000244140625,135.27000427246094,16136500,QQQ
2017-04-28,127.85672760009766,135.99000549316406,136.33999633789062,135.77000427246094,136.2899932861328,22771900,QQQ
2017-05-01,128.99435424804688,137.1999969482422,137.3800048828125,136.3800048828125,136.44000244140625,24815500,QQQ
2017-05-02,129.2106170654297,137.42999267578125,137.49000549316406,137.02000427246094,137.3699951171875,18345100,QQQ
2017-05-03,128.79698181152344,136.99000549316406,137.1699981689453,136.6199951171875,137.1199951171875,23827600,QQQ
2017-05-04,128.84390258789062,137.0399932861328,137.42999267578125,136.55999755859375,136.97000122070312,14630100,QQQ
2017-05-05,129.31402587890625,137.5399932861328,137.5399932861328,136.8800048828125,137.38999938964844,19330700,QQQ
2017-05-08,129.59613037109375,137.83999633789062,137.83999633789062,137.3300018310547,137.61000061035156,13279900,QQQ
2017-05-09,130.0474090576172,138.32000732421875,138.6300048828125,137.92999267578125,138.0500030517578,28426100,QQQ
2017-05-10,130.1226348876953,138.39999389648438,138.4499969482422,137.91000366210938,138.39999389648438,20499400,QQQ
2017-05-11,130.0192108154297,138.2899932861328,138.3300018310547,137.3800048828125,138.02000427246094,27232100,QQQ
2017-05-12,130.31065368652344,138.60000610351562,138.6300048828125,138.22999572753906,138.35000610351562,19738600,QQQ
2017-05-15,130.72438049316406,139.0399932861328,139.1199951171875,138.52999877929688,138.66000366210938,20481300,QQQ
2017-05-16,131.26963806152344,139.6199951171875,139.63999938964844,138.99000549316406,139.39999389648438,21786000,QQQ
2017-05-17,127.93196868896484,136.07000732421875,138.77000427246094,136.0500030517578,138.50999450683594,55642200,QQQ
2017-05-18,129.05081176757812,137.25999450683594,137.72000122070312,135.8699951171875,136.02000427246094,41319900,QQQ
2017-05-19,129.59613037109375,137.83999633789062,138.4199981689453,137.66000366210938,137.75,36730100,QQQ
2017-05-22,130.68675231933594,139.0,139.07000732421875,138.10000610351562,138.14999389648438,19509700,QQQ
2017-05-23,130.8184051513672,139.13999938964844,139.4199981689453,138.77999877929688,139.41000366210938,19687500,QQQ
2017-05-24,131.4200897216797,139.77999877929688,139.85000610351562,139.1699981689453,139.55999755859375,15891900,QQQ
2017-05-25,132.5388641357422,140.97000122070312,141.3300018310547,140.00999450683594,140.30999755859375,23928600,QQQ
2017-05-26,132.77398681640625,141.22000122070312,141.27999877929688,140.80999755859375,141.0,13851600,QQQ
2017-05-30,132.88674926757812,141.33999633789062,141.50999450683594,141.05999755859375,141.14999389648438,20306400,QQQ
2017-05-31,132.83978271484375,141.2899932861328,141.83999633789062,140.57000732421875,141.83999633789062,33229400,QQQ
2017-06-01,133.3568572998047,141.83999633789062,141.89999389648438,140.97999572753906,141.5800018310547,20120700,QQQ
2017-06-02,134.88006591796875,143.4600067138672,143.49000549316406,142.11000061035156,142.33999633789062,37222900,QQQ
2017-06-05,134.851806640625,143.42999267578125,143.67999267578125,143.22999572753906,143.4499969482422,15727500,QQQ
2017-06-06,134.31590270996094,142.86000061035156,143.72999572753906,142.64999389648438,143.25999450683594,22393000,QQQ
2017-06-07,134.84239196777344,143.4199981689453,143.5399932861328,142.60000610351562,143.25999450683594,18842400,QQQ
2017-06-08,134.98345947265625,143.57000732421875,143.8000030517578,142.7899932861328,143.74000549316406,25417400,QQQ
2017-06-09,131.60812377929688,139.97999572753906,143.89999389648438,138.11000061035156,143.74000549316406,109783700,QQQ
2017-06-12,130.90298461914062,139.22999572753906,139.47999572753906,137.47000122070312,138.8000030517578,104454000,QQQ
2017-06-13,131.9654541015625,140.36000061035156,140.55999755859375,139.27999877929688,140.00999450683594,51193000,QQQ
2017-06-14,131.39187622070312,139.75,140.92999267578125,138.6199951171875,140.92999267578125,60093800,QQQ
2017-06-15,130.8090057373047,139.1300048828125,139.27999877929688,137.49000549316406,138.33999633789062,55145200,QQQ
2017-06-16,130.2414093017578,138.14999389648438,138.77999877929688,137.63999938964844,138.67999267578125,48087400,QQQ
2017-06-19,132.41920471191406,140.4600067138672,140.58999633789062,139.27999877929688,139.49000549316406,39626500,QQQ
2017-06-20,131.3821563720703,139.36000061035156,140.5,139.30999755859375,140.32000732421875,40935100,QQQ
2017-06-21,132.68316650390625,140.74000549316406,140.80999755859375,139.58999633789062,139.67999267578125,35743400,QQQ
2017-06-22,132.6454620361328,140.6999969482422,141.22000122070312,140.33999633789062,140.9600067138672,24099100,QQQ
2017-06-23,133.15460205078125,141.24000549316406,141.4199981689453,140.14999389648438,140.5399932861328,21654300,QQQ
2017-06-26,132.53228759765625,140.5800018310547,142.2899932861328,140.27000427246094,142.0500030517578,34411100,QQQ
2017-06-27,130.12832641601562,138.02999877929688,140.22000122070312,138.02000427246094,140.0500030517578,65957800,QQQ
2017-06-28,132.00437927246094,140.02000427246094,140.13999938964844,137.74000549316406,138.5399932861328,57427200,QQQ
2017-06-29,129.71348571777344,137.58999633789062,139.44000244140625,136.25,139.44000244140625,88769400,QQQ
2017-06-30,129.76065063476562,137.63999938964844,138.6699981689453,137.19000244140625,137.97999572753906,68898300,QQQ
2017-07-03,128.39366149902344,136.19000244140625,138.42999267578125,136.10000610351562,138.27000427246094,32797000,QQQ
2017-07-05,129.6569366455078,137.52999877929688,137.89999389648438,136.16000366210938,136.6199951171875,42116600,QQQ
2017-07-06,128.4879150390625,136.2899932861328,137.05999755859375,135.8000030517578,136.47999572753906,48430500,QQQ
2017-07-07,129.87374877929688,137.75999450683594,138.1300048828125,136.74000549316406,136.75,36970400,QQQ
2017-07-10,130.72225952148438,138.66000366210938,138.99000549316406,137.5,137.85000610351562,24853500,QQQ
2017-07-11,131.08993530273438,139.0500030517578,139.22000122070312,137.94000244140625,138.4600067138672,31517700,QQQ
2017-07-12,132.6454620361328,140.6999969482422,140.86000061035156,139.9600067138672,140.24000549316406,36045800,QQQ
2017-07-13,132.93771362304688,141.00999450683594,141.35000610351562,140.60000610351562,140.8699951171875,31073600,QQQ
2017-07-14,133.98414611816406,142.1199951171875,142.3000030517578,141.19000244140625,141.63999938964844,34544800,QQQ
2017-07-17,134.05014038085938,142.19000244140625,142.69000244140625,141.9199981689453,142.27000427246094,25343200,QQQ
2017-07-18,134.94573974609375,143.13999938964844,143.1699981689453,141.63999938964844,142.08999633789062,25748500,QQQ
2017-07-19,135.73770141601562,143.97999572753906,144.19000244140625,143.5,143.55999755859375,33752300,QQQ
2017-07-20,135.9167938232422,144.1699981689453,144.44000244140625,143.52000427246094,144.35000610351562,36139400,QQQ
2017-07-21,135.86026000976562,144.11000061035156,144.11000061035156,143.35000610351562,143.63999938964844,39697100,QQQ
2017-07-24,136.48248291015625,144.77000427246094,144.8699951171875,143.9199981689453,144.08999633789062,26712700,QQQ
2017-07-25,136.1336669921875,144.39999389648438,144.74000549316406,144.00999450683594,144.2899932861328,28120900,QQQ
2017-07-26,136.5767364501953,144.8699951171875,144.9499969482422,144.52999877929688,144.75999450683594,18610600,QQQ
2017-07-27,135.71885681152344,143.9600067138672,145.9600067138672,142.3000030517578,145.82000732421875,80665900,QQQ
2017-07-28,135.60569763183594,143.83999633789062,144.0800018310547,142.8699951171875,143.10000610351562,38013200,QQQ
2017-07-31,135.0305938720703,143.22999572753906,144.42999267578125,142.9199981689453,144.25,33848600,QQQ
2017-08-01,135.3417510986328,143.55999755859375,143.75999450683594,143.1199951171875,143.72000122070312,20149400,QQQ
2017-08-02,135.7094268798828,143.9499969482422,144.52000427246094,142.61000061035156,144.49000549316406,41769700,QQQ
2017-08-03,135.1814422607422,143.38999938964844,144.1699981689453,143.1300048828125,144.08999633789062,27112800,QQQ
2017-08-04,135.4265899658203,143.64999389648438,143.97000122070312,143.05999755859375,143.7100067138672,29472900,QQQ
2017-08-07,136.2844696044922,144.55999755859375,144.55999755859375,143.7100067138672,143.91000366210938,17933900,QQQ
2017-08-08,136.04876708984375,144.30999755859375,145.47000122070312,143.89999389648438,144.27999877929688,30810400,QQQ
2017-08-09,135.86968994140625,144.1199951171875,144.19000244140625,142.7899932861328,143.1199951171875,36169500,QQQ
2017-08-10,132.9565887451172,141.02999877929688,143.39999389648438,140.88999938964844,143.3000030517578,63331700,QQQ
2017-08-11,133.96531677246094,142.10000610351562,142.41000366210938,140.89999389648438,141.22000122070312,45862500,QQQ
2017-08-14,135.69052124023438,143.92999267578125,144.14999389648438,143.19000244140625,143.22999572753906,34161000,QQQ
2017-08-15,135.7848358154297,144.02999877929688,144.3000030517578,143.63999938964844,144.2899932861328,25509200,QQQ
2017-08-16,136.02049255371094,144.27999877929688,144.9600067138672,143.8000030517578,144.38999938964844,31913000,QQQ
2017-08-17,133.23939514160156,141.3300018310547,143.94000244140625,141.3300018310547,143.72000122070312,70191000,QQQ
2017-08-18,133.14515686035156,141.22999572753906,142.1999969482422,140.64999389648438,141.41000366210938,60751900,QQQ
2017-08-21,132.9753875732422,141.0500030517578,141.52999877929688,140.17999267578125,141.22000122070312,37111500,QQQ
2017-08-22,135.00230407714844,143.1999969482422,143.35000610351562,141.75999450683594,141.80999755859375,36294200,QQQ
2017-08-23,134.5215606689453,142.69000244140625,143.00999450683594,142.3800048828125,142.47999572753906,25702300,QQQ
2017-08-24,134.1255645751953,142.27000427246094,143.1699981689453,141.47000122070312,143.00999450683594,38160800,QQQ
2017-08-25,133.84275817871094,141.97000122070312,143.17999267578125,141.77999877929688,142.82000732421875,26380400,QQQ
2017-08-28,134.25755310058594,142.41000366210938,142.74000549316406,141.9499969482422,142.39999389648438,15362100,QQQ
2017-08-29,134.78550720214844,142.97000122070312,143.2100067138672,141.05999755859375,141.19000244140625,24498300,QQQ
2017-08-30,136.3693389892578,144.64999389648438,144.88999938964844,143.0,143.08999633789062,33642700,QQQ
2017-08-31,137.8306121826172,146.1999969482422,146.2100067138672,144.97999572753906,145.05999755859375,38480700,QQQ
2017-09-01,137.64202880859375,146.0,146.58999633789062,145.61000061035156,146.38999938964844,22293600,QQQ
2017-09-05,136.40704345703125,144.69000244140625,145.8800048828125,143.60000610351562,145.57000732421875,44794300,QQQ
2017-09-06,136.82188415527344,145.1300048828125,145.4600067138672,144.0800018310547,145.05999755859375,30722700,QQQ
2017-09-07,137.14239501953125,145.47000122070312,145.83999633789062,144.94000244140625,145.39999389648438,22721100,QQQ
2017-09-08,135.9545135498047,144.2100067138672,145.35000610351562,144.05999755859375,145.27999877929688,27890100,QQQ
2017-09-11,137.51943969726562,145.8699951171875,146.1199951171875,145.3000030517578,145.33999633789062,27126300,QQQ
2017-09-12,137.8494415283203,146.22000122070312,146.41000366210938,145.52999877929688,146.27999877929688,30256700,QQQ
2017-09-13,138.03802490234375,146.4199981689453,146.44000244140625,145.72999572753906,145.97000122070312,28450900,QQQ
2017-09-14,137.2272491455078,145.55999755859375,146.2899932861328,145.47000122070312,145.85000610351562,35296400,QQQ
2017-09-15,137.69863891601562,146.05999755859375,146.58999633789062,145.2899932861328,145.52999877929688,46422400,QQQ
2017-09-18,137.51812744140625,145.5500030517578,146.3699951171875,145.11000061035156,145.91000366210938,24858200,QQQ
2017-09-19,137.75437927246094,145.8000030517578,146.00999450683594,145.30999755859375,145.80999755859375,20871200,QQQ
2017-09-20,137.32919311523438,145.35000610351562,145.91000366210938,144.22999572753906,145.75,34236200,QQQ
2017-09-21,136.48831176757812,144.4600067138672,145.25999450683594,143.9499969482422,145.25,28841800,QQQ
2017-09-22,136.3560791015625,144.32000732421875,144.52999877929688,143.85000610351562,144.0,21702400,QQQ
2017-09-25,134.91989135742188,142.8000030517578,143.8300018310547,142.10000610351562,143.75,54947700,QQQ
2017-09-26,135.2694854736328,143.1699981689453,143.8000030517578,142.6699981689453,143.52999877929688,29628800,QQQ
2017-09-27,136.48831176757812,144.4600067138672,145.0,143.57000732421875,143.92999267578125,33249400,QQQ
2017-09-28,136.4410858154297,144.41000366210938,144.55999755859375,143.77999877929688,144.11000061035156,24149400,QQQ
2017-09-29,137.42369079589844,145.4499969482422,145.55999755859375,144.32000732421875,144.6999969482422,43102400,QQQ
2017-10-02,137.54649353027344,145.5800018310547,146.1699981689453,144.92999267578125,145.6699981689453,27351300,QQQ
2017-10-03,137.83941650390625,145.88999938964844,146.05999755859375,145.4499969482422,145.77000427246094,19715200,QQQ
2017-10-04,137.9716796875,146.02999877929688,146.33999633789062,145.47000122070312,145.61000061035156,26381100,QQQ
2017-10-05,139.32275390625,147.4600067138672,147.5399932861328,146.41000366210938,146.55999755859375,31562400,QQQ
2017-10-06,139.51170349121094,147.66000366210938,147.66000366210938,146.9600067138672,146.9600067138672,23561100,QQQ
2017-10-09,139.35108947753906,147.49000549316406,148.00999450683594,147.3000030517578,147.85000610351562,13704800,QQQ
2017-10-10,139.45501708984375,147.60000610351562,148.13999938964844,146.9499969482422,147.99000549316406,19223100,QQQ
2017-10-11,139.8708038330078,148.0399932861328,148.07000732421875,147.33999633789062,147.52999877929688,12439100,QQQ
2017-10-12,139.61563110351562,147.77000427246094,148.35000610351562,147.6199951171875,147.82000732421875,14513500,QQQ
2017-10-13,140.15420532226562,148.33999633789062,148.50999450683594,147.77999877929688,148.3699951171875,18409900,QQQ
2017-10-16,140.63609313964844,148.85000610351562,148.88999938964844,148.38999938964844,148.7100067138672,21809400,QQQ
2017-10-17,140.8155975341797,149.0399932861328,149.05999755859375,148.57000732421875,148.8000030517578,13138200,QQQ
2017-10-18,140.64549255371094,148.86000061035156,149.2100067138672,148.63999938964844,149.19000244140625,17218200,QQQ
2017-10-19,140.12583923339844,148.30999755859375,148.3300018310547,147.27000427246094,147.99000549316406,27680300,QQQ
2017-10-20,140.50381469726562,148.7100067138672,149.0399932861328,148.52999877929688,148.91000366210938,30173300,QQQ
2017-10-23,139.58729553222656,147.74000549316406,149.02999877929688,147.52999877929688,149.02000427246094,29297100,QQQ
2017-10-24,139.82351684570312,147.99000549316406,148.3000030517578,147.44000244140625,148.02999877929688,20289500,QQQ
2017-10-25,139.29440307617188,147.42999267578125,148.17999267578125,146.3300018310547,147.6999969482422,36179100,QQQ
2017-10-26,138.85035705566406,146.9600067138672,147.7100067138672,146.9199981689453,147.33999633789062,28230200,QQQ
2017-10-27,142.89418029785156,151.24000549316406,151.52000427246094,149.1999969482422,149.42999267578125,60165100,QQQ
2017-10-30,143.2153778076172,151.5800018310547,152.19000244140625,150.99000549316406,151.1300048828125,31733400,QQQ
2017-10-31,143.75396728515625,152.14999389648438,152.3699951171875,151.6300048828125,152.07000732421875,26319300,QQQ
2017-11-01,143.7067108154297,152.10000610351562,152.8300018310547,151.5,152.75999450683594,29481600,QQQ
2017-11-02,143.43270874023438,151.80999755859375,151.99000549316406,150.77000427246094,151.92999267578125,31017400,QQQ
2017-11-03,144.81214904785156,153.27000427246094,153.2899932861328,151.83999633789062,152.36000061035156,26199200,QQQ
2017-11-06,145.30349731445312,153.7899932861328,153.85000610351562,153.10000610351562,153.14999389648438,28693900,QQQ
2017-11-07,145.38845825195312,153.8800048828125,154.0800018310547,153.33999633789062,153.6699981689453,21333100,QQQ
2017-11-08,145.97430419921875,154.5,154.5399932861328,153.6199951171875,153.8000030517578,17373500,QQQ
2017-11-09,145.20899963378906,153.69000244140625,153.77000427246094,152.11000061035156,153.22999572753906,40594500,QQQ
2017-11-10,145.19949340820312,153.67999267578125,153.8000030517578,153.05999755859375,153.3300018310547,20150800,QQQ
2017-11-13,145.3790283203125,153.8699951171875,154.07000732421875,153.10000610351562,153.10000610351562,12522400,QQQ
2017-11-14,144.84991455078125,153.30999755859375,153.5,152.57000732421875,153.3300018310547,25173800,QQQ
2017-11-15,144.16966247558594,152.58999633789062,153.0,151.77999877929688,152.64999389648438,24808000,QQQ
2017-11-16,146.01206970214844,154.5399932861328,154.88999938964844,153.3300018310547,153.36000061035156,34790600,QQQ
2017-11-17,145.45462036132812,153.9499969482422,154.69000244140625,153.8000030517578,154.5800018310547,28725800,QQQ
2017-11-20,145.3412322998047,153.8300018310547,154.1999969482422,153.61000061035156,154.05999755859375,21143900,QQQ
2017-11-21,146.91909790039062,155.5,155.57000732421875,154.49000549316406,154.55999755859375,20147800,QQQ
2017-11-22,147.09860229492188,155.69000244140625,155.83999633789062,155.33999633789062,155.63999938964844,17299000,QQQ
2017-11-24,147.63711547851562,156.25999450683594,156.30999755859375,155.75999450683594,155.85000610351562,8280600,QQQ
2017-11-27,147.57101440429688,156.19000244140625,156.55999755859375,155.8300018310547,156.2100067138672,22653400,QQQ
2017-11-28,147.94895935058594,156.58999633789062,156.69000244140625,155.6999969482422,156.5399932861328,25227300,QQQ
2017-11-29,145.3695831298828,153.86000061035156,156.4499969482422,153.1199951171875,156.41000366210938,71986300,QQQ
2017-11-30,146.58840942382812,155.14999389648438,155.4499969482422,154.14999389648438,154.50999450683594,56595500,QQQ
2017-12-01,145.96478271484375,154.49000549316406,155.24000549316406,152.25999450683594,154.1999969482422,59015800,QQQ
2017-12-04,144.28302001953125,152.7100067138672,155.6300048828125,152.55999755859375,155.4600067138672,51319100,QQQ
2017-12-05,144.37753295898438,152.80999755859375,154.5500030517578,152.10000610351562,152.67999267578125,40604200,QQQ
2017-12-06,145.02947998046875,153.5,153.74000549316406,152.05999755859375,152.24000549316406,28647800,QQQ
2017-12-07,145.520751953125,154.02000427246094,154.4600067138672,153.3300018310547,153.49000549316406,32666200,QQQ
2017-12-08,146.16326904296875,154.6999969482422,155.52999877929688,154.4600067138672,155.14999389648438,28081700,QQQ
2017-12-11,147.29705810546875,155.89999389648438,155.9499969482422,154.75999450683594,154.77000427246094,20821500,QQQ
2017-12-12,147.09860229492188,155.69000244140625,156.14999389648438,155.36000061035156,155.8300018310547,20310300,QQQ
2017-12-13,147.38201904296875,155.99000549316406,156.49000549316406,155.75999450683594,156.32000732421875,24418500,QQQ
2017-12-14,147.27809143066406,155.8800048828125,156.66000366210938,155.7100067138672,156.25999450683594,24594700,QQQ
2017-12-15,148.95042419433594,157.64999389648438,157.82000732421875,156.22999572753906,156.49000549316406,49816200,QQQ
2017-12-18,150.1992645263672,158.63999938964844,158.77000427246094,158.07000732421875,158.36000061035156,26844500,QQQ
2017-12-19,149.3092803955078,157.6999969482422,158.5,157.25999450683594,158.33999633789062,31415000,QQQ
2017-12-20,149.1483154296875,157.52999877929688,158.27999877929688,156.91000366210938,158.25,38972600,QQQ
2017-12-21,149.16729736328125,157.5500030517578,158.25,157.3699951171875,157.75,18638700,QQQ
2017-12-22,148.99679565429688,157.3699951171875,157.42999267578125,156.9499969482422,157.30999755859375,23330400,QQQ
2017-12-26,148.19204711914062,156.52000427246094,156.72000122070312,155.9499969482422,156.49000549316406,21918700,QQQ
2017-12-27,148.2110137939453,156.5399932861328,156.9600067138672,156.38999938964844,156.52999877929688,22388200,QQQ
2017-12-28,148.39088439941406,156.72999572753906,157.07000732421875,156.5399932861328,157.0399932861328,25393800,QQQ
2017-12-29,147.4724884033203,155.75999450683594,156.89999389648438,155.6999969482422,156.8699951171875,33186000,QQQ
2018-01-02,150.05726623535156,158.49000549316406,158.52999877929688,156.1699981689453,156.55999755859375,32573300,QQQ
2018-01-03,151.51527404785156,160.02999877929688,160.1699981689453,158.61000061035156,158.63999938964844,29383600,QQQ
2018-01-04,151.78041076660156,160.30999755859375,160.7899932861328,160.0800018310547,160.5800018310547,24776100,QQQ
2018-01-05,153.3047332763672,161.9199981689453,162.02999877929688,160.77000427246094,161.07000732421875,26992300,QQQ
2018-01-08,153.90121459960938,162.5500030517578,162.6300048828125,161.86000061035156,161.9199981689453,23159100,QQQ
2018-01-09,153.91067504882812,162.55999755859375,163.0399932861328,162.07000732421875,162.8699951171875,24782400,QQQ
2018-01-10,153.55088806152344,162.17999267578125,162.2100067138672,161.1199951171875,161.83999633789062,34004000,QQQ
2018-01-11,154.6018524169922,163.2899932861328,163.3000030517578,162.2100067138672,162.4600067138672,20473500,QQQ
2018-01-12,155.73802185058594,164.49000549316406,164.66000366210938,162.94000244140625,163.14999389648438,37762700,QQQ
2018-01-16,155.2930145263672,164.02000427246094,166.4199981689453,163.52999877929688,165.5800018310547,41231800,QQQ
2018-01-17,156.96884155273438,165.7899932861328,166.0399932861328,164.0,164.8000030517578,33849900,QQQ
2018-01-18,156.9972381591797,165.82000732421875,166.1999969482422,165.13999938964844,165.52999877929688,26432200,QQQ
2018-01-19,157.48953247070312,166.33999633789062,166.61000061035156,165.5399932861328,166.30999755859375,38937600,QQQ
2018-01-22,159.17486572265625,168.1199951171875,168.1199951171875,166.08999633789062,166.27999877929688,26081400,QQQ
2018-01-23,160.4908905029297,169.50999450683594,169.66000366210938,168.55999755859375,168.63999938964844,37989700,QQQ
2018-01-24,159.44940185546875,168.41000366210938,170.24000549316406,167.44000244140625,169.8699951171875,54287400,QQQ
2018-01-25,159.39260864257812,168.35000610351562,169.6300048828125,167.80999755859375,169.57000732421875,28925000,QQQ
2018-01-26,161.83534240722656,170.92999267578125,170.9499969482422,168.9600067138672,169.2899932861328,32038200,QQQ
2018-01-29,161.04953002929688,170.10000610351562,170.91000366210938,169.74000549316406,170.57000732421875,37277800,QQQ
2018-01-30,159.72401428222656,168.6999969482422,169.4199981689453,167.82000732421875,168.5500030517578,44987700,QQQ
2018-01-31,160.3867645263672,169.39999389648438,169.99000549316406,168.33999633789062,169.64999389648438,42449200,QQQ
2018-02-01,159.0233917236328,167.9600067138672,169.72999572753906,167.4199981689453,168.10000610351562,38037900,QQQ
2018-02-02,155.85162353515625,164.61000061035156,167.6999969482422,164.47000122070312,167.3000030517578,68478100,QQQ
2018-02-05,149.7069091796875,158.1199951171875,165.75,158.0,163.07000732421875,105372200,QQQ
2018-02-06,153.6740264892578,162.30999755859375,162.50999450683594,155.10000610351562,155.80999755859375,118537900,QQQ
2018-02-07,151.6857452392578,160.2100067138672,163.5500030517578,160.1999969482422,161.7899932861328,91028300,QQQ
2018-02-08,145.28541564941406,153.4499969482422,160.8000030517578,153.4499969482422,160.6199951171875,94184800,QQQ
2018-02-09,147.79441833496094,156.10000610351562,157.24000549316406,150.1300048828125,155.6199951171875,113836600,QQQ
2018-02-12,150.41700744628906,158.8699951171875,159.9499969482422,156.4600067138672,157.6999969482422,63050600,QQQ
2018-02-13,151.1934356689453,159.69000244140625,160.00999450683594,157.72000122070312,157.9600067138672,31785600,QQQ
2018-02-14,154.0242919921875,162.67999267578125,162.92999267578125,158.0,158.75,52107400,QQQ
2018-02-15,156.88365173339844,165.6999969482422,165.6999969482422,162.44000244140625,164.13999938964844,51633900,QQQ
2018-02-16,156.1829833984375,164.9600067138672,166.75999450683594,164.67999267578125,165.16000366210938,62256300,QQQ
2018-02-20,156.4954376220703,165.2899932861328,166.67999267578125,164.30999755859375,164.3800048828125,36785600,QQQ
2018-02-21,156.05044555664062,164.82000732421875,167.72000122070312,164.72000122070312,166.10000610351562,41161800,QQQ
2018-02-22,156.03155517578125,164.8000030517578,166.4199981689453,164.3800048828125,165.5399932861328,37074400,QQQ
2018-02-23,159.22222900390625,168.1699981689453,168.1699981689453,165.4499969482422,166.1300048828125,50096900,QQQ
2018-02-26,161.33351135253906,170.39999389648438,170.39999389648438,168.82000732421875,168.9600067138672,39266700,QQQ
2018-02-27,159.3358154296875,168.2899932861328,170.72999572753906,168.2100067138672,170.4499969482422,42209900,QQQ
2018-02-28,158.3132781982422,167.2100067138672,169.8000030517578,167.10000610351562,169.25,42936300,QQQ
2018-03-01,155.72853088378906,164.47999572753906,168.07000732421875,163.0,167.3000030517578,76809900,QQQ
2018-03-02,157.158203125,165.99000549316406,166.27999877929688,161.9600067138672,162.5,57445100,QQQ
2018-03-05,158.9003143310547,167.8300018310547,168.25999450683594,164.58999633789062,165.2100067138672,38540200,QQQ
2018-03-06,159.57252502441406,168.5399932861328,169.11000061035156,167.47999572753906,168.64999389648438,29480900,QQQ
2018-03-07,159.9417724609375,168.92999267578125,169.07000732421875,166.9600067138672,167.25,34609400,QQQ
2018-03-08,160.82229614257812,169.86000061035156,169.97999572753906,168.9499969482422,169.6300048828125,25828400,QQQ
2018-03-09,163.94668579101562,173.16000366210938,173.16000366210938,170.82000732421875,171.07000732421875,38310500,QQQ
2018-03-12,164.81771850585938,174.0800018310547,174.47999572753906,173.27999877929688,173.6699981689453,37635000,QQQ
2018-03-13,162.5738067626953,171.7100067138672,175.2100067138672,171.27000427246094,174.47999572753906,55638900,QQQ
2018-03-14,162.54544067382812,171.67999267578125,172.74000549316406,170.92999267578125,172.61000061035156,40536400,QQQ
2018-03-15,162.4033966064453,171.52999877929688,172.52999877929688,170.89999389648438,171.8000030517578,28810400,QQQ
2018-03-16,161.9205780029297,171.02000427246094,172.1999969482422,170.94000244140625,171.82000732421875,31176700,QQQ
2018-03-19,158.4658203125,167.10000610351562,169.22000122070312,165.63999938964844,169.10000610351562,71395100,QQQ
2018-03-20,158.98736572265625,167.64999389648438,168.0399932861328,166.61000061035156,167.1699981689453,34075700,QQQ
2018-03-21,158.29505920410156,166.9199981689453,168.75999450683594,166.19000244140625,167.2100067138672,43863500,QQQ
2018-03-22,154.38795471191406,162.8000030517578,165.77000427246094,162.58999633789062,164.61000061035156,66607300,QQQ
2018-03-23,150.31961059570312,158.50999450683594,163.3000030517578,158.42999267578125,162.61000061035156,80110400,QQQ
2018-03-26,155.90528869628906,164.39999389648438,164.60000610351562,159.16000366210938,161.72000122070312,57481500,QQQ
2018-03-27,150.86019897460938,159.0800018310547,165.6199951171875,157.67999267578125,165.6199951171875,78889100,QQQ
2018-03-28,149.12472534179688,157.25,159.77999877929688,156.0399932861328,158.1699981689453,89369700,QQQ
2018-03-29,151.85594177246094,160.1300048828125,161.7100067138672,156.6300048828125,158.10000610351562,68692600,QQQ
2018-04-02,147.4746551513672,155.50999450683594,159.74000549316406,153.8800048828125,158.99000549316406,85549400,QQQ
2018-04-03,149.1342315673828,157.25999450683594,157.9199981689453,154.44000244140625,156.8699951171875,64090000,QQQ
2018-04-04,151.48611450195312,159.74000549316406,160.22999572753906,154.0399932861328,154.22000122070312,65768700,QQQ
2018-04-05,152.3490753173828,160.64999389648438,161.5800018310547,159.47999572753906,161.3300018310547,43054900,QQQ
2018-04-06,148.53680419921875,156.6300048828125,160.4600067138672,155.8800048828125,158.8800048828125,59870900,QQQ
2018-04-09,149.5799560546875,157.72999572753906,160.8800048828125,157.4600067138672,157.97999572753906,41810400,QQQ
2018-04-10,152.8801727294922,161.2100067138672,161.72999572753906,159.07000732421875,160.2100067138672,48296800,QQQ
2018-04-11,151.99813842773438,160.27999877929688,162.0,160.10000610351562,160.1999969482422,41622100,QQQ
2018-04-12,153.82843017578125,162.2100067138672,162.77000427246094,161.16000366210938,161.25,30467900,QQQ
2018-04-13,153.03184509277344,161.3699951171875,163.25999450683594,160.6699981689453,163.02000427246094,44604900,QQQ
2018-04-16,154.19833374023438,162.60000610351562,163.19000244140625,161.47999572753906,162.5,28180800,QQQ
2018-04-17,157.51748657226562,166.10000610351562,166.4600067138672,163.91000366210938,164.24000549316406,35536100,QQQ
2018-04-18,157.83990478515625,166.44000244140625,167.0,165.30999755859375,166.10000610351562,29573900,QQQ
2018-04-19,156.38897705078125,164.91000366210938,165.99000549316406,164.33999633789062,165.60000610351562,34705700,QQQ
2018-04-20,153.91380310058594,162.3000030517578,164.61000061035156,161.72999572753906,164.49000549316406,49197100,QQQ
2018-04-23,153.5249786376953,161.88999938964844,163.72999572753906,161.02000427246094,163.08999633789062,33040600,QQQ
2018-04-24,150.27223205566406,158.4600067138672,162.91000366210938,157.38999938964844,162.66000366210938,70256800,QQQ
2018-04-25,150.45240783691406,158.64999389648438,159.30999755859375,156.47000122070312,158.74000549316406,52089300,QQQ
2018-04-26,153.61981201171875,161.99000549316406,162.52999877929688,160.17999267578125,160.6999969482422,43005500,QQQ
2018-04-27,153.71469116210938,162.08999633789062,164.41000366210938,161.1699981689453,164.3699951171875,51043400,QQQ
2018-04-30,152.6240692138672,160.94000244140625,163.47999572753906,160.5399932861328,162.47000122070312,35615300,QQQ
2018-05-01,154.36903381347656,162.77999877929688,162.8000030517578,160.13999938964844,160.52000427246094,36513500,QQQ
2018-05-02,153.45860290527344,161.82000732421875,163.57000732421875,161.6300048828125,163.05999755859375,38646800,QQQ
2018-05-03,153.43963623046875,161.8000030517578,162.39999389648438,159.22000122070312,161.0,60337100,QQQ
2018-05-04,156.3509979248047,164.8699951171875,165.25,160.97999572753906,161.10000610351562,41543200,QQQ
2018-05-07,157.65023803710938,166.24000549316406,166.77999877929688,165.50999450683594,165.63999938964844,32500200,QQQ
2018-05-08,157.48904418945312,166.07000732421875,166.42999267578125,164.86000061035156,165.88999938964844,26040200,QQQ
2018-05-09,159.2055206298828,167.8800048828125,168.0,165.77999877929688,166.3699951171875,29122700,QQQ
2018-05-10,160.85560607910156,169.6199951171875,169.74000549316406,168.2899932861328,168.4199981689453,27067600,QQQ
2018-05-11,160.70391845703125,169.4600067138672,169.86000061035156,168.72000122070312,169.4199981689453,24688800,QQQ
2018-05-14,160.97886657714844,169.75,170.82000732421875,169.47000122070312,169.85000610351562,21821700,QQQ
2018-05-15,159.19601440429688,167.8699951171875,168.5,166.97999572753906,168.41000366210938,49361600,QQQ
2018-05-16,160.2486572265625,168.97999572753906,169.3699951171875,168.00999450683594,168.08999633789062,22941200,QQQ
2018-05-17,159.6322784423828,168.3300018310547,169.61000061035156,167.50999450683594,168.38999938964844,27480200,QQQ
2018-05-18,158.80718994140625,167.4600067138672,168.25999450683594,167.2100067138672,167.67999267578125,26217900,QQQ
2018-05-21,159.69863891601562,168.39999389648438,169.5,167.67999267578125,168.75999450683594,22954600,QQQ
2018-05-22,159.48995971679688,168.17999267578125,169.4499969482422,167.8800048828125,169.1699981689453,19477700,QQQ
2018-05-23,160.8366241455078,169.60000610351562,169.6199951171875,166.8800048828125,166.89999389648438,26557800,QQQ
2018-05-24,160.78916931152344,169.5500030517578,169.85000610351562,167.83999633789062,169.5500030517578,27696500,QQQ
2018-05-25,160.95045471191406,169.72000122070312,170.3300018310547,169.2100067138672,169.52999877929688,27460500,QQQ
2018-05-29,160.2391357421875,168.97000122070312,169.9199981689453,167.9600067138672,168.9499969482422,41220500,QQQ
2018-05-30,161.38661193847656,170.17999267578125,170.47999572753906,169.22000122070312,169.5800018310547,22665800,QQQ
2018-05-31,161.28236389160156,170.07000732421875,171.1999969482422,169.6300048828125,170.17999267578125,35670900,QQQ
2018-06-01,163.81436157226562,172.74000549316406,172.83999633789062,170.8699951171875,170.9199981689453,45543300,QQQ
2018-06-04,165.29376220703125,174.3000030517578,174.33999633789062,173.07000732421875,173.17999267578125,20459600,QQQ
2018-06-05,165.80589294433594,174.83999633789062,175.1300048828125,174.07000732421875,174.7100067138672,24779300,QQQ
2018-06-06,166.77317810058594,175.86000061035156,175.88999938964844,174.13999938964844,175.02000427246094,25036600,QQQ
2018-06-07,165.41705322265625,174.42999267578125,175.92999267578125,173.5500030517578,175.88999938964844,39600300,QQQ
2018-06-08,165.42649841308594,174.44000244140625,174.8800048828125,173.17999267578125,173.61000061035156,31780300,QQQ
2018-06-11,165.87228393554688,174.91000366210938,175.33999633789062,174.27999877929688,174.30999755859375,22319700,QQQ
2018-06-12,166.7447052001953,175.8300018310547,176.0,174.9600067138672,175.14999389648438,22511800,QQQ
2018-06-13,166.73521423339844,175.82000732421875,177.13999938964844,175.42999267578125,176.10000610351562,37858600,QQQ
2018-06-14,168.42327880859375,177.60000610351562,177.88999938964844,176.5,176.6300048828125,35916000,QQQ
2018-06-15,167.83531188964844,176.97999572753906,177.3300018310547,176.11000061035156,176.92999267578125,49615700,QQQ
2018-06-18,167.73834228515625,176.5,176.64999389648438,174.94000244140625,175.49000549316406,31633200,QQQ
2018-06-19,167.26318359375,176.0,176.0399932861328,173.7100067138672,174.27000427246094,38236000,QQQ
2018-06-20,168.4511260986328,177.25,177.97999572753906,176.64999389648438,176.80999755859375,33038000,QQQ
2018-06-21,166.987548828125,175.7100067138672,177.8800048828125,175.3699951171875,177.6999969482422,43469400,QQQ
2018-06-22,166.6169891357422,175.32000732421875,176.3699951171875,174.69000244140625,176.3000030517578,30073200,QQQ
2018-06-25,162.863037109375,171.3699951171875,173.99000549316406,169.80999755859375,173.72999572753906,77799700,QQQ
2018-06-26,163.52828979492188,172.07000732421875,173.05999755859375,171.3699951171875,172.0,39008100,QQQ
2018-06-27,161.30441284179688,169.72999572753906,173.5800018310547,169.61000061035156,172.8000030517578,52843500,QQQ
2018-06-28,162.69190979003906,171.19000244140625,171.77000427246094,169.1699981689453,169.52000427246094,46407700,QQQ
2018-06-29,163.12908935546875,171.64999389648438,172.9199981689453,171.39999389648438,172.00999450683594,36408500,QQQ
2018-07-02,164.2220458984375,172.8000030517578,172.85000610351562,169.6699981689453,170.0399932861328,31770000,QQQ
2018-07-03,162.3213348388672,170.8000030517578,173.4499969482422,170.6300048828125,173.4499969482422,25512700,QQQ
2018-07-05,164.33609008789062,172.9199981689453,173.05999755859375,171.02999877929688,171.91000366210938,31626200,QQQ
2018-07-06,166.89256286621094,175.61000061035156,175.74000549316406,173.0,173.32000732421875,37005600,QQQ
2018-07-09,168.3940887451172,177.19000244140625,177.22999572753906,175.82000732421875,176.52000427246094,27362100,QQQ
2018-07-10,168.51766967773438,177.32000732421875,177.72000122070312,176.7100067138672,177.52000427246094,23902500,QQQ
2018-07-11,167.66232299804688,176.4199981689453,177.07000732421875,175.8000030517578,175.92999267578125,30280600,QQQ
2018-07-12,170.55142211914062,179.4600067138672,179.4600067138672,177.0800018310547,177.1999969482422,27930100,QQQ
2018-07-13,170.69395446777344,179.61000061035156,179.89999389648438,178.9499969482422,179.4499969482422,28049800,QQQ
2018-07-16,170.28526306152344,179.17999267578125,179.9499969482422,178.8800048828125,179.64999389648438,21405300,QQQ
2018-07-17,171.3211669921875,180.27000427246094,180.64999389648438,177.27999877929688,177.27999877929688,31034100,QQQ
2018-07-18,170.998046875,179.92999267578125,180.44000244140625,179.3800048828125,180.2899932861328,23220800,QQQ
2018-07-19,170.14271545410156,179.02999877929688,179.8800048828125,178.82000732421875,179.27999877929688,31094100,QQQ
2018-07-20,170.104736328125,178.99000549316406,180.1699981689453,178.7899932861328,179.57000732421875,35897300,QQQ
2018-07-23,170.646484375,179.55999755859375,179.63999938964844,177.74000549316406,178.4600067138672,22184700,QQQ
2018-07-24,171.34971618652344,180.3000030517578,182.0500030517578,179.55999755859375,181.41000366210938,36900300,QQQ
2018-07-25,173.74464416503906,182.82000732421875,182.92999267578125,180.2899932861328,180.3800048828125,35026600,QQQ
2018-07-26,171.1121368408203,180.0500030517578,180.9199981689453,179.80999755859375,180.33999633789062,40873500,QQQ
2018-07-27,168.80270385742188,177.6199951171875,181.30999755859375,176.60000610351562,181.19000244140625,59456100,QQQ
2018-07-30,166.4173583984375,175.11000061035156,177.72999572753906,174.27000427246094,177.6300048828125,60193000,QQQ
2018-07-31,167.6908416748047,176.4499969482422,177.1300048828125,174.82000732421875,175.8000030517578,47285100,QQQ
2018-08-01,168.32757568359375,177.1199951171875,177.64999389648438,176.10000610351562,176.86000061035156,37101900,QQQ
2018-08-02,170.61795043945312,179.52999877929688,179.74000549316406,175.7899932861328,175.8699951171875,47178200,QQQ
2018-08-03,171.140625,180.0800018310547,180.08999633789062,179.0800018310547,179.8699951171875,28934400,QQQ
2018-08-06,172.1480255126953,181.13999938964844,181.19000244140625,179.74000549316406,179.9600067138672,24808800,QQQ
2018-08-07,172.7752227783203,181.8000030517578,182.13999938964844,181.25999450683594,181.64999389648438,29895700,QQQ
2018-08-08,172.98434448242188,182.02000427246094,182.35000610351562,181.05999755859375,181.5500030517578,22680700,QQQ
2018-08-09,172.8798065185547,181.91000366210938,182.6300048828125,181.63999938964844,181.91000366210938,18852900,QQQ
2018-08-10,171.5587921142578,180.52000427246094,181.22000122070312,179.83999633789062,180.67999267578125,33818500,QQQ
2018-08-13,171.36871337890625,180.32000732421875,182.00999450683594,180.24000549316406,180.85000610351562,26089200,QQQ
2018-08-14,172.44261169433594,181.4499969482422,181.66000366210938,180.0399932861328,181.00999450683594,20913000,QQQ
2018-08-15,170.33282470703125,179.22999572753906,180.5800018310547,178.1199951171875,180.00999450683594,58528000,QQQ
2018-08-16,170.89356994628906,179.82000732421875,180.99000549316406,179.47000122070312,180.61000061035156,27711800,QQQ
2018-08-17,170.93153381347656,179.86000061035156,180.30999755859375,178.27000427246094,179.35000610351562,36092600,QQQ
2018-08-20,170.7794952392578,179.6999969482422,180.3300018310547,179.0,180.25999450683594,24939000,QQQ
2018-08-21,171.40676879882812,180.36000061035156,181.44000244140625,180.1300048828125,180.24000549316406,26258700,QQQ
2018-08-22,172.0719757080078,181.05999755859375,181.27000427246094,179.75,179.97999572753906,18042400,QQQ
2018-08-23,171.82493591308594,180.8000030517578,182.0500030517578,180.5,180.74000549316406,25776200,QQQ
2018-08-24,173.42149353027344,182.47999572753906,182.6300048828125,181.36000061035156,181.39999389648438,23136100,QQQ
2018-08-27,175.18914794921875,184.33999633789062,184.33999633789062,183.11000061035156,183.39999389648438,29343600,QQQ
2018-08-28,175.44577026367188,184.61000061035156,185.02000427246094,184.22000122070312,184.8300018310547,20277000,QQQ
2018-08-29,177.4700164794922,186.74000549316406,186.83999633789062,184.86000061035156,184.92999267578125,29175600,QQQ
2018-08-30,177.15643310546875,186.41000366210938,187.52000427246094,185.7899932861328,186.3800048828125,29315500,QQQ
2018-08-31,177.38450622558594,186.64999389648438,187.17999267578125,185.97999572753906,186.17999267578125,28653200,QQQ
2018-09-04,176.62423706054688,185.85000610351562,186.39999389648438,184.85000610351562,186.0800018310547,29063500,QQQ
2018-09-05,174.34332275390625,183.4499969482422,185.5500030517578,182.82000732421875,185.52000427246094,42623300,QQQ
2018-09-06,172.7847442626953,181.80999755859375,183.75,180.5800018310547,183.52999877929688,46091400,QQQ
2018-09-07,172.11949157714844,181.11000061035156,182.6699981689453,180.44000244140625,180.5,46629500,QQQ
2018-09-10,172.69923400878906,181.72000122070312,182.25,180.72999572753906,182.14999389648438,26132000,QQQ
2018-09-11,174.02969360351562,183.1199951171875,183.4199981689453,180.52000427246094,180.99000549316406,30116500,QQQ
2018-09-12,173.51654052734375,182.5800018310547,182.97999572753906,181.00999450683594,182.85000610351562,36204000,QQQ
2018-09-13,175.36973571777344,184.52999877929688,184.8800048828125,183.63999938964844,183.72000122070312,31133200,QQQ
2018-09-14,174.85658264160156,183.99000549316406,184.9499969482422,183.25999450683594,184.66000366210938,31224100,QQQ
2018-09-17,172.33807373046875,181.33999633789062,183.80999755859375,181.1699981689453,183.67999267578125,33071200,QQQ
2018-09-18,173.76361083984375,182.83999633789062,183.72999572753906,181.39999389648438,181.49000549316406,31877300,QQQ
2018-09-19,173.63055419921875,182.6999969482422,183.3000030517578,181.50999450683594,182.8699951171875,31843400,QQQ
2018-09-20,175.55029296875,184.72000122070312,184.97000122070312,183.52000427246094,183.9600067138672,33295800,QQQ
2018-09-21,174.5904998779297,183.7100067138672,185.47999572753906,183.47999572753906,185.22000122070312,38605400,QQQ
2018-09-24,175.07598876953125,183.88999938964844,183.9600067138672,181.3000030517578,182.0500030517578,34945600,QQQ
2018-09-25,175.31402587890625,184.13999938964844,184.27999877929688,183.17999267578125,183.80999755859375,25277500,QQQ
2018-09-26,175.4377899169922,184.27000427246094,185.99000549316406,183.91000366210938,184.3000030517578,36210600,QQQ
2018-09-27,176.9230194091797,185.8300018310547,186.49000549316406,184.9199981689453,185.02000427246094,33113300,QQQ
2018-09-28,176.88491821289062,185.7899932861328,186.27999877929688,184.97000122070312,185.30999755859375,28076800,QQQ
2018-10-01,177.24671936035156,186.1699981689453,187.52999877929688,185.6999969482422,186.8699951171875,27371300,QQQ
2018-10-02,176.84683227539062,185.75,187.17999267578125,185.32000732421875,186.00999450683594,25618600,QQQ
2018-10-03,177.0372314453125,185.9499969482422,186.97000122070312,185.66000366210938,186.52999877929688,29128700,QQQ
2018-10-04,173.63833618164062,182.3800048828125,185.32000732421875,181.05999755859375,185.1999969482422,80557300,QQQ
2018-10-05,171.5151824951172,180.14999389648438,182.97000122070312,178.42999267578125,182.36000061035156,83325600,QQQ
2018-10-08,170.468017578125,179.0500030517578,180.63999938964844,176.92999267578125,179.52000427246094,66864500,QQQ
2018-10-09,171.02015686035156,179.6300048828125,181.02000427246094,178.75,179.17999267578125,49097900,QQQ
2018-10-10,163.49879455566406,171.72999572753906,178.6199951171875,171.5,178.50999450683594,114471100,QQQ
2018-10-11,161.47093200683594,169.60000610351562,173.39999389648438,167.80999755859375,171.02000427246094,143084500,QQQ
2018-10-12,165.9646759033203,174.32000732421875,174.86000061035156,170.92999267578125,174.1699981689453,102078400,QQQ
2018-10-15,163.95582580566406,172.2100067138672,174.0399932861328,171.55999755859375,173.7100067138672,64885300,QQQ
2018-10-16,168.72569274902344,177.22000122070312,177.64999389648438,173.6999969482422,174.02000427246094,71979700,QQQ
2018-10-17,168.79232788085938,177.2899932861328,178.25999450683594,175.47000122070312,178.0800018310547,66987600,QQQ
2018-10-18,164.8793182373047,173.17999267578125,176.67999267578125,172.44000244140625,176.6199951171875,82486200,QQQ
2018-10-19,164.7270050048828,173.02000427246094,176.07000732421875,172.38999938964844,174.5800018310547,82923700,QQQ
2018-10-22,165.57435607910156,173.91000366210938,175.25,172.58999633789062,174.05999755859375,52909300,QQQ
2018-10-23,164.9650421142578,173.27000427246094,174.1300048828125,168.82000732421875,170.63999938964844,77567000,QQQ
2018-10-24,157.4151153564453,165.33999633789062,173.36000061035156,165.0399932861328,173.07000732421875,102997400,QQQ
2018-10-25,162.86093139648438,171.05999755859375,172.0800018310547,167.16000366210938,167.91000366210938,83481100,QQQ
2018-10-26,158.6718292236328,166.66000366210938,169.9600067138672,164.22999572753906,165.1999969482422,130970900,QQQ
2018-10-29,155.40625,163.22999572753906,169.86000061035156,160.08999633789062,169.2100067138672,111871900,QQQ
2018-10-30,157.96730041503906,165.9199981689453,166.0399932861328,162.00999450683594,162.75,92584000,QQQ
2018-10-31,161.68035888671875,169.82000732421875,171.25,168.5399932861328,168.6199951171875,73828600,QQQ
2018-11-01,163.81295776367188,172.05999755859375,172.24000549316406,168.77999877929688,170.07000732421875,52706800,QQQ
2018-11-02,161.261474609375,169.3800048828125,172.5500030517578,168.22000122070312,171.52999877929688,75966800,QQQ
2018-11-05,160.8616180419922,168.9600067138672,169.66000366210938,167.0800018310547,169.60000610351562,39573500,QQQ
2018-11-06,162.08021545410156,170.24000549316406,171.19000244140625,168.72000122070312,168.97000122070312,34410400,QQQ
2018-11-07,167.16427612304688,175.5800018310547,175.5800018310547,171.8699951171875,172.27999877929688,51169600,QQQ
2018-11-08,166.09796142578125,174.4600067138672,175.3000030517578,173.6300048828125,174.75999450683594,40296500,QQQ
2018-11-09,163.29888916015625,171.52000427246094,173.25,170.16000366210938,172.8300018310547,50602700,QQQ
2018-11-12,158.357666015625,166.3300018310547,170.63999938964844,166.17999267578125,170.32000732421875,62578400,QQQ
2018-11-13,158.49095153808594,166.47000122070312,169.47999572753906,166.0,167.11000061035156,64128100,QQQ
2018-11-14,157.2818145751953,165.1999969482422,168.6999969482422,164.25,168.1199951171875,75270700,QQQ
2018-11-15,160.0332794189453,168.08999633789062,168.5399932861328,163.4600067138672,164.89999389648438,73254300,QQQ
2018-11-16,159.47161865234375,167.5,168.30999755859375,165.77999877929688,166.4499969482422,65390700,QQQ
2018-11-19,154.2922821044922,162.05999755859375,166.89999389648438,161.5399932861328,166.6999969482422,67280500,QQQ
2018-11-20,151.53131103515625,159.16000366210938,161.3800048828125,157.1300048828125,158.3699951171875,102652800,QQQ
2018-11-21,152.6832733154297,160.3699951171875,161.97000122070312,159.22999572753906,161.35000610351562,42965800,QQQ
2018-11-23,151.5789337158203,159.2100067138672,160.83999633789062,159.08999633789062,159.08999633789062,23503700,QQQ
2018-11-26,155.08251953125,162.88999938964844,162.97000122070312,160.75999450683594,161.44000244140625,42012600,QQQ
2018-11-27,155.606201171875,163.44000244140625,163.85000610351562,161.17999267578125,162.0,36608100,QQQ
2018-11-28,160.6140899658203,168.6999969482422,168.6999969482422,163.47000122070312,164.6199951171875,70141000,QQQ
2018-11-29,160.0904541015625,168.14999389648438,169.25999450683594,166.82000732421875,167.99000549316406,44885700,QQQ
2018-11-30,161.25192260742188,169.3699951171875,169.47000122070312,167.5399932861328,168.3800048828125,36722800,QQQ
2018-12-03,164.070068359375,172.3300018310547,173.30999755859375,169.50999450683594,173.11000061035156,50771700,QQQ
2018-12-04,157.77685546875,165.72000122070312,171.91000366210938,165.52000427246094,171.42999267578125,70594700,QQQ
2018-12-06,158.8908233642578,166.88999938964844,166.91000366210938,161.77000427246094,162.3800048828125,71715500,QQQ
2018-12-07,153.6448974609375,161.3800048828125,167.1199951171875,160.86000061035156,166.16000366210938,80432200,QQQ
2018-12-10,155.25392150878906,163.07000732421875,163.77999877929688,159.41000366210938,161.0800018310547,73960800,QQQ
2018-12-11,155.76806640625,163.61000061035156,165.77000427246094,162.22999572753906,165.72999572753906,59058300,QQQ
2018-12-12,157.1390380859375,165.0500030517578,167.60000610351562,164.9600067138672,166.0,53780000,QQQ
2018-12-13,157.1865997314453,165.10000610351562,166.82000732421875,164.02999877929688,166.1300048828125,46378500,QQQ
2018-12-14,153.35931396484375,161.0800018310547,163.80999755859375,160.6999969482422,163.2100067138672,56547400,QQQ
2018-12-17,149.8842315673828,157.42999267578125,161.6699981689453,156.1699981689453,160.38999938964844,74834100,QQQ
2018-12-18,150.82681274414062,158.4199981689453,159.9499969482422,157.0399932861328,158.64999389648438,63642100,QQQ
2018-12-19,147.12327575683594,154.52999877929688,160.72000122070312,153.33999633789062,158.17999267578125,81856500,QQQ
2018-12-20,144.99058532714844,152.2899932861328,155.8699951171875,150.38999938964844,154.14999389648438,99002100,QQQ
2018-12-21,140.49685668945312,147.57000732421875,154.08999633789062,146.72000122070312,153.0500030517578,141129400,QQQ
2018-12-24,137.01284790039062,143.5,147.97999572753906,143.4600067138672,146.0800018310547,56163300,QQQ
2018-12-26,145.5677490234375,152.4600067138672,152.5399932861328,144.08999633789062,145.0800018310547,98982100,QQQ
2018-12-27,146.131103515625,153.0500030517578,153.17999267578125,147.0800018310547,150.3699951171875,85824300,QQQ
2018-12-28,146.0546875,152.97000122070312,155.58999633789062,151.72000122070312,154.14999389648438,77856600,QQQ
2018-12-31,147.28639221191406,154.25999450683594,154.97999572753906,152.7100067138672,154.47000122070312,53015300,QQQ
2019-01-02,147.8783416748047,154.8800048828125,155.75,150.8800048828125,150.99000549316406,58576700,QQQ
2019-01-03,143.04710388183594,149.82000732421875,153.25999450683594,149.49000549316406,152.60000610351562,74820200,QQQ
2019-01-04,149.16732788085938,156.22999572753906,157.0,151.74000549316406,152.33999633789062,74709300,QQQ
2019-01-07,150.9431915283203,158.08999633789062,158.86000061035156,156.11000061035156,156.6199951171875,52059300,QQQ
2019-01-08,152.30860900878906,159.52000427246094,160.11000061035156,157.1999969482422,159.5399932861328,49388700,QQQ
2019-01-09,153.54981994628906,160.82000732421875,161.52000427246094,159.47000122070312,160.13999938964844,46491700,QQQ
2019-01-10,153.98902893066406,161.27999877929688,161.3699951171875,158.6999969482422,159.60000610351562,38943400,QQQ
2019-01-11,153.42572021484375,160.69000244140625,160.86000061035156,159.7899932861328,160.3300018310547,30176600,QQQ
2019-01-14,152.0699005126953,159.27000427246094,159.9600067138672,158.58999633789062,159.3300018310547,30710200,QQQ
2019-01-15,155.03933715820312,162.3800048828125,162.60000610351562,159.91000366210938,160.0,40874200,QQQ
2019-01-16,155.01068115234375,162.35000610351562,163.77999877929688,162.2899932861328,162.64999389648438,33812200,QQQ
2019-01-17,156.2327880859375,163.6300048828125,164.36000061035156,161.57000732421875,161.8300018310547,39329000,QQQ
2019-01-18,157.77955627441406,165.25,166.02000427246094,163.82000732421875,164.77999877929688,57183200,QQQ
2019-01-22,154.6191864013672,161.94000244140625,164.13999938964844,160.75999450683594,164.05999755859375,56711700,QQQ
2019-01-23,154.81961059570312,162.14999389648438,163.50999450683594,160.32000732421875,162.77000427246094,38106100,QQQ
2019-01-24,155.82225036621094,163.1999969482422,163.44000244140625,162.05999755859375,162.67999267578125,32417800,QQQ
2019-01-25,157.68408203125,165.14999389648438,165.64999389648438,163.9499969482422,164.50999450683594,36515900,QQQ
2019-01-28,155.73626708984375,163.11000061035156,163.1199951171875,161.75,163.02000427246094,33491200,QQQ
2019-01-29,154.2659149169922,161.57000732421875,163.24000549316406,160.99000549316406,163.1999969482422,30784200,QQQ
2019-01-30,158.19009399414062,165.67999267578125,166.27999877929688,162.88999938964844,163.39999389648438,41346500,QQQ
2019-01-31,160.55801391601562,168.16000366210938,168.99000549316406,166.47000122070312,166.6999969482422,37258400,QQQ
2019-02-01,159.8800811767578,167.4499969482422,168.60000610351562,166.99000549316406,167.3300018310547,32143700,QQQ
2019-02-04,161.8660125732422,169.52999877929688,169.52999877929688,167.3300018310547,167.47999572753906,26718800,QQQ
2019-02-05,163.29820251464844,171.02999877929688,171.22999572753906,169.69000244140625,169.75999450683594,28156400,QQQ
2019-02-06,162.811279296875,170.52000427246094,171.3699951171875,169.75,171.07000732421875,27970000,QQQ
2019-02-07,160.62484741210938,168.22999572753906,169.4499969482422,166.9499969482422,169.02999877929688,42036200,QQQ
2019-02-08,160.93992614746094,168.55999755859375,168.58999633789062,166.57000732421875,166.75999450683594,29020700,QQQ
2019-02-11,160.78712463378906,168.39999389648438,169.5800018310547,167.97999572753906,169.1699981689453,21434100,QQQ
2019-02-12,163.16456604003906,170.88999938964844,171.13999938964844,169.3300018310547,169.6300048828125,29722100,QQQ
2019-02-13,163.27915954589844,171.00999450683594,172.16000366210938,170.82000732421875,171.64999389648438,26094100,QQQ
2019-02-14,163.47967529296875,171.22000122070312,171.8300018310547,169.8300018310547,170.39999389648438,30326800,QQQ
2019-02-15,164.1671142578125,171.94000244140625,172.55999755859375,171.13999938964844,172.52000427246094,32521700,QQQ
2019-02-19,164.49172973632812,172.27999877929688,172.8000030517578,171.3800048828125,171.41000366210938,19487700,QQQ
2019-02-20,164.46311950683594,172.25,173.0800018310547,171.32000732421875,172.39999389648438,32593000,QQQ
2019-02-21,163.86154174804688,171.6199951171875,172.25999450683594,170.7100067138672,171.7899932861328,25207400,QQQ
2019-02-22,165.07415771484375,172.88999938964844,173.00999450683594,171.89999389648438,171.99000549316406,27735400,QQQ
2019-02-25,165.6757049560547,173.52000427246094,174.66000366210938,173.39999389648438,174.2100067138672,32608800,QQQ
2019-02-26,165.84750366210938,173.6999969482422,174.25,172.80999755859375,173.10000610351562,21939700,QQQ
2019-02-27,165.74253845214844,173.58999633789062,173.8000030517578,171.75999450683594,172.89999389648438,25162000,QQQ
2019-02-28,165.36058044433594,173.19000244140625,173.80999755859375,172.6999969482422,173.0500030517578,25085500,QQQ
2019-03-01,166.50633239746094,174.38999938964844,174.64999389648438,173.17999267578125,174.44000244140625,31431200,QQQ
2019-03-04,166.53500366210938,174.4199981689453,175.7899932861328,172.47000122070312,175.5399932861328,38063500,QQQ
2019-03-05,166.65908813476562,174.5500030517578,175.08999633789062,173.69000244140625,174.5500030517578,22319900,QQQ
2019-03-06,165.71389770507812,173.55999755859375,174.75,173.27999877929688,174.72000122070312,27194600,QQQ
2019-03-07,163.68016052246094,171.42999267578125,173.17999267578125,170.7899932861328,173.1199951171875,39407400,QQQ
2019-03-08,163.4319305419922,171.1699981689453,171.25999450683594,169.33999633789062,169.50999450683594,39303200,QQQ
2019-03-11,166.83099365234375,174.72999572753906,174.85000610351562,171.85000610351562,171.8800048828125,30518400,QQQ
2019-03-12,167.74754333496094,175.69000244140625,176.13999938964844,174.77000427246094,175.19000244140625,33953500,QQQ
2019-03-13,169.00791931152344,177.00999450683594,177.92999267578125,176.35000610351562,176.60000610351562,42426100,QQQ
2019-03-14,168.72149658203125,176.7100067138672,177.33999633789062,176.66000366210938,177.1300048828125,23751500,QQQ
2019-03-15,170.2873077392578,178.35000610351562,178.8800048828125,177.27999877929688,177.39999389648438,38192000,QQQ
2019-03-18,170.6929473876953,178.4499969482422,178.99000549316406,177.58999633789062,177.9499969482422,32935100,QQQ
2019-03-19,171.26681518554688,179.0500030517578,180.0,178.2899932861328,179.17999267578125,36893300,QQQ
2019-03-20,171.94595336914062,179.75999450683594,180.86000061035156,178.24000549316406,179.05999755859375,50105000,QQQ
2019-03-21,174.63380432128906,182.57000732421875,182.8300018310547,179.1999969482422,179.22000122070312,42428500,QQQ
2019-03-22,170.79808044433594,178.55999755859375,182.27000427246094,178.3699951171875,181.77999877929688,70794500,QQQ
2019-03-25,170.4728240966797,178.22000122070312,178.83999633789062,176.92999267578125,177.91000366210938,46336500,QQQ
2019-03-26,171.26681518554688,179.0500030517578,180.69000244140625,178.13999938964844,179.60000610351562,33248100,QQQ
2019-03-27,170.1667938232422,177.89999389648438,179.72000122070312,176.60000610351562,179.32000732421875,37096700,QQQ
2019-03-28,170.55899047851562,178.30999755859375,178.97999572753906,177.24000549316406,178.36000061035156,30368200,QQQ
2019-03-29,171.85028076171875,179.66000366210938,179.8300018310547,178.58999633789062,179.69000244140625,35205500,QQQ
2019-04-01,174.12684631347656,182.0399932861328,182.25999450683594,180.77000427246094,181.50999450683594,30969500,QQQ
2019-04-02,174.786865234375,182.72999572753906,182.91000366210938,181.77999877929688,182.24000549316406,22645200,QQQ
2019-04-03,175.7911834716797,183.77999877929688,184.9199981689453,183.2100067138672,183.75999450683594,31633500,QQQ
2019-04-04,175.7242431640625,183.7100067138672,184.5,182.64999389648438,183.8300018310547,28530800,QQQ
2019-04-05,176.6329345703125,184.66000366210938,184.77000427246094,184.02000427246094,184.24000549316406,25674700,QQQ
2019-04-08,177.08253479003906,185.1300048828125,185.27999877929688,183.6300048828125,184.36000061035156,22697500,QQQ
2019-04-09,176.4607696533203,184.47999572753906,185.11000061035156,184.08999633789062,184.5,25631900,QQQ
2019-04-10,177.40773010253906,185.47000122070312,185.52999877929688,184.52000427246094,184.72000122070312,24563000,QQQ
2019-04-11,176.98681640625,185.02999877929688,185.77999877929688,184.69000244140625,185.77999877929688,20654100,QQQ
2019-04-12,177.7520751953125,185.8300018310547,185.9499969482422,185.05999755859375,185.85000610351562,24989100,QQQ
2019-04-15,177.7808380126953,185.86000061035156,186.07000732421875,184.6199951171875,185.83999633789062,21073000,QQQ
2019-04-16,178.39295959472656,186.5,186.91000366210938,185.92999267578125,186.5399932861328,27195700,QQQ
2019-04-17,179.01467895507812,187.14999389648438,187.92999267578125,186.60000610351562,187.75,29651600,QQQ
2019-04-18,179.2442626953125,187.38999938964844,187.7899932861328,186.2899932861328,187.4600067138672,28580900,QQQ
2019-04-22,179.75123596191406,187.9199981689453,187.99000549316406,186.42999267578125,186.57000732421875,17936000,QQQ
2019-04-23,182.03736877441406,190.30999755859375,190.5399932861328,188.1300048828125,188.39999389648438,33665600,QQQ
2019-04-24,181.4634552001953,189.7100067138672,190.7100067138672,189.64999389648438,190.47000122070312,24977100,QQQ
2019-04-25,182.19996643066406,190.47999572753906,191.22000122070312,189.4499969482422,191.1300048828125,29517500,QQQ
2019-04-26,182.36257934570312,190.64999389648438,190.69000244140625,188.58999633789062,190.17999267578125,26359500,QQQ
2019-04-29,182.7165069580078,191.02000427246094,191.32000732421875,190.33999633789062,190.64999389648438,21716200,QQQ
2019-04-30,181.30078125,189.5399932861328,189.85000610351562,188.2100067138672,189.47999572753906,31495300,QQQ
2019-05-01,180.71734619140625,188.92999267578125,191.32000732421875,188.8000030517578,190.77999877929688,34797100,QQQ
2019-05-02,179.93296813964844,188.11000061035156,189.85000610351562,186.8699951171875,188.8699951171875,44110100,QQQ
2019-05-03,182.8025665283203,191.11000061035156,191.25,189.3300018310547,189.6699981689453,30386200,QQQ
2019-05-06,181.68345642089844,189.94000244140625,190.1999969482422,186.75999450683594,187.0500030517578,38371800,QQQ
2019-05-07,178.144287109375,186.24000549316406,188.6699981689453,184.50999450683594,187.8699951171875,58818100,QQQ
2019-05-08,177.69471740722656,185.77000427246094,187.1699981689453,184.9600067138672,185.6300048828125,37165300,QQQ
2019-05-09,176.7382354736328,184.77000427246094,185.41000366210938,182.08999633789062,183.6999969482422,55351700,QQQ
2019-05-10,176.95819091796875,185.0,185.88999938964844,181.02999877929688,184.11000061035156,58526400,QQQ
2019-05-13,170.8172149658203,178.5800018310547,181.25999450683594,178.05999755859375,180.2899932861328,67185800,QQQ
2019-05-14,172.69203186035156,180.5399932861328,181.6300048828125,178.86000061035156,179.52000427246094,43360600,QQQ
2019-05-15,175.13119506835938,183.08999633789062,183.5500030517578,179.30999755859375,179.35000610351562,40944500,QQQ
2019-05-16,176.89122009277344,184.92999267578125,186.07000732421875,182.9499969482422,183.1699981689453,39281200,QQQ
2019-05-17,175.0834197998047,183.0399932861328,185.5800018310547,182.8800048828125,183.10000610351562,44702300,QQQ
2019-05-20,172.12771606445312,179.9499969482422,181.17999267578125,179.33999633789062,180.49000549316406,38608300,QQQ
2019-05-21,173.9259490966797,181.8300018310547,182.3300018310547,180.9199981689453,181.5,31613800,QQQ
2019-05-22,173.1511993408203,181.02000427246094,182.07000732421875,180.75,180.82000732421875,24332600,QQQ
2019-05-23,170.50160217285156,178.25,179.02000427246094,177.13999938964844,178.94000244140625,45351300,QQQ
2019-05-24,170.41549682617188,178.16000366210938,179.85000610351562,177.94000244140625,179.2100067138672,25903300,QQQ
2019-05-28,169.77462768554688,177.49000549316406,179.66000366210938,177.47000122070312,178.66000366210938,24763800,QQQ
2019-05-29,168.37808227539062,176.02999877929688,177.0,175.08999633789062,176.38999938964844,42178800,QQQ
2019-05-30,169.0859375,176.77000427246094,177.27000427246094,175.77000427246094,176.5,30354800,QQQ
2019-05-31,166.3885040283203,173.9499969482422,175.2899932861328,173.8699951171875,174.69000244140625,45446200,QQQ
2019-06-03,162.72503662109375,170.1199951171875,173.9499969482422,169.27000427246094,173.47999572753906,75842300,QQQ
2019-06-04,167.30677795410156,174.91000366210938,174.97000122070312,171.3699951171875,172.02999877929688,47797800,QQQ
2019-06-05,168.5502166748047,176.2100067138672,176.61000061035156,174.3800048828125,176.5800018310547,34412700,QQQ
2019-06-06,169.88938903808594,177.61000061035156,178.0399932861328,175.72999572753906,176.50999450683594,29913200,QQQ
2019-06-07,173.17031860351562,181.0399932861328,181.77000427246094,178.3300018310547,178.55999755859375,45888300,QQQ
2019-06-10,175.18858337402344,183.14999389648438,184.85000610351562,182.2100067138672,182.25,41385300,QQQ
2019-06-11,175.42767333984375,183.39999389648438,185.39999389648438,182.77999877929688,185.05999755859375,41260300,QQQ
2019-06-12,174.41378784179688,182.33999633789062,183.27999877929688,182.0,182.89999389648438,27758100,QQQ
2019-06-13,175.44686889648438,183.4199981689453,183.8699951171875,182.74000549316406,183.10000610351562,23715800,QQQ
2019-06-14,174.70074462890625,182.63999938964844,183.11000061035156,181.94000244140625,182.47999572753906,22844100,QQQ
2019-06-17,175.75296020507812,183.74000549316406,184.25,182.83999633789062,183.0399932861328,20379500,QQQ
2019-06-18,178.30691528320312,186.41000366210938,187.72000122070312,185.42999267578125,185.91000366210938,48177300,QQQ
2019-06-19,178.9763946533203,187.11000061035156,187.52999877929688,185.57000732421875,186.66000366210938,31672900,QQQ
2019-06-20,180.64085388183594,188.85000610351562,189.75999450683594,187.16000366210938,189.72000122070312,40922000,QQQ
2019-06-21,180.37298583984375,188.57000732421875,189.77000427246094,188.1699981689453,188.6300048828125,39980400,QQQ
2019-06-24,180.37876892089844,188.16000366210938,188.72000122070312,188.05999755859375,188.52999877929688,19375200,QQQ
2019-06-25,177.2823028564453,184.92999267578125,188.13999938964844,184.64999389648438,188.02999877929688,33921100,QQQ
2019-06-26,178.10675048828125,185.7899932861328,187.3300018310547,185.49000549316406,186.16000366210938,22595700,QQQ
2019-06-27,178.78738403320312,186.5,186.94000244140625,185.99000549316406,186.4600067138672,19709200,QQQ
2019-06-28,179.01748657226562,186.74000549316406,187.14999389648438,186.07000732421875,186.9499969482422,21179200,QQQ
2019-07-01,181.4332275390625,189.25999450683594,190.57000732421875,188.3800048828125,190.32000732421875,31025600,QQQ
2019-07-02,182.15225219726562,190.00999450683594,190.02999877929688,188.66000366210938,189.1999969482422,18035800,QQQ
2019-07-03,183.5231170654297,191.44000244140625,191.44000244140625,190.2899932861328,190.49000549316406,15792100,QQQ
2019-07-05,183.14923095703125,191.0500030517578,191.39999389648438,189.38999938964844,190.1300048828125,21415600,QQQ
2019-07-08,181.86463928222656,189.7100067138672,189.8699951171875,188.92999267578125,189.80999755859375,17598800,QQQ
2019-07-09,182.77537536621094,190.66000366210938,190.89999389648438,188.64999389648438,188.80999755859375,19193500,QQQ
2019-07-10,184.59677124023438,192.55999755859375,193.08999633789062,191.47000122070312,191.82000732421875,28374500,QQQ
2019-07-11,184.4625701904297,192.4199981689453,193.33999633789062,191.80999755859375,192.85000610351562,23736100,QQQ
2019-07-12,185.5266571044922,193.52999877929688,193.5399932861328,192.4499969482422,192.6300048828125,20211900,QQQ
2019-07-15,186.1210479736328,194.14999389648438,194.19000244140625,193.44000244140625,193.97999572753906,15606100,QQQ
2019-07-16,185.16236877441406,193.14999389648438,194.08999633789062,192.55999755859375,193.91000366210938,20190900,QQQ
2019-07-17,184.25167846679688,192.1999969482422,193.49000549316406,192.17999267578125,193.14999389648438,16765100,QQQ
2019-07-18,184.4625701904297,192.4199981689453,192.7899932861328,190.69000244140625,191.2899932861328,28877000,QQQ
2019-07-19,183.11085510253906,191.00999450683594,193.8300018310547,190.80999755859375,193.74000549316406,29387900,QQQ
2019-07-22,184.56802368164062,192.52999877929688,192.94000244140625,191.44000244140625,191.44000244140625,18954900,QQQ
2019-07-23,185.7759552001953,193.7899932861328,193.80999755859375,192.2899932861328,193.5800018310547,23786700,QQQ
2019-07-24,187.0796661376953,195.14999389648438,195.16000366210938,193.02999877929688,193.0500030517578,20422900,QQQ
2019-07-25,185.30621337890625,193.3000030517578,194.52000427246094,192.92999267578125,194.49000549316406,23434700,QQQ
2019-07-26,187.21383666992188,195.2899932861328,195.5500030517578,194.42999267578125,194.52999877929688,20431200,QQQ
2019-07-29,186.57159423828125,194.6199951171875,195.17999267578125,193.38999938964844,195.11000061035156,20451700,QQQ
2019-07-30,185.76637268066406,193.77999877929688,194.5399932861328,192.99000549316406,193.1300048828125,18705000,QQQ
2019-07-31,183.19712829589844,191.10000610351562,194.42999267578125,189.32000732421875,194.3000030517578,41627500,QQQ
2019-08-01,182.2864227294922,190.14999389648438,194.97999572753906,189.22999572753906,191.42999267578125,63251600,QQQ
2019-08-02,179.60226440429688,187.35000610351562,188.99000549316406,186.2100067138672,188.72000122070312,55214000,QQQ
2019-08-05,173.25601196289062,180.72999572753906,183.50999450683594,179.1999969482422,183.42999267578125,75040000,QQQ
2019-08-06,175.68136596679688,183.25999450683594,183.8000030517578,181.07000732421875,182.39999389648438,41897200,QQQ
2019-08-07,176.6304168701172,184.25,184.50999450683594,179.88999938964844,181.27000427246094,49990600,QQQ
2019-08-08,180.47463989257812,188.25999450683594,188.32000732421875,184.57000732421875,185.0800018310547,38418100,QQQ
2019-08-09,178.7777862548828,186.49000549316406,188.0,185.02999877929688,187.36000061035156,33608900,QQQ
2019-08-12,176.726318359375,184.35000610351562,185.89999389648438,183.5,185.33999633789062,24642900,QQQ
2019-08-13,180.5992431640625,188.38999938964844,189.67999267578125,184.02000427246094,184.19000244140625,40241900,QQQ
2019-08-14,175.20205688476562,182.75999450683594,185.9499969482422,182.4199981689453,185.36000061035156,51000500,QQQ
2019-08-15,175.000732421875,182.5500030517578,183.58999633789062,181.16000366210938,183.0,36685000,QQQ
2019-08-16,177.80953979492188,185.47999572753906,185.9499969482422,184.10000610351562,184.2100067138672,32781400,QQQ
2019-08-19,180.63755798339844,188.42999267578125,188.8300018310547,187.5,188.16000366210938,22494100,QQQ
2019-08-20,179.23797607421875,186.97000122070312,188.63999938964844,186.9199981689453,187.9600067138672,19902900,QQQ
2019-08-21,180.82928466796875,188.6300048828125,189.22999572753906,187.9600067138672,188.61000061035156,20418500,QQQ
2019-08-22,180.24452209472656,188.02000427246094,189.4600067138672,186.5399932861328,188.97999572753906,24243700,QQQ
2019-08-23,174.5405731201172,182.07000732421875,188.4499969482422,181.55999755859375,186.74000549316406,55372400,QQQ
2019-08-26,177.17686462402344,184.82000732421875,184.8699951171875,183.0800018310547,184.13999938964844,27598900,QQQ
2019-08-27,176.802978515625,184.42999267578125,186.4199981689453,183.7100067138672,186.11000061035156,28012800,QQQ
2019-08-28,177.4356689453125,185.08999633789062,185.39999389648438,182.91000366210938,183.8300018310547,21792400,QQQ
2019-08-29,180.14865112304688,187.9199981689453,188.4600067138672,186.67999267578125,187.38999938964844,25358900,QQQ
2019-08-30,179.71728515625,187.47000122070312,188.97000122070312,186.41000366210938,188.92999267578125,26319800,QQQ
2019-09-03,177.97254943847656,185.64999389648438,187.17999267578125,185.02999877929688,186.22000122070312,27964200,QQQ
2019-09-04,180.54173278808594,188.3300018310547,188.49000549316406,186.89999389648438,187.44000244140625,21592100,QQQ
2019-09-05,183.8490447998047,191.77999877929688,192.3300018310547,190.33999633789062,190.41000366210938,33932600,QQQ
2019-09-06,183.66688537597656,191.58999633789062,192.1699981689453,191.1699981689453,192.10000610351562,19487800,QQQ
2019-09-09,183.28347778320312,191.19000244140625,192.27000427246094,190.22000122070312,192.19000244140625,24407600,QQQ
2019-09-10,182.7561492919922,190.63999938964844,190.74000549316406,188.91000366210938,190.16000366210938,23744700,QQQ
2019-09-11,184.47210693359375,192.42999267578125,192.52999877929688,190.55999755859375,191.0,25063600,QQQ
2019-09-12,185.2390899658203,193.22999572753906,194.7100067138672,192.97000122070312,193.61000061035156,28689900,QQQ
2019-09-13,184.5775909423828,192.5399932861328,193.39999389648438,192.2899932861328,192.9499969482422,27669800,QQQ
2019-09-16,183.75315856933594,191.67999267578125,192.0800018310547,191.11000061035156,191.3000030517578,20319000,QQQ
2019-09-17,184.6351318359375,192.60000610351562,192.60000610351562,191.2899932861328,191.6999969482422,20953400,QQQ
2019-09-18,184.5584259033203,192.52000427246094,192.60000610351562,190.11000061035156,192.1999969482422,29781300,QQQ
2019-09-19,184.8651580810547,192.83999633789062,194.0399932861328,192.47000122070312,192.86000061035156,26039400,QQQ
2019-09-20,182.90956115722656,190.8000030517578,193.30999755859375,190.16000366210938,193.11000061035156,29086100,QQQ
2019-09-23,182.990234375,190.5,191.07000732421875,189.72000122070312,190.36000061035156,22485900,QQQ
2019-09-24,180.5599365234375,187.97000122070312,191.7899932861328,187.14999389648438,191.3699951171875,40820700,QQQ
2019-09-25,182.58677673339844,190.0800018310547,190.5800018310547,186.2100067138672,187.77999877929688,34704900,QQQ
2019-09-26,181.91444396972656,189.3800048828125,190.0,187.97999572753906,189.8300018310547,26826000,QQQ
2019-09-27,179.6570281982422,187.02999877929688,189.8300018310547,185.75,189.72999572753906,40773500,QQQ
2019-09-30,181.36688232421875,188.80999755859375,189.11000061035156,187.39999389648438,187.7899932861328,26307700,QQQ
2019-10-01,179.8875732421875,187.27000427246094,190.58999633789062,186.9600067138672,189.5,32367600,QQQ
2019-10-02,176.7945098876953,184.0500030517578,186.02999877929688,183.02000427246094,186.0,48544300,QQQ
2019-10-03,178.73484802246094,186.07000732421875,186.2100067138672,181.82000732421875,184.02999877929688,39392500,QQQ
2019-10-04,181.36688232421875,188.80999755859375,189.0800018310547,186.8800048828125,187.0800018310547,31887600,QQQ
2019-10-07,180.81932067871094,188.24000549316406,189.74000549316406,187.91000366210938,188.27000427246094,21216000,QQQ
2019-10-08,178.1105194091797,185.4199981689453,187.86000061035156,185.27000427246094,187.05999755859375,32379300,QQQ
2019-10-09,179.84915161132812,187.22999572753906,188.0800018310547,186.42999267578125,186.99000549316406,20147400,QQQ
2019-10-10,181.2419891357422,188.67999267578125,189.42999267578125,187.1199951171875,187.27999877929688,25177700,QQQ
2019-10-11,183.57623291015625,191.11000061035156,192.6300048828125,190.72000122070312,190.8300018310547,40976700,QQQ
2019-10-14,183.5570068359375,191.08999633789062,191.6999969482422,190.64999389648438,190.83999633789062,14975000,QQQ
2019-10-15,185.89120483398438,193.52000427246094,193.97000122070312,191.55999755859375,191.67999267578125,23234200,QQQ
2019-10-16,185.4300994873047,193.0399932861328,193.52999877929688,192.42999267578125,192.86000061035156,20457100,QQQ
2019-10-17,185.92002868652344,193.5500030517578,194.5,192.80999755859375,194.1999969482422,19045200,QQQ
2019-10-18,184.13339233398438,191.69000244140625,193.6699981689453,190.7100067138672,193.1999969482422,27700800,QQQ
2019-10-21,185.76632690429688,193.38999938964844,193.52000427246094,192.13999938964844,192.7100067138672,15801200,QQQ
2019-10-22,184.2870330810547,191.85000610351562,194.4199981689453,191.7899932861328,194.14999389648438,22392300,QQQ
2019-10-23,184.64244079589844,192.22000122070312,192.25999450683594,191.14999389648438,191.4600067138672,14828400,QQQ
2019-10-24,186.43873596191406,194.08999633789062,194.2100067138672,192.74000549316406,193.58999633789062,18998500,QQQ
2019-10-25,187.92764282226562,195.63999938964844,195.74000549316406,193.0500030517578,193.08999633789062,21507100,QQQ
2019-10-28,189.78150939941406,197.57000732421875,197.8300018310547,196.5500030517578,196.5500030517578,18818700,QQQ
2019-10-29,188.3118438720703,196.0399932861328,197.5399932861328,196.00999450683594,197.24000549316406,18569700,QQQ
2019-10-30,189.22438049316406,196.99000549316406,197.32000732421875,195.2899932861328,196.4199981689453,21764300,QQQ
2019-10-31,189.31088256835938,197.0800018310547,197.64999389648438,195.94000244140625,197.55999755859375,26801800,QQQ
2019-11-01,191.03030395507812,198.8699951171875,198.8800048828125,197.6300048828125,197.92999267578125,22131900,QQQ
2019-11-04,192.21180725097656,200.10000610351562,200.52999877929688,198.8699951171875,200.19000244140625,19015900,QQQ
2019-11-05,192.31748962402344,200.2100067138672,200.5500030517578,199.5500030517578,200.35000610351562,15048900,QQQ
2019-11-06,191.88519287109375,199.75999450683594,200.0,198.7899932861328,199.97999572753906,19725500,QQQ
2019-11-07,192.52879333496094,200.42999267578125,201.72000122070312,199.85000610351562,200.75999450683594,17832400,QQQ
2019-11-08,193.2972412109375,201.22999572753906,201.25,199.5399932861328,200.07000732421875,15258800,QQQ
2019-11-11,193.03790283203125,200.9600067138672,201.0399932861328,199.94000244140625,200.2100067138672,10147600,QQQ
2019-11-12,193.5950164794922,201.5399932861328,202.2100067138672,200.82000732421875,201.1300048828125,14778300,QQQ
2019-11-13,193.64309692382812,201.58999633789062,201.77999877929688,200.7100067138672,200.83999633789062,15774600,QQQ
2019-11-14,193.48936462402344,201.42999267578125,201.55999755859375,200.22000122070312,200.8300018310547,16945400,QQQ
2019-11-15,194.91102600097656,202.91000366210938,202.91000366210938,202.0,202.64999389648438,18427900,QQQ
2019-11-18,195.0647430419922,203.07000732421875,203.38999938964844,201.77000427246094,202.58999633789062,18365900,QQQ
2019-11-19,195.35289001464844,203.3699951171875,203.83999633789062,202.58999633789062,203.83999633789062,16923300,QQQ
2019-11-20,194.1809844970703,202.14999389648438,203.4499969482422,200.6199951171875,202.83999633789062,36629000,QQQ
2019-11-21,193.74874877929688,201.6999969482422,202.07000732421875,201.07000732421875,201.92999267578125,17883600,QQQ
2019-11-22,193.87359619140625,201.8300018310547,202.32000732421875,200.74000549316406,202.1999969482422,17189600,QQQ
2019-11-25,196.16937255859375,204.22000122070312,204.25999450683594,202.6699981689453,202.6999969482422,17752800,QQQ
2019-11-26,196.54403686523438,204.61000061035156,204.8699951171875,204.0500030517578,204.35000610351562,14780600,QQQ
2019-11-27,197.9176483154297,206.0399932861328,206.0500030517578,204.88999938964844,205.13999938964844,16963100,QQQ
2019-11-29,197.0147247314453,205.10000610351562,205.8300018310547,205.0,205.52000427246094,9854600,QQQ
2019-12-02,194.9974822998047,203.0,205.17999267578125,201.77999877929688,205.11000061035156,28007000,QQQ
2019-12-03,193.4701690673828,201.41000366210938,201.49000549316406,199.22999572753906,200.2100067138672,31104100,QQQ
2019-12-04,194.44993591308594,202.42999267578125,202.91000366210938,202.13999938964844,202.44000244140625,15300100,QQQ
2019-12-05,194.83421325683594,202.8300018310547,203.14999389648438,201.83999633789062,203.14999389648438,14962300,QQQ
2019-12-06,196.9186553955078,205.0,205.14999389648438,204.14999389648438,204.30999755859375,16555300,QQQ
2019-12-09,196.02529907226562,204.07000732421875,205.58999633789062,203.97999572753906,204.6300048828125,13984100,QQQ
2019-12-10,195.86199951171875,203.89999389648438,204.8800048828125,203.44000244140625,204.1699981689453,21799800,QQQ
2019-12-11,196.89942932128906,204.97999572753906,205.19000244140625,204.0399932861328,204.36000061035156,18780800,QQQ
2019-12-12,198.36911010742188,206.50999450683594,207.32000732421875,204.49000549316406,204.77000427246094,32612000,QQQ
2019-12-13,199.0223388671875,207.19000244140625,207.91000366210938,205.9600067138672,206.39999389648438,32519400,QQQ
2019-12-16,201.0203094482422,209.27000427246094,209.52999877929688,208.47999572753906,208.5500030517578,21296600,QQQ
2019-12-17,201.1356201171875,209.38999938964844,209.7100067138672,209.0399932861328,209.5399932861328,15996100,QQQ
2019-12-18,201.2892303466797,209.5500030517578,210.1300048828125,209.3300018310547,209.57000732421875,15443300,QQQ
2019-12-19,202.54762268066406,210.86000061035156,210.92999267578125,209.6199951171875,209.63999938964844,17865900,QQQ
2019-12-20,203.36412048339844,211.7100067138672,212.52000427246094,211.27000427246094,211.86000061035156,27672600,QQQ
2019-12-23,203.9013214111328,211.80999755859375,212.14999389648438,211.6300048828125,212.0,23774700,QQQ
2019-12-24,204.0072021484375,211.9199981689453,212.08999633789062,211.44000244140625,212.0,7089000,QQQ
2019-12-26,205.80734252929688,213.7899932861328,213.80999755859375,212.22999572753906,212.25999450683594,17067500,QQQ
2019-12-27,205.634033203125,213.61000061035156,214.55999755859375,213.0399932861328,214.5399932861328,18134100,QQQ
2019-12-30,204.2863311767578,212.2100067138672,213.6300048828125,211.16000366210938,213.5,21815500,QQQ
2019-12-31,204.6714324951172,212.61000061035156,212.75999450683594,211.1999969482422,211.52999877929688,18170900,QQQ
2020-01-02,208.08888244628906,216.16000366210938,216.16000366210938,213.97999572753906,214.39999389648438,30969400,QQQ
2020-01-03,206.18276977539062,214.17999267578125,215.47000122070312,213.27999877929688,213.3000030517578,27518900,QQQ
2020-01-06,207.5112762451172,215.55999755859375,215.58999633789062,212.24000549316406,212.5,21655300,QQQ
2020-01-07,207.4823760986328,215.52999877929688,216.13999938964844,214.85000610351562,215.63999938964844,22139300,QQQ
2020-01-08,209.0419158935547,217.14999389648438,218.13999938964844,215.16000366210938,215.5,26397300,QQQ
2020-01-09,210.81321716308594,218.99000549316406,219.41000366210938,217.7100067138672,218.94000244140625,23547000,QQQ
2020-01-10,210.27410888671875,218.42999267578125,219.8699951171875,218.0399932861328,219.85000610351562,21898500,QQQ
2020-01-13,212.69998168945312,220.9499969482422,220.97999572753906,218.97999572753906,219.3300018310547,22756900,QQQ
2020-01-14,211.8625030517578,220.0800018310547,221.2100067138672,219.74000549316406,220.83999633789062,24418100,QQQ
2020-01-15,211.94915771484375,220.1699981689453,221.1999969482422,219.4499969482422,220.1999969482422,25742100,QQQ
2020-01-16,213.9803924560547,222.27999877929688,222.32000732421875,220.8000030517578,221.27000427246094,18805000,QQQ
2020-01-17,215.03927612304688,223.3800048828125,223.55999755859375,222.1199951171875,223.27999877929688,24325200,QQQ
2020-01-21,214.94300842285156,223.27999877929688,223.83999633789062,222.66000366210938,222.75999450683594,21146300,QQQ
2020-01-22,215.51097106933594,223.8699951171875,225.14999389648438,223.58999633789062,224.41000366210938,20736400,QQQ
2020-01-23,216.2041473388672,224.58999633789062,224.69000244140625,222.6999969482422,223.74000549316406,26496100,QQQ
2020-01-24,214.3846893310547,222.6999969482422,225.8800048828125,221.6699981689453,225.63999938964844,37436500,QQQ
2020-01-27,209.95640563964844,218.10000610351562,219.27999877929688,217.17999267578125,217.6699981689453,42264400,QQQ
2020-01-28,213.1813507080078,221.4499969482422,221.9600067138672,219.05999755859375,219.63999938964844,26731900,QQQ
2020-01-29,213.5279083251953,221.80999755859375,222.92999267578125,220.8300018310547,222.67999267578125,28924500,QQQ
2020-01-30,214.2884063720703,222.60000610351562,222.6999969482422,219.69000244140625,220.3800048828125,39568100,QQQ
2020-01-31,210.89022827148438,219.07000732421875,223.55999755859375,218.2899932861328,223.52999877929688,52015800,QQQ
2020-02-03,214.07662963867188,222.3800048828125,222.88999938964844,219.99000549316406,220.13999938964844,25408600,QQQ
2020-02-04,218.97657775878906,227.47000122070312,227.86000061035156,224.64999389648438,225.4199981689453,30691200,QQQ
2020-02-05,219.6985626220703,228.22000122070312,230.25,226.85000610351562,230.2100067138672,38534800,QQQ
2020-02-06,221.5950164794922,230.19000244140625,230.25,227.97999572753906,228.7899932861328,22467100,QQQ
2020-02-07,220.6419677734375,229.1999969482422,230.44000244140625,228.5399932861328,229.16000366210938,25884900,QQQ
2020-02-10,223.3085479736328,231.97000122070312,231.97999572753906,228.3800048828125,228.44000244140625,21478900,QQQ
2020-02-11,223.34706115722656,232.00999450683594,234.02000427246094,231.39999389648438,233.25,30198000,QQQ
2020-02-12,225.52264404296875,234.27000427246094,234.3800048828125,232.8000030517578,233.3800048828125,24471300,QQQ
2020-02-13,225.23387145996094,233.97000122070312,234.92999267578125,232.36000061035156,232.63999938964844,22773200,QQQ
2020-02-14,225.87887573242188,234.63999938964844,234.86000061035156,233.5500030517578,234.33999633789062,23438500,QQQ
2020-02-18,225.96546936035156,234.72999572753906,235.1699981689453,233.25,233.5,24394500,QQQ
2020-02-19,228.13148498535156,236.97999572753906,237.47000122070312,235.85000610351562,236.1300048828125,22230500,QQQ
2020-02-20,226.01361083984375,234.77999877929688,236.9499969482422,231.8800048828125,236.4600067138672,42604000,QQQ
2020-02-21,221.67202758789062,230.27000427246094,234.00999450683594,229.32000732421875,233.61000061035156,66017200,QQQ
2020-02-24,213.12353515625,221.38999938964844,224.25,220.25999450683594,221.67999267578125,84522600,QQQ
2020-02-25,207.32839965820312,215.3699951171875,223.99000549316406,214.74000549316406,223.25,97743000,QQQ
2020-02-26,208.3969268798828,216.47999572753906,220.27999877929688,214.89999389648438,216.7100067138672,79537700,QQQ
2020-02-27,197.961669921875,205.63999938964844,216.4199981689453,205.5,210.89999389648438,121822600,QQQ
2020-02-28,198.11569213867188,205.8000030517578,207.1699981689453,198.1699981689453,198.63999938964844,148173700,QQQ
2020-03-02,208.33914184570312,216.4199981689453,216.57000732421875,205.94000244140625,208.8800048828125,112933900,QQQ
2020-03-03,201.65829467773438,209.47999572753906,219.61000061035156,207.6199951171875,217.11000061035156,131953500,QQQ
2020-03-04,210.0719451904297,218.22000122070312,218.3300018310547,211.3699951171875,213.32000732421875,73086200,QQQ
2020-03-05,203.68951416015625,211.58999633789062,216.36000061035156,210.10000610351562,212.69000244140625,78705500,QQQ
2020-03-06,200.25282287597656,208.02000427246094,209.14999389648438,202.91000366210938,204.6699981689453,89828400,QQQ
2020-03-09,186.3423614501953,193.57000732421875,201.16000366210938,192.11000061035156,193.47999572753906,116424000,QQQ
2020-03-10,196.48878479003906,204.11000061035156,204.3000030517578,193.67999267578125,201.11000061035156,100599200,QQQ
2020-03-11,187.93075561523438,195.22000122070312,200.75,192.72999572753906,199.35000610351562,89168800,QQQ
2020-03-12,170.69912719726562,177.32000732421875,190.77999877929688,176.94000244140625,182.08999633789062,137820700,QQQ
2020-03-13,185.1582794189453,192.33999633789062,194.47999572753906,178.1300048828125,187.07000732421875,134882000,QQQ
2020-03-16,162.9785614013672,169.3000030517578,184.67999267578125,169.16000366210938,174.14999389648438,92054400,QQQ
2020-03-17,175.33914184570312,182.13999938964844,184.38999938964844,169.77999877929688,175.47000122070312,121257100,QQQ
2020-03-18,170.00604248046875,176.60000610351562,179.22000122070312,166.8000030517578,171.61000061035156,114156300,QQQ
2020-03-19,171.02639770507812,177.66000366210938,183.49000549316406,171.6300048828125,175.69000244140625,120896500,QQQ
2020-03-20,164.3262939453125,170.6999969482422,182.8699951171875,170.10000610351562,181.74000549316406,118983900,QQQ
2020-03-23,164.44493103027344,170.4600067138672,174.2100067138672,164.92999267578125,170.9199981689453,124639800,QQQ
2020-03-24,177.17913818359375,183.66000366210938,183.8300018310547,177.9499969482422,179.91000366210938,94881800,QQQ
2020-03-25,175.86717224121094,182.3000030517578,189.50999450683594,179.97999572753906,184.4199981689453,88754900,QQQ
2020-03-26,185.1283416748047,191.89999389648438,192.72000122070312,183.61000061035156,183.8699951171875,79887600,QQQ
2020-03-27,178.76129150390625,185.3000030517578,190.50999450683594,184.66000366210938,186.92999267578125,58845000,QQQ
2020-03-30,185.26345825195312,192.0399932861328,192.49000549316406,186.33999633789062,187.05999755859375,49356900,QQQ
2020-03-31,183.68130493164062,190.39999389648438,195.25,189.1999969482422,191.72000122070312,62659300,QQQ
2020-04-01,175.87680053710938,182.30999755859375,187.66000366210938,180.86000061035156,184.77000427246094,53715400,QQQ
2020-04-02,179.4462127685547,186.00999450683594,190.10000610351562,180.97000122070312,181.24000549316406,56465300,QQQ
2020-04-03,176.89938354492188,183.3699951171875,187.07000732421875,181.2899932861328,185.5500030517578,47487600,QQQ
2020-04-06,189.54676818847656,196.47999572753906,197.64999389648438,189.19000244140625,190.47999572753906,64763500,QQQ
2020-04-07,189.4695587158203,196.39999389648438,202.66000366210938,196.0,202.3699951171875,69904500,QQQ
2020-04-08,193.492431640625,200.57000732421875,201.1699981689453,196.1699981689453,198.14999389648438,45940400,QQQ
2020-04-09,193.77220153808594,200.86000061035156,203.22000122070312,199.02999877929688,202.35000610351562,68252600,QQQ
2020-04-13,195.86566162109375,203.02999877929688,203.4199981689453,198.75,200.0,42853900,QQQ
2020-04-14,204.38406372070312,211.86000061035156,212.5,206.4199981689453,207.22999572753906,63959600,QQQ
2020-04-15,202.039794921875,209.42999267578125,211.8300018310547,207.1199951171875,208.47999572753906,47036000,QQQ
2020-04-16,205.72496032714844,213.25,214.3699951171875,209.69000244140625,211.69000244140625,64657400,QQQ
2020-04-17,207.6930389404297,215.2899932861328,216.50999450683594,212.0800018310547,216.1699981689453,62863200,QQQ
2020-04-20,205.23301696777344,212.74000549316406,215.8800048828125,212.57000732421875,213.36000061035156,38249100,QQQ
2020-04-21,197.6600341796875,204.88999938964844,211.16000366210938,203.6300048828125,210.60000610351562,72932800,QQQ
2020-04-22,203.52545166015625,210.97000122070312,212.35000610351562,208.3300018310547,209.10000610351562,40089100,QQQ
2020-04-23,203.0913543701172,210.52000427246094,214.44000244140625,210.10000610351562,211.7899932861328,43278500,QQQ
2020-04-24,206.29417419433594,213.83999633789062,214.3000030517578,209.5,210.97000122070312,34231900,QQQ
2020-04-27,207.95352172851562,215.55999755859375,216.6300048828125,214.5,216.19000244140625,36451700,QQQ
2020-04-28,204.03675842285156,211.5,217.32000732421875,211.2100067138672,217.32000732421875,46862800,QQQ
2020-04-29,211.27207946777344,219.0,219.97000122070312,215.13999938964844,216.19000244140625,48716400,QQQ
2020-04-30,211.18528747558594,218.91000366210938,220.0399932861328,217.35000610351562,219.9499969482422,43359500,QQQ
2020-05-01,205.23301696777344,212.74000549316406,216.6699981689453,211.67999267578125,214.5,48795000,QQQ
2020-05-04,207.62550354003906,215.22000122070312,215.4499969482422,211.1199951171875,211.4600067138672,32841000,QQQ
2020-05-05,209.9793701171875,217.66000366210938,220.13999938964844,216.85000610351562,217.44000244140625,37783100,QQQ
2020-05-06,211.27207946777344,219.0,221.0399932861328,218.11000061035156,219.39999389648438,36455200,QQQ
2020-05-07,213.99261474609375,221.82000732421875,222.72999572753906,220.4199981689453,221.82000732421875,38624800,QQQ
2020-05-08,216.92530822753906,224.86000061035156,225.0,222.47999572753906,223.5500030517578,31852300,QQQ
2020-05-11,218.8644256591797,226.8699951171875,227.92999267578125,223.25,223.49000549316406,35714100,QQQ
2020-05-12,214.28196716308594,222.1199951171875,228.10000610351562,222.08999633789062,227.49000549316406,41054100,QQQ
2020-05-13,211.6001434326172,219.33999633789062,224.61000061035156,216.7100067138672,222.66000366210938,65521200,QQQ
2020-05-14,214.0022735595703,221.8300018310547,221.8699951171875,215.99000549316406,217.97000122070312,51549300,QQQ
2020-05-15,215.39146423339844,223.27000427246094,223.3300018310547,218.3300018310547,218.77999877929688,55747200,QQQ
2020-05-18,219.4046173095703,227.42999267578125,228.67999267578125,225.47000122070312,226.27999877929688,42398100,QQQ
2020-05-19,218.85472106933594,226.86000061035156,229.85000610351562,226.7100067138672,227.6999969482422,36237300,QQQ
2020-05-20,223.2249298095703,231.38999938964844,231.75999450683594,229.47999572753906,229.5,37417000,QQQ
2020-05-21,220.79380798339844,228.8699951171875,232.13999938964844,228.33999633789062,231.44000244140625,43642900,QQQ
2020-05-22,221.55593872070312,229.66000366210938,229.8699951171875,227.5,228.4499969482422,28762400,QQQ
2020-05-26,220.9578094482422,229.0399932861328,233.57000732421875,228.7899932861328,233.36000061035156,33055300,QQQ
2020-05-27,222.1637420654297,230.2899932861328,230.41000366210938,223.94000244140625,228.69000244140625,55665600,QQQ
2020-05-28,221.87428283691406,229.99000549316406,233.47000122070312,229.0500030517578,229.11000061035156,42784300,QQQ
2020-05-29,225.12535095214844,233.36000061035156,233.60000610351562,228.75999450683594,230.3800048828125,50691800,QQQ
2020-06-01,225.80064392089844,234.05999755859375,234.4499969482422,232.0,232.4600067138672,25776000,QQQ
2020-06-02,227.31529235839844,235.6300048828125,235.69000244140625,232.00999450683594,234.5,33383400,QQQ
2020-06-03,228.33786010742188,236.69000244140625,237.47000122070312,235.35000610351562,236.25999450683594,37228700,QQQ
2020-06-04,226.73641967773438,235.02999877929688,237.7899932861328,233.67999267578125,236.3300018310547,38716100,QQQ
2020-06-05,231.23199462890625,239.69000244140625,240.3000030517578,235.6300048828125,236.22000122070312,47365600,QQQ
2020-06-08,233.02635192871094,241.5500030517578,241.67999267578125,237.91000366210938,239.5399932861328,32937300,QQQ
2020-06-09,234.71461486816406,243.3000030517578,244.17999267578125,240.47000122070312,240.66000366210938,35046300,QQQ
2020-06-10,237.53155517578125,246.22000122070312,247.82000732421875,244.50999450683594,245.0500030517578,58084400,QQQ
2020-06-11,225.76210021972656,234.02000427246094,243.58999633789062,233.9600067138672,242.16000366210938,72919400,QQQ
2020-06-12,227.5564422607422,235.8800048828125,240.39999389648438,231.74000549316406,239.08999633789062,72034800,QQQ
2020-06-15,230.32516479492188,238.75,239.4499969482422,231.47000122070312,232.44000244140625,45307400,QQQ
2020-06-16,234.28050231933594,242.85000610351562,244.38999938964844,239.10000610351562,243.77999877929688,48890100,QQQ
2020-06-17,235.02328491210938,243.6199951171875,245.5,242.72999572753906,244.39999389648438,34749300,QQQ
2020-06-18,235.6600341796875,244.27999877929688,244.52999877929688,242.49000549316406,243.2899932861328,30578600,QQQ
2020-06-19,235.62147521972656,244.24000549316406,247.0,242.4499969482422,246.72999572753906,49422100,QQQ
2020-06-22,238.4471893310547,246.74000549316406,246.8699951171875,243.3800048828125,243.67999267578125,24068700,QQQ
2020-06-23,240.47662353515625,248.83999633789062,251.14999389648438,247.82000732421875,248.38999938964844,32767400,QQQ
2020-06-24,235.51901245117188,243.7100067138672,249.3300018310547,242.16000366210938,248.05999755859375,46032400,QQQ
2020-06-25,237.76104736328125,246.02999877929688,246.33999633789062,241.13999938964844,243.8000030517578,36940800,QQQ
2020-06-26,232.14633178710938,240.22000122070312,245.9600067138672,239.67999267578125,245.77999877929688,52824600,QQQ
2020-06-29,234.67820739746094,242.83999633789062,242.85000610351562,237.35000610351562,239.97000122070312,34377800,QQQ
2020-06-30,239.27828979492188,247.60000610351562,248.16000366210938,242.5800018310547,242.77000427246094,38909200,QQQ
2020-07-01,242.0711669921875,250.49000549316406,251.52000427246094,247.0800018310547,247.63999938964844,34689200,QQQ
2020-07-02,243.71400451660156,252.19000244140625,254.27000427246094,251.7100067138672,253.02000427246094,31956500,QQQ
2020-07-06,249.70562744140625,258.3900146484375,258.92999267578125,255.42999267578125,255.4499969482422,34589000,QQQ
2020-07-07,247.9853973388672,256.6099853515625,260.8800048828125,256.29998779296875,258.1300048828125,36578200,QQQ
2020-07-08,251.2518768310547,259.989990234375,260.0199890136719,256.5,257.9800109863281,30426300,QQQ
2020-07-09,253.36827087402344,262.17999267578125,262.8699951171875,257.6300048828125,261.9700012207031,40312900,QQQ
2020-07-10,255.09808349609375,263.9700012207031,264.2300109863281,259.260009765625,262.0299987792969,32885300,QQQ
2020-07-13,249.85060119628906,258.5400085449219,269.7900085449219,257.69000244140625,266.9100036621094,64108100,QQQ
2020-07-14,251.6190643310547,260.3699951171875,260.7900085449219,252.75999450683594,255.92999267578125,72230500,QQQ
2020-07-15,252.13125610351562,260.8999938964844,262.69000244140625,257.489990234375,261.8299865722656,54523900,QQQ
2020-07-16,250.4110870361328,259.1199951171875,259.7799987792969,255.6199951171875,258.0199890136719,47594100,QQQ
2020-07-17,250.70101928710938,259.4200134277344,260.30999755859375,257.1700134277344,259.5899963378906,35137900,QQQ
2020-07-20,257.81353759765625,266.7799987792969,267.42999267578125,258.7900085449219,260.0799865722656,40610100,QQQ
2020-07-21,255.1270294189453,264.0,268.4100036621094,263.1300048828125,268.3999938964844,43243800,QQQ
2020-07-22,256.02587890625,264.92999267578125,265.8900146484375,262.54998779296875,264.510009765625,29865500,QQQ
2020-07-23,249.33840942382812,258.010009765625,265.239990234375,256.54998779296875,264.510009765625,51363500,QQQ
2020-07-24,246.9707489013672,255.55999755859375,256.92999267578125,251.32000732421875,254.0399932861328,54054500,QQQ
2020-07-27,251.37747192382812,260.1199951171875,260.5199890136719,256.45001220703125,257.260009765625,36445700,QQQ
2020-07-28,248.1787109375,256.80999755859375,259.8500061035156,256.510009765625,259.30999755859375,31302400,QQQ
2020-07-29,251.0392608642578,259.7699890136719,260.6600036621094,257.9100036621094,258.3999938964844,27556900,QQQ
2020-07-30,252.3535614013672,261.1300048828125,261.7099914550781,256.54998779296875,257.739990234375,41774500,QQQ
2020-07-31,256.8569030761719,265.7900085449219,265.95001220703125,260.8500061035156,265.9100036621094,53686300,QQQ
2020-08-03,260.3262634277344,269.3800048828125,270.1499938964844,267.8699951171875,268.0,32081600,QQQ
2020-08-04,261.2926025390625,270.3800048828125,270.4800109863281,268.0899963378906,268.8599853515625,24911300,QQQ
2020-08-05,261.9400939941406,271.04998779296875,271.5199890136719,269.9599914550781,270.8800048828125,21612100,QQQ
2020-08-06,265.409423828125,274.6400146484375,274.9800109863281,270.19000244140625,270.8500061035156,28048200,QQQ
2020-08-07,262.3459777832031,271.4700012207031,274.8800048828125,269.25,274.0799865722656,44969400,QQQ
2020-08-10,261.2250061035156,270.30999755859375,271.9800109863281,266.6700134277344,271.7699890136719,35088400,QQQ
2020-08-11,256.2770690917969,265.19000244140625,270.44000244140625,264.6300048828125,269.1099853515625,43104300,QQQ
2020-08-12,262.722900390625,271.8599853515625,272.8399963378906,267.3699951171875,267.4200134277344,38773400,QQQ
2020-08-13,263.3221130371094,272.4800109863281,274.8299865722656,271.510009765625,272.6600036621094,31895700,QQQ
2020-08-14,263.01287841796875,272.1600036621094,273.3999938964844,270.7200012207031,273.1199951171875,30799500,QQQ
2020-08-17,266.06658935546875,275.32000732421875,275.8399963378906,272.20001220703125,273.92999267578125,24803000,QQQ
2020-08-18,268.62750244140625,277.9700012207031,278.4599914550781,274.9100036621094,276.4200134277344,23529500,QQQ
2020-08-19,266.8204040527344,276.1000061035156,279.0199890136719,275.57000732421875,277.92999267578125,31999400,QQQ
2020-08-20,270.5216979980469,279.92999267578125,280.42999267578125,274.8599853515625,275.2799987792969,27723400,QQQ
2020-08-21,272.3963928222656,281.8699951171875,282.3399963378906,279.4599914550781,280.1300048828125,34748900,QQQ
2020-08-24,274.0972595214844,283.6300048828125,286.0,281.2699890136719,285.25,36418500,QQQ
2020-08-25,276.2524108886719,285.8599853515625,286.05999755859375,282.3699951171875,282.8299865722656,34866600,QQQ
2020-08-26,282.1473693847656,291.9599914550781,292.2200012207031,285.8299865722656,287.1499938964844,42216700,QQQ
2020-08-27,281.2679443359375,291.04998779296875,293.8500061035156,288.7099914550781,292.9700012207031,49482700,QQQ
2020-08-28,282.6981506347656,292.5299987792969,293.17999267578125,290.92999267578125,292.3299865722656,28021000,QQQ
2020-08-31,284.9692077636719,294.8800048828125,296.75,292.6199951171875,293.07000732421875,36321000,QQQ
2020-09-01,289.8397521972656,299.9200134277344,300.0400085449219,295.7900085449219,297.6199951171875,36216200,QQQ
2020-09-02,292.58428955078125,302.760009765625,303.5,296.8900146484375,303.2799987792969,50836800,QQQ
2020-09-03,277.7502136230469,287.4100036621094,298.6199951171875,284.4100036621094,298.1000061035156,110083300,QQQ
2020-09-04,274.0489501953125,283.5799865722656,288.92999267578125,271.79998779296875,285.55999755859375,123959000,QQQ
2020-09-08,260.8771057128906,269.95001220703125,278.2200012207031,269.6600036621094,272.2200012207031,99568600,QQQ
2020-09-09,268.5406494140625,277.8800048828125,280.04998779296875,273.0,275.6400146484375,64837900,QQQ
2020-09-10,263.186767578125,272.3399963378906,282.20001220703125,270.55999755859375,280.94000244140625,69667500,QQQ
2020-09-11,261.3603210449219,270.45001220703125,275.2200012207031,266.8999938964844,274.1499938964844,71809000,QQQ
2020-09-14,265.9119873046875,275.1600036621094,277.2200012207031,272.9599914550781,274.3599853515625,38525200,QQQ
2020-09-15,269.6808776855469,279.05999755859375,280.45001220703125,275.1300048828125,279.0299987792969,41849900,QQQ
2020-09-16,265.3804626464844,274.6099853515625,280.3599853515625,274.25,279.8800048828125,42321000,QQQ
2020-09-17,261.2347106933594,270.32000732421875,274.3999938964844,266.67999267578125,267.54998779296875,81570800,QQQ
2020-09-18,257.9006042480469,266.8699951171875,272.0899963378906,262.6300048828125,271.7900085449219,86251100,QQQ
2020-09-21,258.51910400390625,267.510009765625,267.6499938964844,260.1099853515625,262.4700012207031,57168600,QQQ
2020-09-22,263.3221130371094,272.4800109863281,273.0799865722656,266.5400085449219,269.989990234375,41128900,QQQ
2020-09-23,255.2816925048828,264.1600036621094,272.3399963378906,263.25,272.1499938964844,48837300,QQQ
2020-09-24,256.47039794921875,265.3900146484375,268.70001220703125,261.2200012207031,261.3900146484375,70631700,QQQ
2020-09-25,262.43304443359375,271.55999755859375,272.3999938964844,264.29998779296875,265.9100036621094,55242400,QQQ
2020-09-28,267.8834228515625,277.20001220703125,277.20001220703125,271.6700134277344,276.5799865722656,58438300,QQQ
2020-09-29,266.6755065917969,275.95001220703125,277.7099914550781,275.3699951171875,276.6199951171875,27050000,QQQ
2020-09-30,268.5019226074219,277.8399963378906,281.0899963378906,275.8699951171875,276.1499938964844,49380800,QQQ
2020-10-01,272.763671875,282.25,282.8800048828125,279.8399963378906,281.7900085449219,50020200,QQQ
2020-10-02,265.0906066894531,274.30999755859375,282.239990234375,273.44000244140625,276.0199890136719,75497400,QQQ
2020-10-05,270.7439270019531,280.1600036621094,280.489990234375,276.2300109863281,276.3399963378906,28184600,QQQ
2020-10-06,265.9119873046875,275.1600036621094,281.19000244140625,274.25,279.45001220703125,49704200,QQQ
2020-10-07,270.5119934082031,279.9200134277344,280.739990234375,277.2799987792969,277.8900146484375,27539700,QQQ
2020-10-08,271.9519348144531,281.4100036621094,282.4700012207031,280.30999755859375,282.3999938964844,25443300,QQQ
2020-10-09,276.1073913574219,285.7099914550781,285.7900085449219,282.7099914550781,283.1099853515625,30201100,QQQ
2020-10-12,284.63092041015625,294.5299987792969,297.4599914550781,289.4700012207031,290.54998779296875,79370700,QQQ
2020-10-13,284.62127685546875,294.5199890136719,297.04998779296875,293.1099853515625,296.3900146484375,64240000,QQQ
2020-10-14,282.24395751953125,292.05999755859375,296.3500061035156,290.260009765625,295.3500061035156,36949100,QQQ
2020-10-15,280.3498840332031,290.1000061035156,290.7099914550781,286.5400085449219,287.20001220703125,42514200,QQQ
2020-10-16,278.8132019042969,288.510009765625,293.2699890136719,288.1499938964844,291.79998779296875,40570700,QQQ
2020-10-19,274.26153564453125,283.79998779296875,291.4800109863281,282.7900085449219,290.489990234375,36756800,QQQ
2020-10-20,274.8511657714844,284.4100036621094,287.6199951171875,282.95001220703125,284.55999755859375,32195400,QQQ
2020-10-21,274.638427734375,284.19000244140625,287.32000732421875,283.69000244140625,284.6700134277344,29306100,QQQ
2020-10-22,274.62890625,284.17999267578125,285.9800109863281,280.82000732421875,285.04998779296875,32196200,QQQ
2020-10-23,275.1700134277344,284.739990234375,284.9100036621094,281.7799987792969,284.7699890136719,24658500,QQQ
2020-10-26,271.04351806640625,280.4700012207031,285.29998779296875,276.760009765625,282.3800048828125,38421100,QQQ
2020-10-27,273.1598815917969,282.6600036621094,283.510009765625,280.20001220703125,281.5,30559100,QQQ
2020-10-28,262.51025390625,271.6400146484375,278.6400146484375,271.3800048828125,278.010009765625,53413500,QQQ
2020-10-29,267.1007080078125,276.3900146484375,279.489990234375,272.5199890136719,273.0,43246300,QQQ
2020-10-30,260.3262634277344,269.3800048828125,275.239990234375,267.07000732421875,274.3399963378906,65838300,QQQ
2020-11-02,260.9061584472656,269.9800109863281,273.5199890136719,266.9700012207031,271.8500061035156,39987400,QQQ
2020-11-03,265.4191589355469,274.6499938964844,276.82000732421875,270.8399963378906,271.9599914550781,43604100,QQQ
2020-11-04,277.26708984375,286.9100036621094,288.7699890136719,281.8699951171875,283.5899963378906,75728200,QQQ
2020-11-05,284.4956970214844,294.3900146484375,295.3900146484375,292.0,293.5299987792969,52054200,QQQ
2020-11-06,284.7082824707031,294.6099853515625,295.3599853515625,289.8299865722656,293.7099914550781,40959800,QQQ
2020-11-09,278.890625,288.5899963378906,299.1400146484375,288.1199951171875,297.6499938964844,86537100,QQQ
2020-11-10,273.8943786621094,283.4200134277344,286.6600036621094,280.6199951171875,285.1700134277344,69024900,QQQ
2020-11-11,280.02130126953125,289.760009765625,290.25,283.3800048828125,286.0299987792969,36102900,QQQ
2020-11-12,278.70697021484375,288.3999938964844,292.07000732421875,287.25,290.760009765625,34414600,QQQ
2020-11-13,281.1519470214844,290.92999267578125,291.57000732421875,287.8699951171875,290.1700134277344,24806900,QQQ
2020-11-16,283.34564208984375,293.20001220703125,293.510009765625,289.989990234375,290.6199951171875,30168400,QQQ
2020-11-17,282.4469299316406,292.2699890136719,293.739990234375,291.6099853515625,293.3999938964844,21843500,QQQ
2020-11-18,280.3594970703125,290.1099853515625,293.3699951171875,290.0199890136719,291.70001220703125,28069600,QQQ
2020-11-19,282.5532531738281,292.3800048828125,292.70001220703125,288.8500061035156,289.5400085449219,22718400,QQQ
2020-11-20,280.6204833984375,290.3800048828125,293.07000732421875,290.2900085449219,292.29998779296875,25907300,QQQ
2020-11-23,280.6300964355469,290.3900146484375,292.75,288.07000732421875,291.4100036621094,26875600,QQQ
2020-11-24,284.5730285644531,294.4700012207031,294.9800109863281,289.6300048828125,291.489990234375,24516800,QQQ
2020-11-25,286.3221130371094,296.2799987792969,296.94000244140625,294.5899963378906,295.57000732421875,23326800,QQQ
2020-11-27,288.9603576660156,299.010009765625,300.1700134277344,297.8999938964844,298.30999755859375,17163100,QQQ
2020-11-30,289.54986572265625,299.6199951171875,299.9700012207031,294.7799987792969,299.3399963378906,27836200,QQQ
2020-12-01,293.2608337402344,303.4599914550781,305.1400146484375,300.8299865722656,301.9700012207031,27521300,QQQ
2020-12-02,293.6376953125,303.8500061035156,304.20001220703125,300.3500061035156,302.25,23620000,QQQ
2020-12-03,294.05328369140625,304.2799987792969,305.8800048828125,303.5299987792969,304.1700134277344,22828700,QQQ
2020-12-04,295.2515869140625,305.5199890136719,305.6700134277344,303.6300048828125,304.3299865722656,19332100,QQQ
2020-12-07,296.9234313964844,307.25,307.6300048828125,305.5199890136719,305.7099914550781,20851000,QQQ
2020-12-08,297.9285583496094,308.2900085449219,308.6000061035156,304.95001220703125,306.760009765625,18341500,QQQ
2020-12-09,291.18310546875,301.30999755859375,308.3599853515625,300.2099914550781,308.07000732421875,48839300,QQQ
2020-12-10,292.3524169921875,302.5199890136719,303.67999267578125,298.0899963378906,299.2099914550781,27519500,QQQ
2020-12-11,291.7049865722656,301.8500061035156,301.9800109863281,298.4700012207031,300.80999755859375,26760400,QQQ
2020-12-14,293.82135009765625,304.0400085449219,306.04998779296875,303.010009765625,303.0799865722656,28804800,QQQ
2020-12-15,296.962158203125,307.2900085449219,307.2900085449219,304.1099853515625,306.3699951171875,25709000,QQQ
2020-12-16,298.5953063964844,308.9800109863281,309.7900085449219,306.6199951171875,307.70001220703125,25461900,QQQ
2020-12-17,300.5474548339844,311.0,311.239990234375,309.3900146484375,310.6300048828125,23730500,QQQ
2020-12-18,299.6390075683594,310.05999755859375,311.9800109863281,307.6099853515625,311.6600036621094,41173400,QQQ
2020-12-21,299.07843017578125,308.9200134277344,309.4700012207031,303.6000061035156,306.4599914550781,37095500,QQQ
2020-12-22,299.8916931152344,309.760009765625,310.7099914550781,306.8500061035156,309.8500061035156,26176300,QQQ
2020-12-23,298.3813781738281,308.20001220703125,310.17999267578125,308.0400085449219,309.80999755859375,21201300,QQQ
2020-12-24,299.6980285644531,309.55999755859375,310.0199890136719,308.3900146484375,308.4700012207031,16785000,QQQ
2020-12-28,302.71868896484375,312.67999267578125,313.1700134277344,310.3599853515625,312.25,22497700,QQQ
2020-12-29,302.98974609375,312.9599914550781,314.69000244140625,312.0299987792969,314.04998779296875,25871900,QQQ
2020-12-30,302.9993591308594,312.9700012207031,314.489990234375,312.3299865722656,314.1600036621094,18138100,QQQ
2020-12-31,303.7449035644531,313.739990234375,314.239990234375,311.760009765625,312.8699951171875,21611400,QQQ
2021-01-04,299.4560241699219,309.30999755859375,315.2900085449219,305.17999267578125,315.1099853515625,45305900,QQQ
2021-01-05,301.9248352050781,311.8599853515625,312.1400146484375,308.2900085449219,308.2900085449219,29323400,QQQ
2021-01-06,297.7424011230469,307.5400085449219,311.8800048828125,305.9800109863281,307.0,52809600,QQQ
2021-01-07,304.9454040527344,314.9800109863281,315.8399963378906,310.25,310.2799987792969,30394800,QQQ
2021-01-08,308.86639404296875,319.0299987792969,319.3900146484375,315.0799865722656,317.3399963378906,33955800,QQQ
2021-01-11,304.4033508300781,314.4200134277344,317.19000244140625,313.75,315.9800109863281,32746400,QQQ
2021-01-12,303.919189453125,313.9200134277344,315.5799865722656,311.20001220703125,314.4599914550781,29266800,QQQ
2021-01-13,305.97161865234375,316.0400085449219,316.8599853515625,313.57000732421875,314.19000244140625,22898400,QQQ
2021-01-14,304.33544921875,314.3500061035156,317.5299987792969,313.8599853515625,316.5,23500100,QQQ
2021-01-15,301.9248352050781,311.8599853515625,315.1199951171875,310.5799865722656,314.1300048828125,35118700,QQQ
2021-01-19,306.3298645019531,316.4100036621094,316.92999267578125,313.1199951171875,314.25,24537000,QQQ
2021-01-20,313.4554138183594,323.7699890136719,324.739990234375,316.510009765625,320.1400146484375,30728100,QQQ
2021-01-21,315.96282958984375,326.3599853515625,327.1300048828125,323.7300109863281,325.1499938964844,25130600,QQQ
2021-01-22,315.0527648925781,325.4200134277344,326.4599914550781,324.7099914550781,325.2900085449219,21609400,QQQ
2021-01-25,317.6571044921875,328.1099853515625,330.32000732421875,321.4100036621094,328.9100036621094,39080600,QQQ
2021-01-26,318.121826171875,328.5899963378906,329.760009765625,327.2200012207031,328.8500061035156,25498100,QQQ
2021-01-27,309.25360107421875,319.42999267578125,326.2699890136719,317.3599853515625,326.260009765625,55264000,QQQ
2021-01-28,311.0834045410156,321.32000732421875,326.4200134277344,320.0299987792969,320.6700134277344,42836300,QQQ
2021-01-29,304.5387878417969,314.55999755859375,320.7200012207031,312.760009765625,319.5799865722656,55259000,QQQ
2021-02-01,312.1484069824219,322.4200134277344,323.5400085449219,316.0199890136719,318.1099853515625,35646000,QQQ
2021-02-02,317.2407531738281,327.67999267578125,328.8699951171875,325.30999755859375,325.4800109863281,33930800,QQQ
2021-02-03,315.9821472167969,326.3800048828125,330.20001220703125,326.32000732421875,329.82000732421875,24824500,QQQ
2021-02-04,319.71923828125,330.239990234375,330.3299865722656,326.4599914550781,327.82000732421875,22350900,QQQ
2021-02-05,320.8035583496094,331.3599853515625,332.3999938964844,329.5299987792969,331.2200012207031,22732000,QQQ
2021-02-08,322.9527893066406,333.5799865722656,333.739990234375,331.4100036621094,333.1000061035156,20462800,QQQ
2021-02-09,322.8851318359375,333.510009765625,334.80999755859375,332.6099853515625,332.6199951171875,17597500,QQQ
2021-02-10,322.1492919921875,332.75,335.4599914550781,329.5,334.989990234375,28068700,QQQ
2021-02-11,323.92095947265625,334.5799865722656,335.0,332.1199951171875,334.3299865722656,22046100,QQQ
2021-02-12,325.7314453125,336.45001220703125,336.6199951171875,332.6300048828125,333.7099914550781,20346800,QQQ
2021-02-16,324.8503112792969,335.5400085449219,338.19000244140625,334.3399963378906,337.2699890136719,27080800,QQQ
2021-02-17,323.29168701171875,333.92999267578125,335.6600036621094,330.1700134277344,332.4700012207031,31360300,QQQ
2021-02-18,321.87823486328125,332.4700012207031,333.8699951171875,328.3599853515625,330.2300109863281,32236200,QQQ
2021-02-19,320.47442626953125,331.0199890136719,333.989990234375,329.9700012207031,333.8599853515625,39157700,QQQ
2021-02-22,312.167724609375,322.44000244140625,327.79998779296875,322.2300109863281,326.5,47256900,QQQ
2021-02-23,311.23834228515625,321.4800109863281,323.20001220703125,311.0,317.0,97241900,QQQ
2021-02-24,313.80389404296875,324.1300048828125,324.45001220703125,315.9599914550781,318.739990234375,58206300,QQQ
2021-02-25,302.86383056640625,312.8299865722656,324.0299987792969,311.239990234375,321.3900146484375,110182600,QQQ
2021-02-26,304.1321716308594,314.1400146484375,319.1099853515625,310.8800048828125,315.8500061035156,104739800,QQQ
2021-03-01,313.28106689453125,323.5899963378906,323.94000244140625,317.94000244140625,319.2699890136719,49164500,QQQ
2021-03-02,308.2563781738281,318.3999938964844,324.3299865722656,318.1400146484375,324.25,48370000,QQQ
2021-03-03,299.31072998046875,309.1600036621094,318.239990234375,309.1000061035156,317.2699890136719,86301100,QQQ
2021-03-04,294.4120178222656,304.1000061035156,312.0400085449219,300.1099853515625,308.7799987792969,139131600,QQQ
2021-03-05,298.8460998535156,308.67999267578125,309.6099853515625,297.45001220703125,306.79998779296875,121523700,QQQ
2021-03-08,290.3844909667969,299.94000244140625,310.05999755859375,299.510009765625,308.1199951171875,88409800,QQQ
2021-03-09,301.83758544921875,311.7699890136719,313.7300109863281,306.9200134277344,307.4700012207031,80391100,QQQ
2021-03-10,300.9761047363281,310.8800048828125,316.4700012207031,310.1700134277344,316.1600036621094,76798100,QQQ
2021-03-11,307.9078369140625,318.0400085449219,319.8599853515625,314.8500061035156,315.7699890136719,53484800,QQQ
2021-03-12,305.4101257324219,315.4599914550781,318.2300109863281,311.3900146484375,313.8599853515625,69315600,QQQ
2021-03-15,308.67266845703125,318.8299865722656,319.0,314.1000061035156,315.7900085449219,42955700,QQQ
2021-03-16,310.36700439453125,320.5799865722656,324.20001220703125,319.1000061035156,321.0899963378906,54925900,QQQ
2021-03-17,311.6449279785156,321.8999938964844,323.8500061035156,315.67999267578125,317.45001220703125,78258700,QQQ
2021-03-18,302.09912109375,312.0400085449219,317.8800048828125,311.57000732421875,316.8699951171875,82718100,QQQ
2021-03-19,303.1640930175781,313.1400146484375,314.7300109863281,309.6600036621094,311.8699951171875,78446200,QQQ
2021-03-22,308.84942626953125,318.6099853515625,320.739990234375,315.2099914550781,315.2099914550781,56194800,QQQ
2021-03-23,307.501953125,317.2200012207031,321.0899963378906,316.3800048828125,319.7300109863281,53455400,QQQ
2021-03-24,302.3158264160156,311.8699951171875,318.6700134277344,311.7200012207031,318.6300048828125,64803700,QQQ
2021-03-25,301.7923583984375,311.3299865722656,312.8900146484375,307.3900146484375,309.9700012207031,78729000,QQQ
2021-03-26,306.31927490234375,316.0,316.3299865722656,309.6700134277344,311.1099853515625,63519600,QQQ
2021-03-29,306.2320251464844,315.9100036621094,316.989990234375,312.4700012207031,315.45001220703125,54608000,QQQ
2021-03-30,304.69073486328125,314.32000732421875,314.9100036621094,311.5400085449219,313.8900146484375,44635700,QQQ
2021-03-31,309.35345458984375,319.1300048828125,320.739990234375,315.80999755859375,316.1600036621094,55032500,QQQ
2021-04-01,314.6266784667969,324.57000732421875,324.7099914550781,322.80999755859375,323.07000732421875,55685600,QQQ
2021-04-05,320.9082336425781,331.04998779296875,331.8399963378906,326.8800048828125,327.1300048828125,42172500,QQQ
2021-04-06,320.685302734375,330.82000732421875,332.8299865722656,330.0199890136719,330.7300109863281,33537200,QQQ
2021-04-07,321.4607849121094,331.6199951171875,332.4800109863281,329.3699951171875,330.3299865722656,32046400,QQQ
2021-04-08,324.8148193359375,335.0799865722656,335.2699890136719,333.739990234375,334.55999755859375,29940800,QQQ
2021-04-09,326.7825927734375,337.1099853515625,337.32000732421875,332.9200134277344,333.67999267578125,36664900,QQQ
2021-04-12,326.35601806640625,336.6700134277344,337.1000061035156,334.7300109863281,336.0400085449219,25833000,QQQ
2021-04-13,330.1656494140625,340.6000061035156,341.0799865722656,338.0199890136719,338.239990234375,30374000,QQQ
2021-04-14,326.200927734375,336.510009765625,340.9800109863281,335.6700134277344,340.8500061035156,42564300,QQQ
2021-04-15,331.14471435546875,341.6099853515625,342.010009765625,336.2200012207031,339.4700012207031,36342800,QQQ
2021-04-16,331.5325012207031,342.010009765625,342.2300109863281,340.0799865722656,342.1499938964844,40860100,QQQ
2021-04-19,328.4984436035156,338.8800048828125,341.5799865722656,336.8999938964844,340.3900146484375,34533100,QQQ
2021-04-20,326.10400390625,336.4100036621094,339.5199890136719,334.3800048828125,338.20001220703125,38081800,QQQ
2021-04-21,328.8957824707031,339.2900085449219,339.4800109863281,333.9700012207031,335.0899963378906,36598100,QQQ
2021-04-22,324.93109130859375,335.20001220703125,339.8999938964844,334.010009765625,338.8900146484375,45936100,QQQ
2021-04-23,329.0218200683594,339.4200134277344,340.7699890136719,335.8500061035156,335.8500061035156,36381900,QQQ
2021-04-26,331.16412353515625,341.6300048828125,341.9200134277344,338.8999938964844,339.6700134277344,30812000,QQQ
2021-04-27,329.7294006347656,340.1499938964844,342.1499938964844,339.1700134277344,341.92999267578125,33187200,QQQ
2021-04-28,328.6147155761719,339.0,340.8500061035156,338.3299865722656,339.80999755859375,33615700,QQQ
2021-04-29,329.7972717285156,340.2200012207031,342.79998779296875,336.8999938964844,342.3699951171875,37708900,QQQ
2021-04-30,327.6356201171875,337.989990234375,340.260009765625,337.04998779296875,337.70001220703125,38263400,QQQ
2021-05-03,325.89068603515625,336.19000244140625,340.0,335.7300109863281,339.2300109863281,29729700,QQQ
2021-05-04,320.026123046875,330.1400146484375,333.8900146484375,326.2099914550781,333.55999755859375,65147000,QQQ
2021-05-05,318.95013427734375,329.0299987792969,333.1400146484375,328.2300109863281,332.25,46219300,QQQ
2021-05-06,321.3541259765625,331.510009765625,331.6700134277344,326.45001220703125,328.760009765625,46814300,QQQ
2021-05-07,323.96173095703125,334.20001220703125,336.6499938964844,331.69000244140625,334.3699951171875,53324500,QQQ
2021-05-10,315.7802734375,325.760009765625,332.9599914550781,325.54998779296875,332.7799987792969,60700500,QQQ
2021-05-11,315.3441162109375,325.30999755859375,326.1300048828125,319.0199890136719,319.70001220703125,71963600,QQQ
2021-05-12,307.1820373535156,316.8900146484375,322.6199951171875,316.0,320.2300109863281,91164900,QQQ
2021-05-13,309.5569152832031,319.3399963378906,322.3999938964844,316.8999938964844,319.9200134277344,69877800,QQQ
2021-05-14,316.3910217285156,326.3900146484375,327.3299865722656,322.0799865722656,322.6000061035156,44370000,QQQ
2021-05-17,314.4716796875,324.4100036621094,326.3699951171875,321.45001220703125,324.6300048828125,39395000,QQQ
2021-05-18,312.3487854003906,322.2200012207031,326.6499938964844,321.94000244140625,325.3900146484375,36528500,QQQ
2021-05-19,312.7073669433594,322.5899963378906,322.8999938964844,316.29998779296875,316.6600036621094,66319100,QQQ
2021-05-20,318.7561950683594,328.8299865722656,329.7099914550781,323.8900146484375,324.1199951171875,46466100,QQQ
2021-05-21,316.9920349121094,327.010009765625,330.8599853515625,326.6400146484375,330.42999267578125,50330400,QQQ
2021-05-24,322.3235168457031,332.510009765625,333.6700134277344,326.8999938964844,329.3699951171875,32475800,QQQ
2021-05-25,322.7693786621094,332.9700012207031,334.80999755859375,331.760009765625,334.07000732421875,31280300,QQQ
2021-05-26,323.8939208984375,334.1300048828125,334.6099853515625,332.95001220703125,333.6600036621094,25444900,QQQ
2021-05-27,322.6821594238281,332.8800048828125,334.5400085449219,332.6700134277344,333.6700134277344,27931700,QQQ
2021-05-28,323.70001220703125,333.92999267578125,335.57000732421875,333.6000061035156,334.1199951171875,29927400,QQQ
2021-06-01,322.6239929199219,332.82000732421875,335.7900085449219,331.42999267578125,335.29998779296875,31145400,QQQ
2021-06-02,323.2540588378906,333.4700012207031,334.3399963378906,331.70001220703125,333.25,22047900,QQQ
2021-06-03,319.890380859375,330.0,331.8599853515625,328.2799987792969,330.54998779296875,37057800,QQQ
2021-06-04,325.31884765625,335.6000061035156,336.05999755859375,331.7799987792969,331.8500061035156,38736500,QQQ
2021-06-07,326.2882385253906,336.6000061035156,336.6600036621094,334.3399963378906,335.04998779296875,32611900,QQQ
2021-06-08,326.4433898925781,336.760009765625,339.2900085449219,335.0299987792969,338.3999938964844,27282800,QQQ
2021-06-09,326.5208740234375,336.8399963378906,338.9700012207031,336.6499938964844,338.1700134277344,21485300,QQQ
2021-06-10,329.92333984375,340.3500061035156,340.4599914550781,336.7300109863281,337.19000244140625,33702100,QQQ
2021-06-11,330.7861022949219,341.239990234375,341.25,339.69000244140625,340.3599853515625,21222800,QQQ
2021-06-14,333.95587158203125,344.510009765625,344.5199890136719,340.4599914550781,341.67999267578125,27827700,QQQ
2021-06-15,331.7747802734375,342.260009765625,344.4700012207031,341.5199890136719,344.1499938964844,35963800,QQQ
2021-06-16,330.5631408691406,341.010009765625,343.8399963378906,337.45001220703125,342.739990234375,55399500,QQQ
2021-06-17,334.7604675292969,345.3399963378906,346.3800048828125,339.9200134277344,339.9700012207031,59722700,QQQ
2021-06-18,332.1335144042969,342.6300048828125,344.80999755859375,341.8599853515625,343.6300048828125,55414900,QQQ
2021-06-21,334.19769287109375,344.3599853515625,344.69000244140625,340.1499938964844,342.42999267578125,32992600,QQQ
2021-06-22,337.3129577636719,347.57000732421875,348.0299987792969,343.8399963378906,344.1499938964844,28941600,QQQ
2021-06-23,337.4779357910156,347.739990234375,348.9200134277344,346.8800048828125,347.510009765625,27188500,QQQ
2021-06-24,339.56451416015625,349.8900146484375,351.4599914550781,349.1700134277344,349.7300109863281,32581600,QQQ
2021-06-25,339.1471862792969,349.4599914550781,350.7200012207031,348.8399963378906,350.4700012207031,28682800,QQQ
2021-06-28,343.27178955078125,353.7099914550781,353.8500061035156,350.7200012207031,350.7799987792969,39130300,QQQ
2021-06-29,344.5140075683594,354.989990234375,355.0199890136719,352.6700134277344,353.5299987792969,29426000,QQQ
2021-06-30,343.97052001953125,354.42999267578125,355.2300109863281,353.8299865722656,354.8299865722656,32724000,QQQ
2021-07-01,344.10638427734375,354.57000732421875,355.0899963378906,352.67999267578125,354.07000732421875,29290000,QQQ
2021-07-02,348.05621337890625,358.6400146484375,358.9700012207031,356.2799987792969,356.5199890136719,32727200,QQQ
2021-07-06,349.5605163574219,360.19000244140625,360.4800109863281,356.489990234375,359.260009765625,38842400,QQQ
2021-07-07,350.29815673828125,360.95001220703125,362.760009765625,358.94000244140625,362.45001220703125,35265200,QQQ
2021-07-08,348.1824645996094,358.7699890136719,359.6499938964844,354.4200134277344,355.739990234375,50890000,QQQ
2021-07-09,350.3564453125,361.010009765625,361.5,357.57000732421875,358.1700134277344,35184500,QQQ
2021-07-12,351.72479248046875,362.4200134277344,362.8900146484375,360.8299865722656,362.45001220703125,25717700,QQQ
2021-07-13,351.72479248046875,362.4200134277344,365.4700012207031,361.5400085449219,362.0299987792969,39723000,QQQ
2021-07-14,352.3555603027344,363.07000732421875,365.489990234375,362.2200012207031,364.8299865722656,35336400,QQQ
2021-07-15,349.8807678222656,360.5199890136719,363.19000244140625,358.4599914550781,362.9800109863281,53391600,QQQ
2021-07-16,347.0469970703125,357.6000061035156,362.4100036621094,357.239990234375,361.3999938964844,47262000,QQQ
2021-07-19,344.2034912109375,354.6700134277344,355.17999267578125,352.0400085449219,354.04998779296875,64404600,QQQ
2021-07-20,348.2018127441406,358.7900085449219,360.2799987792969,353.79998779296875,355.6300048828125,42183700,QQQ
2021-07-21,350.8901062011719,361.55999755859375,361.55999755859375,358.1199951171875,358.3500061035156,30259900,QQQ
2021-07-22,353.20965576171875,363.95001220703125,363.9599914550781,361.7699890136719,361.7699890136719,30252200,QQQ
2021-07-23,357.33416748046875,368.20001220703125,368.489990234375,363.9200134277344,365.30999755859375,31960800,QQQ
2021-07-26,357.6155700683594,368.489990234375,368.8900146484375,366.6000061035156,367.489990234375,28438100,QQQ
2021-07-27,353.67547607421875,364.42999267578125,368.2200012207031,360.1600036621094,368.2200012207031,57933100,QQQ
2021-07-28,355.0340576171875,365.8299865722656,367.45001220703125,363.239990234375,365.6000061035156,42066200,QQQ
2021-07-29,355.6649169921875,366.4800109863281,367.67999267578125,365.25,365.25,25672500,QQQ
2021-07-30,353.81134033203125,364.57000732421875,365.1700134277344,362.4100036621094,362.44000244140625,36484600,QQQ
2021-08-02,353.84039306640625,364.6000061035156,366.8800048828125,363.8699951171875,366.2799987792969,27334100,QQQ
2021-08-03,355.98516845703125,366.80999755859375,366.92999267578125,362.0,365.2799987792969,35558500,QQQ
2021-08-04,356.49951171875,367.3399963378906,368.32000732421875,365.6300048828125,366.7699890136719,29602200,QQQ
2021-08-05,358.76080322265625,369.6700134277344,369.9100036621094,367.45001220703125,368.17999267578125,21443900,QQQ
2021-08-06,357.18853759765625,368.04998779296875,369.3699951171875,366.9100036621094,368.3699951171875,33332100,QQQ
2021-08-09,357.84857177734375,368.7300109863281,369.2699890136719,367.3900146484375,368.5199890136719,25960200,QQQ
2021-08-10,356.0142822265625,366.8399963378906,369.55999755859375,365.6199951171875,369.260009765625,35130800,QQQ
2021-08-11,355.4029235839844,366.2099914550781,368.6499938964844,364.8399963378906,368.1400146484375,34249800,QQQ
2021-08-12,356.6839599609375,367.5299987792969,367.8999938964844,364.29998779296875,365.69000244140625,25969200,QQQ
2021-08-13,357.9359130859375,368.82000732421875,369.1600036621094,367.3800048828125,367.8900146484375,19336200,QQQ
2021-08-16,358.0911560058594,368.9800109863281,369.0199890136719,363.70001220703125,367.6700134277344,34856900,QQQ
2021-08-17,354.93707275390625,365.7300109863281,367.1499938964844,363.2300109863281,366.1499938964844,44793900,QQQ
2021-08-18,351.5208740234375,362.2099914550781,366.6199951171875,361.8699951171875,365.17999267578125,38541900,QQQ
2021-08-19,353.2192687988281,363.9599914550781,365.67999267578125,359.9599914550781,360.2200012207031,48499400,QQQ
2021-08-20,356.87799072265625,367.7300109863281,368.1400146484375,364.739990234375,365.05999755859375,39486000,QQQ
2021-08-23,362.2157287597656,373.2300109863281,373.94000244140625,368.7900085449219,368.79998779296875,34034700,QQQ
2021-08-24,363.32208251953125,374.3699951171875,374.989990234375,373.3599853515625,373.8399963378906,21732900,QQQ
2021-08-25,363.7394104003906,374.79998779296875,375.3900146484375,373.8599853515625,374.6300048828125,20441900,QQQ
2021-08-26,361.4295959472656,372.4200134277344,374.6199951171875,371.9700012207031,373.9200134277344,29133300,QQQ
2021-08-27,364.9427795410156,376.0400085449219,376.55999755859375,372.57000732421875,373.07000732421875,27104700,QQQ
2021-08-30,369.0382385253906,380.260009765625,380.760009765625,376.8299865722656,376.8500061035156,27295700,QQQ
2021-08-31,368.73748779296875,379.95001220703125,380.5799865722656,378.3599853515625,380.510009765625,29628200,QQQ
2021-09-01,369.3487854003906,380.5799865722656,382.7099914550781,380.3699951171875,381.0400085449219,28138300,QQQ
2021-09-02,369.1741638183594,380.3999938964844,382.30999755859375,379.1499938964844,381.9700012207031,25453400,QQQ
2021-09-03,370.3096923828125,381.57000732421875,381.9800109863281,379.20001220703125,379.2200012207031,24605400,QQQ
2021-09-07,370.83367919921875,382.1099853515625,382.7799987792969,380.489990234375,381.67999267578125,23970200,QQQ
2021-09-08,369.5429382324219,380.7799987792969,381.92999267578125,378.45001220703125,381.92999267578125,32949200,QQQ
2021-09-09,368.2716369628906,379.4700012207031,382.1499938964844,379.2200012207031,381.010009765625,29399000,QQQ
2021-09-10,365.4765625,376.5899963378906,381.9700012207031,376.25,381.2300109863281,40249400,QQQ
2021-09-13,365.22418212890625,376.3299865722656,379.42999267578125,374.2200012207031,378.989990234375,48741800,QQQ
2021-09-14,364.185791015625,375.260009765625,378.6099853515625,374.2799987792969,377.8599853515625,41826600,QQQ
2021-09-15,366.89349365234375,378.04998779296875,378.4100036621094,373.3699951171875,375.7300109863281,34097900,QQQ
2021-09-16,367.145751953125,378.30999755859375,378.8999938964844,374.70001220703125,376.67999267578125,35193100,QQQ
2021-09-17,362.7980041503906,373.8299865722656,377.8699951171875,372.760009765625,377.82000732421875,60912300,QQQ
2021-09-20,355.3013000488281,365.70001220703125,369.25,360.92999267578125,367.4599914550781,76203200,QQQ
2021-09-21,355.7386779785156,366.1499938964844,368.80999755859375,364.989990234375,367.5799865722656,41927500,QQQ
2021-09-22,359.06146240234375,369.57000732421875,371.07000732421875,365.9599914550781,367.0899963378906,46972900,QQQ
2021-09-23,362.3744201660156,372.9800109863281,374.0400085449219,370.1000061035156,370.760009765625,44652000,QQQ
2021-09-24,362.71441650390625,373.3299865722656,373.760009765625,370.2699890136719,370.6499938964844,36056800,QQQ
2021-09-27,359.8192443847656,370.3500061035156,371.25,367.7300109863281,370.20001220703125,43338100,QQQ
2021-09-28,349.63720703125,359.8699951171875,370.29998779296875,359.3500061035156,365.6700134277344,97701600,QQQ
2021-09-29,349.06396484375,359.2799987792969,363.3699951171875,358.6400146484375,361.1700134277344,58076600,QQQ
2021-09-30,347.7815246582031,357.9599914550781,362.67999267578125,357.1000061035156,360.9700012207031,61384600,QQQ
2021-10-01,349.9383239746094,360.17999267578125,361.25,354.3800048828125,358.6000061035156,56375500,QQQ
2021-10-04,342.5933837890625,352.6199951171875,358.8599853515625,350.32000732421875,358.5199890136719,76766000,QQQ
2021-10-05,347.2180480957031,357.3800048828125,359.69000244140625,353.4800109863281,353.7099914550781,47232900,QQQ
2021-10-06,349.44287109375,359.6700134277344,359.95001220703125,353.1499938964844,354.0799865722656,56806500,QQQ
2021-10-07,352.6490173339844,362.9700012207031,365.69000244140625,362.25,362.79998779296875,39411200,QQQ
2021-10-08,350.8905334472656,361.1600036621094,364.32000732421875,360.6099853515625,364.0799865722656,41822300,QQQ
2021-10-11,348.1993408203125,358.3900146484375,363.20001220703125,358.29998779296875,359.5799865722656,34847200,QQQ
2021-10-12,346.9848937988281,357.1400146484375,360.3299865722656,356.4800109863281,359.8800048828125,43905100,QQQ
2021-10-13,349.76348876953125,360.0,360.69000244140625,357.42999267578125,359.510009765625,40120800,QQQ
2021-10-14,356.2049865722656,366.6300048828125,366.8500061035156,363.010009765625,363.69000244140625,43433900,QQQ
2021-10-15,358.4493408203125,368.94000244140625,369.05999755859375,366.82000732421875,367.8800048828125,40419900,QQQ
2021-10-18,362.05377197265625,372.6499938964844,372.8699951171875,366.989990234375,367.6099853515625,34513500,QQQ
2021-10-19,364.7935485839844,375.4700012207031,375.5199890136719,372.70001220703125,373.75,29091000,QQQ
2021-10-20,364.3175964355469,374.9800109863281,376.57000732421875,373.4599914550781,375.94000244140625,31390300,QQQ
2021-10-21,366.5424499511719,377.2699890136719,377.4700012207031,373.8500061035156,374.1600036621094,25469300,QQQ
2021-10-22,363.4626159667969,374.1000061035156,376.9700012207031,372.3900146484375,375.9800109863281,36275800,QQQ
2021-10-25,367.1836853027344,377.92999267578125,378.8699951171875,373.55999755859375,375.55999755859375,32597800,QQQ
2021-10-26,368.33984375,379.1199951171875,382.7099914550781,377.9100036621094,380.2300109863281,47191300,QQQ
2021-10-27,369.19482421875,380.0,383.1499938964844,379.30999755859375,379.5799865722656,45760500,QQQ
2021-10-28,373.2948303222656,384.2200012207031,384.4800109863281,381.1600036621094,381.95001220703125,38007000,QQQ
2021-10-29,375.13104248046875,386.1099853515625,386.2799987792969,380.70001220703125,381.05999755859375,37310100,QQQ
2021-11-01,376.4136047363281,387.42999267578125,387.55999755859375,384.4200134277344,386.55999755859375,30765300,QQQ
2021-11-02,377.987548828125,389.04998779296875,389.5400085449219,386.75,386.79998779296875,25135300,QQQ
2021-11-03,381.99993896484375,393.17999267578125,393.6099853515625,388.4800109863281,389.54998779296875,33748900,QQQ
2021-11-04,386.8966979980469,398.2200012207031,399.20001220703125,393.9200134277344,394.4800109863281,40265300,QQQ
2021-11-05,387.2658996582031,398.6000061035156,400.989990234375,397.1600036621094,400.0400085449219,43383800,QQQ
2021-11-08,386.7412414550781,398.05999755859375,399.6199951171875,397.3999938964844,398.57000732421875,29256300,QQQ
2021-11-09,384.0791320800781,395.32000732421875,399.57000732421875,393.9200134277344,399.1600036621094,50490700,QQQ
2021-11-10,378.4343566894531,389.510009765625,395.3599853515625,387.5299987792969,392.4700012207031,54937400,QQQ
2021-11-11,379.48370361328125,390.5899963378906,392.75,390.239990234375,392.57000732421875,32243000,QQQ
2021-11-12,383.4768371582031,394.70001220703125,395.25,390.1300048828125,391.7699890136719,34730600,QQQ
2021-11-15,383.3893737792969,394.6099853515625,396.239990234375,392.1000061035156,395.9100036621094,33716900,QQQ
2021-11-16,386.11944580078125,397.4200134277344,397.92999267578125,393.6600036621094,393.8599853515625,27872900,QQQ
2021-11-17,386.3235168457031,397.6300048828125,399.7200012207031,396.6400146484375,397.75,28703300,QQQ
2021-11-18,390.32635498046875,401.75,402.2699890136719,397.45001220703125,399.7300109863281,45721500,QQQ
2021-11-19,392.50262451171875,403.989990234375,405.29998779296875,402.5799865722656,403.42999267578125,45191700,QQQ
2021-11-22,387.94598388671875,399.29998779296875,408.7099914550781,399.19000244140625,405.57000732421875,61715400,QQQ
2021-11-23,386.17779541015625,397.4800109863281,400.2300109863281,392.9200134277344,398.1099853515625,70098700,QQQ
2021-11-24,387.4213562011719,398.760009765625,399.04998779296875,392.5400085449219,394.92999267578125,46954400,QQQ
2021-11-26,380.0763854980469,391.20001220703125,397.5400085449219,389.7699890136719,396.1099853515625,51533300,QQQ
2021-11-29,388.3249206542969,399.69000244140625,400.7300109863281,395.1400146484375,395.8900146484375,54447100,QQQ
2021-11-30,382.6218566894531,393.82000732421875,401.19000244140625,391.75,398.7799987792969,81332700,QQQ
2021-12-01,376.1123046875,387.1199951171875,400.4800109863281,386.6400146484375,398.2799987792969,77766500,QQQ
2021-12-02,378.8230285644531,389.9100036621094,391.739990234375,384.3399963378906,385.79998779296875,84416600,QQQ
2021-12-03,372.2358093261719,383.1300048828125,392.3399963378906,378.8999938964844,391.30999755859375,105349100,QQQ
2021-12-06,375.2185363769531,386.20001220703125,387.6000061035156,379.29998779296875,383.6300048828125,67588800,QQQ
2021-12-07,386.5177917480469,397.8299865722656,398.4599914550781,392.989990234375,393.0299987792969,56005300,QQQ
2021-12-08,388.2471923828125,399.6099853515625,399.82000732421875,396.2200012207031,398.1700134277344,39204000,QQQ
2021-12-09,382.5344543457031,393.7300109863281,400.20001220703125,393.5299987792969,398.3500061035156,49973700,QQQ
2021-12-10,386.6927185058594,398.010009765625,398.2799987792969,393.3599853515625,396.6199951171875,52545800,QQQ
2021-12-13,381.1062316894531,392.260009765625,398.3299865722656,391.8800048828125,398.0,50166400,QQQ
2021-12-14,377.1617126464844,388.20001220703125,390.0899963378906,383.6300048828125,387.29998779296875,75199200,QQQ
2021-12-15,385.75994873046875,397.04998779296875,397.4200134277344,383.8800048828125,387.94000244140625,73858000,QQQ
2021-12-16,375.84033203125,386.8399963378906,398.4800109863281,385.2099914550781,398.0400085449219,82591400,QQQ
2021-12-17,373.9652099609375,384.9100036621094,389.19000244140625,381.7699890136719,383.3299865722656,80492500,QQQ
2021-12-20,370.33758544921875,380.69000244140625,381.5,377.4700012207031,379.57000732421875,65336800,QQQ
2021-12-21,378.6259765625,389.2099914550781,389.5299987792969,380.20001220703125,384.04998779296875,48899500,QQQ
2021-12-22,383.2370300292969,393.95001220703125,394.1600036621094,388.2300109863281,388.9100036621094,37042200,QQQ
2021-12-23,386.126220703125,396.9200134277344,398.42999267578125,394.1400146484375,394.30999755859375,29595500,QQQ
2021-12-27,392.5079040527344,403.4800109863281,403.4800109863281,398.2200012207031,398.25,32820700,QQQ
2021-12-28,390.6885986328125,401.6099853515625,404.5799865722656,400.7099914550781,404.3999938964844,33113700,QQQ
2021-12-29,390.63031005859375,401.54998779296875,403.04998779296875,399.1099853515625,401.75,32248500,QQQ
2021-12-30,389.4629211425781,400.3500061035156,403.57000732421875,399.75,401.3299865722656,23850100,QQQ
2021-12-31,387.0309753417969,397.8500061035156,401.05999755859375,397.3399963378906,399.6600036621094,34752900,QQQ
2022-01-03,390.7568359375,401.67999267578125,401.94000244140625,396.8800048828125,399.04998779296875,40575900,QQQ
2022-01-04,385.6884765625,396.4700012207031,402.2799987792969,393.2900085449219,402.239990234375,58027200,QQQ
2022-01-05,373.83966064453125,384.2900085449219,395.8900146484375,384.0299987792969,394.739990234375,75739800,QQQ
2022-01-06,373.57696533203125,384.0199890136719,387.3500061035156,380.1300048828125,382.4200134277344,70814300,QQQ
2022-01-07,369.5301513671875,379.8599853515625,385.760009765625,378.0400085449219,384.0299987792969,72652300,QQQ
2022-01-10,369.7733154296875,380.1099853515625,380.6400146484375,369.30999755859375,374.82000732421875,91770500,QQQ
2022-01-11,375.3281555175781,385.82000732421875,385.989990234375,377.2200012207031,379.3599853515625,68295700,QQQ
2022-01-12,376.8164978027344,387.3500061035156,390.20001220703125,385.010009765625,388.4599914550781,54576400,QQQ
2022-01-13,367.3899841308594,377.6600036621094,389.4700012207031,376.70001220703125,388.7699890136719,77994000,QQQ
2022-01-14,369.67608642578125,380.010009765625,380.3500061035156,374.8599853515625,375.07000732421875,80121200,QQQ
2022-01-18,360.473388671875,370.54998779296875,376.2200012207031,369.7699890136719,374.0400085449219,75450900,QQQ
2022-01-19,356.51397705078125,366.4800109863281,374.69000244140625,366.2099914550781,372.1499938964844,81791500,QQQ
2022-01-20,351.8834533691406,361.7200012207031,373.8699951171875,361.1700134277344,369.7900085449219,88610700,QQQ
2022-01-21,342.1262512207031,351.69000244140625,362.17999267578125,351.3999938964844,359.4700012207031,143388900,QQQ
2022-01-24,343.6924133300781,353.29998779296875,353.9800109863281,334.1499938964844,345.9100036621094,198685800,QQQ
2022-01-25,335.72503662109375,345.1099853515625,351.0299987792969,341.67999267578125,346.6700134277344,124398400,QQQ
2022-01-26,335.1998291015625,344.57000732421875,356.8800048828125,340.7799987792969,352.9100036621094,146559500,QQQ
2022-01-27,331.82421875,341.1000061035156,351.2699890136719,340.04998779296875,349.3999938964844,95255700,QQQ
2022-01-28,342.23321533203125,351.79998779296875,352.0199890136719,337.95001220703125,343.0299987792969,108167900,QQQ
2022-01-31,353.1772766113281,363.04998779296875,363.6499938964844,351.5199890136719,353.20001220703125,94326400,QQQ
2022-02-01,355.5801086425781,365.5199890136719,366.19000244140625,359.1400146484375,364.42999267578125,74433000,QQQ
2022-02-02,358.4693298339844,368.489990234375,370.1000061035156,364.2900085449219,369.760009765625,78777100,QQQ
2022-02-03,343.9356384277344,353.54998779296875,361.92999267578125,352.4599914550781,358.5299987792969,95384800,QQQ
2022-02-04,348.2743835449219,358.010009765625,361.3999938964844,351.9700012207031,354.0799865722656,86318300,QQQ
2022-02-07,345.47265625,355.1300048828125,361.04998779296875,353.8399963378906,358.6199951171875,58198100,QQQ
2022-02-08,349.3542175292969,359.1199951171875,360.239990234375,352.79998779296875,353.9599914550781,64720900,QQQ
2022-02-09,356.7572326660156,366.7300109863281,366.80999755859375,362.1199951171875,363.760009765625,55766400,QQQ
2022-02-10,348.682861328125,358.42999267578125,366.489990234375,356.5400085449219,359.5199890136719,112468500,QQQ
2022-02-11,337.6221008300781,347.05999755859375,360.07000732421875,345.79998779296875,358.42999267578125,101569100,QQQ
2022-02-14,338.0403747558594,347.489990234375,350.9800109863281,343.8900146484375,346.489990234375,80254400,QQQ
2022-02-15,346.4454650878906,356.1300048828125,356.3699951171875,351.82000732421875,352.9100036621094,55128800,QQQ
2022-02-16,346.35797119140625,356.0400085449219,357.0899963378906,350.7099914550781,353.82000732421875,58947100,QQQ
2022-02-17,336.055908203125,345.45001220703125,353.4599914550781,345.0199890136719,352.739990234375,61801400,QQQ
2022-02-18,332.2230529785156,341.510009765625,346.80999755859375,339.1400146484375,346.4100036621094,80001500,QQQ
2022-02-22,328.88629150390625,338.0799865722656,344.0400085449219,334.3500061035156,338.489990234375,85967100,QQQ
2022-02-23,320.4618225097656,329.4200134277344,342.17999267578125,329.1000061035156,341.32000732421875,86215400,QQQ
2022-02-24,331.23077392578125,340.489990234375,341.0400085449219,318.260009765625,318.8399963378906,130614100,QQQ
2022-02-25,336.3671569824219,345.7699890136719,345.9800109863281,337.3900146484375,341.30999755859375,78842100,QQQ
2022-02-28,337.36920166015625,346.79998779296875,348.5400085449219,341.32000732421875,342.510009765625,77515500,QQQ
2022-03-01,332.20361328125,341.489990234375,348.0799865722656,338.8999938964844,345.75,67407000,QQQ
2022-03-02,337.7777099609375,347.2200012207031,348.5899963378906,340.239990234375,343.0799865722656,70609000,QQQ
2022-03-03,332.9526672363281,342.260009765625,350.0400085449219,340.3500061035156,349.92999267578125,71089400,QQQ
2022-03-04,328.1275329589844,337.29998779296875,341.30999755859375,334.9200134277344,339.8399963378906,76936300,QQQ
2022-03-07,316.0257568359375,324.8599853515625,338.4800109863281,324.6499938964844,337.2900085449219,89933800,QQQ
2022-03-08,314.5569152832031,323.3500061035156,333.2099914550781,319.94000244140625,324.04998779296875,116153900,QQQ
2022-03-09,325.88031005859375,334.989990234375,336.3800048828125,329.0899963378906,331.75,64723400,QQQ
2022-03-10,322.2615051269531,331.2699890136719,332.510009765625,326.7099914550781,330.82000732421875,69362700,QQQ
2022-03-11,315.578369140625,324.3999938964844,334.6400146484375,323.8999938964844,334.32000732421875,66228400,QQQ
2022-03-14,309.51776123046875,318.1700134277344,326.5899963378906,317.45001220703125,323.1300048828125,79802600,QQQ
2022-03-15,319.226318359375,328.1499938964844,328.95001220703125,319.2300109863281,320.8800048828125,76471000,QQQ
2022-03-16,331.06549072265625,340.32000732421875,340.44000244140625,328.3999938964844,332.1700134277344,105243000,QQQ
2022-03-17,335.0733337402344,344.44000244140625,344.5,337.0400085449219,338.3699951171875,67810000,QQQ
2022-03-18,341.9316101074219,351.489990234375,351.7900085449219,341.54998779296875,342.739990234375,85446300,QQQ
2022-03-21,340.98101806640625,350.0799865722656,352.4800109863281,345.5799865722656,350.20001220703125,73799100,QQQ
2022-03-22,347.68218994140625,356.9599914550781,357.8500061035156,350.20001220703125,350.5899963378906,63345900,QQQ
2022-03-23,342.6855773925781,351.8299865722656,357.6600036621094,351.7699890136719,354.010009765625,70615500,QQQ
2022-03-24,350.30230712890625,359.6499938964844,359.70001220703125,351.5899963378906,353.79998779296875,53555300,QQQ
2022-03-25,350.0101623535156,359.3500061035156,360.6700134277344,354.94000244140625,359.5899963378906,57584200,QQQ
2022-03-28,355.4256286621094,364.9100036621094,365.010009765625,358.07000732421875,359.3399963378906,56833900,QQQ
2022-03-29,361.5423889160156,371.19000244140625,371.8299865722656,366.05999755859375,368.8999938964844,68073000,QQQ
2022-03-30,357.5488586425781,367.0899963378906,370.9800109863281,365.57000732421875,369.2799987792969,68757700,QQQ
2022-03-31,353.1172180175781,362.5400085449219,367.6000061035156,361.67999267578125,367.239990234375,67011400,QQQ
2022-04-01,352.44512939453125,361.8500061035156,363.6099853515625,358.5899963378906,362.80999755859375,54527800,QQQ
2022-04-04,359.70147705078125,369.29998779296875,369.30999755859375,362.44000244140625,362.7099914550781,45950200,QQQ
2022-04-05,351.7145690917969,361.1000061035156,368.5400085449219,359.92999267578125,367.80999755859375,62738700,QQQ
2022-04-06,344.0783386230469,353.260009765625,356.7799987792969,350.55999755859375,355.6499938964844,90077100,QQQ
2022-04-07,344.8965759277344,354.1000061035156,356.3500061035156,348.69000244140625,352.239990234375,63777400,QQQ
2022-04-08,340.0751953125,349.1499938964844,353.0899963378906,348.5,352.32000732421875,61956100,QQQ
2022-04-11,332.0298767089844,340.8900146484375,345.75,340.5400085449219,344.80999755859375,66107400,QQQ
2022-04-12,330.62725830078125,339.45001220703125,347.69000244140625,338.0400085449219,345.760009765625,72790200,QQQ
2022-04-13,337.3479919433594,346.3500061035156,347.42999267578125,339.05999755859375,339.79998779296875,61367800,QQQ
2022-04-14,329.6337890625,338.42999267578125,346.9700012207031,338.2099914550781,346.44000244140625,73519400,QQQ
2022-04-18,329.8871154785156,338.69000244140625,341.0400085449219,335.7900085449219,337.3500061035156,58560600,QQQ
2022-04-19,337.2603454589844,346.260009765625,346.8500061035156,336.9800109863281,338.0299987792969,56515700,QQQ
2022-04-20,332.3415222167969,341.2099914550781,347.55999755859375,339.9599914550781,347.0899963378906,65500000,QQQ
2022-04-21,325.4650573730469,334.1499938964844,347.8699951171875,333.20001220703125,345.19000244140625,75801000,QQQ
2022-04-22,316.94244384765625,325.3999938964844,335.55999755859375,324.9599914550781,334.30999755859375,82562100,QQQ
2022-04-25,321.01385498046875,329.5799865722656,329.8999938964844,322.42999267578125,323.7300109863281,101755900,QQQ
2022-04-26,308.8972473144531,317.1400146484375,327.6600036621094,316.8599853515625,327.4700012207031,105819600,QQQ
2022-04-27,308.52703857421875,316.760009765625,322.8800048828125,315.0,317.239990234375,111204200,QQQ
2022-04-28,319.48468017578125,328.010009765625,329.8900146484375,317.5199890136719,321.8500061035156,99450000,QQQ
2022-04-29,305.1083068847656,313.25,327.2300109863281,312.6000061035156,323.70001220703125,91977900,QQQ
2022-05-02,310.202392578125,318.4800109863281,318.7200012207031,309.6499938964844,312.8299865722656,115511800,QQQ
2022-05-03,310.53350830078125,318.82000732421875,321.1700134277344,315.9800109863281,318.5,78185500,QQQ
2022-05-04,321.0333557128906,329.6000061035156,330.2900085449219,313.8900146484375,319.30999755859375,116083400,QQQ
2022-05-05,304.8647766113281,313.0,325.25,309.6199951171875,325.1700134277344,154607400,QQQ
2022-05-06,301.21221923828125,309.25,315.0899963378906,305.1099853515625,310.95001220703125,139572800,QQQ
2022-05-09,289.4267578125,297.1499938964844,309.3500061035156,295.7200012207031,303.4800109863281,113387300,QQQ
2022-05-10,292.94293212890625,300.760009765625,305.760009765625,296.57000732421875,304.510009765625,124124600,QQQ
2022-05-11,284.2547302246094,291.8399963378906,304.0899963378906,290.95001220703125,298.44000244140625,140326100,QQQ
2022-05-12,283.5826110839844,291.1499938964844,295.75,284.94000244140625,287.45001220703125,120910900,QQQ
2022-05-13,294.0921630859375,301.94000244140625,303.0,294.0799865722656,295.7200012207031,83684900,QQQ
2022-05-16,290.6831970214844,298.44000244140625,302.260009765625,297.1300048828125,300.1499938964844,59190400,QQQ
2022-05-17,298.21234130859375,306.1700134277344,306.55999755859375,300.54998779296875,304.45001220703125,62715300,QQQ
2022-05-18,283.5729675292969,291.1400146484375,302.25,289.8500061035156,301.5400085449219,79477100,QQQ
2022-05-19,282.0534973144531,289.5799865722656,294.3900146484375,287.5799865722656,289.2900085449219,79920700,QQQ
2022-05-20,281.1768798828125,288.67999267578125,293.79998779296875,280.2099914550781,293.1300048828125,91764200,QQQ
2022-05-23,285.8521728515625,293.4800109863281,293.8699951171875,287.2900085449219,289.75,63648400,QQQ
2022-05-24,279.7742919921875,287.239990234375,288.8599853515625,282.25,288.1300048828125,73491100,QQQ
2022-05-25,283.6897888183594,291.260009765625,293.3900146484375,285.5,285.7099914550781,67144500,QQQ
2022-05-26,291.550048828125,299.3299865722656,300.9200134277344,290.1499938964844,290.44000244140625,59462200,QQQ
2022-05-27,301.066162109375,309.1000061035156,309.25,302.4200134277344,302.5400085449219,66985600,QQQ
2022-05-31,300.2674865722656,308.2799987792969,311.3299865722656,304.3299865722656,309.07000732421875,60968300,QQQ
2022-06-01,298.0467224121094,306.0,312.6499938964844,303.7300109863281,310.4700012207031,65341700,QQQ
2022-06-02,306.2088317871094,314.3800048828125,314.55999755859375,303.3999938964844,304.8500061035156,59291300,QQQ
2022-06-03,298.24151611328125,306.20001220703125,310.4700012207031,304.9200134277344,309.0299987792969,60914700,QQQ
2022-06-06,299.2350158691406,307.2200012207031,312.3500061035156,305.6199951171875,310.75,51785000,QQQ
2022-06-07,301.816162109375,309.8699951171875,310.6700134277344,302.69000244140625,303.80999755859375,44900300,QQQ
2022-06-08,299.64410400390625,307.6400146484375,311.7200012207031,306.7699890136719,309.04998779296875,38342100,QQQ
2022-06-09,291.6181640625,299.3999938964844,309.04998779296875,299.2300109863281,305.9100036621094,55900500,QQQ
2022-06-10,281.332763671875,288.8399963378906,294.8699951171875,288.3800048828125,293.6499938964844,85963500,QQQ
2022-06-13,268.2518310546875,275.4100036621094,282.3399963378906,274.5299987792969,279.75,94442000,QQQ
2022-06-14,268.7388000488281,275.9100036621094,278.6600036621094,273.3399963378906,277.6600036621094,64697500,QQQ
2022-06-15,275.44970703125,282.79998779296875,286.8299865722656,276.6099853515625,279.4200134277344,86051400,QQQ
2022-06-16,264.3362731933594,271.3900146484375,276.05999755859375,269.2799987792969,275.5899963378906,81910300,QQQ
2022-06-17,267.550537109375,274.69000244140625,277.19000244140625,270.510009765625,272.17999267578125,82703400,QQQ
2022-06-21,274.3006591796875,281.0799865722656,283.45001220703125,278.6400146484375,278.75,51633700,QQQ
2022-06-22,273.9005432128906,280.6700134277344,285.17999267578125,277.9100036621094,278.5199890136719,67472900,QQQ
2022-06-23,277.97979736328125,284.8500061035156,285.7200012207031,280.30999755859375,283.2099914550781,57457800,QQQ
2022-06-24,287.50433349609375,294.6099853515625,295.0400085449219,287.5,287.739990234375,58422300,QQQ
2022-06-27,285.3964538574219,292.45001220703125,296.5799865722656,291.2900085449219,296.0,54151500,QQQ
2022-06-28,276.70135498046875,283.5400085449219,295.6499938964844,283.3500061035156,293.0,61609800,QQQ
2022-06-29,276.9550476074219,283.79998779296875,285.3399963378906,280.8399963378906,283.3999938964844,57302700,QQQ
2022-06-30,273.5199890136719,280.2799987792969,283.94000244140625,275.7799987792969,280.75,79313600,QQQ
2022-07-01,275.32537841796875,282.1300048828125,282.5299987792969,277.0299987792969,278.95001220703125,56675100,QQQ
2022-07-05,280.038818359375,286.9599914550781,287.0799865722656,276.75,278.30999755859375,61829300,QQQ
2022-07-06,281.83447265625,288.79998779296875,290.95001220703125,285.5899963378906,287.3500061035156,63194700,QQQ
2022-07-07,287.8654479980469,294.9800109863281,295.70001220703125,289.6300048828125,289.6300048828125,56620100,QQQ
2022-07-08,288.2264709472656,295.3500061035156,296.75,291.1199951171875,292.0799865722656,59895500,QQQ
2022-07-11,282.06866455078125,289.0400085449219,293.1099853515625,288.1400146484375,292.8800048828125,55273900,QQQ
2022-07-12,279.336181640625,286.239990234375,292.2799987792969,284.6099853515625,290.32000732421875,55797100,QQQ
2022-07-13,278.76043701171875,285.6499938964844,288.04998779296875,280.0199890136719,280.6000061035156,73939400,QQQ
2022-07-14,279.75592041015625,286.6700134277344,287.55999755859375,279.79998779296875,282.989990234375,63741800,QQQ
2022-07-15,284.8304138183594,291.8699951171875,291.9800109863281,288.0799865722656,289.7300109863281,63818100,QQQ
2022-07-18,282.4200439453125,289.3999938964844,296.1600036621094,288.20001220703125,294.7200012207031,59519600,QQQ
2022-07-19,291.1053161621094,298.29998779296875,298.6000061035156,291.4700012207031,293.1099853515625,55172600,QQQ
2022-07-20,295.7213134765625,303.0299987792969,304.239990234375,297.92999267578125,298.7300109863281,67769400,QQQ
2022-07-21,299.9663391113281,307.3800048828125,307.44000244140625,300.7799987792969,303.5,55049400,QQQ
2022-07-22,294.7063293457031,301.989990234375,308.54998779296875,300.1199951171875,306.42999267578125,57127700,QQQ
2022-07-25,293.02777099609375,300.2699890136719,302.5,298.2200012207031,302.0199890136719,40582400,QQQ
2022-07-26,287.2701110839844,294.3699951171875,298.7900085449219,293.5400085449219,298.5299987792969,50074100,QQQ
2022-07-27,299.41009521484375,306.80999755859375,308.5400085449219,298.4599914550781,299.0400085449219,69304400,QQQ
2022-07-28,302.3377380371094,309.80999755859375,310.3999938964844,302.75,306.5899963378906,55139900,QQQ
2022-07-29,307.8514404296875,315.4599914550781,316.3900146484375,309.92999267578125,311.3900146484375,57501000,QQQ
2022-08-01,307.666015625,315.2699890136719,318.80999755859375,312.5299987792969,313.6499938964844,46358800,QQQ
2022-08-02,306.7486572265625,314.3299865722656,318.54998779296875,311.8399963378906,312.9200134277344,48676500,QQQ
2022-08-03,315.1022644042969,322.8900146484375,323.7300109863281,315.989990234375,316.04998779296875,53735700,QQQ
2022-08-04,316.57586669921875,324.3999938964844,324.7200012207031,320.7699890136719,322.9700012207031,38973700,QQQ
2022-08-05,313.98974609375,321.75,323.8299865722656,318.3900146484375,319.19000244140625,53894000,QQQ
2022-08-08,312.9748229980469,320.7099914550781,326.4700012207031,319.2099914550781,322.69000244140625,43878500,QQQ
2022-08-09,309.432373046875,317.0799865722656,319.0299987792969,315.4200134277344,318.7699890136719,39764200,QQQ
2022-08-10,318.0689697265625,325.92999267578125,326.2300109863281,322.05999755859375,324.5899963378906,51459600,QQQ
2022-08-11,316.2635192871094,324.0799865722656,330.3599853515625,323.3599853515625,328.30999755859375,45897700,QQQ
2022-08-12,322.4214172363281,330.3900146484375,330.5899963378906,325.1000061035156,326.17999267578125,40928400,QQQ
2022-08-15,325.0270080566406,333.05999755859375,333.57000732421875,329.3999938964844,329.4200134277344,38266600,QQQ
2022-08-16,324.265869140625,332.2799987792969,334.4200134277344,329.1600036621094,332.05999755859375,41186900,QQQ
2022-08-17,320.5672607421875,328.489990234375,331.42999267578125,326.3599853515625,329.07000732421875,47842200,QQQ
2022-08-18,321.3381652832031,329.2799987792969,330.489990234375,326.7900085449219,328.44000244140625,41937200,QQQ
2022-08-19,315.0729675292969,322.8599853515625,326.8399963378906,322.0799865722656,326.1700134277344,51770600,QQQ
2022-08-22,306.7779846191406,314.3599853515625,318.739990234375,313.5299987792969,318.5,51098900,QQQ
2022-08-23,306.5243225097656,314.1000061035156,317.0,313.3299865722656,314.1199951171875,39497100,QQQ
2022-08-24,307.4123229980469,315.010009765625,316.8699951171875,312.989990234375,313.6099853515625,38057100,QQQ
2022-08-25,312.8479309082031,320.5799865722656,320.6000061035156,315.760009765625,316.8299865722656,38098300,QQQ
2022-08-26,300.0249328613281,307.44000244140625,321.510009765625,307.3500061035156,320.2799987792969,69047700,QQQ
2022-08-29,297.0679931640625,304.4100036621094,307.2200012207031,303.2799987792969,304.6199951171875,48321900,QQQ
2022-08-30,293.75970458984375,301.0199890136719,306.7300109863281,298.44000244140625,306.1000061035156,51184500,QQQ
2022-08-31,292.052001953125,299.2699890136719,304.9100036621094,299.1600036621094,303.989990234375,50044000,QQQ
2022-09-01,292.1788024902344,299.3999938964844,299.7799987792969,292.95001220703125,296.7200012207031,57990700,QQQ
2022-09-02,288.05084228515625,295.1700134277344,303.75,293.5199890136719,302.3399963378906,64666800,QQQ
2022-09-06,285.98199462890625,293.04998779296875,296.6000061035156,290.8699951171875,295.6600036621094,57005400,QQQ
2022-09-07,291.7591857910156,298.9700012207031,299.989990234375,293.2699890136719,293.5400085449219,49260400,QQQ
2022-09-08,293.2717590332031,300.5199890136719,301.8699951171875,295.45001220703125,296.8500061035156,55649800,QQQ
2022-09-09,299.6833190917969,307.0899963378906,307.6000061035156,300.5199890136719,302.8299865722656,56125200,QQQ
2022-09-12,303.2452697753906,310.739990234375,311.0799865722656,308.17999267578125,308.5,45905700,QQQ
2022-09-13,286.6163635253906,293.70001220703125,303.0199890136719,292.7900085449219,301.79998779296875,79562200,QQQ
2022-09-14,288.8900146484375,296.0299987792969,296.92999267578125,293.05999755859375,294.8699951171875,54907200,QQQ
2022-09-15,284.0789794921875,291.1000061035156,296.5299987792969,289.4599914550781,294.07000732421875,65299400,QQQ
2022-09-16,282.3419494628906,289.32000732421875,289.7200012207031,285.6199951171875,287.7200012207031,79920400,QQQ
2022-09-19,284.5406188964844,291.04998779296875,291.2099914550781,286.0400085449219,286.1000061035156,52613800,QQQ
2022-09-20,282.27252197265625,288.7300109863281,291.07000732421875,286.3800048828125,288.489990234375,51271100,QQQ
2022-09-21,277.2181701660156,283.55999755859375,293.95001220703125,283.4200134277344,289.5899963378906,82931000,QQQ
2022-09-22,273.8061828613281,280.07000732421875,283.0299987792969,278.82000732421875,282.0,62757100,QQQ
2022-09-23,269.34820556640625,275.510009765625,277.8500061035156,272.0199890136719,277.54998779296875,74815200,QQQ
2022-09-26,268.23370361328125,274.3699951171875,279.489990234375,273.55999755859375,275.0299987792969,71176700,QQQ
2022-09-27,268.3411865234375,274.4800109863281,280.2099914550781,272.1099853515625,277.80999755859375,69780100,QQQ
2022-09-28,273.6790771484375,279.94000244140625,281.25,272.95001220703125,274.4599914550781,79652100,QQQ
2022-09-29,265.78961181640625,271.8699951171875,276.25,268.8399963378906,275.8599853515625,81216000,QQQ
2022-09-30,261.28271484375,267.260009765625,275.19000244140625,267.1000061035156,271.0299987792969,78482400,QQQ
2022-10-03,267.4124755859375,273.5299987792969,275.1600036621094,267.5299987792969,269.07000732421875,61267400,QQQ
2022-10-04,275.82012939453125,282.1300048828125,282.8500061035156,278.989990234375,278.989990234375,66696900,QQQ
2022-10-05,275.6734619140625,281.9800109863281,283.80999755859375,275.4200134277344,278.2799987792969,55766300,QQQ
2022-10-06,273.50311279296875,279.760009765625,284.17999267578125,279.42999267578125,280.9599914550781,53489400,QQQ
2022-10-07,263.08154296875,269.1000061035156,275.1499938964844,267.739990234375,275.0199890136719,71354700,QQQ
2022-10-10,260.45172119140625,266.4100036621094,269.70001220703125,263.6400146484375,269.29998779296875,60393000,QQQ
2022-10-11,256.87353515625,262.75,267.6300048828125,261.0299987792969,264.70001220703125,66522500,QQQ
2022-10-12,256.7855529785156,262.6600036621094,265.3599853515625,261.95001220703125,263.3999938964844,50580200,QQQ
2022-10-13,262.80780029296875,268.82000732421875,270.1700134277344,254.25999450683594,255.16000366210938,112894100,QQQ
2022-10-14,254.9085235595703,260.739990234375,271.80999755859375,260.1400146484375,271.20001220703125,77244300,QQQ
2022-10-17,263.325927734375,269.3500061035156,270.239990234375,266.739990234375,266.8399963378906,64576500,QQQ
2022-10-18,265.40838623046875,271.4800109863281,277.2099914550781,268.739990234375,276.5299987792969,69781000,QQQ
2022-10-19,264.44049072265625,270.489990234375,273.67999267578125,268.07000732421875,269.92999267578125,53115400,QQQ
2022-10-20,263.09130859375,269.1099853515625,274.8399963378906,267.9200134277344,269.5799865722656,60605500,QQQ
2022-10-21,269.2602233886719,275.4200134277344,275.9700012207031,266.82000732421875,267.9800109863281,77897700,QQQ
2022-10-24,272.22247314453125,278.45001220703125,279.3999938964844,271.9700012207031,275.69000244140625,63963600,QQQ
2022-10-25,277.85357666015625,284.2099914550781,284.6000061035156,277.8999938964844,279.4100036621094,59014500,QQQ
2022-10-26,271.71405029296875,277.92999267578125,283.9800109863281,277.42999267578125,278.4599914550781,63492400,QQQ
2022-10-27,266.7672424316406,272.8699951171875,278.2799987792969,272.3399963378906,276.7900085449219,57760300,QQQ
2022-10-28,274.9305419921875,281.2200012207031,281.70001220703125,272.05999755859375,272.2300109863281,62651300,QQQ
2022-10-31,271.7336730957031,277.95001220703125,279.760009765625,275.989990234375,278.9200134277344,47742000,QQQ
2022-11-01,268.9571533203125,275.1099853515625,282.07000732421875,274.739990234375,281.5,45895900,QQQ
2022-11-02,259.7380065917969,265.67999267578125,278.2099914550781,265.6099853515625,275.0799865722656,79803100,QQQ
2022-11-03,254.6641082763672,260.489990234375,264.5,260.1000061035156,263.010009765625,70038900,QQQ
2022-11-04,258.7603759765625,264.67999267578125,266.6099853515625,259.0799865722656,265.5299987792969,78313200,QQQ
2022-11-07,261.6053161621094,267.5899963378906,268.1400146484375,263.57000732421875,265.75,47333800,QQQ
2022-11-08,263.51177978515625,269.5400085449219,272.8500061035156,265.5199890136719,269.1400146484375,63213800,QQQ
2022-11-09,257.4307861328125,263.32000732421875,268.55999755859375,263.0299987792969,267.760009765625,64862100,QQQ
2022-11-10,276.4261779785156,282.75,283.04998779296875,273.8500061035156,276.010009765625,99256700,QQQ
2022-11-11,281.5196838378906,287.9599914550781,288.6400146484375,281.19000244140625,282.55999755859375,66961800,QQQ
2022-11-14,279.0561828613281,285.44000244140625,289.2099914550781,284.44000244140625,285.8599853515625,55290700,QQQ
2022-11-15,282.91778564453125,289.3900146484375,293.260009765625,285.9700012207031,292.2099914550781,73985400,QQQ
2022-11-16,279.0561828613281,285.44000244140625,289.4800109863281,284.6000061035156,287.3900146484375,48859800,QQQ
2022-11-17,278.44012451171875,284.80999755859375,286.32000732421875,280.7200012207031,280.8800048828125,55462100,QQQ
2022-11-18,278.45001220703125,284.82000732421875,287.989990234375,282.32000732421875,287.8900146484375,53588600,QQQ
2022-11-21,275.5855712890625,281.8900146484375,284.5799865722656,281.0400085449219,283.3999938964844,40083500,QQQ
2022-11-22,279.5546875,285.95001220703125,286.1099853515625,280.4599914550781,282.6400146484375,41873400,QQQ
2022-11-23,282.36053466796875,288.82000732421875,289.4599914550781,285.7900085449219,285.9700012207031,46390000,QQQ
2022-11-25,280.5030212402344,286.9200134277344,287.9100036621094,286.4200134277344,287.19000244140625,15498800,QQQ
2022-11-28,276.3871765136719,282.7099914550781,286.9599914550781,281.760009765625,284.8999938964844,38714200,QQQ
2022-11-29,274.2950744628906,280.57000732421875,283.3500061035156,279.1700134277344,282.94000244140625,35618900,QQQ
2022-11-30,286.7989501953125,293.3599853515625,293.4700012207031,279.9700012207031,280.8399963378906,74718100,QQQ
2022-12-01,287.15093994140625,293.7200012207031,295.75,290.8800048828125,293.69000244140625,51547300,QQQ
2022-12-02,286.0071105957031,292.54998779296875,293.45001220703125,288.3599853515625,288.5400085449219,53583200,QQQ
2022-12-05,281.2069396972656,287.6400146484375,291.67999267578125,286.1499938964844,290.3800048828125,41482100,QQQ
2022-12-06,275.3802490234375,281.67999267578125,287.6199951171875,280.260009765625,287.4800109863281,53937600,QQQ
2022-12-07,274.2558898925781,280.5299987792969,282.57000732421875,278.7799987792969,280.4700012207031,45614300,QQQ
2022-12-08,277.50164794921875,283.8500061035156,284.8399963378906,279.7900085449219,281.9100036621094,42594900,QQQ
2022-12-09,275.7321472167969,282.0400085449219,285.6400146484375,281.5899963378906,282.80999755859375,47860500,QQQ
2022-12-12,279.1929626464844,285.5799865722656,285.6400146484375,281.1600036621094,282.2200012207031,35732500,QQQ
2022-12-13,282.1943054199219,288.6499938964844,296.8800048828125,285.9100036621094,296.6499938964844,80667700,QQQ
2022-12-14,280.1021728515625,286.510009765625,291.4100036621094,283.19000244140625,288.04998779296875,64984400,QQQ
2022-12-15,270.6972961425781,276.8900146484375,283.010009765625,275.6700134277344,282.3299865722656,60554100,QQQ
2022-12-16,268.116455078125,274.25,277.7699890136719,272.6099853515625,276.20001220703125,68300400,QQQ
2022-12-19,264.348388671875,269.75,273.9599914550781,268.489990234375,273.8699951171875,44167900,QQQ
2022-12-20,264.1426696777344,269.5400085449219,271.32000732421875,266.95001220703125,268.55999755859375,51064200,QQQ
2022-12-21,267.9743347167969,273.45001220703125,274.7799987792969,269.739990234375,270.6000061035156,46394700,QQQ
2022-12-22,261.41827392578125,266.760009765625,270.510009765625,262.4599914550781,270.3800048828125,60278400,QQQ
2022-12-23,262.0061950683594,267.3599853515625,268.0400085449219,263.5299987792969,265.4700012207031,39373600,QQQ
2022-12-27,258.3018798828125,263.5799865722656,266.8500061035156,263.0299987792969,266.739990234375,38009000,QQQ
2022-12-28,254.89158630371094,260.1000061035156,265.4700012207031,259.7300109863281,263.1700134277344,47139000,QQQ
2022-12-29,261.1046142578125,266.44000244140625,267.3999938964844,262.25,262.9599914550781,45893600,QQQ
2022-12-30,260.9478759765625,266.2799987792969,266.4100036621094,262.2900085449219,263.6199951171875,37858300,QQQ
2023-01-03,259.18389892578125,264.4800109863281,270.1499938964844,262.1300048828125,268.6499938964844,42335300,QQQ
2023-01-04,260.41864013671875,265.739990234375,267.45001220703125,262.5299987792969,266.6400146484375,47754900,QQQ
2023-01-05,256.3419494628906,261.5799865722656,264.2099914550781,261.260009765625,264.0400085449219,45396700,QQQ
2023-01-06,263.4174499511719,268.79998779296875,269.94000244140625,260.3399963378906,263.3500061035156,54659700,QQQ
2023-01-09,265.1225891113281,270.5400085449219,275.2900085449219,269.9200134277344,270.8299865722656,45568700,QQQ
2023-01-10,267.36663818359375,272.8299865722656,272.94000244140625,268.9700012207031,269.489990234375,35247800,QQQ
2023-01-11,271.99212646484375,277.54998779296875,277.6600036621094,273.1199951171875,273.9200134277344,44077000,QQQ
2023-01-12,273.4621276855469,279.04998779296875,280.1000061035156,273.739990234375,278.1199951171875,60600000,QQQ
2023-01-13,275.34368896484375,280.9700012207031,281.2200012207031,276.1600036621094,276.5,44802900,QQQ
2023-01-17,275.90234375,281.5400085449219,282.8500061035156,279.5799865722656,280.7699890136719,36269700,QQQ
2023-01-18,272.31561279296875,277.8800048828125,284.69000244140625,277.6700134277344,283.1099853515625,47754500,QQQ
2023-01-19,269.64019775390625,275.1499938964844,277.3800048828125,273.8900146484375,276.2200012207031,44150400,QQQ
2023-01-20,277.0193786621094,282.67999267578125,283.0199890136719,275.7099914550781,276.7900085449219,60613600,QQQ
2023-01-23,283.17364501953125,288.9599914550781,290.2099914550781,282.7300109863281,283.5400085449219,52799900,QQQ
2023-01-24,282.5955810546875,288.3699951171875,289.54998779296875,286.7799987792969,287.30999755859375,44875100,QQQ
2023-01-25,281.9683532714844,287.7300109863281,288.3599853515625,281.17999267578125,283.7699890136719,50872000,QQQ
2023-01-26,287.4659423828125,293.3399963378906,293.5199890136719,288.5199890136719,291.2200012207031,51596300,QQQ
2023-01-27,290.3274841308594,296.260009765625,298.260009765625,291.8800048828125,292.0,56441900,QQQ
2023-01-30,284.4574890136719,290.2699890136719,294.3800048828125,289.8900146484375,292.92999267578125,49405800,QQQ
2023-01-31,288.72039794921875,294.6199951171875,294.7200012207031,290.20001220703125,290.30999755859375,46705100,QQQ
2023-02-01,294.89422607421875,300.9200134277344,303.42999267578125,292.29998779296875,294.4100036621094,67562200,QQQ
2023-02-02,305.47796630859375,311.7200012207031,313.67999267578125,306.7300109863281,307.57000732421875,83070600,QQQ
2023-02-03,300.04888916015625,306.17999267578125,312.3900146484375,304.5400085449219,304.94000244140625,76170800,QQQ
2023-02-06,297.51068115234375,303.5899963378906,305.9100036621094,302.2200012207031,303.510009765625,40802300,QQQ
2023-02-07,303.6747741699219,309.8800048828125,311.0299987792969,302.32000732421875,303.4599914550781,67584000,QQQ
2023-02-08,298.2751159667969,304.3699951171875,309.5,303.6700134277344,308.5400085449219,56720900,QQQ
2023-02-09,295.6390380859375,301.67999267578125,308.989990234375,300.20001220703125,308.8399963378906,49137800,QQQ
2023-02-10,293.6986389160156,299.70001220703125,301.57000732421875,297.25,299.4800109863281,50050100,QQQ
2023-02-13,298.4024963378906,304.5,305.1000061035156,299.92999267578125,301.1300048828125,39636700,QQQ
2023-02-14,300.60748291015625,306.75,307.7200012207031,300.9100036621094,302.8900146484375,64079100,QQQ
2023-02-15,302.9104309082031,309.1000061035156,309.2699890136719,304.20001220703125,304.8999938964844,43100600,QQQ
2023-02-16,297.2265319824219,303.29998779296875,308.42999267578125,303.1499938964844,304.3800048828125,59498600,QQQ
2023-02-17,295.1293640136719,301.1600036621094,301.92999267578125,298.1000061035156,301.07000732421875,58230700,QQQ
2023-02-21,288.1421813964844,294.0299987792969,298.7300109863281,293.8900146484375,297.260009765625,46526700,QQQ
2023-02-22,288.35772705078125,294.25,296.3599853515625,292.55999755859375,294.6199951171875,51389200,QQQ
2023-02-23,290.8763122558594,296.82000732421875,298.1300048828125,292.54998779296875,297.9700012207031,69294400,QQQ
2023-02-24,286.005859375,291.8500061035156,292.9700012207031,290.04998779296875,291.760009765625,74332000,QQQ
2023-02-27,288.0539245605469,293.94000244140625,296.489990234375,293.3399963378906,295.07000732421875,48995000,QQQ
2023-02-28,287.68157958984375,293.55999755859375,296.1199951171875,292.9599914550781,293.29998779296875,48243100,QQQ
2023-03-01,285.3688659667969,291.20001220703125,293.92999267578125,290.20001220703125,293.260009765625,58287000,QQQ
2023-03-02,287.7305908203125,293.6099853515625,294.42999267578125,288.3699951171875,288.6600036621094,53565900,QQQ
2023-03-03,293.6790466308594,299.67999267578125,299.9200134277344,294.8699951171875,295.3900146484375,60511500,QQQ
2023-03-06,294.0122375488281,300.0199890136719,304.0,299.82000732421875,300.94000244140625,56736300,QQQ
2023-03-07,290.4059143066406,296.3399963378906,301.010009765625,295.7200012207031,300.07000732421875,65955800,QQQ
2023-03-08,291.8562927246094,297.82000732421875,298.42999267578125,294.8800048828125,296.7699890136719,50876300,QQQ
2023-03-09,286.79962158203125,292.6600036621094,300.9800109863281,291.8299865722656,298.3299865722656,71456700,QQQ
2023-03-10,282.7718811035156,288.54998779296875,294.3500061035156,287.3800048828125,292.8299865722656,98593600,QQQ
2023-03-13,284.8690490722656,290.69000244140625,294.4700012207031,285.19000244140625,286.7300109863281,97123600,QQQ
2023-03-14,291.41522216796875,297.3699951171875,297.92999267578125,293.45001220703125,294.30999755859375,73602500,QQQ
2023-03-15,292.94403076171875,298.92999267578125,299.2699890136719,293.239990234375,294.7099914550781,83631500,QQQ
2023-03-16,300.666259765625,306.80999755859375,307.17999267578125,297.19000244140625,298.0,98198100,QQQ
2023-03-17,299.2453308105469,305.3599853515625,309.1499938964844,303.3699951171875,306.7200012207031,89923700,QQQ
2023-03-20,300.30731201171875,305.9700012207031,306.29998779296875,302.010009765625,304.260009765625,56359500,QQQ
2023-03-21,304.59637451171875,310.3399963378906,310.79998779296875,306.3999938964844,307.94000244140625,49757000,QQQ
2023-03-22,300.4544982910156,306.1199951171875,315.25,305.95001220703125,310.2699890136719,75791900,QQQ
2023-03-23,304.017333984375,309.75,314.1499938964844,307.010009765625,309.9200134277344,74576000,QQQ
2023-03-24,305.13623046875,310.8900146484375,310.989990234375,306.95001220703125,309.32000732421875,57195200,QQQ
2023-03-27,303.0456848144531,308.760009765625,312.70001220703125,307.8900146484375,311.6000061035156,50287400,QQQ
2023-03-28,301.4359436035156,307.1199951171875,308.20001220703125,304.7699890136719,308.1700134277344,48585900,QQQ
2023-03-29,306.93231201171875,312.7200012207031,313.3500061035156,310.04998779296875,310.8800048828125,53274300,QQQ
2023-03-30,309.83758544921875,315.67999267578125,316.32000732421875,312.80999755859375,315.239990234375,58354800,QQQ
2023-03-31,314.9903869628906,320.92999267578125,321.1700134277344,315.6000061035156,315.9100036621094,62138100,QQQ
2023-04-03,314.22479248046875,320.1499938964844,320.4200134277344,317.4200134277344,318.7699890136719,47126800,QQQ
2023-04-04,313.1648864746094,319.07000732421875,321.6300048828125,317.8299865722656,320.6000061035156,45875400,QQQ
2023-04-05,310.0731201171875,315.9200134277344,319.05999755859375,314.07000732421875,318.1000061035156,62795700,QQQ
2023-04-06,312.1636657714844,318.04998779296875,318.54998779296875,312.82000732421875,314.239990234375,46916500,QQQ
2023-04-10,311.987060546875,317.8699951171875,317.9200134277344,313.25,315.07000732421875,45134700,QQQ
2023-04-11,309.9847412109375,315.8299865722656,317.8900146484375,315.30999755859375,317.8299865722656,40113600,QQQ
2023-04-12,307.24639892578125,313.0400085449219,318.4200134277344,312.57000732421875,317.82000732421875,62813300,QQQ
2023-04-13,313.2630310058594,319.1700134277344,319.6499938964844,313.6300048828125,314.8299865722656,54613800,QQQ
2023-04-14,312.6741027832031,318.57000732421875,320.3599853515625,315.6099853515625,317.5899963378906,56278300,QQQ
2023-04-17,312.9390869140625,318.8399963378906,319.20001220703125,316.0400085449219,318.1499938964844,43007000,QQQ
2023-04-18,312.958740234375,318.8599853515625,321.4200134277344,317.6400146484375,320.989990234375,46746900,QQQ
2023-04-19,312.8114929199219,318.7099914550781,319.7900085449219,316.2799987792969,316.4100036621094,38960100,QQQ
2023-04-20,310.42645263671875,316.2799987792969,319.2699890136719,314.9700012207031,315.69000244140625,62462100,QQQ
2023-04-21,310.75030517578125,316.6099853515625,317.3999938964844,314.1000061035156,315.9100036621094,59002300,QQQ
2023-04-24,310.10260009765625,315.95001220703125,317.739990234375,313.739990234375,316.3800048828125,44043100,QQQ
2023-04-25,304.2528381347656,309.989990234375,314.9700012207031,309.8900146484375,314.2900085449219,57121600,QQQ
2023-04-26,306.09808349609375,311.8699951171875,314.94000244140625,311.3399963378906,313.44000244140625,55400500,QQQ
2023-04-27,314.421142578125,320.3500061035156,320.8599853515625,315.04998779296875,315.70001220703125,65430400,QQQ
2023-04-28,316.5902099609375,322.55999755859375,322.6499938964844,318.9599914550781,320.1099853515625,59712600,QQQ
2023-05-01,316.2270812988281,322.19000244140625,323.6300048828125,321.0899963378906,322.0899963378906,41013400,QQQ
2023-05-02,313.4690856933594,319.3800048828125,322.45001220703125,317.6099853515625,322.1199951171875,56519400,QQQ
2023-05-03,311.4177551269531,317.2900085449219,322.4700012207031,317.17999267578125,319.75,59882100,QQQ
2023-05-04,310.3184509277344,316.1700134277344,318.2300109863281,315.1199951171875,317.05999755859375,50224500,QQQ
2023-05-05,316.91412353515625,322.8900146484375,323.760009765625,316.2099914550781,318.4700012207031,51806100,QQQ
2023-05-08,317.6993408203125,323.69000244140625,324.0400085449219,321.32000732421875,322.4200134277344,36465800,QQQ
2023-05-09,315.687255859375,321.6400146484375,322.8800048828125,321.32000732421875,322.0,31768800,QQQ
2023-05-10,319.1225280761719,325.1400146484375,326.010009765625,321.6000061035156,324.1199951171875,60446600,QQQ
2023-05-11,320.1628723144531,326.20001220703125,326.75,324.1199951171875,325.70001220703125,44278500,QQQ
2023-05-12,319.01446533203125,325.0299987792969,327.1700134277344,322.94000244140625,326.739990234375,48432800,QQQ
2023-05-15,320.7419738769531,326.7900085449219,327.0299987792969,323.9599914550781,325.510009765625,33375600,QQQ
2023-05-16,321.1051025390625,327.1600036621094,328.8999938964844,326.0199890136719,326.05999755859375,40019200,QQQ
2023-05-17,324.99176025390625,331.1199951171875,331.7099914550781,327.0400085449219,328.239990234375,47486100,QQQ
2023-05-18,331.0279541015625,337.2699890136719,337.489990234375,331.5,331.5199890136719,64213500,QQQ
2023-05-19,330.2820739746094,336.510009765625,338.2099914550781,335.42999267578125,337.489990234375,61554900,QQQ
2023-05-22,331.3911437988281,337.6400146484375,338.6700134277344,336.239990234375,336.25,43015900,QQQ
2023-05-23,327.1903076171875,333.3599853515625,337.05999755859375,333.0,335.8900146484375,48216700,QQQ
2023-05-24,325.5119934082031,331.6499938964844,332.9100036621094,329.55999755859375,331.3699951171875,62891200,QQQ
2023-05-25,333.43267822265625,339.7200012207031,341.010009765625,336.6700134277344,339.1400146484375,66862800,QQQ
2023-05-26,341.9519958496094,348.3999938964844,349.25,340.6600036621094,340.760009765625,63007000,QQQ
2023-05-30,343.5027770996094,349.9800109863281,353.92999267578125,348.5299987792969,352.7099914550781,72652200,QQQ
2023-05-31,341.5495910644531,347.989990234375,350.6000061035156,346.510009765625,348.3699951171875,65105400,QQQ
2023-06-01,345.4952087402344,352.010009765625,353.3599853515625,346.6600036621094,347.7300109863281,50488600,QQQ
2023-06-02,348.0863342285156,354.6499938964844,355.8299865722656,352.010009765625,353.79998779296875,53372100,QQQ
2023-06-05,348.3316650390625,354.8999938964844,357.5,353.8500061035156,354.42999267578125,47266200,QQQ
2023-06-06,348.2728271484375,354.8399963378906,355.82000732421875,352.92999267578125,354.2799987792969,41390400,QQQ
2023-06-07,342.3642578125,348.82000732421875,357.1199951171875,348.17999267578125,355.1300048828125,69225900,QQQ
2023-06-08,346.61407470703125,353.1499938964844,353.6199951171875,348.8900146484375,349.1199951171875,47153900,QQQ
2023-06-09,347.9391174316406,354.5,357.6600036621094,353.0299987792969,354.6300048828125,53196900,QQQ
2023-06-12,353.8182067871094,360.489990234375,360.5899963378906,355.20001220703125,356.19000244140625,44606500,QQQ
2023-06-13,356.5369567871094,363.260009765625,364.1099853515625,360.0299987792969,363.2900085449219,57097800,QQQ
2023-06-14,359.12811279296875,365.8999938964844,366.19000244140625,360.4200134277344,363.2699890136719,69525600,QQQ
2023-06-15,363.4075012207031,370.260009765625,371.7699890136719,363.9800109863281,364.6099853515625,71138800,QQQ
2023-06-16,361.1205139160156,367.92999267578125,372.8500061035156,367.4800109863281,372.7200012207031,80932000,QQQ
2023-06-20,360.6035461425781,366.8999938964844,368.32000732421875,363.8900146484375,365.95001220703125,49204700,QQQ
2023-06-21,355.6894226074219,361.8999938964844,366.17999267578125,360.9599914550781,365.739990234375,53378300,QQQ
2023-06-22,359.8861083984375,366.1700134277344,366.3299865722656,360.2200012207031,360.6300048828125,47603000,QQQ
2023-06-23,356.3184509277344,362.5400085449219,364.8800048828125,360.82000732421875,362.2099914550781,48922900,QQQ
2023-06-26,351.5417785644531,357.67999267578125,364.8399963378906,357.5899963378906,362.0,52685500,QQQ
2023-06-27,357.5862121582031,363.8299865722656,364.57000732421875,358.510009765625,359.25,49428100,QQQ
2023-06-28,358.28411865234375,364.5400085449219,366.5199890136719,361.8999938964844,361.9800109863281,46498000,QQQ
2023-06-29,357.5666198730469,363.80999755859375,364.8900146484375,362.1400146484375,364.239990234375,46151000,QQQ
2023-06-30,363.0803527832031,369.4200134277344,370.489990234375,367.2300109863281,367.54998779296875,58712500,QQQ
2023-07-03,363.9353942871094,370.2900085449219,370.92999267578125,368.9700012207031,370.07000732421875,19432900,QQQ
2023-07-05,363.92559814453125,370.2799987792969,372.010009765625,368.6600036621094,368.70001220703125,34460900,QQQ
2023-07-06,361.1539611816406,367.4599914550781,367.9100036621094,364.5199890136719,366.510009765625,49374700,QQQ
2023-07-07,359.95489501953125,366.239990234375,370.4800109863281,366.010009765625,367.2300109863281,47133700,QQQ
2023-07-10,360.0727844238281,366.3599853515625,367.04998779296875,363.4100036621094,365.9599914550781,48498800,QQQ
2023-07-11,361.8518371582031,368.1700134277344,368.6300048828125,364.6199951171875,366.7900085449219,38214100,QQQ
2023-07-12,366.4219665527344,372.82000732421875,374.19000244140625,370.29998779296875,372.3399963378906,61975400,QQQ
2023-07-13,372.643310546875,379.1499938964844,379.989990234375,375.4599914550781,376.04998779296875,46960000,QQQ
2023-07-14,372.5647888183594,379.07000732421875,382.8599853515625,378.17999267578125,379.5899963378906,55148500,QQQ
2023-07-17,376.04400634765625,382.6099853515625,383.5,379.30999755859375,379.79998779296875,40868900,QQQ
2023-07-18,379.1202087402344,385.739990234375,387.1300048828125,380.0,381.9599914550781,55262000,QQQ
2023-07-19,379.0318298339844,385.6499938964844,387.9800109863281,384.29998779296875,386.82000732421875,54093000,QQQ
2023-07-20,370.2944030761719,376.760009765625,384.1000061035156,375.7200012207031,382.6099853515625,71941700,QQQ
2023-07-21,369.1838073730469,375.6300048828125,379.9200134277344,375.19000244140625,379.17999267578125,60499600,QQQ
2023-07-24,369.7734680175781,376.2300109863281,377.5799865722656,374.3399963378906,376.6199951171875,40380100,QQQ
2023-07-25,372.2796936035156,378.7799987792969,380.4700012207031,376.92999267578125,376.95001220703125,38894400,QQQ
2023-07-26,371.04132080078125,377.5199890136719,379.239990234375,375.17999267578125,377.7200012207031,47075700,QQQ
2023-07-27,370.1567687988281,376.6199951171875,384.7099914550781,375.30999755859375,383.07000732421875,63940200,QQQ
2023-07-28,376.8990783691406,383.4800109863281,384.5199890136719,380.2200012207031,380.739990234375,56902900,QQQ
2023-07-31,377.09564208984375,383.67999267578125,384.8800048828125,382.3399963378906,383.7900085449219,44019900,QQQ
2023-08-01,376.2209167480469,382.7900085449219,383.55999755859375,380.69000244140625,382.30999755859375,41060600,QQQ
2023-08-02,367.965087890625,374.3900146484375,379.260009765625,373.1300048828125,379.260009765625,72687100,QQQ
2023-08-03,367.3753356933594,373.7900085449219,375.95001220703125,371.7699890136719,371.94000244140625,47666400,QQQ
2023-08-04,365.6553955078125,372.0400085449219,378.1000061035156,371.5299987792969,375.75,61702800,QQQ
2023-08-07,368.7513427734375,375.19000244140625,375.2900085449219,371.510009765625,373.8800048828125,37230400,QQQ
2023-08-08,365.6160583496094,372.0,372.6600036621094,368.82000732421875,372.6400146484375,44726500,QQQ
2023-08-09,361.5962219238281,367.9100036621094,372.45001220703125,367.1400146484375,372.2900085449219,51150900,QQQ
2023-08-10,362.26458740234375,368.5899963378906,374.3599853515625,367.0400085449219,370.9700012207031,72035300,QQQ
2023-08-11,359.95489501953125,366.239990234375,368.0,364.69000244140625,365.989990234375,48707200,QQQ
2023-08-14,363.994384765625,370.3500061035156,370.4700012207031,364.70001220703125,365.42999267578125,42130800,QQQ
2023-08-15,360.1318054199219,366.4200134277344,370.1700134277344,365.739990234375,369.3599853515625,45539900,QQQ
2023-08-16,356.3184509277344,362.5400085449219,367.42999267578125,362.44000244140625,365.8699951171875,53190500,QQQ
2023-08-17,352.4263610839844,358.5799865722656,364.30999755859375,358.1600036621094,363.9599914550781,62604300,QQQ
2023-08-18,351.9841003417969,358.1300048828125,359.4100036621094,354.7099914550781,355.260009765625,61191400,QQQ
2023-08-21,357.65509033203125,363.8999938964844,364.5899963378906,359.1499938964844,359.6199951171875,50696500,QQQ
2023-08-22,357.14398193359375,363.3800048828125,366.55999755859375,362.67999267578125,366.54998779296875,44530200,QQQ
2023-08-23,362.775634765625,369.1099853515625,370.2200012207031,364.3599853515625,364.5799865722656,51770600,QQQ
2023-08-24,355.0210876464844,361.2200012207031,372.739990234375,361.010009765625,372.6400146484375,66842500,QQQ
2023-08-25,357.77301025390625,364.0199890136719,365.739990234375,358.5799865722656,362.07000732421875,69960500,QQQ
2023-08-28,360.4660339355469,366.760009765625,367.7099914550781,364.25,366.989990234375,40910000,QQQ
2023-08-29,368.3384704589844,374.7699890136719,375.1300048828125,366.2300109863281,366.55999755859375,58492400,QQQ
2023-08-30,370.3926696777344,376.8599853515625,377.45001220703125,373.8599853515625,374.8800048828125,41731500,QQQ
2023-08-31,371.50323486328125,377.989990234375,379.7200012207031,376.8699951171875,376.94000244140625,35730700,QQQ
2023-09-01,371.1101379394531,377.5899963378906,380.8299865722656,376.0799865722656,380.3999938964844,39801200,QQQ
2023-09-05,371.5819091796875,378.07000732421875,379.30999755859375,375.8299865722656,376.7699890136719,32344200,QQQ
2023-09-06,368.30908203125,374.739990234375,377.6300048828125,372.70001220703125,377.2799987792969,42998700,QQQ
2023-09-07,365.675048828125,372.05999755859375,372.8500061035156,369.1499938964844,370.2099914550781,52060700,QQQ
2023-09-08,366.1861267089844,372.5799865722656,374.8500061035156,371.6000061035156,372.010009765625,35800100,QQQ
2023-09-11,370.5008239746094,376.9700012207031,377.489990234375,373.6600036621094,375.6600036621094,39936600,QQQ
2023-09-12,366.3924560546875,372.7900085449219,376.95001220703125,372.5,375.2699890136719,41391000,QQQ
2023-09-13,367.7881164550781,374.2099914550781,375.8399963378906,371.8800048828125,373.0299987792969,46300700,QQQ
2023-09-14,370.795654296875,377.2699890136719,378.2699890136719,373.8900146484375,375.989990234375,48039400,QQQ
2023-09-15,364.44647216796875,370.80999755859375,376.32000732421875,369.8599853515625,375.9100036621094,69811200,QQQ
2023-09-18,364.8264465332031,370.6600036621094,371.7900085449219,369.0299987792969,369.32000732421875,36903500,QQQ
2023-09-19,364.048828125,369.8699951171875,370.67999267578125,366.79998779296875,369.32000732421875,37621700,QQQ
2023-09-20,358.8027648925781,364.5400085449219,371.30999755859375,364.4599914550781,370.95001220703125,45514200,QQQ
2023-09-21,352.2278137207031,357.8599853515625,361.6000061035156,357.69000244140625,360.79998779296875,69734800,QQQ
2023-09-22,352.277099609375,357.9100036621094,361.79998779296875,357.5899963378906,359.6300048828125,51589700,QQQ
2023-09-25,353.9502868652344,359.6099853515625,359.70001220703125,355.92999267578125,356.92999267578125,39168000,QQQ
2023-09-26,348.6353759765625,354.2099914550781,357.5400085449219,353.2099914550781,356.989990234375,53657700,QQQ
2023-09-27,349.4522705078125,355.0400085449219,356.9800109863281,351.3599853515625,355.3800048828125,56066000,QQQ
2023-09-28,352.3755798339844,358.010009765625,360.1700134277344,353.239990234375,354.1099853515625,56453300,QQQ
2023-09-29,352.6313781738281,358.2699890136719,362.95001220703125,357.0199890136719,361.5400085449219,64829600,QQQ
2023-10-02,355.5743408203125,361.260009765625,362.67999267578125,357.9200134277344,358.5400085449219,51625100,QQQ
2023-10-03,349.3341064453125,354.9200134277344,361.010009765625,353.2799987792969,358.7799987792969,60478500,QQQ
2023-10-04,354.0881042480469,359.75,360.6099853515625,355.29998779296875,355.7699890136719,54786700,QQQ
2023-10-05,353.0447998046875,358.69000244140625,360.1499938964844,355.1400146484375,359.739990234375,45897400,QQQ
2023-10-06,358.960205078125,364.70001220703125,365.9100036621094,354.8500061035156,355.6499938964844,75049100,QQQ
2023-10-09,360.7909851074219,366.55999755859375,367.1099853515625,360.7799987792969,362.29998779296875,45304800,QQQ
2023-10-10,362.7889709472656,368.5899963378906,371.2799987792969,366.3900146484375,366.8999938964844,46968800,QQQ
2023-10-11,365.3775939941406,371.2200012207031,371.4100036621094,368.19000244140625,369.94000244140625,38215100,QQQ
2023-10-12,364.10784912109375,369.92999267578125,373.739990234375,367.5,371.7300109863281,49587900,QQQ
2023-10-13,359.53106689453125,365.2799987792969,371.1600036621094,363.8599853515625,370.57000732421875,52469900,QQQ
2023-10-16,363.5960388183594,369.4100036621094,370.4800109863281,366.4700012207031,366.6199951171875,44201100,QQQ
2023-10-17,362.4051208496094,368.20001220703125,369.9200134277344,363.6600036621094,365.80999755859375,50999100,QQQ
2023-10-18,357.6510925292969,363.3699951171875,367.9100036621094,362.0199890136719,365.6700134277344,54280500,QQQ
2023-10-19,354.30462646484375,359.9700012207031,366.0199890136719,359.1600036621094,364.80999755859375,72274200,QQQ
2023-10-20,349.0191650390625,354.6000061035156,360.0400085449219,354.3699951171875,359.4599914550781,72559700,QQQ
2023-10-23,350.0723571777344,355.6700134277344,359.260009765625,351.1199951171875,353.260009765625,60665200,QQQ
2023-10-24,353.4778747558594,359.1300048828125,359.9100036621094,355.7900085449219,357.510009765625,47082100,QQQ
2023-10-25,344.8262023925781,350.3399963378906,356.8800048828125,349.75,356.70001220703125,71190500,QQQ
2023-10-26,338.2513732910156,343.6600036621094,350.07000732421875,342.3500061035156,349.1199951171875,78621400,QQQ
2023-10-27,339.8753662109375,345.30999755859375,348.8399963378906,344.0799865722656,346.42999267578125,63476700,QQQ
2023-10-30,343.70416259765625,349.20001220703125,350.5400085449219,346.45001220703125,347.8299865722656,55298500,QQQ
2023-10-31,345.347900390625,350.8699951171875,351.25,346.6199951171875,349.2300109863281,47671900,QQQ
2023-11-01,351.3420104980469,356.9599914550781,357.5299987792969,351.6199951171875,351.7200012207031,58992700,QQQ
2023-11-02,357.72003173828125,363.44000244140625,363.67999267578125,360.29998779296875,361.5400085449219,58162400,QQQ
2023-11-03,361.9228515625,367.7099914550781,369.0199890136719,364.5199890136719,364.75,53280500,QQQ
2023-11-06,363.3992004394531,369.2099914550781,369.7799987792969,366.9100036621094,368.489990234375,38848700,QQQ
2023-11-07,366.83428955078125,372.70001220703125,373.5799865722656,369.04998779296875,370.2699890136719,50777400,QQQ
2023-11-08,367.070556640625,372.94000244140625,373.7900085449219,370.6199951171875,373.0799865722656,35663400,QQQ
2023-11-09,364.2456970214844,370.07000732421875,374.79998779296875,369.57000732421875,373.6400146484375,53859400,QQQ
2023-11-10,372.4347839355469,378.3900146484375,378.5400085449219,371.2799987792969,371.82000732421875,58309800,QQQ
2023-11-13,371.2733154296875,377.2099914550781,378.2799987792969,375.239990234375,376.7900085449219,40733500,QQQ
2023-11-14,379.2655334472656,385.3299865722656,386.260009765625,383.17999267578125,383.7099914550781,67792600,QQQ
2023-11-15,379.5509338378906,385.6199951171875,387.75,384.239990234375,387.25,54141400,QQQ
2023-11-16,379.8757629394531,385.95001220703125,386.19000244140625,383.55999755859375,384.8399963378906,45343500,QQQ
2023-11-17,379.9643249511719,386.0400085449219,387.07000732421875,384.2900085449219,385.2099914550781,46571900,QQQ
2023-11-20,384.5903625488281,390.739990234375,391.4100036621094,386.04998779296875,386.04998779296875,44429600,QQQ
2023-11-21,382.3560791015625,388.4700012207031,389.2300109863281,386.70001220703125,389.010009765625,43337000,QQQ
2023-11-22,383.9210510253906,390.05999755859375,393.07000732421875,389.0400085449219,390.57000732421875,44121000,QQQ
2023-11-24,383.37969970703125,389.510009765625,390.25,388.5,389.6499938964844,15718800,QQQ
2023-11-27,383.04510498046875,389.1700134277344,391.1499938964844,388.2799987792969,389.010009765625,34139700,QQQ
2023-11-28,384.0490417480469,390.19000244140625,390.7799987792969,388.04998779296875,388.4100036621094,35491100,QQQ
2023-11-29,383.6750183105469,389.80999755859375,394.1400146484375,389.4599914550781,392.69000244140625,38811700,QQQ
2023-11-30,382.7104187011719,388.8299865722656,390.54998779296875,385.82000732421875,390.0799865722656,52834400,QQQ
2023-12-01,383.8030090332031,389.94000244140625,390.5400085449219,386.07000732421875,387.75,40490100,QQQ
2023-12-04,380.2399597167969,386.32000732421875,386.6000061035156,382.6600036621094,386.0899963378906,51186900,QQQ
2023-12-05,381.1947021484375,387.2900085449219,388.5,384.2099914550781,384.3900146484375,42933000,QQQ
2023-12-06,378.9898986816406,385.04998779296875,390.3699951171875,384.70001220703125,390.2699890136719,41994100,QQQ
2023-12-07,384.28521728515625,390.42999267578125,391.2699890136719,386.9599914550781,388.07000732421875,49593500,QQQ
2023-12-08,385.9978332519531,392.1700134277344,392.6199951171875,388.4800109863281,388.6700134277344,46687500,QQQ
2023-12-11,389.29510498046875,395.5199890136719,395.7900085449219,391.5299987792969,391.739990234375,41198000,QQQ
2023-12-12,392.3955993652344,398.6700134277344,398.7900085449219,394.4100036621094,395.55999755859375,39221200,QQQ
2023-12-13,397.38580322265625,403.739990234375,404.3599853515625,398.8399963378906,399.6199951171875,55408100,QQQ
2023-12-14,397.041259765625,403.3900146484375,406.29998779296875,400.3399963378906,404.9800109863281,55447800,QQQ
2023-12-15,398.96063232421875,405.3399963378906,406.5400085449219,403.57000732421875,404.17999267578125,62896600,QQQ
2023-12-18,401.4734802246094,407.0799865722656,407.989990234375,404.6000061035156,404.92999267578125,46610000,QQQ
2023-12-19,403.52490234375,409.1600036621094,409.2799987792969,407.3500061035156,407.5400085449219,35711900,QQQ
2023-12-20,397.528564453125,403.0799865722656,410.4700012207031,402.8999938964844,408.3500061035156,54042400,QQQ
2023-12-21,402.1539611816406,407.7699890136719,408.1400146484375,404.4700012207031,407.05999755859375,45568900,QQQ
2023-12-22,402.7555847167969,408.3800048828125,409.9700012207031,406.4800109863281,409.0,34314000,QQQ
2023-12-26,405.2211608886719,410.8800048828125,411.55999755859375,409.1499938964844,409.25,22722500,QQQ
2023-12-27,406.0461120605469,411.5,411.7900085449219,410.0799865722656,410.95001220703125,31980500,QQQ
2023-12-28,405.84869384765625,411.29998779296875,412.9200134277344,410.94000244140625,412.6700134277344,27029200,QQQ
2023-12-29,404.09234619140625,409.5199890136719,411.6400146484375,407.5799865722656,411.2799987792969,42662100,QQQ
2024-01-02,397.2541809082031,402.5899963378906,406.0899963378906,400.239990234375,405.8399963378906,58026900,QQQ
2024-01-03,393.0506286621094,398.3299865722656,401.0,397.8900146484375,399.92999267578125,47002800,QQQ
2024-01-04,391.02783203125,396.2799987792969,399.5899963378906,396.05999755859375,396.44000244140625,39432800,QQQ
2024-01-05,391.4916076660156,396.75,399.55999755859375,395.3399963378906,396.45001220703125,44922800,QQQ
2024-01-08,399.58294677734375,404.95001220703125,405.239990234375,397.8399963378906,397.989990234375,42473800,QQQ
2024-01-09,400.372314453125,405.75,406.69000244140625,401.7099914550781,401.9100036621094,39132900,QQQ
2024-01-10,403.0858459472656,408.5,409.5199890136719,405.1700134277344,406.07000732421875,33962800,QQQ
2024-01-11,403.92462158203125,409.3500061035156,411.20001220703125,404.239990234375,409.7900085449219,54536200,QQQ
2024-01-12,404.1318054199219,409.55999755859375,411.25,408.1499938964844,410.3999938964844,39595000,QQQ
2024-01-16,404.09234619140625,409.5199890136719,411.1199951171875,406.8299865722656,408.30999755859375,43903000,QQQ
2024-01-17,401.8128967285156,407.2099914550781,407.5899963378906,402.9200134277344,406.1700134277344,54386000,QQQ
2024-01-18,407.5163269042969,412.989990234375,413.5799865722656,409.1600036621094,410.5199890136719,59562500,QQQ
2024-01-19,415.5978088378906,421.17999267578125,421.3399963378906,414.6300048828125,415.2200012207031,70325100,QQQ
2024-01-22,416.1405334472656,421.7300109863281,424.7300109863281,421.1199951171875,423.4100036621094,44880600,QQQ
2024-01-23,417.8673095703125,423.4800109863281,423.70001220703125,420.57000732421875,422.42999267578125,33003800,QQQ
2024-01-24,420.1861572265625,425.8299865722656,429.8500061035156,425.3299865722656,427.44000244140625,46948000,QQQ
2024-01-25,420.6993103027344,426.3500061035156,429.0400085449219,423.9800109863281,428.3599853515625,44367200,QQQ
2024-01-26,418.1929626464844,423.80999755859375,426.2099914550781,423.1499938964844,424.44000244140625,37137000,QQQ
2024-01-29,422.4754333496094,428.1499938964844,428.3500061035156,423.6099853515625,424.2699890136719,38694700,QQQ
2024-01-30,419.6632385253906,425.29998779296875,427.67999267578125,424.3800048828125,427.1000061035156,36739000,QQQ
2024-01-31,411.443603515625,416.9700012207031,422.8699951171875,416.7900085449219,420.8500061035156,64010600,QQQ
2024-02-01,416.2885437011719,421.8800048828125,422.3800048828125,417.80999755859375,418.7900085449219,51008600,QQQ
2024-02-02,423.3240051269531,429.010009765625,430.239990234375,422.7900085449219,423.79998779296875,59602400,QQQ
2024-02-05,422.77142333984375,428.45001220703125,429.6099853515625,425.0,429.07000732421875,39889200,QQQ
2024-02-06,421.9228820800781,427.5899963378906,430.2200012207031,425.2200012207031,429.6099853515625,35846100,QQQ
2024-02-07,426.2645263671875,431.989990234375,432.8299865722656,429.0899963378906,430.4100036621094,37712700,QQQ
2024-02-08,427.0539245605469,432.7900085449219,433.55999755859375,431.4200134277344,432.1099853515625,29889900,QQQ
2024-02-09,431.2574462890625,437.04998779296875,437.8500061035156,433.1400146484375,433.94000244140625,36943900,QQQ
2024-02-12,429.5700988769531,435.3399963378906,439.1400146484375,434.6499938964844,436.94000244140625,33203300,QQQ
2024-02-13,422.8701171875,428.54998779296875,431.2699890136719,425.3299865722656,427.2799987792969,64491700,QQQ
2024-02-14,427.4782409667969,433.2200012207031,433.6499938964844,428.8800048828125,431.260009765625,45092700,QQQ
2024-02-15,428.7511901855469,434.510009765625,434.9800109863281,431.3299865722656,433.9200134277344,38796100,QQQ
2024-02-16,424.86334228515625,430.57000732421875,434.989990234375,429.8500061035156,434.8900146484375,53716500,QQQ
2024-02-20,421.6564636230469,427.32000732421875,430.0799865722656,423.5,428.54998779296875,53999500,QQQ
2024-02-21,419.9691162109375,425.6099853515625,425.70001220703125,421.6300048828125,424.54998779296875,49779000,QQQ
2024-02-22,432.2640075683594,438.07000732421875,439.1199951171875,433.7099914550781,434.489990234375,53887800,QQQ
2024-02-23,430.9910583496094,436.7799987792969,440.5899963378906,435.7900085449219,439.6499938964844,39853900,QQQ
2024-02-26,430.76409912109375,436.54998779296875,438.6000061035156,436.3599853515625,437.6000061035156,33043200,QQQ
2024-02-27,431.8001708984375,437.6000061035156,437.989990234375,435.0299987792969,437.6700134277344,33713200,QQQ
2024-02-28,429.5010681152344,435.2699890136719,436.6700134277344,434.29998779296875,435.42999267578125,32938800,QQQ
2024-02-29,433.181640625,439.0,440.0899963378906,435.0199890136719,438.2300109863281,42495200,QQQ
2024-03-01,439.7040100097656,445.6099853515625,446.5799865722656,439.8399963378906,439.8999938964844,43853000,QQQ
2024-03-04,438.1351013183594,444.0199890136719,446.0400085449219,443.7699890136719,445.6099853515625,34325700,QQQ
2024-03-05,430.2707214355469,436.04998779296875,440.95001220703125,433.6499938964844,440.94000244140625,57917100,QQQ
2024-03-06,432.9744567871094,438.7900085449219,441.989990234375,436.8900146484375,440.32000732421875,46234500,QQQ
2024-03-07,439.546142578125,445.45001220703125,446.7200012207031,440.8599853515625,442.4200134277344,44526700,QQQ
2024-03-08,433.20135498046875,439.0199890136719,448.6400146484375,438.3399963378906,445.80999755859375,72096000,QQQ
2024-03-11,431.59295654296875,437.3900146484375,438.6600036621094,435.44000244140625,437.510009765625,45860000,QQQ
2024-03-12,437.77984619140625,443.6600036621094,444.0199890136719,436.4599914550781,439.7300109863281,55300900,QQQ
2024-03-13,434.4150695800781,440.25,442.6700134277344,439.1199951171875,442.6499938964844,37928700,QQQ
2024-03-14,433.31982421875,439.1400146484375,442.0299987792969,436.3900146484375,441.5,52195200,QQQ
2024-03-15,428.1689453125,433.9200134277344,438.8699951171875,432.739990234375,436.07000732421875,73069800,QQQ
2024-03-18,432.2525939941406,437.4800109863281,441.0400085449219,437.239990234375,438.7300109863281,47323800,QQQ
2024-03-19,433.3295593261719,438.57000732421875,438.9800109863281,433.3299865722656,435.45001220703125,43004100,QQQ
2024-03-20,438.4674072265625,443.7699890136719,444.1099853515625,438.05999755859375,439.7799987792969,43653500,QQQ
2024-03-21,440.5423583984375,445.8699951171875,449.3399963378906,445.6700134277344,448.8800048828125,39345700,QQQ
2024-03-22,441.0462341308594,446.3800048828125,447.489990234375,444.489990234375,445.3500061035156,28253900,QQQ
2024-03-25,439.4455871582031,444.760009765625,446.260009765625,442.5400085449219,443.54998779296875,27789200,QQQ
2024-03-26,438.0228271484375,443.32000732421875,447.2300109863281,443.0899963378906,446.29998779296875,34142000,QQQ
2024-03-27,439.5147399902344,444.8299865722656,446.5400085449219,441.92999267578125,446.44000244140625,41359200,QQQ
2024-03-28,438.70452880859375,444.010009765625,445.6400146484375,443.6499938964844,444.7799987792969,36839600,QQQ
2024-04-01,439.63330078125,444.95001220703125,447.5299987792969,443.0199890136719,444.9700012207031,38729000,QQQ
2024-04-02,435.8392028808594,441.1099853515625,441.42999267578125,438.0299987792969,440.0799865722656,44259700,QQQ
2024-04-03,436.8173828125,442.1000061035156,444.0,438.95001220703125,438.9599914550781,39949800,QQQ
2024-04-04,430.13812255859375,435.3399963378906,446.95001220703125,435.1099853515625,446.3299865722656,57267700,QQQ
2024-04-05,435.20684814453125,440.4700012207031,443.1700134277344,435.9599914550781,436.7799987792969,54744600,QQQ
2024-04-08,435.3353271484375,440.6000061035156,442.5,439.20001220703125,441.4100036621094,28144900,QQQ
2024-04-09,436.94586181640625,442.2300109863281,443.239990234375,437.44000244140625,442.9599914550781,39443600,QQQ
2024-04-10,433.1319580078125,438.3699951171875,439.239990234375,436.2799987792969,437.0,61502200,QQQ
2024-04-11,440.04833984375,445.3699951171875,446.3299865722656,437.9599914550781,440.260009765625,45474600,QQQ
2024-04-12,433.03314208984375,438.2699890136719,442.239990234375,436.8800048828125,441.1000061035156,53665000,QQQ
2024-04-15,425.9093322753906,431.05999755859375,442.1499938964844,430.2099914550781,442.05999755859375,63453600,QQQ
2024-04-16,425.9488220214844,431.1000061035156,433.760009765625,429.70001220703125,430.8999938964844,47619000,QQQ
2024-04-17,420.75164794921875,425.8399963378906,433.1199951171875,424.8999938964844,433.1000061035156,56880500,QQQ
2024-04-18,418.35064697265625,423.4100036621094,428.239990234375,422.8299865722656,426.489990234375,46549400,QQQ
2024-04-19,409.6953430175781,414.6499938964844,422.75,413.07000732421875,422.2200012207031,75231000,QQQ
2024-04-22,413.81561279296875,418.82000732421875,421.17999267578125,413.94000244140625,417.30999755859375,47807700,QQQ
2024-04-23,419.99090576171875,425.07000732421875,426.2799987792969,418.8699951171875,420.7699890136719,44384700,QQQ
2024-04-24,421.4136657714844,426.510009765625,429.7300109863281,424.20001220703125,428.20001220703125,48440300,QQQ
2024-04-25,419.37835693359375,424.45001220703125,425.32000732421875,418.1400146484375,419.239990234375,57392200,QQQ
2024-04-26,425.8499755859375,431.0,432.54998779296875,426.9200134277344,427.6199951171875,41874900,QQQ
2024-04-29,427.5790710449219,432.75,433.760009765625,429.9800109863281,433.1300048828125,30022200,QQQ
2024-04-30,419.5165710449219,424.5899963378906,432.55999755859375,424.510009765625,431.1499938964844,43665900,QQQ
2024-05-01,416.4832458496094,421.5199890136719,430.1400146484375,420.6600036621094,423.1499938964844,52251700,QQQ
2024-05-02,421.7989807128906,426.8999938964844,427.80999755859375,420.6300048828125,425.29998779296875,36559000,QQQ
2024-05-03,430.2765197753906,435.4800109863281,436.4800109863281,432.6199951171875,434.44000244140625,48515300,QQQ
2024-05-06,434.98944091796875,440.25,440.3399963378906,436.5199890136719,437.29998779296875,30227200,QQQ
2024-05-07,435.0586242675781,440.32000732421875,441.9700012207031,439.5799865722656,440.70001220703125,30996100,QQQ
2024-05-08,434.8017272949219,440.05999755859375,441.4800109863281,437.54998779296875,437.6700134277344,24896700,QQQ
2024-05-09,435.7502746582031,441.0199890136719,441.6000061035156,438.4599914550781,440.3299865722656,24580100,QQQ
2024-05-10,436.77783203125,442.05999755859375,444.30999755859375,440.5,442.5400085449219,27116600,QQQ
2024-05-13,437.78564453125,443.0799865722656,444.0899963378906,441.6499938964844,443.989990234375,22994200,QQQ
2024-05-14,440.6016845703125,445.92999267578125,446.4700012207031,442.4599914550781,442.6499938964844,34478300,QQQ
2024-05-15,447.4883728027344,452.8999938964844,453.1499938964844,446.8999938964844,448.42999267578125,41464700,QQQ
2024-05-16,446.5793151855469,451.9800109863281,454.69000244140625,451.80999755859375,452.7099914550781,34780400,QQQ
2024-05-17,446.3619689941406,451.760009765625,452.7200012207031,449.5400085449219,452.1099853515625,35803700,QQQ
2024-05-20,449.47430419921875,454.9100036621094,455.5799865722656,451.7900085449219,451.9800109863281,24474200,QQQ
2024-05-21,450.3536376953125,455.79998779296875,455.989990234375,452.8399963378906,453.0400085449219,23167700,QQQ
2024-05-22,450.2647399902344,455.7099914550781,456.82000732421875,453.0799865722656,456.05999755859375,25120000,QQQ
2024-05-23,448.2392272949219,453.6600036621094,460.5799865722656,451.8500061035156,460.54998779296875,40899200,QQQ
2024-05-24,452.47802734375,457.95001220703125,459.2300109863281,453.57000732421875,455.2900085449219,29669500,QQQ
2024-05-28,454.18731689453125,459.67999267578125,459.739990234375,456.69000244140625,459.17999267578125,26216800,QQQ
2024-05-29,450.9860534667969,456.44000244140625,458.239990234375,455.3399963378906,455.4800109863281,29739200,QQQ
2024-05-30,446.1544494628906,451.54998779296875,455.6400146484375,450.2099914550781,455.5,30536800,QQQ
2024-05-31,445.3244934082031,450.7099914550781,452.4800109863281,443.05999755859375,451.7799987792969,55941300,QQQ
2024-06-03,447.715576171875,453.1300048828125,455.5799865722656,447.8999938964844,454.57000732421875,32997500,QQQ
2024-06-04,448.9407653808594,454.3699951171875,455.5799865722656,451.1300048828125,452.8699951171875,23767400,QQQ
2024-06-05,457.9913024902344,463.5299987792969,463.6099853515625,454.4100036621094,457.9800109863281,33817400,QQQ
2024-06-06,457.833251953125,463.3699951171875,464.5400085449219,462.19000244140625,464.2200012207031,21966800,QQQ
2024-06-07,457.4281005859375,462.9599914550781,465.739990234375,461.8399963378906,463.0,25829700,QQQ
2024-06-10,459.2757568359375,464.8299865722656,465.19000244140625,461.5299987792969,461.82000732421875,20660800,QQQ
2024-06-11,462.4276123046875,468.0199890136719,468.1400146484375,462.0299987792969,463.5400085449219,22053300,QQQ
2024-06-12,468.484375,474.1499938964844,476.5,471.2900085449219,471.989990234375,34532600,QQQ
2024-06-13,471.023681640625,476.7200012207031,478.3900146484375,474.4200134277344,477.7200012207031,25859000,QQQ
2024-06-14,473.4642028808594,479.19000244140625,479.260009765625,476.04998779296875,476.5199890136719,23372600,QQQ
2024-06-17,479.2640686035156,485.05999755859375,486.8599853515625,478.1400146484375,479.4599914550781,37054500,QQQ
2024-06-18,479.4122009277344,485.2099914550781,485.8999938964844,483.42999267578125,485.010009765625,24438600,QQQ
2024-06-20,475.71697998046875,481.4700012207031,486.8399963378906,479.6199951171875,486.4200134277344,33918700,QQQ
2024-06-21,474.4423522949219,480.17999267578125,482.5400085449219,478.6700134277344,481.19000244140625,37456800,QQQ
2024-06-24,469.0410461425781,473.9599914550781,479.92999267578125,473.82000732421875,478.17999267578125,37751000,QQQ
2024-06-25,474.4047546386719,479.3800048828125,479.67999267578125,475.1199951171875,476.07000732421875,29014700,QQQ
2024-06-26,475.3844909667969,480.3699951171875,480.9200134277344,478.1300048828125,478.54998779296875,22737100,QQQ
2024-06-27,476.6116027832031,481.6099853515625,483.1000061035156,479.29998779296875,480.1199951171875,26222100,QQQ
2024-06-28,474.1375427246094,479.1099853515625,487.20001220703125,478.4599914550781,482.4100036621094,34881600,QQQ
2024-07-01,476.9183654785156,481.9200134277344,482.489990234375,476.260009765625,480.0400085449219,24898300,QQQ
2024-07-02,481.9258728027344,486.9800109863281,487.0400085449219,480.2799987792969,480.4100036621094,26723600,QQQ
2024-07-03,485.9437561035156,491.0400085449219,491.1700134277344,486.2200012207031,486.2200012207031,18064900,QQQ
2024-07-05,491.01055908203125,496.1600036621094,496.6000061035156,491.5899963378906,491.8900146484375,28495900,QQQ
2024-07-08,492.1783447265625,497.3399963378906,497.8999938964844,495.5,496.5299987792969,22109400,QQQ
2024-07-09,492.6038818359375,497.7699890136719,500.0,496.239990234375,498.8699951171875,25614500,QQQ
2024-07-10,497.7400207519531,502.9599914550781,503.5199890136719,498.3900146484375,499.7099914550781,28046900,QQQ
2024-07-11,486.82452392578125,491.92999267578125,503.2799987792969,490.7300109863281,503.07000732421875,49966600,QQQ
2024-07-12,489.6844787597656,494.82000732421875,499.6199951171875,492.0400085449219,492.510009765625,37109400,QQQ
2024-07-15,491.0007019042969,496.1499938964844,501.010009765625,494.0899963378906,496.6099853515625,31151400,QQQ
2024-07-16,491.1887512207031,496.3399963378906,498.44000244140625,493.1499938964844,497.6199951171875,25950600,QQQ
2024-07-17,476.76995849609375,481.7699890136719,488.79998779296875,481.70001220703125,488.2799987792969,56268800,QQQ
2024-07-18,474.5136413574219,479.489990234375,485.7099914550781,476.2699890136719,485.5299987792969,49347400,QQQ
2024-07-19,470.30767822265625,475.239990234375,481.69000244140625,473.94000244140625,479.1499938964844,42042900,QQQ
2024-07-22,477.3143005371094,482.32000732421875,483.3500061035156,477.7099914550781,481.1600036621094,40300000,QQQ
2024-07-23,475.63189697265625,480.6199951171875,484.42999267578125,480.1400146484375,481.4100036621094,23282500,QQQ
2024-07-24,458.57080078125,463.3800048828125,474.19000244140625,462.510009765625,473.82000732421875,58818600,QQQ
2024-07-25,453.51385498046875,458.2699890136719,467.94000244140625,455.6300048828125,463.7200012207031,59256800,QQQ
2024-07-26,458.16510009765625,462.9700012207031,465.92999267578125,459.7699890136719,462.6499938964844,39992100,QQQ
2024-07-29,459.0854187011719,463.8999938964844,467.9100036621094,461.6199951171875,465.7099914550781,28218500,QQQ
2024-07-30,452.78155517578125,457.5299987792969,466.55999755859375,454.1499938964844,465.8500061035156,41317200,QQQ
2024-07-31,466.1810302734375,471.07000732421875,472.7900085449219,466.4100036621094,467.8699951171875,44552100,QQQ
2024-08-01,454.8893737792969,459.6600036621094,475.54998779296875,455.9800109863281,471.760009765625,56653900,QQQ
2024-08-02,444.0926513671875,448.75,453.57000732421875,444.4700012207031,450.8900146484375,66323200,QQQ
2024-08-05,430.85150146484375,435.3699951171875,442.2900085449219,423.45001220703125,424.7099914550781,87483500,QQQ
2024-08-06,434.96832275390625,439.5299987792969,447.07000732421875,434.55999755859375,437.2300109863281,63164400,QQQ
2024-08-07,430.25775146484375,434.7699890136719,449.0,434.3699951171875,446.489990234375,54929200,QQQ
2024-08-08,443.4197692871094,448.07000732421875,448.989990234375,437.1499938964844,441.05999755859375,47890100,QQQ
2024-08-09,445.73541259765625,450.4100036621094,452.05999755859375,445.6099853515625,446.739990234375,33574000,QQQ
2024-08-12,446.6953430175781,451.3800048828125,454.3699951171875,448.54998779296875,451.3900146484375,27795000,QQQ
2024-08-13,457.7790832519531,462.5799865722656,462.8500061035156,455.67999267578125,455.82000732421875,40084500,QQQ
2024-08-14,457.92755126953125,462.7300109863281,465.1099853515625,458.3999938964844,463.510009765625,34733700,QQQ
2024-08-15,469.4962463378906,474.4200134277344,474.82000732421875,468.3800048828125,468.760009765625,38280600,QQQ
2024-08-16,470.0998840332031,475.0299987792969,476.4100036621094,471.6499938964844,472.6199951171875,38383600,QQQ
2024-08-19,476.2751159667969,481.2699890136719,481.30999755859375,473.3699951171875,475.1700134277344,23737700,QQQ
2024-08-20,475.2756042480469,480.260009765625,482.94000244140625,478.54998779296875,480.3500061035156,29209300,QQQ
2024-08-21,477.4923400878906,482.5,484.3699951171875,479.32000732421875,481.04998779296875,25658800,QQQ
2024-08-22,469.9217834472656,474.8500061035156,485.5400085449219,473.80999755859375,484.8399963378906,37739600,QQQ
2024-08-23,475.018310546875,480.0,482.739990234375,475.2799987792969,479.239990234375,36061500,QQQ
2024-08-26,470.4066467285156,475.3399963378906,480.3800048828125,473.239990234375,479.45001220703125,27452600,QQQ
2024-08-27,471.81195068359375,476.760009765625,477.8399963378906,471.7099914550781,473.69000244140625,27510000,QQQ
2024-08-28,466.45806884765625,471.3500061035156,477.0199890136719,467.8900146484375,476.2900085449219,37372400,QQQ
2024-08-29,465.77532958984375,470.6600036621094,477.92999267578125,469.3699951171875,473.2799987792969,41081500,QQQ
2024-08-30,471.3269958496094,476.2699890136719,476.8999938964844,470.510009765625,475.0400085449219,33466500,QQQ
2024-09-03,457.01708984375,461.80999755859375,473.3299865722656,459.4100036621094,473.20001220703125,44985200,QQQ
2024-09-04,455.8294982910156,460.6099853515625,464.45001220703125,457.7300109863281,458.6700134277344,32505100,QQQ
2024-09-05,456.255126953125,461.0400085449219,465.3599853515625,457.94000244140625,458.9700012207031,34452400,QQQ
2024-09-06,444.0332946777344,448.69000244140625,461.2200012207031,448.19000244140625,460.3299865722656,50624400,QQQ
2024-09-09,449.7433776855469,454.4599914550781,455.4599914550781,449.82000732421875,453.05999755859375,32981200,QQQ
2024-09-10,453.8998107910156,458.6600036621094,459.1700134277344,452.2300109863281,456.239990234375,29680300,QQQ
2024-09-11,463.7564392089844,468.6199951171875,469.3699951171875,451.2799987792969,459.9100036621094,57843000,QQQ
2024-09-12,468.3086853027344,473.2200012207031,474.0400085449219,466.8500061035156,468.6499938964844,40067800,QQQ
2024-09-13,470.4066467285156,475.3399963378906,476.5299987792969,472.25,472.4800109863281,29111800,QQQ
2024-09-16,468.32843017578125,473.239990234375,473.8599853515625,469.8900146484375,473.19000244140625,22585600,QQQ
2024-09-17,468.5758361816406,473.489990234375,477.6000061035156,470.9700012207031,476.2900085449219,30084400,QQQ
2024-09-18,466.54718017578125,471.44000244140625,478.8299865722656,470.8299865722656,474.70001220703125,39909200,QQQ
2024-09-19,478.3434143066406,483.3599853515625,486.2300109863281,480.489990234375,482.6099853515625,52782500,QQQ
2024-09-20,477.4329833984375,482.44000244140625,483.69000244140625,478.29998779296875,482.489990234375,34577700,QQQ
2024-09-23,478.6985168457031,483.0400085449219,484.1400146484375,481.6000061035156,482.95001220703125,24843000,QQQ
2024-09-24,481.0075988769531,485.3699951171875,486.3299865722656,480.1700134277344,484.4599914550781,25952600,QQQ
2024-09-25,481.45355224609375,485.82000732421875,487.7900085449219,484.55999755859375,484.739990234375,26549900,QQQ
2024-09-26,485.07073974609375,489.4700012207031,493.70001220703125,485.79998779296875,493.3699951171875,32020200,QQQ
2024-09-27,482.3751525878906,486.75,490.6400146484375,485.55999755859375,490.5,22851100,QQQ
2024-09-30,483.6833190917969,488.07000732421875,488.4100036621094,482.9200134277344,485.7799987792969,30281100,QQQ
2024-10-01,476.94439697265625,481.2699890136719,488.0,477.3999938964844,487.70001220703125,42735400,QQQ
2024-10-02,477.6183166503906,481.95001220703125,483.8800048828125,477.7200012207031,480.3599853515625,23744000,QQQ
2024-10-03,477.2615661621094,481.5899963378906,484.54998779296875,478.989990234375,479.739990234375,25337200,QQQ
2024-10-04,482.9400329589844,487.32000732421875,487.8800048828125,482.3900146484375,487.45001220703125,30686600,QQQ
2024-10-07,477.7669677734375,482.1000061035156,486.57000732421875,480.8699951171875,485.3900146484375,24975100,QQQ
2024-10-08,484.9021911621094,489.29998779296875,489.989990234375,483.8500061035156,484.6600036621094,28272000,QQQ
2024-10-09,488.7176208496094,493.1499938964844,493.7300109863281,487.95001220703125,489.0,24995000,QQQ
2024-10-10,488.1626892089844,492.5899963378906,494.4700012207031,489.5299987792969,490.8500061035156,25750400,QQQ
2024-10-11,488.9257507324219,493.3599853515625,494.3900146484375,490.1700134277344,490.739990234375,20644500,QQQ
2024-10-14,493.0285339355469,497.5,498.8299865722656,495.260009765625,495.7699890136719,26060100,QQQ
2024-10-15,486.4383239746094,490.8500061035156,498.5,488.67999267578125,497.8299865722656,34784500,QQQ
2024-10-16,486.497802734375,490.9100036621094,491.69000244140625,487.57000732421875,491.17999267578125,22996800,QQQ
2024-10-17,486.834716796875,491.25,496.489990234375,491.19000244140625,496.44000244140625,27210700,QQQ
2024-10-18,490.0257873535156,494.4700012207031,495.57000732421875,493.29998779296875,494.05999755859375,25335000,QQQ
2024-10-21,490.9672546386719,495.4200134277344,496.2300109863281,491.30999755859375,493.25,30336500,QQQ
2024-10-22,491.50244140625,495.9599914550781,497.45001220703125,491.9700012207031,492.7300109863281,26685800,QQQ
2024-10-23,483.970703125,488.3599853515625,494.25,485.04998779296875,493.5899963378906,39346600,QQQ
2024-10-24,487.8951416015625,492.32000732421875,493.0,489.44000244140625,492.1099853515625,22024900,QQQ
2024-10-25,490.86810302734375,495.32000732421875,500.2799987792969,494.42999267578125,495.1400146484375,38762100,QQQ
2024-10-28,490.9474182128906,495.3999938964844,498.5199890136719,495.1000061035156,498.4599914550781,20477800,QQQ
2024-10-29,495.6646423339844,500.1600036621094,501.3500061035156,493.8500061035156,495.7200012207031,28014100,QQQ
2024-10-30,491.9186706542969,496.3800048828125,500.3500061035156,495.8900146484375,499.3900146484375,29756000,QQQ
2024-10-31,479.5012512207031,483.8500061035156,492.42999267578125,483.75,492.3800048828125,41245200,QQQ
2024-11-01,483.04901123046875,487.42999267578125,490.75,485.20001220703125,485.5,33655800,QQQ
2024-11-04,481.6418151855469,486.010009765625,489.3800048828125,484.25,486.82000732421875,23291600,QQQ
2024-11-05,487.7861022949219,492.2099914550781,492.8800048828125,487.5199890136719,487.6099853515625,24353600,QQQ
2024-11-06,501.03594970703125,505.5799865722656,506.4100036621094,499.6000061035156,500.55999755859375,43082200,QQQ
2024-11-07,508.92431640625,513.5399780273438,514.3300170898438,508.3399963378906,508.3999938964844,32853100,QQQ
2024-11-08,509.5190124511719,514.1400146484375,514.9199829101562,512.4099731445312,513.0399780273438,22924500,QQQ
2024-11-11,509.2217102050781,513.8400268554688,515.5800170898438,510.9200134277344,515.3699951171875,24167500,QQQ
2024-11-12,508.29998779296875,512.9099731445312,514.6599731445312,509.8299865722656,513.77001953125,25835300,QQQ
2024-11-13,507.64599609375,512.25,514.97998046875,509.95001220703125,512.4000244140625,24567400,QQQ
2024-11-14,504.11798095703125,508.69000244140625,512.7899780273438,507.7699890136719,511.9100036621094,28679500,QQQ
2024-11-15,492.1069030761719,496.57000732421875,503.3299865722656,494.489990234375,502.94000244140625,51461100,QQQ
2024-11-18,495.5259094238281,500.0199890136719,502.1400146484375,496.7300109863281,498.1300048828125,27080800,QQQ
2024-11-19,498.9349670410156,503.4599914550781,503.95001220703125,497.0799865722656,497.4200134277344,24523000,QQQ
2024-11-20,498.6475830078125,503.1700134277344,503.4800109863281,496.55999755859375,503.1600036621094,29565500,QQQ
2024-11-21,500.4413146972656,504.9800109863281,506.9599914550781,497.55999755859375,506.239990234375,34526700,QQQ
2024-11-22,501.2440490722656,505.7900085449219,506.5299987792969,502.7799987792969,504.4200134277344,23826600,QQQ
2024-11-25,502.036865234375,506.5899963378906,511.45001220703125,504.260009765625,509.8999938964844,26375200,QQQ
2024-11-26,504.73236083984375,509.30999755859375,510.1400146484375,507.2300109863281,508.0799865722656,26557100,QQQ
2024-11-27,500.7584533691406,505.29998779296875,508.239990234375,501.92999267578125,508.1700134277344,24957400,QQQ
2024-11-29,505.1585693359375,509.739990234375,510.3399963378906,505.30999755859375,505.92999267578125,15334000,QQQ
2024-12-02,510.6585693359375,515.2899780273438,516.260009765625,510.6199951171875,511.010009765625,25147200,QQQ
2024-12-03,512.2244873046875,516.8699951171875,517.1500244140625,513.3699951171875,513.9500122070312,18597900,QQQ
2024-12-04,518.5570678710938,523.260009765625,523.52001953125,519.5999755859375,520.3200073242188,26086200,QQQ
2024-12-05,517.1199951171875,521.8099975585938,524.0399780273438,521.4199829101562,523.3099975585938,18169600,QQQ
2024-12-06,521.748046875,526.47998046875,526.719970703125,522.3499755859375,522.47998046875,23762600,QQQ
2024-12-09,517.6849365234375,522.3800048828125,526.3499755859375,521.219970703125,525.5499877929688,20674400,QQQ
2024-12-10,515.9208984375,520.5999755859375,525.3800048828125,519.1599731445312,523.6199951171875,24350000,QQQ
2024-12-11,525.1571044921875,529.9199829101562,530.6099853515625,524.5900268554688,525.0,32168600,QQQ
2024-12-12,521.7678833007812,526.5,528.9600219726562,526.02001953125,527.6799926757812,23577500,QQQ
2024-12-13,525.7616577148438,530.530029296875,533.1699829101562,527.2999877929688,530.4600219726562,28780400,QQQ
2024-12-16,533.3330688476562,538.1699829101562,539.1500244140625,533.0,533.0800170898438,31979900,QQQ
2024-12-17,530.9843139648438,535.7999877929688,537.47998046875,534.1300048828125,536.3599853515625,28579100,QQQ
2024-12-18,511.8279724121094,516.469970703125,536.8800048828125,515.010009765625,535.1500244140625,54703200,QQQ
2024-12-19,509.5487060546875,514.1699829101562,521.760009765625,513.8300170898438,521.1900024414062,46441800,QQQ
2024-12-20,513.9983520507812,518.6599731445312,524.8200073242188,509.2900085449219,510.44000244140625,60530000,QQQ
2024-12-23,519.006103515625,522.8699951171875,523.25,516.1300048828125,519.5499877929688,29672800,QQQ
2024-12-24,526.0437622070312,529.9600219726562,530.0499877929688,524.1900024414062,524.8300170898438,17558200,QQQ
2024-12-26,525.6864013671875,529.5999755859375,531.239990234375,526.3099975585938,528.3200073242188,19090500,QQQ
2024-12-27,518.6983642578125,522.5599975585938,526.4500122070312,517.8599853515625,526.010009765625,33839600,QQQ
2024-12-30,511.7997131347656,515.6099853515625,519.3599853515625,511.8299865722656,515.510009765625,34584000,QQQ
2024-12-31,507.45208740234375,511.2300109863281,517.6599731445312,510.260009765625,516.9000244140625,29117000,QQQ
2025-01-02,506.4595031738281,510.2300109863281,516.6400146484375,505.7099914550781,514.2999877929688,36389800,QQQ
2025-01-03,514.7478637695312,518.5800170898438,519.6500244140625,512.530029296875,513.3499755859375,29059500,QQQ
2025-01-06,520.6637573242188,524.5399780273438,527.9199829101562,522.030029296875,524.02001953125,36109700,QQQ
2025-01-07,511.3728942871094,515.1799926757812,525.989990234375,513.280029296875,525.5900268554688,36690300,QQQ
2025-01-08,511.4623107910156,515.27001953125,516.9199829101562,510.57000732421875,515.0800170898438,30777800,QQQ
2025-01-10,503.44195556640625,507.19000244140625,511.5799865722656,503.9200134277344,511.4800109863281,40532500,QQQ
2025-01-13,501.82403564453125,505.55999755859375,506.0199890136719,499.70001220703125,501.20001220703125,31694200,QQQ
2025-01-14,501.3475646972656,505.0799865722656,510.1600036621094,501.5899963378906,508.739990234375,33737200,QQQ
2025-01-15,512.8816528320312,516.7000122070312,517.8499755859375,511.4599914550781,513.030029296875,34957600,QQQ
2025-01-16,509.2884826660156,513.0800170898438,519.0599975585938,512.9500122070312,518.97998046875,28229000,QQQ
2025-01-17,517.8844604492188,521.739990234375,524.0700073242188,513.1099853515625,522.8499755859375,51837900,QQQ
2025-01-21,520.9218139648438,524.7999877929688,525.969970703125,520.0599975585938,524.47998046875,23628000,QQQ
2025-01-22,527.5822143554688,531.510009765625,533.8200073242188,529.260009765625,529.5700073242188,33593000,QQQ
2025-01-23,528.7039184570312,532.6400146484375,532.760009765625,528.4500122070312,529.0399780273438,23096600,QQQ
2025-01-24,525.7161865234375,529.6300048828125,533.7899780273438,528.1500244140625,533.02001953125,19878300,QQQ
2025-01-27,510.4101257324219,514.2100219726562,517.989990234375,510.1499938964844,511.0,60771700,QQQ
2025-01-28,517.953857421875,521.8099975585938,523.0,511.7799987792969,515.219970703125,33194200,QQQ
2025-01-29,516.9811401367188,520.8300170898438,522.5900268554688,516.9000244140625,522.4600219726562,26649000,QQQ
2025-01-30,519.1846923828125,523.0499877929688,526.0999755859375,518.2100219726562,523.7100219726562,27431300,QQQ
2025-01-31,518.4302978515625,522.2899780273438,531.52001953125,521.1900024414062,526.9199829101562,38755200,QQQ
2025-02-03,514.28125,518.1099853515625,520.8499755859375,511.04998779296875,513.469970703125,40580800,QQQ
2025-02-04,520.59423828125,524.469970703125,525.1099853515625,518.22998046875,518.6300048828125,26046800,QQQ
2025-02-05,522.9566650390625,526.8499755859375,527.010009765625,520.6199951171875,521.8200073242188,21134100,QQQ
2025-02-06,525.6864013671875,529.5999755859375,529.8099975585938,525.739990234375,527.3599853515625,19434500,QQQ
2025-02-07,519.0556640625,522.9199829101562,532.0999755859375,522.1900024414062,530.1400146484375,29605500,QQQ
2025-02-10,525.3389282226562,529.25,530.3599853515625,526.75,527.219970703125,20852800,QQQ
2025-02-11,524.0882568359375,527.989990234375,529.9199829101562,525.8300170898438,525.9600219726562,19325500,QQQ
2025-02-12,524.3958129882812,528.2999877929688,529.1900024414062,521.9500122070312,522.2999877929688,25009400,QQQ
2025-02-13,531.9398193359375,535.9000244140625,536.219970703125,529.1900024414062,529.97998046875,28714800,QQQ
2025-02-14,534.1731567382812,538.1500244140625,538.8400268554688,535.6699829101562,536.010009765625,17862600,QQQ
2025-02-18,535.3840942382812,539.3699951171875,540.0,536.0399780273438,539.72998046875,20565000,QQQ
2025-02-19,535.532958984375,539.52001953125,540.8099975585938,536.4600219726562,538.5700073242188,19666900,QQQ
2025-02-20,533.2598876953125,537.22998046875,539.0999755859375,532.4600219726562,538.72998046875,26550800,QQQ
2025-02-21,522.1923828125,526.0800170898438,538.4000244140625,525.7100219726562,538.3800048828125,47093800,QQQ
2025-02-24,516.0282592773438,519.8699951171875,529.0700073242188,519.530029296875,527.8800048828125,39268400,QQQ
2025-02-25,509.52667236328125,513.3200073242188,519.3200073242188,509.44000244140625,519.239990234375,48940000,QQQ
2025-02-26,510.7574768066406,514.5599975585938,519.6599731445312,511.3699951171875,515.530029296875,34457600,QQQ
2025-02-27,496.57305908203125,500.2699890136719,519.0700073242188,500.04998779296875,518.1300048828125,52448000,QQQ
2025-02-28,504.4147033691406,508.1700134277344,508.7799987792969,496.92999267578125,500.1300048828125,47654000,QQQ
2025-03-03,493.37689208984375,497.04998779296875,513.0399780273438,493.5799865722656,511.5199890136719,44587200,QQQ
2025-03-04,491.887939453125,495.54998779296875,503.739990234375,487.739990234375,494.17999267578125,67875400,QQQ
2025-03-05,498.3002624511719,502.010009765625,503.6300048828125,491.260009765625,496.20001220703125,46323700,QQQ
2025-03-06,484.5923156738281,488.20001220703125,498.5799865722656,486.20001220703125,493.69000244140625,57574300,QQQ
2025-03-07,488.15576171875,491.7900085449219,493.2799987792969,480.5299987792969,487.1600036621094,54714700,QQQ
2025-03-10,469.23663330078125,472.7300109863281,483.9700012207031,468.6600036621094,483.45001220703125,76668000,QQQ
2025-03-11,468.114990234375,471.6000061035156,478.80999755859375,467.010009765625,472.3500061035156,68760800,QQQ
2025-03-12,473.3956604003906,476.9200134277344,481.05999755859375,471.7900085449219,479.1600036621094,46971100,QQQ
2025-03-13,464.87908935546875,468.3399963378906,476.2799987792969,466.42999267578125,476.25,46563300,QQQ
2025-03-14,476.11541748046875,479.6600036621094,480.55999755859375,473.1199951171875,473.7300109863281,43563000,QQQ
2025-03-17,479.202392578125,482.7699890136719,485.8399963378906,477.79998779296875,479.6099853515625,41744400,QQQ
2025-03-18,471.0332336425781,474.5400085449219,479.6099853515625,472.4100036621094,479.4100036621094,39072300,QQQ
2025-03-19,477.33636474609375,480.8900146484375,485.3299865722656,474.8699951171875,476.80999755859375,40430300,QQQ
2025-03-20,475.7183837890625,479.260009765625,484.54998779296875,476.17999267578125,476.8800048828125,36780500,QQQ
2025-03-21,477.28668212890625,480.8399963378906,481.6099853515625,472.9100036621094,474.0799865722656,42234900,QQQ
2025-03-24,487.76043701171875,490.6600036621094,491.510009765625,484.3999938964844,487.739990234375,34567200,QQQ
2025-03-25,490.5438537597656,493.4599914550781,493.6199951171875,490.4200134277344,491.3900146484375,26035200,QQQ
2025-03-26,481.5175476074219,484.3800048828125,493.1600036621094,482.82000732421875,492.29998779296875,34627100,QQQ
2025-03-27,478.77386474609375,481.6199951171875,486.5799865722656,480.25,482.4100036621094,33469800,QQQ
2025-03-28,466.16876220703125,468.94000244140625,480.5199890136719,468.04998779296875,479.80999755859375,46363800,QQQ
2025-03-31,466.1488952636719,468.9200134277344,469.8599853515625,457.3299865722656,461.9200134277344,53000300,QQQ
2025-04-01,469.90655517578125,472.70001220703125,473.6300048828125,464.4200134277344,467.29998779296875,41156200,QQQ
2025-04-02,473.3361511230469,476.1499938964844,479.55999755859375,465.8599853515625,466.1199951171875,49894500,QQQ
2025-04-03,447.9967956542969,450.6600036621094,460.07000732421875,450.1400146484375,456.44000244140625,70456300,QQQ
2025-04-04,420.17218017578125,422.6700134277344,440.3699951171875,422.6700134277344,438.1400146484375,117088400,QQQ
2025-04-07,421.1861572265625,423.69000244140625,443.1400146484375,402.3900146484375,408.6600036621094,161557000,QQQ
2025-04-08,413.6012268066406,416.05999755859375,443.1400146484375,409.7900085449219,438.1600036621094,101248100,QQQ
2025-04-09,463.24609375,466.0,467.8299865722656,415.42999267578125,415.57000732421875,142876900,QQQ
2025-04-10,443.543212890625,446.17999267578125,455.5899963378906,432.6300048828125,453.55999755859375,108384100,QQQ
2025-04-11,451.7146911621094,454.3999938964844,455.7900085449219,441.3299865722656,444.6499938964844,52483800,QQQ
2025-04-14,454.7765197753906,457.4800109863281,465.04998779296875,452.6300048828125,464.4599914550781,43941200,QQQ
2025-04-15,455.28350830078125,457.989990234375,462.3800048828125,456.1499938964844,458.5400085449219,35404200,QQQ
2025-04-16,441.5550537109375,444.17999267578125,452.6199951171875,437.760009765625,449.0299987792969,48980600,QQQ
2025-04-17,441.4755554199219,444.1000061035156,447.75,441.3599853515625,447.1700134277344,44837000,QQQ
2025-04-21,430.55047607421875,433.1099853515625,439.0799865722656,427.92999267578125,438.2300109863281,44149300,QQQ
2025-04-22,441.8533020019531,444.4800109863281,447.5799865722656,437.6199951171875,438.82000732421875,52304400,QQQ
2025-04-23,451.8737487792969,454.55999755859375,463.3800048828125,452.8800048828125,458.1700134277344,55801100,QQQ
2025-04-24,464.58819580078125,467.3500061035156,467.6600036621094,455.8299865722656,456.4800109863281,45956100,QQQ
2025-04-25,469.7673645019531,472.55999755859375,473.0899963378906,465.3900146484375,466.9700012207031,38697100,QQQ
2025-04-28,469.61822509765625,472.4100036621094,474.80999755859375,466.0299987792969,473.0299987792969,33550800,QQQ
2025-04-29,472.7198486328125,475.5299987792969,476.4200134277344,469.5899963378906,470.1700134277344,30613100,QQQ
2025-04-30,472.66015625,475.4700012207031,477.20001220703125,462.42999267578125,467.1300048828125,46810600,QQQ
2025-05-01,478.83343505859375,481.67999267578125,487.17999267578125,480.739990234375,483.4100036621094,43316500,QQQ
2025-05-02,485.9411926269531,488.8299865722656,490.9100036621094,484.8299865722656,486.5400085449219,39218100,QQQ
2025-05-05,483.058349609375,485.92999267578125,489.0299987792969,484.1000061035156,484.6000061035156,28309500,QQQ
2025-05-06,478.5650939941406,481.4100036621094,485.04998779296875,478.19000244140625,479.55999755859375,32786300,QQQ
2025-05-07,480.44384765625,483.29998779296875,485.79998779296875,476.7799987792969,482.0799865722656,38006300,QQQ
2025-05-08,485.4044494628906,488.2900085449219,492.70001220703125,484.1700134277344,488.5299987792969,39577600,QQQ
2025-05-09,485.0863037109375,487.9700012207031,491.5400085449219,486.20001220703125,490.2099914550781,27767400,QQQ
2025-05-12,504.84881591796875,507.8500061035156,507.8900146484375,501.4800109863281,506.989990234375,45090600,QQQ
2025-05-13,512.5430908203125,515.5900268554688,517.3900146484375,508.4200134277344,509.1600036621094,53269600,QQQ
2025-05-14,515.6148681640625,518.6799926757812,519.22998046875,515.75,516.77001953125,47014500,QQQ
2025-05-15,516.1815185546875,519.25,521.9299926757812,515.1699829101562,516.52001953125,50153300,QQQ
2025-05-16,518.4280395507812,521.510009765625,521.7000122070312,517.0999755859375,520.6599731445312,48394600,QQQ
2025-05-19,518.9251708984375,522.010009765625,522.530029296875,514.239990234375,514.239990234375,52536200,QQQ
2025-05-20,517.1954345703125,520.27001953125,520.9299926757812,516.6599731445312,519.469970703125,42517600,QQQ
2025-05-21,510.0081481933594,513.0399780273438,523.0,511.239990234375,516.27001953125,71292800,QQQ
2025-05-22,510.9625244140625,514.0,517.7100219726562,512.2999877929688,513.6599731445312,55607200,QQQ
2025-05-23,506.2306213378906,509.239990234375,511.8399963378906,505.5799865722656,506.17999267578125,58368100,QQQ
2025-05-27,518.1397705078125,521.219970703125,521.7100219726562,514.5900268554688,516.1500244140625,47226300,QQQ
2025-05-28,515.8434448242188,518.9099731445312,523.6799926757812,518.3900146484375,522.1799926757812,46637200,QQQ
2025-05-29,516.857421875,519.9299926757812,526.47998046875,517.3200073242188,526.3300170898438,58513300,QQQ
2025-05-30,516.0422973632812,519.1099853515625,520.6799926757812,511.92999267578125,519.4400024414062,67662800,QQQ
2025-06-02,520.1181030273438,523.2100219726562,523.4500122070312,515.969970703125,517.239990234375,44762800,QQQ
2025-06-03,524.183837890625,527.2999877929688,528.739990234375,522.6900024414062,523.5599975585938,44070300,QQQ
2025-06-04,525.6452026367188,528.77001953125,529.8400268554688,525.969970703125,528.010009765625,41359300,QQQ
2025-06-05,521.688720703125,524.7899780273438,533.0499877929688,522.6599731445312,530.1799926757812,61031200,QQQ
2025-06-06,526.7883911132812,529.9199829101562,531.7999877929688,528.2100219726562,530.0,42467000,QQQ
2025-06-09,527.5638427734375,530.7000122070312,532.3499755859375,529.010009765625,530.1400146484375,33688700,QQQ
2025-06-10,531.0531005859375,534.2100219726562,534.9000244140625,528.8900146484375,531.1699829101562,40664800,QQQ
2025-06-11,529.2637329101562,532.4099731445312,536.780029296875,530.1099853515625,535.6199951171875,53701000,QQQ
2025-06-12,530.5062866210938,533.6599731445312,534.6400146484375,530.8400268554688,531.0900268554688,34104900,QQQ
2025-06-13,523.845947265625,526.9600219726562,531.8699951171875,525.72998046875,527.6799926757812,55814400,QQQ
2025-06-16,531.132568359375,534.2899780273438,535.3699951171875,530.4500122070312,530.5,37622100,QQQ
2025-06-17,525.953369140625,529.0800170898438,533.3300170898438,527.9099731445312,531.7100219726562,42180900,QQQ
2025-06-18,525.8638305664062,528.989990234375,532.5499877929688,527.4000244140625,530.0999755859375,43983500,QQQ
2025-06-20,523.7167358398438,526.8300170898438,533.5599975585938,524.8800048828125,532.260009765625,61643500,QQQ
2025-06-23,529.1017456054688,531.6500244140625,532.1699829101562,523.6500244140625,526.8099975585938,50666100,QQQ
2025-06-24,537.1927490234375,539.780029296875,540.7000122070312,536.27001953125,536.8900146484375,45442000,QQQ
2025-06-25,538.5661010742188,541.1599731445312,543.3099975585938,539.3800048828125,542.0599975585938,44804200,QQQ
2025-06-26,543.6018676757812,546.219970703125,546.6699829101562,541.52001953125,543.3499755859375,43811400,QQQ
2025-06-27,545.4629516601562,548.0900268554688,549.989990234375,544.5399780273438,547.260009765625,57577100,QQQ
2025-06-30,548.9959106445312,551.6400146484375,552.7999877929688,549.010009765625,551.260009765625,45548700,QQQ
2025-07-01,544.3682250976562,546.989990234375,550.7100219726562,544.6599731445312,549.72998046875,56166700,QQQ
2025-07-02,548.1599731445312,550.7999877929688,551.0,546.1199951171875,546.1599731445312,36538300,QQQ
2025-07-03,553.553955078125,556.219970703125,557.2000122070312,553.1799926757812,553.1799926757812,26443500,QQQ
2025-07-07,549.3840942382812,552.030029296875,554.3400268554688,549.5800170898438,553.52001953125,45349300,QQQ
2025-07-08,549.6925659179688,552.3400268554688,554.010009765625,551.0999755859375,553.3800048828125,36153300,QQQ
2025-07-09,553.5838012695312,556.25,557.6300048828125,553.0999755859375,554.47998046875,43045500,QQQ
2025-07-10,552.7876586914062,555.4500122070312,557.2999877929688,552.75,556.8900146484375,34710900,QQQ
2025-07-11,551.543701171875,554.2000122070312,555.7899780273438,552.0499877929688,553.2999877929688,39618600,QQQ
2025-07-14,553.5440673828125,556.2100219726562,556.9500122070312,551.6300048828125,553.989990234375,36453300,QQQ
2025-07-15,554.051513671875,556.719970703125,560.7999877929688,556.6599731445312,560.25,43277700,QQQ
2025-07-16,554.6187744140625,557.2899780273438,560.2100219726562,551.5599975585938,557.280029296875,52314700,QQQ
2025-07-17,559.1072387695312,561.7999877929688,562.3099975585938,557.2100219726562,558.02001953125,40423800,QQQ
2025-07-18,558.56982421875,561.260009765625,564.72998046875,559.97998046875,563.1199951171875,50484700,QQQ
2025-07-21,561.4658813476562,564.1699829101562,566.0599975585938,562.0599975585938,562.0900268554688,39595200,QQQ
2025-07-22,558.559814453125,561.25,564.3499755859375,558.6099853515625,564.2999877929688,43270600,QQQ
2025-07-23,561.1075439453125,563.8099975585938,563.8499755859375,559.5800170898438,562.3400268554688,40215300,QQQ
2025-07-24,562.3018798828125,565.010009765625,566.239990234375,563.2899780273438,565.1300048828125,42275500,QQQ
2025-07-25,563.6553344726562,566.3699951171875,567.7000122070312,564.27001953125,564.9299926757812,30630800,QQQ
2025-07-28,565.4168090820312,568.1400146484375,569.0399780273438,566.8699951171875,567.739990234375,31498700,QQQ
2025-07-29,564.541015625,567.260009765625,572.1099853515625,566.530029296875,570.760009765625,45463300,QQQ
2025-07-30,565.2974853515625,568.02001953125,570.6199951171875,565.0499877929688,568.1799926757812,43433800,QQQ
2025-07-31,562.3018798828125,565.010009765625,574.6300048828125,563.8699951171875,574.5399780273438,64613600,QQQ
2025-08-01,551.2251586914062,553.8800048828125,559.02001953125,551.6799926757812,558.8300170898438,69400800,QQQ
2025-08-04,561.3961791992188,564.0999755859375,564.3200073242188,558.9500122070312,559.0499877929688,47669800,QQQ
2025-08-05,557.5845947265625,560.27001953125,566.5599975585938,559.72998046875,565.3900146484375,48666600,QQQ
2025-08-06,564.6007690429688,567.3200073242188,567.760009765625,560.6300048828125,561.1099853515625,41823700,QQQ
2025-08-07,566.5115966796875,569.239990234375,573.3200073242188,565.1099853515625,571.6699829101562,44463000,QQQ
2025-08-08,571.7960815429688,574.5499877929688,574.77001953125,570.1500244140625,570.4500122070312,35255500,QQQ
2025-08-11,570.104248046875,572.8499755859375,576.7999877929688,571.5700073242188,574.6900024414062,33112900,QQQ
2025-08-12,577.2697143554688,580.0499877929688,580.3499755859375,572.489990234375,575.1599731445312,42143300,QQQ
2025-08-13,577.5584106445312,580.3400268554688,583.3200073242188,578.9400024414062,582.760009765625,41209300,QQQ
2025-08-14,577.110595703125,579.8900146484375,581.8800048828125,577.9099731445312,578.280029296875,45425000,QQQ
2025-08-15,574.57275390625,577.3400268554688,579.8400268554688,575.5700073242188,579.7999877929688,49480200,QQQ
2025-08-18,574.3438110351562,577.1099853515625,577.77001953125,575.239990234375,576.4400024414062,29831000,QQQ
2025-08-19,566.5514526367188,569.280029296875,576.5599975585938,568.25,576.3900146484375,53752600,QQQ
2025-08-20,563.1876220703125,565.9000244140625,568.4500122070312,558.8400268554688,568.3300170898438,76781100,QQQ
2025-08-21,560.5802001953125,563.280029296875,566.489990234375,560.97998046875,564.3499755859375,46436900,QQQ
2025-08-22,569.2284545898438,571.969970703125,573.989990234375,563.27001953125,564.6699829101562,51502100,QQQ
2025-08-25,567.5863647460938,570.3200073242188,573.2899780273438,569.1599731445312,570.4000244140625,34044700,QQQ
2025-08-26,569.8654174804688,572.6099853515625,572.9199829101562,568.7999877929688,569.8300170898438,34103000,QQQ
2025-08-27,570.7411499023438,573.489990234375,574.4099731445312,570.3699951171875,571.5900268554688,36927100,QQQ
2025-08-28,574.3140258789062,577.0800170898438,578.0,572.4600219726562,574.1099853515625,46787900,QQQ
2025-08-29,567.6660766601562,570.4000244140625,575.030029296875,568.5399780273438,574.6599731445312,56030400,QQQ
2025-09-02,562.9088745117188,565.6199951171875,565.969970703125,559.5399780273438,561.3099975585938,65876800,QQQ
2025-09-03,567.3375854492188,570.0700073242188,571.7000122070312,566.72998046875,569.22998046875,54230200,QQQ
2025-09-04,572.4728393554688,575.22998046875,575.5999755859375,569.030029296875,570.739990234375,47526300,QQQ
2025-09-05,573.298828125,576.0599975585938,581.1199951171875,571.530029296875,580.489990234375,68342500,QQQ
2025-09-08,576.0953979492188,578.8699951171875,580.8400268554688,577.77001953125,578.3699951171875,46371400,QQQ
2025-09-09,577.7276000976562,580.510009765625,580.9400024414062,577.0399780273438,579.6699829101562,44007600,QQQ
2025-09-10,577.9166259765625,580.7000122070312,583.77001953125,578.5499877929688,583.739990234375,49308000,QQQ
2025-09-11,581.2804565429688,584.0800170898438,584.8800048828125,581.6199951171875,583.239990234375,44745800,QQQ
2025-09-12,583.8480224609375,586.6599731445312,587.8599853515625,584.0999755859375,585.0399780273438,50745900,QQQ
2025-09-15,588.843994140625,591.6799926757812,591.7899780273438,588.2899780273438,588.4400024414062,44360300,QQQ
2025-09-16,588.3463134765625,591.1799926757812,592.8599853515625,590.489990234375,592.6099853515625,36942100,QQQ
2025-09-17,587.1720581054688,590.0,591.75,584.3699951171875,591.0999755859375,69384800,QQQ
2025-09-18,592.4666137695312,595.3200073242188,598.1400146484375,592.9600219726562,594.9099731445312,61069300,QQQ
2025-09-19,596.4772338867188,599.3499755859375,600.0499877929688,595.8499755859375,597.3300170898438,58196100,QQQ
2025-09-22,600.0083618164062,602.2000122070312,602.8699951171875,597.719970703125,597.739990234375,57154800,QQQ
2025-09-23,596.0228881835938,598.2000122070312,602.5700073242188,596.97998046875,602.3699951171875,64635500,QQQ
2025-09-24,593.9305419921875,596.0999755859375,599.9000244140625,593.3599853515625,599.5800170898438,49850300,QQQ
2025-09-25,591.3699951171875,593.530029296875,595.1199951171875,588.5,592.2000122070312,70920200,QQQ
2025-09-26,593.8009643554688,595.969970703125,596.2999877929688,591.0599975585938,594.3499755859375,54337400,QQQ
2025-09-29,596.5509643554688,598.72998046875,602.0499877929688,597.4099731445312,599.1099853515625,48332900,QQQ
2025-09-30,598.18505859375,600.3699951171875,600.7100219726562,596.0999755859375,598.4299926757812,46533800,QQQ
2025-10-01,601.0545043945312,603.25,603.7899780273438,596.3400268554688,597.1699829101562,46899600,QQQ
2025-10-02,603.5254516601562,605.72998046875,607.1599731445312,602.9299926757812,607.0599975585938,43765400,QQQ
2025-10-03,600.9848022460938,603.1799926757812,607.3300170898438,601.3900146484375,606.510009765625,46482100,QQQ
2025-10-06,605.498291015625,607.7100219726562,609.3599853515625,605.969970703125,608.4500122070312,41962100,QQQ
2025-10-07,602.3099365234375,604.510009765625,609.7100219726562,603.030029296875,609.02001953125,58209500,QQQ
2025-10-08,609.2147216796875,611.4400024414062,611.75,605.260009765625,605.4099731445312,50629800,QQQ
2025-10-09,608.4774780273438,610.7000122070312,611.6099853515625,607.47998046875,611.47998046875,45551000,QQQ
2025-10-10,587.3545532226562,589.5,613.1799926757812,589.0499877929688,611.4000244140625,97614800,QQQ
2025-10-13,599.8190307617188,602.010009765625,602.9500122070312,597.22998046875,599.6799926757812,65872600,QQQ
2025-10-14,595.8236694335938,598.0,602.6900024414062,590.1300048828125,595.3099975585938,69203200,QQQ
2025-10-15,600.0283203125,602.219970703125,606.7000122070312,595.9299926757812,604.010009765625,62805500,QQQ
2025-10-16,597.8064575195312,599.989990234375,608.3099975585938,595.5,605.1099853515625,70982000,QQQ
2025-10-17,601.7320556640625,603.9299926757812,605.510009765625,596.3699951171875,597.9500122070312,72024900,QQQ
2025-10-20,609.3143310546875,611.5399780273438,612.7999877929688,607.0700073242188,607.1400146484375,45761700,QQQ
2025-10-21,609.1549682617188,611.3800048828125,612.719970703125,609.3200073242188,611.6400146484375,44538200,QQQ
2025-10-22,603.286376953125,605.489990234375,611.4099731445312,599.739990234375,610.8200073242188,61478800,QQQ
2025-10-23,608.3578491210938,610.5800170898438,611.3699951171875,604.52001953125,604.9099731445312,42844300,QQQ
2025-10-24,614.8540649414062,617.0999755859375,618.4199829101562,615.1300048828125,615.989990234375,47632500,QQQ
2025-10-27,625.80419921875,628.0900268554688,628.5499877929688,624.030029296875,624.52001953125,54098600,QQQ
2025-10-28,630.6165161132812,632.9199829101562,634.6799926757812,629.25,630.3599853515625,61195700,QQQ
2025-10-29,633.4561767578125,635.77001953125,637.010009765625,630.25,635.5900268554688,67422800,QQQ
2025-10-30,623.7715454101562,626.0499877929688,633.5,625.9400024414062,632.1699829101562,61628600,QQQ
2025-10-31,626.7805786132812,629.0700073242188,634.2000122070312,626.6900024414062,634.1699829101562,66305100,QQQ
2025-11-03,629.7796020507812,632.0800170898438,635.8200073242188,629.8499755859375,635.1099853515625,37154300,QQQ
2025-11-04,616.996337890625,619.25,626.9500122070312,618.4600219726562,623.280029296875,63830800,QQQ
2025-11-05,621.0116577148438,623.280029296875,626.5999755859375,617.2100219726562,618.489990234375,48688500,QQQ
2025-11-06,609.4439086914062,611.6699829101562,622.0399780273438,610.2999877929688,621.7899780273438,72115100,QQQ
2025-11-07,607.5208740234375,609.739990234375,609.9500122070312,598.6699829101562,608.3099975585938,81835400,QQQ
2025-11-10,620.9617919921875,623.22998046875,624.3099975585938,616.8900146484375,618.9199829101562,55919900,QQQ
2025-11-11,619.307861328125,621.5700073242188,622.719970703125,617.52001953125,620.5700073242188,44868800,QQQ
2025-11-12,618.8196411132812,621.0800170898438,624.8599853515625,617.8099975585938,624.8400268554688,47444400,QQQ
2025-11-13,606.185791015625,608.4000244140625,618.1199951171875,606.0800170898438,617.5399780273438,71333600,QQQ
2025-11-14,606.6441040039062,608.8599853515625,613.3499755859375,597.1699829101562,599.5499877929688,80087300,QQQ
2025-11-17,601.4630737304688,603.6599731445312,612.47998046875,599.8699951171875,606.2999877929688,63850400,QQQ
2025-11-18,594.1397705078125,596.3099975585938,602.3099975585938,591.3400268554688,599.6199951171875,83327300,QQQ
2025-11-19,597.6868286132812,599.8699951171875,606.1599731445312,594.5900268554688,597.0700073242188,73111500,QQQ
2025-11-20,583.5385131835938,585.6699829101562,614.030029296875,584.75,611.6199951171875,117743200,QQQ
2025-11-21,587.9224853515625,590.0700073242188,596.97998046875,580.739990234375,587.469970703125,103344200,QQQ
2025-11-24,602.9575805664062,605.1599731445312,606.6799926757812,595.1599731445312,595.280029296875,60168100,QQQ
2025-11-25,606.674072265625,608.8900146484375,610.260009765625,597.3200073242188,603.510009765625,57560900,QQQ
2025-11-26,612.034423828125,614.27001953125,616.1900024414062,610.3900146484375,612.510009765625,42393600,QQQ
2025-11-28,616.996337890625,619.25,619.3200073242188,615.4199829101562,616.1099853515625,23034400,QQQ
2025-12-01,614.923828125,617.1699829101562,619.4400024414062,612.52001953125,613.6300048828125,40957600,QQQ
2025-12-02,619.7362670898438,622.0,623.75,617.5900268554688,619.4600219726562,54541800,QQQ
2025-12-03,621.2507934570312,623.52001953125,624.219970703125,618.030029296875,619.6199951171875,47841600,QQQ
2025-12-04,620.6728515625,622.9400024414062,624.9400024414062,619.5399780273438,624.9299926757812,47067800,QQQ
2025-12-05,623.2036743164062,625.47998046875,628.9199829101562,623.7100219726562,624.3800048828125,53614200,QQQ
2025-12-08,622.0079956054688,624.280029296875,628.8400268554688,621.6900024414062,627.2100219726562,43462400,QQQ
2025-12-09,622.775146484375,625.0499877929688,625.8699951171875,621.0,623.010009765625,37156000,QQQ
2025-12-10,625.3258666992188,627.6099853515625,629.2100219726562,620.989990234375,623.8499755859375,55031400,QQQ
2025-12-11,623.3033447265625,625.5800170898438,625.780029296875,617.719970703125,623.8200073242188,58272800,QQQ
2025-12-12,611.3867797851562,613.6199951171875,623.5399780273438,611.3599853515625,622.0800170898438,75158700,QQQ
2025-12-15,608.3179931640625,610.5399780273438,618.4199829101562,609.3200073242188,618.3699951171875,49538200,QQQ
2025-12-16,609.5235595703125,611.75,613.510009765625,606.9099731445312,608.260009765625,55152800,QQQ
2025-12-17,598.224853515625,600.4099731445312,613.6500244140625,600.280029296875,613.0599975585938,70654300,QQQ
2025-12-18,606.8931884765625,609.1099853515625,612.9299926757812,606.9199829101562,609.7999877929688,78875800,QQQ
2025-12-19,614.8043212890625,617.0499877929688,617.6199951171875,611.8699951171875,611.9500122070312,60369800,QQQ
2025-12-22,617.7513427734375,619.2100219726562,621.6500244140625,617.77001953125,621.3499755859375,43703100,QQQ
2025-12-23,620.6444702148438,622.1099853515625,622.4099731445312,617.780029296875,618.2000122070312,41120400,QQQ
2025-12-24,622.4602661132812,623.9299926757812,624.280029296875,621.719970703125,621.989990234375,18468700,QQQ
2025-12-26,622.4202880859375,623.8900146484375,625.52001953125,623.1400146484375,624.6599731445312,28959800,QQQ
2025-12-29,619.4074096679688,620.8699951171875,622.780029296875,618.72998046875,620.0999755859375,32458300,QQQ
2025-12-30,617.9707641601562,619.4299926757812,622.1799926757812,619.219970703125,619.8400268554688,31226800,QQQ
2025-12-31,612.8628540039062,614.3099975585938,619.9600219726562,614.0499877929688,619.6500244140625,40746500,QQQ
2026-01-02,611.6757202148438,613.1199951171875,622.8499755859375,610.1500244140625,620.0599975585938,61859200,QQQ
2026-01-05,616.5341796875,617.989990234375,620.8099975585938,616.719970703125,619.3200073242188,46828400,QQQ
2026-01-06,621.951416015625,623.4199829101562,624.02001953125,618.5399780273438,619.22998046875,43137500,QQQ
2026-01-07,622.550048828125,624.02001953125,627.9400024414062,622.5599975585938,623.0399780273438,44880300,QQQ
2026-01-08,619.0083618164062,620.469970703125,623.4199829101562,617.7999877929688,623.030029296875,50435900,QQQ
2026-01-09,625.173828125,626.6500244140625,627.8900146484375,619.0599975585938,621.4099731445312,49688700,QQQ
2026-01-12,625.6925659179688,627.1699829101562,628.8499755859375,622.260009765625,622.3099975585938,37388700,QQQ
2026-01-13,624.7647705078125,626.239990234375,629.469970703125,623.7000122070312,627.27001953125,44481400,QQQ
2026-01-14,618.0905151367188,619.5499877929688,623.4500122070312,614.5599975585938,622.239990234375,72598700,QQQ
2026-01-15,620.3153076171875,621.780029296875,630.0,620.75,626.5999755859375,53934900,QQQ
2026-01-16,619.7965087890625,621.260009765625,626.0800170898438,618.8800048828125,625.5,61058100,QQQ
2026-01-20,606.6276245117188,608.0599975585938,615.0599975585938,607.0499877929688,610.530029296875,81988900,QQQ
2026-01-21,614.8282470703125,616.280029296875,620.4199829101562,607.8599853515625,609.469970703125,79837900,QQQ
2026-01-22,619.2976684570312,620.760009765625,622.4600219726562,617.780029296875,622.3499755859375,42254800,QQQ
2026-01-23,621.2530517578125,622.719970703125,625.4000244140625,618.6500244140625,619.72998046875,43645800,QQQ
2026-01-26,623.9866333007812,625.4600219726562,627.6099853515625,622.1199951171875,623.2100219726562,35983000,QQQ
2026-01-27,629.6432495117188,631.1300048828125,632.0399780273438,627.3400268554688,628.9099731445312,38997200,QQQ
2026-01-28,631.7283325195312,633.219970703125,636.5999755859375,631.8099975585938,635.4600219726562,50691700,QQQ
2026-01-29,627.947265625,629.4299926757812,633.6699829101562,618.27001953125,632.6500244140625,79944000,QQQ
2026-01-30,620.4050903320312,621.8699951171875,628.260009765625,619.2999877929688,625.7100219726562,65650700,QQQ
2026-02-02,624.6650390625,626.1400146484375,628.489990234375,618.6599731445312,618.7000122070312,49020300,QQQ
2026-02-03,615.0676879882812,616.52001953125,629.97998046875,610.9600219726562,628.2999877929688,81234000,QQQ
2026-02-04,604.3230590820312,605.75,615.0999755859375,600.469970703125,615.02001953125,81850700,QQQ
2026-02-05,595.6236572265625,597.030029296875,604.8099975585938,594.760009765625,600.2100219726562,89354500,QQQ
2026-02-06,608.2138671875,609.6500244140625,611.4099731445312,598.77001953125,600.1900024414062,78019300,QQQ
2026-02-09,612.8728637695312,614.3200073242188,616.4600219726562,605.0700073242188,607.5399780273438,56797600,QQQ
2026-02-10,610.029541015625,611.469970703125,617.02001953125,611.010009765625,615.3099975585938,53938900,QQQ
2026-02-11,611.6657104492188,613.1099853515625,617.52001953125,607.6900024414062,616.3800048828125,58575100,QQQ
2026-02-12,599.22509765625,600.6400146484375,615.8099975585938,599.5700073242188,614.7100219726562,81378900,QQQ
2026-02-13,600.5020751953125,601.9199829101562,606.47998046875,596.4199829101562,600.4299926757812,69237500,QQQ
2026-02-17,599.8834838867188,601.2999877929688,603.9500122070312,593.3400268554688,598.3800048828125,69013800,QQQ
2026-02-18,604.3629150390625,605.7899780273438,609.77001953125,600.719970703125,602.1099853515625,64250700,QQQ
2026-02-19,602.0484008789062,603.469970703125,605.8200073242188,600.75,602.8099975585938,60960800,QQQ
2026-02-20,607.3758544921875,608.8099975585938,610.3499755859375,599.22998046875,600.1199951171875,74127300,QQQ
2026-02-23,599.9932250976562,601.4099731445312,608.010009765625,599.0499877929688,606.6099853515625,63859100,QQQ
2026-02-24,606.4380493164062,607.8699951171875,608.989990234375,599.72998046875,602.4000244140625,55023700,QQQ
2026-02-25,615.227294921875,616.6799926757812,616.8300170898438,611.0,611.0700073242188,55710700,QQQ
2026-02-26,607.8048095703125,609.239990234375,615.5900268554688,603.97998046875,615.5900268554688,96178900,QQQ
2026-02-27,605.859375,607.2899780273438,608.3200073242188,602.1900024414062,602.97998046875,68125200,QQQ
2026-03-02,606.6575317382812,608.0900268554688,609.9199829101562,597.989990234375,598.8599853515625,75264600,QQQ
2026-03-03,600.1629028320312,601.5800170898438,603.9600219726562,591.8699951171875,596.3300170898438,97015500,QQQ
2026-03-04,609.311279296875,610.75,612.8800048828125,603.4299926757812,604.1599731445312,70943900,QQQ
2026-03-05,607.4755249023438,608.9099731445312,612.760009765625,602.260009765625,607.4000244140625,89602400,QQQ
2026-03-06,598.337158203125,599.75,606.0,598.3300170898438,600.3099975585938,86302300,QQQ
2026-03-09,606.3283081054688,607.760009765625,609.27001953125,591.3300170898438,594.22998046875,93068200,QQQ
2026-03-10,606.3383178710938,607.77001953125,613.2899780273438,605.4199829101562,607.780029296875,64078900,QQQ
2026-03-11,606.2584838867188,607.6900024414062,612.4299926757812,605.030029296875,608.9500122070312,60114800,QQQ
2026-03-12,595.8530883789062,597.260009765625,604.1400146484375,597.0499877929688,602.760009765625,71836600,QQQ
2026-03-13,592.3213500976562,593.719970703125,603.5999755859375,592.5700073242188,599.72998046875,63145500,QQQ
2026-03-16,598.9656982421875,600.3800048828125,603.8599853515625,599.1099853515625,600.0399780273438,49077200,QQQ
2026-03-17,601.8887939453125,603.3099975585938,605.9000244140625,601.8699951171875,603.1400146484375,47106600,QQQ
2026-03-18,593.4986572265625,594.9000244140625,603.1599731445312,594.5599975585938,601.489990234375,56128000,QQQ
2026-03-19,591.623046875,593.02001953125,595.7999877929688,587.0800170898438,589.510009765625,75597600,QQQ
2026-03-20,580.6888427734375,582.0599975585938,591.1699829101562,578.5399780273438,591.0599975585938,91964700,QQQ
2026-03-23,587.3545532226562,588.0,595.0800170898438,585.9600219726562,590.52001953125,89936100,QQQ
2026-03-24,583.3389282226562,583.97998046875,587.9299926757812,581.9299926757812,584.8099975585938,57750900,QQQ
2026-03-25,587.1747436523438,587.8200073242188,591.3699951171875,585.6900024414062,589.1400146484375,60475500,QQQ
2026-03-26,573.1600952148438,573.7899780273438,584.6300048828125,573.4299926757812,582.5999755859375,81492100,QQQ
2026-03-27,561.9624633789062,562.5800170898438,571.02001953125,561.5700073242188,570.8099975585938,82702200,QQQ
2026-03-30,557.6671752929688,558.280029296875,568.0499877929688,555.5999755859375,567.3800048828125,70602600,QQQ
2026-03-31,576.54638671875,577.1799926757812,578.6400146484375,564.2100219726562,564.2899780273438,95878000,QQQ
2026-04-01,583.6685791015625,584.3099975585938,587.739990234375,580.4199829101562,581.47998046875,79435100,QQQ
2026-04-02,584.3378295898438,584.97998046875,586.0499877929688,571.9199829101562,573.969970703125,50941700,QQQ
2026-04-06,587.85400390625,588.5,590.6099853515625,584.6900024414062,586.22998046875,35108500,QQQ
2026-04-07,587.9439086914062,588.5900268554688,588.97998046875,578.4000244140625,585.6400146484375,49948200,QQQ
2026-04-08,605.4246826171875,606.0900268554688,609.9000244140625,602.1199951171875,608.7100219726562,63086000,QQQ
2026-04-09,609.5202026367188,610.1900024414062,610.5,603.030029296875,605.9299926757812,37837500,QQQ
2026-04-10,610.3992309570312,611.0700073242188,613.6699829101562,609.5800170898438,611.8400268554688,34038500,QQQ
2026-04-13,616.7122802734375,617.3900146484375,626.739990234375,608.1099853515625,609.47998046875,32972100,QQQ
2026-04-14,627.909912109375,628.5999755859375,628.5999755859375,620.0999755859375,620.219970703125,49921100,QQQ
2026-04-15,636.7003173828125,637.4000244140625,637.8300170898438,628.2000122070312,629.0800170898438,50102400,QQQ
2026-04-16,639.7669067382812,640.469970703125,642.1799926757812,635.260009765625,639.2100219726562,42320600,QQQ
2026-04-17,648.1376953125,648.8499755859375,650.0,644.0700073242188,645.5900268554688,53488900,QQQ
2026-04-20,646.0799560546875,646.7899780273438,648.760009765625,642.52001953125,648.0399780273438,37138500,QQQ
2026-04-21,643.6226806640625,644.3300170898438,650.2000122070312,642.2100219726562,648.4099731445312,39580500,QQQ
2026-04-22,654.390869140625,655.1099853515625,655.3300170898438,648.52001953125,650.1500244140625,37368400,QQQ
2026-04-23,650.7048950195312,651.4199829101562,656.9199829101562,645.52001953125,653.5499877929688,40099800,QQQ
2026-04-24,663.1512451171875,663.8800048828125,664.510009765625,656.530029296875,658.510009765625,45563100,QQQ
2026-04-27,663.5008544921875,664.22998046875,664.4299926757812,660.6900024414062,663.4000244140625,32717000,QQQ
2026-04-28,656.8281860351562,657.5499877929688,659.6400146484375,653.8099975585938,657.4099731445312,34147900,QQQ
2026-04-29,660.84375,661.5700073242188,661.719970703125,656.5900268554688,658.6300048828125,31724900,QQQ
2026-04-30,667.0069580078125,667.739990234375,668.9000244140625,657.5599975585938,665.3499755859375,40622200,QQQ
2026-05-01,673.4099731445312,674.1500244140625,675.969970703125,668.7999877929688,669.1599731445312,39172600,QQQ
2026-05-04,672.141357421875,672.8800048828125,676.72998046875,668.9000244140625,674.6599731445312,34542000,QQQ
2026-05-05,680.8617553710938,681.6099853515625,682.77001953125,677.510009765625,677.9600219726562,37101100,QQQ
2026-05-06,695.0062255859375,695.77001953125,695.9299926757812,686.47998046875,687.780029296875,38778500,QQQ
2026-05-07,694.1771240234375,694.9400024414062,701.239990234375,691.77001953125,696.5800170898438,43779100,QQQ
2026-05-08,710.44921875,711.22998046875,711.22998046875,699.5,699.9199829101562,44320400,QQQ
2026-05-11,712.5069580078125,713.2899780273438,714.5900268554688,708.9099731445312,710.3599853515625,36019100,QQQ
2026-05-12,706.463623046875,707.239990234375,710.1799926757812,696.6400146484375,708.219970703125,45873000,QQQ
2026-05-13,713.9254760742188,714.7100219726562,716.6500244140625,704.8300170898438,709.9600219726562,40012500,QQQ
2026-05-14,718.9998168945312,719.7899780273438,722.030029296875,714.219970703125,714.6199951171875,33327500,QQQ
2026-05-15,708.1517944335938,708.9299926757812,715.1300048828125,705.5499877929688,710.1400146484375,51792700,QQQ
2026-05-18,705.1051025390625,705.8800048828125,712.0700073242188,698.8499755859375,711.5399780273438,49834500,QQQ
2026-05-19,700.7599487304688,701.530029296875,706.489990234375,695.25,699.8099975585938,46827500,QQQ
2026-05-20,712.3671875,713.1500244140625,713.1500244140625,703.7899780273438,705.2899780273438,36779200,QQQ
2026-05-21,713.7256469726562,714.510009765625,717.1199951171875,706.77001953125,708.989990234375,36415400,QQQ
2026-05-22,716.7523193359375,717.5399780273438,722.1199951171875,715.9500122070312,718.0700073242188,33118600,QQQ
2026-05-26,729.4783935546875,730.280029296875,731.1699829101562,724.1599731445312,725.9600219726562,34254700,QQQ
2026-05-27,728.6492919921875,729.4500122070312,733.3200073242188,725.4400024414062,732.9600219726562,35148700,QQQ
2026-05-28,734.79248046875,735.5999755859375,736.5999755859375,726.4099731445312,729.72998046875,32840000,QQQ
2026-05-29,737.49951171875,738.3099975585938,741.6300048828125,735.25,737.8400268554688,37541700,QQQ
2026-06-01,741.9246826171875,742.739990234375,745.6500244140625,735.989990234375,737.0399780273438,33890600,QQQ
2026-06-02,745.3408813476562,746.1599731445312,746.4400024414062,739.22998046875,742.4000244140625,30085200,QQQ
2026-06-03,743.39306640625,744.2100219726562,748.6500244140625,741.010009765625,747.3099975585938,40270200,QQQ
2026-06-04,739.7969970703125,740.6099853515625,743.5,732.6199951171875,735.47998046875,40782600,QQQ
2026-06-05,704.2860107421875,705.0599975585938,731.6900024414062,704.3200073242188,730.0599975585938,99606600,QQQ
2026-06-08,715.283935546875,716.0700073242188,723.030029296875,713.0700073242188,717.8099975585938,47401500,QQQ
2026-06-09,707.052978515625,707.8300170898438,725.6599731445312,686.3699951171875,722.97998046875,91932200,QQQ
2026-06-10,692.9285278320312,693.6900024414062,711.280029296875,692.9299926757812,701.6599731445312,65334300,QQQ
2026-06-11,716.332763671875,717.1199951171875,718.3699951171875,695.0,699.2899780273438,71798900,QQQ
2026-06-12,720.5481567382812,721.3400268554688,724.010009765625,711.280029296875,717.6099853515625,51168400,QQQ
2026-06-15,743.1832885742188,744.0,744.760009765625,737.3800048828125,738.0999755859375,46710200,QQQ
2026-06-16,729.0587768554688,729.8599853515625,744.219970703125,729.6400146484375,742.25,45348700,QQQ
2026-06-17,721.7168579101562,722.510009765625,735.6799926757812,720.8499755859375,735.1900024414062,51669300,QQQ
2026-06-18,739.8070068359375,740.6199951171875,741.8200073242188,732.510009765625,737.2000122070312,50154600,QQQ
2026-06-22,737.9500122070312,737.9500122070312,745.4500122070312,734.3900146484375,742.02001953125,43518600,QQQ
2026-06-23,713.6500244140625,713.6500244140625,723.6099853515625,712.1099853515625,715.739990234375,53354200,QQQ
2026-06-24,710.6199951171875,710.6199951171875,719.9299926757812,704.4500122070312,715.3699951171875,52480400,QQQ
2026-06-25,716.3800048828125,716.3800048828125,726.8300170898438,705.2999877929688,725.9000244140625,49668000,QQQ
2026-06-26,706.52001953125,706.52001953125,715.5599975585938,702.8099975585938,707.1300048828125,47081800,QQQ
2026-06-29,724.0800170898438,724.0800170898438,724.5800170898438,705.1699829101562,713.989990234375,44939100,QQQ
2026-06-30,736.4000244140625,736.4000244140625,737.6199951171875,723.9099731445312,724.1799926757812,42121800,QQQ
2026-07-01,725.1699829101562,725.1699829101562,731.9199829101562,724.5999755859375,729.1900024414062,40803800,QQQ
2026-07-02,712.5999755859375,712.5999755859375,730.8300170898438,707.5599975585938,725.5800170898438,50959800,QQQ
2026-07-06,722.8200073242188,722.8200073242188,726.0800170898438,718.4500122070312,719.9299926757812,30220400,QQQ
2026-07-07,709.4299926757812,709.4299926757812,716.3499755859375,704.9000244140625,714.1699829101562,42483100,QQQ
2026-07-08,711.4400024414062,711.4400024414062,712.260009765625,700.9099731445312,704.9500122070312,35603200,QQQ
2026-07-09,723.280029296875,723.280029296875,724.22998046875,715.1300048828125,718.3300170898438,33654700,QQQ
2026-07-10,725.510009765625,725.510009765625,726.3900146484375,717.0,720.7000122070312,26415900,QQQ
2026-07-13,711.739990234375,711.739990234375,718.739990234375,710.0800170898438,717.719970703125,36552400,QQQ
2026-07-14,719.6900024414062,719.6900024414062,722.2899780273438,714.3400268554688,720.219970703125,29448100,QQQ
2026-07-15,717.739990234375,717.739990234375,724.3599853515625,710.22998046875,723.8499755859375,32627600,QQQ
2026-07-16,705.9400024414062,705.9400024414062,713.5999755859375,702.6099853515625,712.010009765625,39402000,QQQ
2026-07-17,695.3300170898438,695.3300170898438,702.2999877929688,686.760009765625,691.6500244140625,54109300,QQQ
2026-07-20,696.0599975585938,696.0599975585938,705.7999877929688,695.510009765625,702.1599731445312,29687600,QQQ
2026-07-21,708.969970703125,708.969970703125,710.0499877929688,702.7999877929688,706.5700073242188,33728300,QQQ
2026-07-22,705.3499755859375,705.3499755859375,709.6500244140625,703.6199951171875,703.6199951171875,23692200,QQQ
2026-07-23,691.9600219726562,691.9600219726562,698.6599731445312,687.7899780273438,694.6699829101562,44028600,QQQ
2026-07-24,684.22998046875,684.22998046875,692.6300048828125,682.47998046875,690.4099731445312,42876700,QQQ
2026-07-27,682.1199951171875,682.1199951171875,692.2999877929688,675.9500122070312,691.6799926757812,42681500,QQQ
2026-07-28,675.489990234375,675.489990234375,679.4000244140625,667.8800048828125,676.22998046875,51398700,QQQ
2026-07-29,661.72998046875,661.72998046875,680.0499877929688,661.1400146484375,675.510009765625,57233300,QQQ
2026-07-30,683.5499877929688,683.5499877929688,685.1199951171875,673.2999877929688,674.760009765625,66753700,QQQ
2026-07-31,687.989990234375,687.989990234375,695.77001953125,680.0499877929688,692.1099853515625,50540500,QQQ
2026-08-03,700.0700073242188,700.0700073242188,701.5900268554688,685.8200073242188,688.2999877929688,44965100,QQQ
2026-08-04,723.8499755859375,723.8499755859375,725.6599731445312,707.530029296875,708.1599731445312,59778600,QQQ
2026-08-05,717.2999877929688,717.2999877929688,728.5399780273438,716.9199829101562,726.25,33540200,QQQ
2026-08-06,714.6500244140625,714.6500244140625,719.3200073242188,708.5,710.8200073242188,33035900,QQQ
2026-08-07,723.030029296875,723.030029296875,723.6300048828125,716.510009765625,720.1500244140625,31070400,QQQ
2026-08-10,720.8699951171875,720.8699951171875,724.6699829101562,720.3300170898438,722.3900146484375,26243200,QQQ
2026-08-11,718.4500122070312,718.4500122070312,723.3499755859375,715.5,723.2899780273438,29286100,QQQ
2026-08-12,723.7000122070312,723.7000122070312,727.25,722.9199829101562,727.0800170898438,29066000,QQQ
2026-08-13,732.0700073242188,732.0700073242188,733.9600219726562,724.030029296875,725.1500244140625,31599700,QQQ
2026-08-14,731.0700073242188,731.0700073242188,734.3900146484375,728.3200073242188,733.4099731445312,23790600,QQQ
2026-08-17,729.8699951171875,729.8699951171875,734.5800170898438,729.27001953125,732.9500122070312,26452600,QQQ
2026-08-18,717.510009765625,717.510009765625,722.1300048828125,715.9199829101562,720.2100219726562,48997200,QQQ
2026-08-19,716.0800170898438,716.0800170898438,721.5,712.6099853515625,720.3900146484375,35801700,QQQ
2026-08-20,710.9299926757812,710.9299926757812,714.9400024414062,708.52001953125,712.0900268554688,33396400,QQQ
2026-08-21,713.4400024414062,713.4400024414062,715.6699829101562,709.2000122070312,715.22998046875,33399400,QQQ
2026-08-24,706.3200073242188,706.3200073242188,709.7899780273438,702.7000122070312,709.6599731445312,37443100,QQQ
2026-08-25,710.719970703125,710.719970703125,714.0399780273438,707.4500122070312,711.27001953125,23450911,QQQ
