Date,Adj Close,Close,High,Low,Open,Volume,Ticker
1993-01-29,24.113262176513672,43.9375,43.96875,43.75,43.96875,1003200,SPY
1993-02-01,24.284767150878906,44.25,44.25,43.96875,43.96875,480500,SPY
1993-02-02,24.336217880249023,44.34375,44.375,44.125,44.21875,201300,SPY
1993-02-03,24.59347152709961,44.8125,44.84375,44.375,44.40625,529400,SPY
1993-02-04,24.696365356445312,45.0,45.09375,44.46875,44.96875,531500,SPY
1993-02-05,24.679216384887695,44.96875,45.0625,44.71875,44.96875,492100,SPY
1993-02-08,24.679216384887695,44.96875,45.125,44.90625,44.96875,596100,SPY
1993-02-09,24.507699966430664,44.65625,44.8125,44.5625,44.8125,122100,SPY
1993-02-10,24.542011260986328,44.71875,44.75,44.53125,44.65625,379600,SPY
1993-02-11,24.662065505981445,44.9375,45.125,44.78125,44.78125,19500,SPY
1993-02-12,24.473417282104492,44.59375,44.875,44.59375,44.875,42500,SPY
1993-02-16,23.85600471496582,43.46875,44.46875,43.40625,44.46875,374800,SPY
1993-02-17,23.83885383605957,43.4375,43.53125,43.28125,43.46875,210900,SPY
1993-02-18,23.821693420410156,43.40625,43.9375,42.8125,43.9375,378100,SPY
1993-02-19,23.907453536987305,43.5625,43.5625,43.34375,43.40625,34900,SPY
1993-02-22,23.993221282958984,43.71875,43.78125,43.5625,43.6875,513600,SPY
1993-02-23,23.97604751586914,43.6875,43.875,43.46875,43.84375,373700,SPY
1993-02-24,24.284767150878906,44.25,44.25,43.71875,43.71875,26300,SPY
1993-02-25,24.336217880249023,44.34375,44.375,44.125,44.21875,44500,SPY
1993-02-26,24.370508193969727,44.40625,44.4375,44.1875,44.4375,66200,SPY
1993-03-01,24.301925659179688,44.28125,44.5625,44.21875,44.5625,66500,SPY
1993-03-02,24.662065505981445,44.9375,44.9375,44.25,44.3125,182400,SPY
1993-03-03,24.764978408813477,45.125,45.15625,44.9375,45.0,280100,SPY
1993-03-04,24.627765655517578,44.875,45.1875,44.875,45.1875,89500,SPY
1993-03-05,24.559171676635742,44.75,45.125,44.71875,44.9375,40000,SPY
1993-03-08,25.107982635498047,45.75,45.75,44.84375,44.84375,50800,SPY
1993-03-09,25.022226333618164,45.59375,45.6875,45.5,45.65625,169300,SPY
1993-03-10,25.073678970336914,45.6875,45.6875,45.40625,45.59375,194400,SPY
1993-03-11,25.005064010620117,45.5625,45.84375,45.5,45.71875,70900,SPY
1993-03-12,24.74782371520996,45.09375,45.21875,44.8125,45.1875,643600,SPY
1993-03-15,24.867874145507812,45.3125,45.3125,45.0625,45.0625,310800,SPY
1993-03-16,24.867874145507812,45.3125,45.4375,45.3125,45.3125,30800,SPY
1993-03-17,24.71351432800293,45.03125,45.25,44.96875,45.25,21800,SPY
1993-03-18,24.867874145507812,45.3125,45.5,45.21875,45.21875,59300,SPY
1993-03-19,24.830230712890625,45.03125,45.28125,45.03125,45.28125,66900,SPY
1993-03-22,24.69239044189453,44.78125,44.875,44.5625,44.59375,183400,SPY
1993-03-23,24.744083404541016,44.875,44.9375,44.8125,44.90625,55200,SPY
1993-03-24,24.744083404541016,44.875,45.0625,44.59375,44.8125,37200,SPY
1993-03-25,24.899152755737305,45.15625,45.25,44.84375,44.90625,110100,SPY
1993-03-26,24.761306762695312,44.90625,45.15625,44.875,45.125,101500,SPY
1993-03-29,24.864702224731445,45.09375,45.3125,44.9375,44.9375,87100,SPY
1993-03-30,24.933629989624023,45.21875,45.21875,45.09375,45.15625,56000,SPY
1993-03-31,24.91638946533203,45.1875,45.46875,45.1875,45.34375,111600,SPY
1993-04-01,24.830230712890625,45.03125,45.25,44.9375,45.25,129500,SPY
1993-04-02,24.31329917907715,44.09375,44.65625,44.09375,44.65625,59400,SPY
1993-04-05,24.43391227722168,44.3125,44.4375,44.1875,44.4375,172200,SPY
1993-04-06,24.364988327026367,44.1875,44.40625,44.0625,44.40625,129700,SPY
1993-04-07,24.451148986816406,44.34375,44.34375,44.15625,44.25,28000,SPY
1993-04-08,24.416696548461914,44.28125,44.53125,44.09375,44.53125,180800,SPY
1993-04-12,24.761306762695312,44.90625,44.9375,44.65625,44.71875,348500,SPY
1993-04-13,24.813007354736328,45.0,45.15625,44.84375,44.875,146100,SPY
1993-04-14,24.77853775024414,44.9375,45.0625,44.90625,45.03125,119600,SPY
1993-04-15,24.77853775024414,44.9375,45.03125,44.75,44.90625,148600,SPY
1993-04-16,24.77853775024414,44.9375,45.03125,44.875,44.96875,47900,SPY
1993-04-19,24.675159454345703,44.75,45.0625,44.71875,44.9375,157000,SPY
1993-04-20,24.55455207824707,44.53125,44.75,44.25,44.6875,279500,SPY
1993-04-21,24.53731346130371,44.5,44.625,44.375,44.625,67900,SPY
1993-04-22,24.22715187072754,43.9375,44.6875,43.9375,44.3125,97700,SPY
1993-04-23,24.123762130737305,43.75,43.96875,43.6875,43.84375,106000,SPY
1993-04-26,23.934200286865234,43.40625,43.9375,43.28125,43.78125,62600,SPY
1993-04-27,24.19268035888672,43.875,43.875,43.34375,43.34375,156800,SPY
1993-04-28,24.140987396240234,43.78125,43.90625,43.71875,43.8125,85900,SPY
1993-04-29,24.244373321533203,43.96875,43.96875,43.625,43.875,85000,SPY
1993-04-30,24.278841018676758,44.03125,44.28125,44.03125,44.125,88500,SPY
1993-05-03,24.43391227722168,44.3125,44.3125,43.90625,44.09375,80500,SPY
1993-05-04,24.52007293701172,44.46875,44.625,44.34375,44.40625,149100,SPY
1993-05-05,24.589006423950195,44.59375,44.75,44.46875,44.46875,109000,SPY
1993-05-06,24.502840042114258,44.4375,44.5625,44.40625,44.53125,54700,SPY
1993-05-07,24.451148986816406,44.34375,44.46875,44.28125,44.46875,68000,SPY
1993-05-10,24.502840042114258,44.4375,44.6875,44.40625,44.40625,113900,SPY
1993-05-11,24.606233596801758,44.625,44.625,44.3125,44.4375,42600,SPY
1993-05-12,24.571779251098633,44.5625,44.59375,44.4375,44.4375,31000,SPY
1993-05-13,24.278841018676758,44.03125,44.375,44.0,44.375,129100,SPY
1993-05-14,24.2616024017334,44.0,44.15625,43.96875,44.03125,63500,SPY
1993-05-17,24.34775733947754,44.15625,44.15625,43.9375,44.125,34000,SPY
1993-05-18,24.33053207397461,44.125,44.21875,43.96875,44.1875,105200,SPY
1993-05-19,24.830230712890625,45.03125,45.03125,43.84375,44.125,50200,SPY
1993-05-20,24.899152755737305,45.15625,45.15625,44.9375,45.03125,98200,SPY
1993-05-21,24.675159454345703,44.75,45.25,44.71875,45.1875,221400,SPY
1993-05-24,24.77853775024414,44.9375,45.09375,44.84375,44.84375,30500,SPY
1993-05-25,24.830230712890625,45.03125,45.125,45.03125,45.125,191800,SPY
1993-05-26,25.14040184020996,45.59375,45.625,45.125,45.15625,102400,SPY
1993-05-27,25.054243087768555,45.4375,45.65625,45.375,45.65625,53800,SPY
1993-05-28,24.933629989624023,45.21875,45.40625,45.0,45.40625,79100,SPY
1993-06-01,25.174869537353516,45.65625,45.8125,45.3125,45.375,28300,SPY
1993-06-02,25.14040184020996,45.59375,45.75,45.34375,45.53125,20300,SPY
1993-06-03,25.054243087768555,45.4375,45.5,45.34375,45.5,21600,SPY
1993-06-04,24.968090057373047,45.28125,45.3125,45.09375,45.3125,32000,SPY
1993-06-07,24.88193702697754,45.125,45.375,45.125,45.375,121400,SPY
1993-06-08,24.657922744750977,44.71875,45.0,44.71875,45.0,104500,SPY
1993-06-09,24.744083404541016,44.875,45.0625,44.8125,44.875,43300,SPY
1993-06-10,24.761306762695312,44.90625,44.9375,44.75,44.84375,17900,SPY
1993-06-11,24.864702224731445,45.09375,45.15625,44.90625,45.0625,647400,SPY
1993-06-14,24.830230712890625,45.03125,45.1875,45.03125,45.15625,64200,SPY
1993-06-15,24.77853775024414,44.9375,45.125,44.9375,45.09375,142400,SPY
1993-06-16,24.830230712890625,45.03125,45.03125,44.8125,44.9375,330900,SPY
1993-06-17,24.91638946533203,45.1875,45.1875,45.03125,45.125,37400,SPY
1993-06-18,24.711210250854492,44.5,44.84375,44.5,44.84375,58500,SPY
1993-06-21,24.763263702392578,44.59375,44.625,44.53125,44.625,29300,SPY
1993-06-22,24.780622482299805,44.625,44.65625,44.5625,44.65625,137500,SPY
1993-06-23,24.555021286010742,44.21875,44.625,44.21875,44.625,227600,SPY
1993-06-24,24.884748458862305,44.8125,44.8125,44.34375,44.34375,243700,SPY
1993-06-25,24.867382049560547,44.78125,44.90625,44.75,44.78125,44800,SPY
1993-06-28,25.145051956176758,45.28125,45.28125,44.9375,45.0,439900,SPY
1993-06-29,25.023584365844727,45.0625,45.21875,45.0,45.21875,207500,SPY
1993-06-30,25.023584365844727,45.0625,45.21875,45.0,45.125,437600,SPY
1993-07-01,24.954153060913086,44.9375,45.125,44.875,45.125,605700,SPY
1993-07-02,24.81533432006836,44.6875,44.8125,44.53125,44.78125,285400,SPY
1993-07-06,24.555021286010742,44.21875,44.75,44.15625,44.625,246400,SPY
1993-07-07,24.624441146850586,44.34375,44.40625,44.1875,44.1875,343700,SPY
1993-07-08,24.902088165283203,44.84375,44.9375,44.3125,44.375,248200,SPY
1993-07-09,24.97150421142578,44.96875,44.96875,44.75,44.84375,378200,SPY
1993-07-12,24.954153060913086,44.9375,44.96875,44.84375,44.90625,373700,SPY
1993-07-13,24.936798095703125,44.90625,45.09375,44.65625,44.96875,389600,SPY
1993-07-14,25.023584365844727,45.0625,45.1875,44.90625,44.9375,617300,SPY
1993-07-15,24.91944694519043,44.875,45.03125,44.78125,45.03125,443800,SPY
1993-07-16,24.85003662109375,44.75,44.9375,44.6875,44.90625,216400,SPY
1993-07-19,24.83267593383789,44.71875,44.75,44.59375,44.75,188200,SPY
1993-07-20,24.902088165283203,44.84375,44.84375,44.46875,44.6875,68500,SPY
1993-07-21,24.884748458862305,44.8125,44.8125,44.65625,44.78125,142700,SPY
1993-07-22,24.711210250854492,44.5,44.8125,44.5,44.75,632400,SPY
1993-07-23,24.83267593383789,44.71875,44.71875,44.5625,44.59375,286200,SPY
1993-07-26,24.97150421142578,44.96875,45.0625,44.84375,44.84375,121300,SPY
1993-07-27,24.954153060913086,44.9375,45.03125,44.78125,45.0,92800,SPY
1993-07-28,24.902088165283203,44.84375,44.9375,44.78125,44.84375,30800,SPY
1993-07-29,25.04093360900879,45.09375,45.21875,44.875,44.9375,331000,SPY
1993-07-30,24.902088165283203,44.84375,45.09375,44.78125,45.09375,75300,SPY
1993-08-02,24.97150421142578,44.96875,45.125,44.90625,44.90625,41300,SPY
1993-08-03,24.988859176635742,45.0,45.1875,44.84375,45.0625,81600,SPY
1993-08-04,24.988859176635742,45.0,45.09375,44.875,45.0,434000,SPY
1993-08-05,24.936798095703125,44.90625,45.0,44.84375,45.0,36800,SPY
1993-08-06,24.97150421142578,44.96875,45.0625,44.90625,45.03125,402300,SPY
1993-08-09,25.110328674316406,45.21875,45.34375,45.0,45.09375,828200,SPY
1993-08-10,25.092987060546875,45.1875,45.21875,45.125,45.1875,604900,SPY
1993-08-11,25.092987060546875,45.1875,45.3125,45.15625,45.15625,542200,SPY
1993-08-12,25.023584365844727,45.0625,45.3125,44.90625,45.3125,303700,SPY
1993-08-13,25.05827522277832,45.125,45.15625,45.09375,45.09375,103500,SPY
1993-08-16,25.197092056274414,45.375,45.5,45.15625,45.15625,241800,SPY
1993-08-17,25.28386878967285,45.53125,45.53125,45.34375,45.34375,369300,SPY
1993-08-18,25.422698974609375,45.78125,45.875,45.65625,45.6875,414300,SPY
1993-08-19,25.422698974609375,45.78125,45.8125,45.71875,45.8125,28500,SPY
1993-08-20,25.44003677368164,45.8125,45.8125,45.65625,45.6875,80700,SPY
1993-08-23,25.387989044189453,45.71875,45.75,45.625,45.625,15600,SPY
1993-08-24,25.665626525878906,46.21875,46.21875,45.71875,45.71875,273400,SPY
1993-08-25,25.6829833984375,46.25,46.4375,46.15625,46.21875,242300,SPY
1993-08-26,25.700366973876953,46.28125,46.53125,46.09375,46.28125,120000,SPY
1993-08-27,25.6829833984375,46.25,46.25,46.15625,46.15625,25700,SPY
1993-08-30,25.78711700439453,46.4375,46.5,46.28125,46.28125,183500,SPY
1993-08-31,25.856534957885742,46.5625,46.5625,46.34375,46.40625,66500,SPY
1993-09-01,25.82183265686035,46.5,46.59375,46.40625,46.40625,136500,SPY
1993-09-02,25.73505401611328,46.34375,46.59375,46.3125,46.53125,472400,SPY
1993-09-03,25.752410888671875,46.375,46.4375,46.25,46.3125,630500,SPY
1993-09-07,25.57888412475586,46.0625,46.4375,46.0,46.375,196400,SPY
1993-09-08,25.492116928100586,45.90625,46.0625,45.59375,46.0625,269900,SPY
1993-09-09,25.5441837310791,46.0,46.03125,45.71875,45.71875,239200,SPY
1993-09-10,25.76976203918457,46.40625,46.4375,46.0625,46.125,106500,SPY
1993-09-13,25.78711700439453,46.4375,46.5625,46.4375,46.5625,66900,SPY
1993-09-14,25.6829833984375,46.25,46.3125,46.09375,46.3125,184500,SPY
1993-09-15,25.752410888671875,46.375,46.40625,45.90625,46.0625,101000,SPY
1993-09-16,25.648298263549805,46.1875,46.34375,46.15625,46.3125,54300,SPY
1993-09-17,25.598546981811523,45.8125,45.90625,45.75,45.875,200900,SPY
1993-09-20,25.389022827148438,45.4375,45.96875,45.4375,45.875,57800,SPY
1993-09-21,25.301721572875977,45.28125,45.5625,44.8125,45.5,318200,SPY
1993-09-22,25.51124382019043,45.65625,45.71875,45.375,45.4375,439700,SPY
1993-09-23,25.650951385498047,45.90625,45.9375,45.71875,45.78125,88500,SPY
1993-09-24,25.581100463867188,45.78125,45.875,45.71875,45.84375,53500,SPY
1993-09-27,25.86050033569336,46.28125,46.28125,46.125,46.125,274600,SPY
1993-09-28,25.808103561401367,46.1875,46.3125,46.15625,46.3125,158300,SPY
1993-09-29,25.72079086303711,46.03125,46.3125,45.96875,46.1875,221000,SPY
1993-09-30,25.668415069580078,45.9375,46.125,45.84375,46.03125,99300,SPY
1993-10-01,25.790637969970703,46.15625,46.21875,45.8125,45.875,22700,SPY
1993-10-04,25.825542449951172,46.21875,46.21875,46.09375,46.21875,1038500,SPY
1993-10-05,25.790637969970703,46.15625,46.3125,46.0,46.3125,436500,SPY
1993-10-06,25.7731876373291,46.125,46.375,46.125,46.1875,209200,SPY
1993-10-07,25.703340530395508,46.0,46.1875,45.96875,46.1875,59400,SPY
1993-10-08,25.73826026916504,46.0625,46.15625,45.71875,46.125,54400,SPY
1993-10-11,25.790637969970703,46.15625,46.25,46.15625,46.15625,467100,SPY
1993-10-12,25.825542449951172,46.21875,46.25,46.1875,46.21875,26200,SPY
1993-10-13,25.825542449951172,46.21875,46.25,46.15625,46.25,139100,SPY
1993-10-14,26.157323837280273,46.8125,46.8125,46.28125,46.40625,108100,SPY
1993-10-15,26.297019958496094,47.0625,47.15625,46.90625,47.03125,1502500,SPY
1993-10-18,26.2271728515625,46.9375,47.03125,46.875,47.03125,722400,SPY
1993-10-19,26.03508949279785,46.59375,46.96875,46.59375,46.875,880100,SPY
1993-10-20,26.070022583007812,46.65625,46.75,46.5625,46.75,230400,SPY
1993-10-21,26.03508949279785,46.59375,46.6875,46.53125,46.6875,56200,SPY
1993-10-22,25.91286849975586,46.375,46.84375,46.375,46.65625,390700,SPY
1993-10-25,25.98272132873535,46.5,46.5625,46.28125,46.40625,114500,SPY
1993-10-26,25.965259552001953,46.46875,46.5,46.3125,46.46875,186200,SPY
1993-10-27,25.98272132873535,46.5,46.53125,46.40625,46.40625,118400,SPY
1993-10-28,26.174781799316406,46.84375,46.96875,46.5625,46.5625,129600,SPY
1993-10-29,26.174781799316406,46.84375,46.875,46.78125,46.8125,80700,SPY
1993-11-01,26.2446346282959,46.96875,47.0,46.78125,46.78125,36400,SPY
1993-11-02,26.2271728515625,46.9375,47.0,46.65625,46.90625,262100,SPY
1993-11-03,25.895402908325195,46.34375,46.90625,46.125,46.90625,479100,SPY
1993-11-04,25.616016387939453,45.84375,46.34375,45.8125,46.34375,130400,SPY
1993-11-05,25.73826026916504,46.0625,46.0625,45.53125,45.71875,363200,SPY
1993-11-08,25.7731876373291,46.125,46.25,45.96875,46.09375,367600,SPY
1993-11-09,25.790637969970703,46.15625,46.46875,46.125,46.4375,246900,SPY
1993-11-10,25.98272132873535,46.5,46.5,46.03125,46.15625,46500,SPY
1993-11-11,25.91286849975586,46.375,46.625,46.34375,46.5,88900,SPY
1993-11-12,26.03508949279785,46.59375,46.75,46.4375,46.46875,108200,SPY
1993-11-15,26.01763916015625,46.5625,46.6875,46.4375,46.6875,243300,SPY
1993-11-16,26.139867782592773,46.78125,46.8125,46.46875,46.65625,492600,SPY
1993-11-17,26.00016975402832,46.53125,46.8125,46.40625,46.8125,39600,SPY
1993-11-18,25.930326461791992,46.40625,46.5625,46.28125,46.46875,240800,SPY
1993-11-19,25.87794303894043,46.3125,46.375,46.21875,46.25,106000,SPY
1993-11-22,25.72079086303711,46.03125,46.21875,45.875,46.1875,165300,SPY
1993-11-23,25.86050033569336,46.28125,46.3125,46.03125,46.28125,89700,SPY
1993-11-24,25.965259552001953,46.46875,46.5,46.34375,46.40625,77200,SPY
1993-11-26,25.98272132873535,46.5,46.59375,46.46875,46.59375,1019800,SPY
1993-11-29,25.87794303894043,46.3125,46.71875,46.3125,46.625,517500,SPY
1993-11-30,25.895402908325195,46.34375,46.5625,46.25,46.28125,230000,SPY
1993-12-01,25.930326461791992,46.40625,46.625,46.40625,46.59375,379200,SPY
1993-12-02,26.00016975402832,46.53125,46.5625,46.40625,46.5,352000,SPY
1993-12-03,26.10495376586914,46.71875,46.71875,46.5,46.5,306000,SPY
1993-12-06,26.19224739074707,46.875,46.9375,46.78125,46.78125,99500,SPY
1993-12-07,26.174781799316406,46.84375,46.90625,46.78125,46.875,88800,SPY
1993-12-08,26.174781799316406,46.84375,46.84375,46.78125,46.84375,146700,SPY
1993-12-09,26.087488174438477,46.6875,46.90625,46.625,46.84375,416500,SPY
1993-12-10,26.03508949279785,46.59375,46.71875,46.5,46.71875,412900,SPY
1993-12-13,26.19224739074707,46.875,46.875,46.53125,46.59375,273200,SPY
1993-12-14,26.00016975402832,46.53125,46.90625,46.53125,46.90625,41900,SPY
1993-12-15,25.965259552001953,46.46875,46.625,46.46875,46.59375,82600,SPY
1993-12-16,26.05254554748535,46.625,46.65625,46.5625,46.65625,78200,SPY
1993-12-17,26.19573402404785,46.5625,46.59375,46.375,46.40625,104700,SPY
1993-12-20,26.23090934753418,46.625,46.65625,46.5,46.53125,68800,SPY
1993-12-21,26.14299201965332,46.46875,46.5625,46.40625,46.5625,205700,SPY
1993-12-22,26.318798065185547,46.78125,46.8125,46.5,46.59375,410300,SPY
1993-12-23,26.301233291625977,46.75,46.84375,46.6875,46.75,533800,SPY
1993-12-27,26.441871643066406,47.0,47.0,46.75,46.75,447100,SPY
1993-12-28,26.494609832763672,47.09375,47.125,46.9375,46.96875,880600,SPY
1993-12-29,26.459444046020508,47.03125,47.15625,47.0,47.125,266700,SPY
1993-12-30,26.353971481323242,46.84375,47.0,46.75,47.0,219900,SPY
1993-12-31,26.21332550048828,46.59375,47.0,46.5625,46.9375,312900,SPY
1994-01-03,26.14299201965332,46.46875,46.65625,46.40625,46.59375,960900,SPY
1994-01-04,26.248476028442383,46.65625,46.65625,46.46875,46.53125,164300,SPY
1994-01-05,26.301233291625977,46.75,46.78125,46.53125,46.71875,710900,SPY
1994-01-06,26.301233291625977,46.75,46.84375,46.6875,46.8125,201000,SPY
1994-01-07,26.459444046020508,47.03125,47.0625,46.71875,46.84375,775500,SPY
1994-01-10,26.775897979736328,47.59375,47.59375,46.96875,47.09375,593700,SPY
1994-01-11,26.723176956176758,47.5,47.5625,47.34375,47.5625,295200,SPY
1994-01-12,26.635265350341797,47.34375,47.53125,47.1875,47.53125,158400,SPY
1994-01-13,26.564939498901367,47.21875,47.3125,47.15625,47.21875,244300,SPY
1994-01-14,26.67044448852539,47.40625,47.5,47.375,47.375,137200,SPY
1994-01-17,26.67044448852539,47.40625,47.46875,47.3125,47.40625,17700,SPY
1994-01-18,26.70558738708496,47.46875,47.53125,47.375,47.46875,166400,SPY
1994-01-19,26.635265350341797,47.34375,47.46875,47.25,47.40625,200800,SPY
1994-01-20,26.70558738708496,47.46875,47.5,47.375,47.40625,281100,SPY
1994-01-21,26.652835845947266,47.375,47.53125,47.34375,47.53125,85600,SPY
1994-01-24,26.5473575592041,47.1875,47.5625,47.1875,47.34375,373800,SPY
1994-01-25,26.5473575592041,47.1875,47.25,47.09375,47.21875,310400,SPY
1994-01-26,26.61767578125,47.3125,47.34375,47.125,47.1875,145100,SPY
1994-01-27,26.863813400268555,47.75,47.8125,47.34375,47.40625,344500,SPY
1994-01-28,26.93414306640625,47.875,48.03125,47.875,47.9375,356500,SPY
1994-01-31,27.127532958984375,48.21875,48.3125,48.0,48.0625,313800,SPY
1994-02-01,26.98688507080078,47.96875,48.15625,47.90625,48.15625,303600,SPY
1994-02-02,27.162702560424805,48.28125,48.28125,48.09375,48.125,307600,SPY
1994-02-03,27.039634704589844,48.0625,48.1875,47.90625,48.1875,466100,SPY
1994-02-04,26.424301147460938,46.96875,48.125,46.96875,48.0625,1403200,SPY
1994-02-07,26.5473575592041,47.1875,47.3125,46.84375,46.84375,516400,SPY
1994-02-08,26.564939498901367,47.21875,47.28125,47.03125,47.28125,188200,SPY
1994-02-09,26.67044448852539,47.40625,47.4375,47.1875,47.25,144600,SPY
1994-02-10,26.441871643066406,47.0,47.40625,47.0,47.375,883900,SPY
1994-02-11,26.529783248901367,47.15625,47.28125,46.8125,47.03125,519400,SPY
1994-02-14,26.564939498901367,47.21875,47.375,47.0,47.0625,2742100,SPY
1994-02-15,26.70558738708496,47.46875,47.5,47.25,47.3125,374700,SPY
1994-02-16,26.688018798828125,47.4375,47.53125,47.34375,47.53125,287600,SPY
1994-02-17,26.529783248901367,47.15625,47.6875,47.03125,47.65625,342400,SPY
1994-02-18,26.37154769897461,46.875,47.21875,46.75,47.1875,313300,SPY
1994-02-22,26.635265350341797,47.34375,47.34375,47.0,47.0,154500,SPY
1994-02-23,26.564939498901367,47.21875,47.4375,47.0625,47.40625,391700,SPY
1994-02-24,26.21332550048828,46.59375,47.0625,46.5625,47.0625,770800,SPY
1994-02-25,26.336366653442383,46.8125,46.8125,46.5625,46.65625,531300,SPY
1994-02-28,26.336366653442383,46.8125,47.0625,46.8125,46.9375,333000,SPY
1994-03-01,26.23090934753418,46.625,46.90625,46.375,46.8125,423600,SPY
1994-03-02,26.266075134277344,46.6875,46.6875,45.90625,46.03125,581500,SPY
1994-03-03,26.19573402404785,46.5625,46.625,46.4375,46.625,223200,SPY
1994-03-04,26.266075134277344,46.6875,46.8125,46.40625,46.5625,595800,SPY
1994-03-07,26.406709671020508,46.9375,47.0,46.84375,46.84375,539800,SPY
1994-03-08,26.301233291625977,46.75,46.96875,46.6875,46.96875,880300,SPY
1994-03-09,26.424301147460938,46.96875,47.0,46.59375,46.8125,2500100,SPY
1994-03-10,26.21332550048828,46.59375,46.9375,46.4375,46.9375,207400,SPY
1994-03-11,26.353971481323242,46.84375,46.90625,46.40625,46.65625,576600,SPY
1994-03-14,26.38913345336914,46.90625,47.03125,46.84375,47.03125,345900,SPY
1994-03-15,26.37154769897461,46.875,47.09375,46.84375,47.0,748600,SPY
1994-03-16,26.582515716552734,47.25,47.25,46.78125,46.9375,455500,SPY
1994-03-17,26.582515716552734,47.25,47.3125,47.09375,47.09375,133000,SPY
1994-03-18,26.57672882080078,46.96875,47.03125,46.71875,46.75,365500,SPY
1994-03-21,26.505992889404297,46.84375,46.9375,46.71875,46.8125,324800,SPY
1994-03-22,26.57672882080078,46.96875,47.0625,46.75,46.84375,435700,SPY
1994-03-23,26.55904197692871,46.9375,47.0625,46.90625,46.9375,698500,SPY
1994-03-24,26.240758895874023,46.375,46.84375,46.15625,46.75,1200500,SPY
1994-03-25,25.993202209472656,45.9375,46.53125,45.9375,46.40625,100900,SPY
1994-03-28,26.0285587310791,46.0,46.0625,45.59375,46.0,1117200,SPY
1994-03-29,25.515766143798828,45.09375,46.03125,45.09375,46.0,338400,SPY
1994-03-30,25.162132263183594,44.46875,45.25,44.46875,45.125,1123900,SPY
1994-03-31,25.23286247253418,44.59375,44.6875,43.53125,44.46875,788800,SPY
1994-04-04,24.84385108947754,43.90625,44.03125,43.34375,43.34375,2627300,SPY
1994-04-05,25.356626510620117,44.8125,44.8125,44.34375,44.34375,1179000,SPY
1994-04-06,25.356626510620117,44.8125,44.90625,44.5,44.875,516500,SPY
1994-04-07,25.480411529541016,45.03125,45.125,44.53125,44.78125,666100,SPY
1994-04-08,25.285911560058594,44.6875,44.9375,44.46875,44.9375,242400,SPY
1994-04-11,25.391992568969727,44.875,45.0625,44.703125,44.8125,203300,SPY
1994-04-12,25.356626510620117,44.8125,45.0,44.71875,44.921875,1409200,SPY
1994-04-13,25.224014282226562,44.578125,44.90625,44.25,44.796875,364100,SPY
1994-04-14,25.23286247253418,44.59375,44.828125,44.40625,44.5,419900,SPY
1994-04-15,25.23286247253418,44.59375,44.78125,44.515625,44.578125,387300,SPY
1994-04-18,25.064884185791016,44.296875,44.765625,44.15625,44.640625,369100,SPY
1994-04-19,25.10025405883789,44.359375,44.53125,43.984375,44.25,472200,SPY
1994-04-20,25.07370376586914,44.3125,44.515625,44.078125,44.40625,508000,SPY
1994-04-21,25.409679412841797,44.90625,44.96875,44.34375,44.5,200300,SPY
1994-04-22,25.383155822753906,44.859375,45.046875,44.734375,45.015625,301800,SPY
1994-04-25,25.648401260375977,45.328125,45.359375,44.84375,44.84375,394600,SPY
1994-04-26,25.621871948242188,45.28125,45.34375,45.1875,45.265625,399000,SPY
1994-04-28,25.436208724975586,44.953125,45.25,44.8125,45.1875,287000,SPY
1994-04-29,25.515766143798828,45.09375,45.15625,44.8125,44.875,481900,SPY
1994-05-02,25.674909591674805,45.375,45.71875,44.9375,45.09375,275000,SPY
1994-05-03,25.648401260375977,45.328125,45.40625,45.0625,45.390625,183400,SPY
1994-05-04,25.604190826416016,45.25,45.421875,45.078125,45.421875,401900,SPY
1994-05-05,25.56883430480957,45.1875,45.375,45.1875,45.296875,659800,SPY
1994-05-06,25.321266174316406,44.75,44.96875,44.59375,44.96875,216300,SPY
1994-05-09,25.10025405883789,44.359375,44.75,44.28125,44.625,499300,SPY
1994-05-10,25.29475212097168,44.703125,44.84375,44.546875,44.578125,583400,SPY
1994-05-11,25.064884185791016,44.296875,44.71875,44.171875,44.65625,210600,SPY
1994-05-12,25.18864631652832,44.515625,44.625,44.40625,44.578125,305200,SPY
1994-05-13,25.18864631652832,44.515625,44.640625,44.296875,44.640625,321300,SPY
1994-05-16,25.197498321533203,44.53125,44.75,44.515625,44.609375,450400,SPY
1994-05-17,25.56883430480957,45.1875,45.1875,44.5,44.5625,470200,SPY
1994-05-18,25.75449562072754,45.515625,45.6875,45.015625,45.21875,824800,SPY
1994-05-19,25.87826156616211,45.734375,45.859375,45.421875,45.421875,531000,SPY
1994-05-20,25.781009674072266,45.5625,45.6875,45.5,45.65625,370400,SPY
1994-05-23,25.736804962158203,45.484375,45.53125,45.34375,45.515625,262700,SPY
1994-05-24,25.842905044555664,45.671875,45.84375,45.609375,45.609375,549600,SPY
1994-05-25,25.913625717163086,45.796875,45.828125,45.34375,45.5,738200,SPY
1994-05-26,25.931310653686523,45.828125,45.9375,45.734375,45.78125,369600,SPY
1994-05-27,25.95783042907715,45.875,45.875,45.671875,45.75,162000,SPY
1994-05-31,25.922473907470703,45.8125,45.90625,45.65625,45.734375,160000,SPY
1994-06-01,26.037410736083984,46.015625,46.015625,45.5625,45.703125,200500,SPY
1994-06-02,26.01088523864746,45.96875,46.046875,45.890625,46.046875,55100,SPY
1994-06-03,26.161190032958984,46.234375,46.390625,45.859375,46.0,550400,SPY
1994-06-06,26.152347564697266,46.21875,46.46875,46.1875,46.328125,99300,SPY
1994-06-07,26.116979598999023,46.15625,46.21875,46.03125,46.140625,120600,SPY
1994-06-08,25.904788970947266,45.78125,46.265625,45.78125,46.265625,131900,SPY
1994-06-09,26.046241760253906,46.03125,46.03125,45.890625,45.984375,80500,SPY
1994-06-10,26.09046173095703,46.109375,46.203125,46.078125,46.078125,83100,SPY
1994-06-13,26.12582015991211,46.171875,46.1875,46.03125,46.046875,109700,SPY
1994-06-14,26.32916259765625,46.53125,46.546875,46.3125,46.3125,161000,SPY
1994-06-15,26.22307777404785,46.34375,46.5625,46.3125,46.546875,142800,SPY
1994-06-16,26.2761173248291,46.4375,46.46875,46.296875,46.34375,44000,SPY
1994-06-17,26.12944793701172,45.875,46.203125,45.8125,46.15625,403800,SPY
1994-06-20,25.906959533691406,45.484375,45.625,45.4375,45.546875,137400,SPY
1994-06-21,25.684459686279297,45.09375,45.453125,44.90625,45.453125,139200,SPY
1994-06-22,25.782367706298828,45.265625,45.421875,45.171875,45.21875,279900,SPY
1994-06-23,25.63106918334961,45.0,45.40625,44.9375,45.34375,922500,SPY
1994-06-24,25.097082138061523,44.0625,44.78125,44.0,44.78125,353800,SPY
1994-06-27,25.533170700073242,44.828125,44.828125,44.015625,44.234375,371200,SPY
1994-06-28,25.408580780029297,44.609375,44.84375,44.25,44.84375,5382300,SPY
1994-06-29,25.488672256469727,44.75,45.015625,44.625,44.671875,311800,SPY
1994-06-30,25.3284854888916,44.46875,44.84375,44.3125,44.828125,271900,SPY
1994-07-01,25.381887435913086,44.5625,44.6875,44.375,44.6875,406900,SPY
1994-07-05,25.5153865814209,44.796875,44.859375,44.515625,44.65625,112000,SPY
1994-07-06,25.479782104492188,44.734375,44.8125,44.46875,44.625,174800,SPY
1994-07-07,25.58657455444336,44.921875,44.921875,44.6875,44.734375,66700,SPY
1994-07-08,25.577669143676758,44.90625,44.984375,44.625,44.640625,148400,SPY
1994-07-11,25.488672256469727,44.75,45.015625,44.53125,44.9375,124000,SPY
1994-07-12,25.52427101135254,44.8125,44.828125,44.515625,44.765625,257300,SPY
1994-07-13,25.568777084350586,44.890625,45.03125,44.828125,44.828125,532700,SPY
1994-07-14,25.844655990600586,45.375,45.46875,45.078125,45.109375,494200,SPY
1994-07-15,25.853561401367188,45.390625,45.484375,45.328125,45.34375,49100,SPY
1994-07-18,25.898059844970703,45.46875,45.578125,45.390625,45.390625,72300,SPY
1994-07-19,25.844655990600586,45.375,45.5625,45.375,45.546875,609500,SPY
1994-07-20,25.728981018066406,45.171875,45.40625,45.0625,45.40625,185300,SPY
1994-07-21,25.782367706298828,45.265625,45.296875,45.078125,45.171875,86300,SPY
1994-07-22,25.826873779296875,45.34375,45.40625,45.25,45.375,151600,SPY
1994-07-25,25.862455368041992,45.40625,45.453125,45.3125,45.359375,120900,SPY
1994-07-26,25.83576774597168,45.359375,45.421875,45.3125,45.390625,489600,SPY
1994-07-27,25.83576774597168,45.359375,45.359375,45.171875,45.359375,83200,SPY
1994-07-28,25.8891658782959,45.453125,45.578125,45.359375,45.359375,828200,SPY
1994-07-29,26.147241592407227,45.90625,46.046875,45.75,45.765625,459100,SPY
1994-08-01,26.271848678588867,46.125,46.15625,45.890625,45.9375,486300,SPY
1994-08-02,26.307449340820312,46.1875,46.375,46.03125,46.28125,505500,SPY
1994-08-03,26.316343307495117,46.203125,46.234375,46.09375,46.171875,144100,SPY
1994-08-04,26.16505241394043,45.9375,46.21875,45.921875,46.171875,231700,SPY
1994-08-05,26.0760555267334,45.78125,45.84375,45.65625,45.703125,138400,SPY
1994-08-08,26.138347625732422,45.890625,45.9375,45.78125,45.828125,328600,SPY
1994-08-09,26.182857513427734,45.96875,45.96875,45.71875,45.71875,105900,SPY
1994-08-10,26.280738830566406,46.140625,46.1875,45.9375,46.0,840300,SPY
1994-08-11,26.182857513427734,45.96875,46.234375,45.734375,46.03125,876200,SPY
1994-08-12,26.387556076049805,46.328125,46.34375,46.046875,46.046875,184100,SPY
1994-08-15,26.37864875793457,46.3125,46.484375,46.3125,46.375,325900,SPY
1994-08-16,26.565540313720703,46.640625,46.6875,46.15625,46.34375,1089500,SPY
1994-08-17,26.54773712158203,46.609375,46.734375,46.578125,46.703125,133700,SPY
1994-08-18,26.458742141723633,46.453125,46.5625,46.40625,46.453125,620000,SPY
1994-08-19,26.440946578979492,46.421875,46.515625,46.3125,46.46875,103200,SPY
1994-08-22,26.414243698120117,46.375,46.4375,46.28125,46.4375,79700,SPY
1994-08-23,26.565540313720703,46.640625,46.859375,46.515625,46.578125,268600,SPY
1994-08-24,26.850326538085938,47.140625,47.140625,46.671875,46.6875,254700,SPY
1994-08-25,26.779129028320312,47.015625,47.203125,46.890625,47.09375,147400,SPY
1994-08-26,27.161815643310547,47.6875,47.78125,47.125,47.125,339500,SPY
1994-08-29,27.144020080566406,47.65625,47.984375,47.640625,47.8125,350300,SPY
1994-08-30,27.2152099609375,47.78125,47.859375,47.578125,47.640625,36000,SPY
1994-08-31,27.144020080566406,47.65625,47.890625,47.59375,47.703125,356200,SPY
1994-09-01,27.055034637451172,47.5,47.53125,47.328125,47.5,294600,SPY
1994-09-02,26.939334869384766,47.296875,47.71875,47.21875,47.71875,99600,SPY
1994-09-06,26.948226928710938,47.3125,47.359375,47.125,47.265625,229800,SPY
1994-09-07,26.92152976989746,47.265625,47.421875,47.21875,47.421875,27900,SPY
1994-09-08,27.055034637451172,47.5,47.5625,47.34375,47.359375,284800,SPY
1994-09-09,26.77022933959961,47.0,47.125,46.8125,47.03125,488400,SPY
1994-09-12,26.69012451171875,46.859375,47.0625,46.78125,47.0,129400,SPY
1994-09-13,26.77022933959961,47.0,47.125,46.859375,46.953125,389200,SPY
1994-09-14,26.796939849853516,47.046875,47.109375,46.84375,46.84375,423500,SPY
1994-09-15,27.135114669799805,47.640625,47.640625,47.171875,47.171875,779800,SPY
1994-09-16,26.941997528076172,47.015625,47.140625,46.84375,47.0,571300,SPY
1994-09-19,26.968873977661133,47.0625,47.328125,47.015625,47.125,167300,SPY
1994-09-20,26.4585018157959,46.171875,46.859375,46.171875,46.8125,355600,SPY
1994-09-21,26.4585018157959,46.171875,46.3125,45.734375,46.3125,397500,SPY
1994-09-22,26.395824432373047,46.0625,46.28125,46.015625,46.28125,266400,SPY
1994-09-23,26.306272506713867,45.90625,46.171875,45.828125,46.078125,176600,SPY
1994-09-26,26.440589904785156,46.140625,46.171875,45.984375,46.078125,223000,SPY
1994-09-27,26.422691345214844,46.109375,46.265625,46.0,46.140625,479500,SPY
1994-09-28,26.628620147705078,46.46875,46.53125,46.328125,46.359375,324000,SPY
1994-09-29,26.494308471679688,46.234375,46.46875,46.09375,46.46875,195900,SPY
1994-09-30,26.4585018157959,46.171875,46.4375,46.171875,46.21875,5200,SPY
1994-10-03,26.395824432373047,46.0625,46.25,45.984375,46.203125,72600,SPY
1994-10-04,26.001855850219727,45.375,46.296875,45.34375,46.296875,84200,SPY
1994-10-05,26.010805130004883,45.390625,45.390625,45.0,45.296875,461900,SPY
1994-10-06,25.930221557617188,45.25,45.453125,45.171875,45.421875,345200,SPY
1994-10-07,26.04661750793457,45.453125,45.578125,45.203125,45.25,188700,SPY
1994-10-10,26.324190139770508,45.9375,46.015625,45.640625,45.65625,213600,SPY
1994-10-11,26.718168258666992,46.625,46.75,46.140625,46.140625,461400,SPY
1994-10-12,26.75397491455078,46.6875,46.75,46.578125,46.6875,162400,SPY
1994-10-13,26.843507766723633,46.84375,47.328125,46.796875,47.21875,1564500,SPY
1994-10-14,26.959909439086914,47.046875,47.0625,46.6875,47.0,72800,SPY
1994-10-17,26.90619468688965,46.953125,47.0625,46.90625,47.0,282300,SPY
1994-10-18,26.843507766723633,46.84375,46.90625,46.6875,46.90625,132100,SPY
1994-10-19,26.968873977661133,47.0625,47.234375,46.65625,46.671875,136700,SPY
1994-10-20,26.789793014526367,46.75,47.0625,46.609375,47.0625,290300,SPY
1994-10-21,26.682342529296875,46.5625,46.6875,46.359375,46.625,87800,SPY
1994-10-24,26.4585018157959,46.171875,46.765625,46.15625,46.578125,149600,SPY
1994-10-25,26.485366821289062,46.21875,46.3125,46.0,46.015625,91800,SPY
1994-10-26,26.583858489990234,46.390625,46.4375,46.171875,46.390625,201000,SPY
1994-10-27,26.745014190673828,46.671875,46.671875,46.453125,46.5625,210300,SPY
1994-10-28,27.309118270874023,47.65625,47.703125,46.765625,46.765625,192100,SPY
1994-10-31,27.210609436035156,47.484375,47.59375,47.46875,47.546875,36300,SPY
1994-11-01,26.90619468688965,46.953125,47.28125,46.9375,47.28125,435200,SPY
1994-11-02,26.75397491455078,46.6875,47.234375,46.6875,46.8125,115600,SPY
1994-11-03,26.897239685058594,46.9375,47.015625,46.78125,46.84375,87000,SPY
1994-11-04,26.548032760620117,46.328125,47.15625,46.328125,47.15625,124400,SPY
1994-11-07,26.628620147705078,46.46875,46.59375,46.3125,46.4375,115000,SPY
1994-11-08,26.834564208984375,46.828125,46.984375,46.546875,46.625,308300,SPY
1994-11-09,26.87932014465332,46.90625,47.328125,46.5,47.328125,318500,SPY
1994-11-10,26.6912899017334,46.578125,47.03125,46.546875,46.9375,172100,SPY
1994-11-11,26.592802047729492,46.40625,46.5625,46.28125,46.515625,302200,SPY
1994-11-14,26.843507766723633,46.84375,46.859375,46.609375,46.609375,181400,SPY
1994-11-15,26.75397491455078,46.6875,47.09375,46.328125,46.796875,316900,SPY
1994-11-16,26.843507766723633,46.84375,46.84375,46.609375,46.765625,106900,SPY
1994-11-17,26.664424896240234,46.53125,46.875,46.34375,46.875,104700,SPY
1994-11-18,26.628620147705078,46.46875,46.625,46.265625,46.546875,269300,SPY
1994-11-21,26.359996795654297,46.0,46.578125,46.0,46.4375,283100,SPY
1994-11-22,25.786949157714844,45.0,46.0,45.0,45.828125,483600,SPY
1994-11-23,25.930221557617188,45.25,45.265625,44.609375,45.03125,601600,SPY
1994-11-25,26.05557632446289,45.46875,45.53125,45.28125,45.28125,77300,SPY
1994-11-28,26.171964645385742,45.671875,45.6875,45.34375,45.453125,79900,SPY
1994-11-29,26.163021087646484,45.65625,45.75,45.5,45.65625,105500,SPY
1994-11-30,26.127212524414062,45.59375,45.953125,45.59375,45.890625,218800,SPY
1994-12-01,25.867538452148438,45.140625,45.640625,45.046875,45.640625,439000,SPY
1994-12-02,26.109296798706055,45.5625,45.5625,45.046875,45.046875,318500,SPY
1994-12-05,26.13616180419922,45.609375,45.8125,45.5,45.65625,139200,SPY
1994-12-06,26.15406608581543,45.640625,45.65625,45.359375,45.4375,249900,SPY
1994-12-07,25.966035842895508,45.3125,45.5,45.265625,45.359375,531900,SPY
1994-12-08,25.71532440185547,44.875,45.5625,44.75,45.5,261500,SPY
1994-12-09,25.813827514648438,45.046875,45.078125,44.6875,44.875,235900,SPY
1994-12-12,25.98395538330078,45.34375,45.34375,44.953125,44.953125,151100,SPY
1994-12-13,26.082433700561523,45.515625,45.53125,45.3125,45.3125,70900,SPY
1994-12-14,26.216739654541016,45.75,45.953125,45.453125,45.453125,203300,SPY
1994-12-15,26.297317504882812,45.890625,46.03125,45.8125,45.8125,130100,SPY
1994-12-16,26.425771713256836,45.75,45.84375,45.625,45.671875,266100,SPY
1994-12-19,26.461872100830078,45.8125,45.84375,45.609375,45.75,1120200,SPY
1994-12-20,26.380657196044922,45.671875,45.890625,45.671875,45.859375,675600,SPY
1994-12-21,26.660438537597656,46.15625,46.265625,45.703125,45.703125,544500,SPY
1994-12-22,26.579179763793945,46.015625,46.203125,45.96875,46.15625,222000,SPY
1994-12-23,26.60628890991211,46.0625,46.171875,45.984375,45.984375,125800,SPY
1994-12-27,26.750680923461914,46.3125,46.40625,46.1875,46.21875,95200,SPY
1994-12-28,26.615299224853516,46.078125,46.359375,45.96875,46.359375,358200,SPY
1994-12-29,26.63334846496582,46.109375,46.25,46.0625,46.25,220100,SPY
1994-12-30,26.31746482849121,45.5625,46.25,45.5625,46.203125,2209500,SPY
1995-01-03,26.44382095336914,45.78125,45.84375,45.6875,45.703125,324300,SPY
1995-01-04,26.57019805908203,46.0,46.0,45.75,45.984375,351800,SPY
1995-01-05,26.57019805908203,46.0,46.109375,45.953125,46.03125,89800,SPY
1995-01-06,26.597251892089844,46.046875,46.25,45.90625,46.09375,448400,SPY
1995-01-09,26.624324798583984,46.09375,46.09375,46.0,46.03125,36800,SPY
1995-01-10,26.651391983032227,46.140625,46.390625,46.140625,46.203125,229800,SPY
1995-01-11,26.66946029663086,46.171875,46.296875,45.8125,46.296875,222400,SPY
1995-01-12,26.678483963012695,46.1875,46.21875,46.03125,46.125,40300,SPY
1995-01-13,26.994367599487305,46.734375,46.734375,46.375,46.4375,170600,SPY
1995-01-16,27.156822204589844,47.015625,47.03125,46.71875,46.71875,105100,SPY
1995-01-17,27.16584587097168,47.03125,47.0625,46.859375,46.921875,89500,SPY
1995-01-18,27.138742446899414,46.984375,47.078125,46.875,47.0,84500,SPY
1995-01-19,26.985322952270508,46.71875,46.875,46.6875,46.828125,139100,SPY
1995-01-20,26.88606834411621,46.546875,46.671875,46.453125,46.65625,78700,SPY
1995-01-23,26.9672794342041,46.6875,46.6875,46.203125,46.234375,53700,SPY
1995-01-24,27.00339126586914,46.75,46.75,46.640625,46.671875,32400,SPY
1995-01-25,27.07559585571289,46.875,47.046875,46.515625,46.515625,15700,SPY
1995-01-26,27.102659225463867,46.921875,46.984375,46.75,46.84375,9800,SPY
1995-01-27,27.210962295532227,47.109375,47.234375,46.921875,47.234375,91200,SPY
1995-01-30,27.0936336517334,46.90625,47.046875,46.84375,47.015625,26600,SPY
1995-01-31,27.201940536499023,47.09375,47.171875,46.921875,47.0,127500,SPY
1995-02-01,27.192920684814453,47.078125,47.328125,47.0,47.15625,380200,SPY
1995-02-02,27.355390548706055,47.359375,47.359375,47.0625,47.0625,131700,SPY
1995-02-03,27.743453979492188,48.03125,48.109375,47.578125,47.65625,405100,SPY
1995-02-06,27.860788345336914,48.234375,48.375,47.96875,48.015625,405400,SPY
1995-02-07,27.89687156677246,48.296875,48.3125,48.140625,48.3125,702900,SPY
1995-02-08,27.89687156677246,48.296875,48.46875,48.203125,48.234375,521500,SPY
1995-02-09,27.89687156677246,48.296875,48.296875,48.125,48.21875,390700,SPY
1995-02-10,27.93297576904297,48.359375,48.359375,48.09375,48.234375,148300,SPY
1995-02-13,27.942014694213867,48.375,48.46875,48.328125,48.328125,79700,SPY
1995-02-14,27.97810935974121,48.4375,48.53125,48.25,48.53125,170200,SPY
1995-02-15,28.131534576416016,48.703125,48.765625,48.390625,48.4375,431500,SPY
1995-02-16,28.095430374145508,48.640625,48.6875,48.5,48.640625,99300,SPY
1995-02-17,27.987125396728516,48.453125,48.625,48.4375,48.59375,49100,SPY
1995-02-21,27.97810935974121,48.4375,48.53125,48.421875,48.453125,168000,SPY
1995-02-22,28.18569564819336,48.796875,48.796875,48.453125,48.484375,386400,SPY
1995-02-23,28.23082160949707,48.875,49.15625,48.859375,48.984375,402800,SPY
1995-02-24,28.303024291992188,49.0,49.015625,48.8125,48.9375,307600,SPY
1995-02-27,28.077394485473633,48.609375,49.0,48.53125,48.859375,280900,SPY
1995-02-28,28.31204605102539,49.015625,49.015625,48.5625,48.5625,493500,SPY
1995-03-01,28.131534576416016,48.703125,49.03125,48.65625,48.96875,242600,SPY
1995-03-02,28.167634963989258,48.765625,48.765625,48.546875,48.6875,488600,SPY
1995-03-03,28.176658630371094,48.78125,48.78125,48.484375,48.609375,290000,SPY
1995-03-06,28.194705963134766,48.8125,48.8125,48.390625,48.453125,85700,SPY
1995-03-07,27.97810935974121,48.4375,48.75,48.21875,48.640625,180900,SPY
1995-03-08,28.050308227539062,48.5625,48.625,48.34375,48.515625,155900,SPY
1995-03-09,28.041282653808594,48.546875,48.59375,48.421875,48.546875,63500,SPY
1995-03-10,28.4564208984375,49.265625,49.390625,48.53125,48.59375,192100,SPY
1995-03-13,28.429378509521484,49.21875,49.390625,49.171875,49.234375,261300,SPY
1995-03-14,28.636938095092773,49.578125,49.640625,49.359375,49.359375,223300,SPY
1995-03-15,28.582807540893555,49.484375,49.578125,49.296875,49.5,278500,SPY
1995-03-16,28.754291534423828,49.78125,49.8125,49.4375,49.4375,20400,SPY
1995-03-17,28.782882690429688,49.5625,49.625,49.40625,49.4375,89900,SPY
1995-03-20,28.782882690429688,49.5625,49.625,49.46875,49.625,91700,SPY
1995-03-21,28.71027946472168,49.4375,49.875,49.359375,49.5625,104400,SPY
1995-03-22,28.737503051757812,49.484375,49.53125,49.328125,49.53125,74900,SPY
1995-03-23,28.755661010742188,49.515625,49.65625,49.359375,49.421875,220500,SPY
1995-03-24,29.163982391357422,50.21875,50.21875,49.671875,49.671875,134000,SPY
1995-03-27,29.28193473815918,50.421875,50.421875,50.171875,50.296875,132100,SPY
1995-03-28,29.28193473815918,50.421875,50.421875,50.234375,50.296875,121900,SPY
1995-03-29,29.272872924804688,50.40625,50.890625,50.125,50.375,246100,SPY
1995-03-30,29.218416213989258,50.3125,50.515625,50.109375,50.515625,298400,SPY
1995-03-31,29.100467681884766,50.109375,50.171875,49.546875,49.921875,541300,SPY
1995-04-03,29.173046112060547,50.234375,50.234375,50.0625,50.09375,193300,SPY
1995-04-04,29.363609313964844,50.5625,50.5625,50.25,50.25,66900,SPY
1995-04-05,29.363609313964844,50.5625,50.609375,50.421875,50.453125,107200,SPY
1995-04-06,29.472503662109375,50.75,50.796875,50.59375,50.6875,352500,SPY
1995-04-07,29.445281982421875,50.703125,50.859375,50.46875,50.859375,361400,SPY
1995-04-10,29.499731063842773,50.796875,50.796875,50.59375,50.625,285400,SPY
1995-04-11,29.39990234375,50.625,50.9375,50.59375,50.921875,250300,SPY
1995-04-12,29.499731063842773,50.796875,50.796875,50.609375,50.703125,150900,SPY
1995-04-13,29.66305160522461,51.078125,51.09375,50.859375,50.890625,243400,SPY
1995-04-17,29.49065589904785,50.78125,51.3125,50.625,51.265625,178900,SPY
1995-04-18,29.390825271606445,50.609375,50.828125,50.484375,50.828125,329500,SPY
1995-04-19,29.363609313964844,50.5625,50.71875,50.296875,50.609375,223000,SPY
1995-04-20,29.408994674682617,50.640625,50.78125,50.4375,50.703125,207900,SPY
1995-04-21,29.55417251586914,50.890625,50.90625,50.65625,50.65625,145000,SPY
1995-04-24,29.89899444580078,51.484375,51.484375,50.859375,50.859375,169000,SPY
1995-04-25,29.817317962646484,51.34375,51.484375,51.3125,51.40625,293200,SPY
1995-04-26,29.844539642333984,51.390625,51.421875,51.125,51.25,204400,SPY
1995-04-27,29.91712760925293,51.515625,51.546875,51.28125,51.3125,502200,SPY
1995-04-28,29.962493896484375,51.59375,51.671875,51.171875,51.5,130800,SPY
1995-05-01,29.880847930908203,51.453125,51.65625,51.453125,51.546875,518700,SPY
1995-05-02,29.94434928894043,51.5625,51.640625,51.390625,51.5,228400,SPY
1995-05-03,30.361770629882812,52.28125,52.28125,51.734375,51.734375,724700,SPY
1995-05-04,30.34362030029297,52.25,52.6875,52.125,52.34375,311400,SPY
1995-05-05,30.30732536315918,52.1875,52.46875,52.078125,52.46875,314900,SPY
1995-05-08,30.525089263916016,52.5625,52.734375,52.09375,52.140625,183100,SPY
1995-05-09,30.497882843017578,52.515625,52.84375,52.4375,52.78125,180600,SPY
1995-05-10,30.534175872802734,52.578125,52.671875,52.328125,52.65625,330300,SPY
1995-05-11,30.615829467773438,52.71875,52.71875,52.484375,52.65625,351700,SPY
1995-05-12,30.633983612060547,52.75,52.875,52.5,52.515625,94600,SPY
1995-05-15,30.779178619384766,53.0,53.0,52.78125,52.890625,147200,SPY
1995-05-16,30.79730987548828,53.03125,53.15625,52.890625,52.984375,221600,SPY
1995-05-17,30.679351806640625,52.828125,53.046875,52.78125,53.03125,189200,SPY
1995-05-18,30.234722137451172,52.0625,52.765625,52.0625,52.734375,577800,SPY
1995-05-19,30.252872467041016,52.09375,52.1875,51.90625,51.984375,363900,SPY
1995-05-22,30.588594436645508,52.671875,52.75,52.234375,52.265625,216000,SPY
1995-05-23,30.869915008544922,53.15625,53.15625,52.609375,52.765625,136800,SPY
1995-05-24,30.85174560546875,53.125,53.421875,52.796875,53.25,370800,SPY
1995-05-25,30.87897491455078,53.171875,53.21875,52.71875,52.96875,379900,SPY
1995-05-26,30.525089263916016,52.5625,52.984375,52.359375,52.96875,518600,SPY
1995-05-30,30.51601219177246,52.546875,52.828125,52.375,52.6875,61500,SPY
1995-05-31,31.15121078491211,53.640625,53.640625,52.453125,52.453125,564500,SPY
1995-06-01,31.06951332092285,53.5,53.90625,53.25,53.40625,810100,SPY
1995-06-02,31.096763610839844,53.546875,53.921875,53.09375,53.28125,112900,SPY
1995-06-05,31.28731346130371,53.875,54.046875,53.5,53.546875,257200,SPY
1995-06-06,31.232868194580078,53.78125,54.015625,53.78125,53.828125,165800,SPY
1995-06-07,31.06951332092285,53.5,53.703125,53.4375,53.671875,41900,SPY
1995-06-08,30.9969539642334,53.375,53.640625,53.375,53.484375,141100,SPY
1995-06-09,30.81546974182129,53.0625,53.328125,52.75,53.265625,304900,SPY
1995-06-12,30.987871170043945,53.359375,53.578125,53.203125,53.234375,378500,SPY
1995-06-13,31.323617935180664,53.9375,53.96875,53.5625,53.609375,120000,SPY
1995-06-14,31.296396255493164,53.890625,53.953125,53.6875,53.859375,389400,SPY
1995-06-15,31.432498931884766,54.125,54.234375,53.875,53.96875,274500,SPY
1995-06-16,31.52581024169922,53.96875,53.96875,53.703125,53.703125,325100,SPY
1995-06-19,31.881784439086914,54.578125,54.609375,54.09375,54.125,134600,SPY
1995-06-20,31.799625396728516,54.4375,54.609375,54.390625,54.421875,287800,SPY
1995-06-21,31.781391143798828,54.40625,54.65625,54.40625,54.609375,158200,SPY
1995-06-22,32.201229095458984,55.125,55.15625,54.640625,54.640625,297000,SPY
1995-06-23,32.13734817504883,55.015625,55.03125,54.84375,55.0,315400,SPY
1995-06-26,31.75398826599121,54.359375,54.953125,54.359375,54.859375,132900,SPY
1995-06-27,31.69011688232422,54.25,54.703125,54.21875,54.34375,127700,SPY
1995-06-28,31.854385375976562,54.53125,54.75,54.078125,54.25,212600,SPY
1995-06-29,31.799625396728516,54.4375,54.671875,54.0625,54.53125,89200,SPY
1995-06-30,31.781391143798828,54.40625,54.734375,54.296875,54.546875,714100,SPY
1995-07-03,31.9000186920166,54.609375,54.609375,54.46875,54.46875,9500,SPY
1995-07-05,32.01870346069336,54.8125,55.0625,54.640625,54.765625,409300,SPY
1995-07-06,32.429420471191406,55.515625,55.515625,54.71875,54.828125,202500,SPY
1995-07-07,32.575469970703125,55.765625,55.78125,55.375,55.40625,481700,SPY
1995-07-10,32.593719482421875,55.796875,55.953125,55.703125,55.8125,400400,SPY
1995-07-11,32.43854522705078,55.53125,55.796875,55.453125,55.75,420500,SPY
1995-07-12,32.84013748168945,56.21875,56.3125,55.53125,55.640625,203400,SPY
1995-07-13,32.767127990722656,56.09375,56.265625,56.03125,56.140625,215600,SPY
1995-07-14,32.7397575378418,56.046875,56.09375,55.75,55.796875,543700,SPY
1995-07-17,32.92230987548828,56.359375,56.421875,56.078125,56.125,171500,SPY
1995-07-18,32.63935089111328,55.875,56.265625,55.828125,56.265625,221200,SPY
1995-07-19,32.28339385986328,55.265625,55.71875,54.203125,55.65625,486600,SPY
1995-07-20,32.40203857421875,55.46875,55.578125,55.03125,55.328125,318900,SPY
1995-07-21,32.365516662597656,55.40625,55.625,55.1875,55.421875,94000,SPY
1995-07-24,32.602848052978516,55.8125,55.875,55.484375,55.484375,108400,SPY
1995-07-25,32.84928512573242,56.234375,56.3125,55.703125,55.875,107400,SPY
1995-07-26,32.82189178466797,56.1875,56.46875,56.171875,56.203125,167800,SPY
1995-07-27,33.09571838378906,56.65625,56.703125,56.453125,56.453125,187700,SPY
1995-07-28,32.88578414916992,56.296875,56.703125,56.25,56.703125,415600,SPY
1995-07-31,32.80363845825195,56.15625,56.390625,56.03125,56.34375,342500,SPY
1995-08-01,32.74888229370117,56.0625,56.234375,55.75,56.234375,141000,SPY
1995-08-02,32.67585372924805,55.9375,56.796875,55.84375,56.390625,240400,SPY
1995-08-03,32.666744232177734,55.921875,55.953125,55.453125,55.546875,1193600,SPY
1995-08-04,32.70323944091797,55.984375,56.078125,55.921875,56.03125,240500,SPY
1995-08-07,32.77625274658203,56.109375,56.28125,56.078125,56.109375,193100,SPY
1995-08-08,32.77625274658203,56.109375,56.3125,55.9375,56.140625,951900,SPY
1995-08-09,32.767127990722656,56.09375,56.296875,56.046875,56.296875,107100,SPY
1995-08-10,32.69410705566406,55.96875,56.28125,55.734375,56.15625,280800,SPY
1995-08-11,32.511566162109375,55.65625,55.984375,55.421875,55.921875,257200,SPY
1995-08-14,32.80363845825195,56.15625,56.15625,55.671875,55.796875,254800,SPY
1995-08-15,32.7397575378418,56.046875,56.140625,55.65625,56.140625,44400,SPY
1995-08-16,32.83103561401367,56.203125,56.203125,55.9375,56.0,374900,SPY
1995-08-17,32.77625274658203,56.109375,56.234375,55.90625,56.234375,353800,SPY
1995-08-18,32.81275939941406,56.171875,56.40625,56.125,56.390625,85400,SPY
1995-08-21,32.721473693847656,56.015625,56.640625,56.0,56.40625,266700,SPY
1995-08-22,32.78538131713867,56.125,56.21875,55.8125,56.09375,220200,SPY
1995-08-23,32.666744232177734,55.921875,56.203125,55.921875,56.171875,176500,SPY
1995-08-24,32.70323944091797,55.984375,56.09375,55.75,55.9375,167400,SPY
1995-08-25,32.88578414916992,56.296875,56.390625,56.078125,56.078125,195000,SPY
1995-08-28,32.767127990722656,56.09375,56.453125,56.0,56.453125,293000,SPY
1995-08-29,32.84928512573242,56.234375,56.25,55.765625,56.15625,1133100,SPY
1995-08-30,32.92230987548828,56.359375,56.421875,56.21875,56.28125,437400,SPY
1995-08-31,32.949676513671875,56.40625,56.5,56.296875,56.34375,491900,SPY
1995-09-01,33.09571838378906,56.65625,56.75,56.34375,56.390625,629900,SPY
1995-09-05,33.406036376953125,57.1875,57.21875,56.734375,56.828125,272200,SPY
1995-09-06,33.469947814941406,57.296875,57.359375,57.21875,57.234375,214500,SPY
1995-09-07,33.488197326660156,57.328125,57.390625,57.25,57.359375,258800,SPY
1995-09-08,33.61598587036133,57.546875,57.546875,57.171875,57.546875,107300,SPY
1995-09-11,33.707237243652344,57.703125,57.8125,57.640625,57.640625,260700,SPY
1995-09-12,33.862422943115234,57.96875,57.96875,57.578125,57.71875,139500,SPY
1995-09-13,34.0175666809082,58.234375,58.3125,57.890625,57.90625,239800,SPY
1995-09-14,34.32789611816406,58.765625,58.8125,58.28125,58.4375,457600,SPY
1995-09-15,34.31843566894531,58.4375,58.578125,58.203125,58.40625,431200,SPY
1995-09-18,34.18996810913086,58.21875,58.265625,57.9375,58.234375,307500,SPY
1995-09-19,34.35512924194336,58.5,58.53125,58.125,58.328125,549600,SPY
1995-09-20,34.520301818847656,58.78125,58.78125,58.546875,58.59375,290800,SPY
1995-09-21,34.23585891723633,58.296875,58.75,58.0625,58.703125,508500,SPY
1995-09-22,34.24502182006836,58.3125,58.375,57.78125,57.828125,449900,SPY
1995-09-25,34.18996810913086,58.21875,58.375,58.015625,58.375,130000,SPY
1995-09-26,34.1807861328125,58.203125,58.53125,58.0625,58.390625,466600,SPY
1995-09-27,34.15325927734375,58.15625,58.1875,57.59375,57.953125,654400,SPY
1995-09-28,34.41019058227539,58.59375,58.59375,58.15625,58.203125,456200,SPY
1995-09-29,34.345970153808594,58.484375,58.90625,58.40625,58.546875,606600,SPY
1995-10-02,34.1716194152832,58.1875,58.625,58.046875,58.484375,293100,SPY
1995-10-03,34.20832824707031,58.25,58.34375,57.953125,58.1875,839700,SPY
1995-10-04,34.1716194152832,58.1875,58.28125,58.109375,58.28125,248800,SPY
1995-10-05,34.27257537841797,58.359375,58.359375,58.09375,58.25,268800,SPY
1995-10-06,34.30010223388672,58.40625,58.578125,58.390625,58.390625,75300,SPY
1995-10-09,34.015628814697266,57.921875,58.21875,57.8125,58.1875,358200,SPY
1995-10-10,33.997283935546875,57.890625,57.890625,57.265625,57.328125,360800,SPY
1995-10-11,34.107391357421875,58.078125,58.09375,57.875,58.09375,228100,SPY
1995-10-12,34.31843566894531,58.4375,58.46875,58.125,58.125,199800,SPY
1995-10-13,34.428565979003906,58.625,58.859375,58.625,58.703125,488100,SPY
1995-10-16,34.26339340209961,58.34375,58.5625,58.34375,58.453125,443600,SPY
1995-10-17,34.492774963378906,58.734375,58.796875,58.296875,58.40625,146000,SPY
1995-10-18,34.593711853027344,58.90625,59.09375,58.71875,59.015625,228100,SPY
1995-10-19,34.75889587402344,59.1875,59.1875,58.796875,58.875,500600,SPY
1995-10-20,34.5478401184082,58.828125,59.1875,58.828125,59.140625,748400,SPY
1995-10-23,34.47443771362305,58.703125,58.8125,58.546875,58.546875,533000,SPY
1995-10-24,34.511112213134766,58.765625,58.84375,58.625,58.78125,172200,SPY
1995-10-25,34.22669219970703,58.28125,58.890625,58.28125,58.8125,302700,SPY
1995-10-26,33.91468811035156,57.75,58.421875,57.28125,58.375,606800,SPY
1995-10-27,34.1716194152832,58.1875,58.1875,57.421875,57.6875,905800,SPY
1995-10-30,34.391845703125,58.5625,58.59375,58.328125,58.328125,488700,SPY
1995-10-31,34.24502182006836,58.3125,58.84375,58.3125,58.71875,508200,SPY
1995-11-01,34.520301818847656,58.78125,58.78125,58.234375,58.28125,415700,SPY
1995-11-02,34.74052429199219,59.15625,59.15625,58.6875,58.6875,326000,SPY
1995-11-03,34.78640365600586,59.234375,59.25,59.0625,59.234375,615000,SPY
1995-11-06,34.667137145996094,59.03125,59.21875,59.015625,59.21875,311200,SPY
1995-11-07,34.538658142089844,58.8125,59.0,58.625,59.0,358200,SPY
1995-11-08,34.85063934326172,59.34375,59.375,58.890625,58.890625,357200,SPY
1995-11-09,34.979122161865234,59.5625,59.578125,59.28125,59.578125,503700,SPY
1995-11-10,34.960784912109375,59.53125,59.609375,59.21875,59.234375,795600,SPY
1995-11-13,34.9240608215332,59.46875,59.65625,59.3125,59.421875,818500,SPY
1995-11-14,34.69466018676758,59.078125,59.484375,59.078125,59.359375,341800,SPY
1995-11-15,35.04335403442383,59.671875,59.6875,59.109375,59.140625,584700,SPY
1995-11-16,35.236045837402344,60.0,60.0625,59.65625,59.671875,577700,SPY
1995-11-17,35.34614562988281,60.1875,60.203125,60.015625,60.09375,267000,SPY
1995-11-20,35.16263961791992,59.875,60.296875,59.859375,60.28125,448800,SPY
1995-11-21,35.44709777832031,60.359375,60.359375,59.921875,59.9375,119200,SPY
1995-11-22,35.33696746826172,60.171875,60.375,60.171875,60.3125,351600,SPY
1995-11-24,35.428741455078125,60.328125,60.328125,60.1875,60.234375,62400,SPY
1995-11-27,35.43791580200195,60.34375,60.640625,60.34375,60.453125,273000,SPY
1995-11-28,35.81412124633789,60.984375,60.984375,60.15625,60.296875,479000,SPY
1995-11-29,35.85083770751953,61.046875,61.09375,60.84375,61.09375,549200,SPY
1995-11-30,35.76826095581055,60.90625,61.203125,60.84375,61.046875,286200,SPY
1995-12-01,35.81412124633789,60.984375,61.078125,60.84375,60.984375,465200,SPY
1995-12-04,36.254581451416016,61.734375,61.734375,61.046875,61.125,631700,SPY
1995-12-05,36.49317932128906,62.140625,62.203125,61.625,61.671875,567700,SPY
1995-12-06,36.57575225830078,62.28125,62.53125,62.0,62.296875,272800,SPY
1995-12-07,36.3830451965332,61.953125,62.28125,61.90625,62.203125,289700,SPY
1995-12-08,36.50235366821289,62.15625,62.234375,61.765625,62.21875,296900,SPY
1995-12-11,36.65833282470703,62.421875,62.546875,62.15625,62.28125,186500,SPY
1995-12-12,36.5482177734375,62.234375,62.359375,62.140625,62.140625,299400,SPY
1995-12-13,36.777626037597656,62.625,62.703125,62.3125,62.3125,390700,SPY
1995-12-14,36.511497497558594,62.171875,62.796875,62.015625,62.6875,395000,SPY
1995-12-15,36.524864196777344,61.8125,61.875,61.59375,61.875,416700,SPY
1995-12-18,35.823204040527344,60.625,61.265625,60.609375,61.265625,862300,SPY
1995-12-19,36.20173263549805,61.265625,61.34375,60.578125,60.65625,1022600,SPY
1995-12-20,35.85089111328125,60.671875,61.515625,60.671875,61.453125,1349800,SPY
1995-12-21,36.03553771972656,60.984375,61.171875,60.75,61.03125,857600,SPY
1995-12-22,36.164817810058594,61.203125,61.375,61.140625,61.3125,332800,SPY
1995-12-26,36.340206146240234,61.5,61.53125,61.328125,61.453125,432200,SPY
1995-12-27,36.32176208496094,61.46875,61.65625,61.359375,61.65625,151800,SPY
1995-12-28,36.28483200073242,61.40625,61.65625,61.25,61.34375,256200,SPY
1995-12-29,36.33102035522461,61.484375,61.53125,61.25,61.46875,339200,SPY
1996-01-02,36.71879577636719,62.140625,62.140625,61.34375,61.40625,514400,SPY
1996-01-03,36.82033920288086,62.3125,62.5,62.0,62.34375,610300,SPY
1996-01-04,36.46949005126953,61.71875,62.625,61.21875,62.390625,1129700,SPY
1996-01-05,36.39561462402344,61.59375,61.75,61.171875,61.3125,302400,SPY
1996-01-08,36.534114837646484,61.828125,61.90625,61.734375,61.8125,179900,SPY
1996-01-09,35.906288146972656,60.765625,62.0625,60.625,62.015625,415500,SPY
1996-01-10,35.435420989990234,59.96875,60.8125,59.640625,60.6875,787700,SPY
1996-01-11,35.64778518676758,60.328125,60.328125,59.78125,60.0625,513200,SPY
1996-01-12,35.592369079589844,60.234375,60.5,59.671875,60.484375,390400,SPY
1996-01-15,35.518516540527344,60.109375,60.453125,59.859375,60.25,154200,SPY
1996-01-16,35.95244216918945,60.84375,60.890625,59.890625,60.40625,454600,SPY
1996-01-17,35.841651916503906,60.65625,61.125,60.453125,60.703125,407600,SPY
1996-01-18,35.96169662475586,60.859375,60.90625,60.375,60.890625,425600,SPY
1996-01-19,36.20173263549805,61.265625,61.421875,60.796875,60.859375,169800,SPY
1996-01-22,36.210975646972656,61.28125,61.421875,61.109375,61.21875,288200,SPY
1996-01-23,36.29407501220703,61.421875,61.421875,61.125,61.25,362200,SPY
1996-01-24,36.58951950073242,61.921875,62.046875,61.484375,61.515625,1506500,SPY
1996-01-25,36.46025848388672,61.703125,62.0,61.625,61.96875,298400,SPY
1996-01-26,36.77416229248047,62.234375,62.265625,61.578125,61.65625,726300,SPY
1996-01-29,36.92189407348633,62.484375,62.484375,62.140625,62.1875,254800,SPY
1996-01-30,37.2358283996582,63.015625,63.140625,62.53125,62.609375,272100,SPY
1996-01-31,37.62358093261719,63.671875,63.6875,62.96875,63.0,498000,SPY
1996-02-01,37.762062072753906,63.90625,63.90625,63.5625,63.609375,373900,SPY
1996-02-02,37.60511779785156,63.640625,64.015625,63.5,63.875,496200,SPY
1996-02-05,37.90977478027344,64.15625,64.25,63.4375,63.53125,295300,SPY
1996-02-06,38.26988220214844,64.765625,64.828125,64.09375,64.1875,301600,SPY
1996-02-07,38.4914665222168,65.140625,65.140625,64.6875,64.75,585100,SPY
1996-02-08,38.906951904296875,65.84375,65.90625,64.921875,65.046875,1526600,SPY
1996-02-09,38.897708892822266,65.828125,66.375,65.515625,65.8125,804600,SPY
1996-02-12,39.19316482543945,66.328125,66.625,65.890625,65.953125,626500,SPY
1996-02-13,39.11007308959961,66.1875,66.6875,66.0,66.046875,1045900,SPY
1996-02-14,38.76845169067383,65.609375,66.359375,65.578125,66.140625,431400,SPY
1996-02-15,38.528404235839844,65.203125,65.90625,65.125,65.46875,889500,SPY
1996-02-16,38.37143325805664,64.9375,65.234375,64.734375,65.078125,606100,SPY
1996-02-20,37.992897033691406,64.296875,64.625,63.875,64.4375,492300,SPY
1996-02-21,38.463775634765625,65.09375,65.140625,64.421875,64.421875,434000,SPY
1996-02-22,39.07315444946289,66.125,66.328125,65.40625,65.453125,721400,SPY
1996-02-23,38.96232604980469,65.9375,66.609375,65.328125,66.5,1430400,SPY
1996-02-26,38.40837860107422,65.0,65.890625,64.96875,65.75,1408400,SPY
1996-02-27,38.28834533691406,64.796875,65.171875,64.5,65.15625,601000,SPY
1996-02-28,38.112911224365234,64.5,65.734375,64.5,65.3125,865900,SPY
1996-02-29,37.743621826171875,63.875,64.953125,63.875,64.125,914300,SPY
1996-03-01,38.34373092651367,64.890625,64.890625,63.609375,64.640625,1452600,SPY
1996-03-04,38.56533432006836,65.265625,65.65625,64.8125,65.03125,652600,SPY
1996-03-05,38.92540740966797,65.875,65.875,65.078125,65.109375,402000,SPY
1996-03-06,38.58380889892578,65.296875,65.96875,65.296875,65.78125,624700,SPY
1996-03-07,38.77766799926758,65.625,65.65625,65.234375,65.421875,534200,SPY
1996-03-08,37.52201843261719,63.5,64.875,62.0,64.1875,2289900,SPY
1996-03-11,37.955970764160156,64.234375,64.328125,63.0625,63.25,1511400,SPY
1996-03-12,37.66051483154297,63.734375,64.046875,62.90625,63.8125,1385300,SPY
1996-03-13,37.91903305053711,64.171875,64.4375,63.796875,64.15625,1019300,SPY
1996-03-14,38.08524703979492,64.453125,64.8125,64.234375,64.265625,725600,SPY
1996-03-15,38.059608459472656,64.125,64.328125,63.75,64.0625,869200,SPY
1996-03-18,38.79225540161133,65.359375,65.359375,64.578125,64.71875,917600,SPY
1996-03-19,38.70878219604492,65.21875,65.9375,65.0,65.9375,858300,SPY
1996-03-20,38.66242599487305,65.140625,65.53125,64.640625,65.53125,744300,SPY
1996-03-21,38.56968307495117,64.984375,65.25,64.765625,65.21875,650800,SPY
1996-03-22,38.67170715332031,65.15625,65.328125,64.9375,65.015625,344500,SPY
1996-03-25,38.597503662109375,65.03125,65.8125,64.859375,65.75,802400,SPY
1996-03-26,38.782981872558594,65.34375,65.515625,64.859375,64.921875,969400,SPY
1996-03-27,38.43059158325195,64.75,65.484375,64.6875,65.4375,809600,SPY
1996-03-28,38.5789680480957,65.0,65.03125,64.5,64.515625,1001300,SPY
1996-03-29,38.39348220825195,64.6875,65.1875,64.375,65.1875,457700,SPY
1996-04-01,38.838619232177734,65.4375,65.453125,64.796875,65.0,773400,SPY
1996-04-02,38.9128303527832,65.5625,65.5625,65.296875,65.515625,638800,SPY
1996-04-03,38.9128303527832,65.5625,65.609375,65.171875,65.328125,288000,SPY
1996-04-04,38.884986877441406,65.515625,65.71875,65.5,65.5625,934900,SPY
1996-04-08,38.217288970947266,64.390625,64.390625,63.59375,63.875,2217200,SPY
1996-04-09,38.06889724731445,64.140625,64.640625,64.015625,64.640625,1180900,SPY
1996-04-10,37.391910552978516,63.0,64.3125,62.75,64.03125,939500,SPY
1996-04-11,37.345550537109375,62.921875,63.46875,62.125,63.15625,1276000,SPY
1996-04-12,37.81853103637695,63.71875,63.8125,63.171875,63.359375,411300,SPY
1996-04-15,38.133819580078125,64.25,64.328125,63.84375,64.046875,484200,SPY
1996-04-16,38.2451057434082,64.4375,64.65625,64.234375,64.375,429700,SPY
1996-04-17,38.152374267578125,64.28125,64.5625,63.84375,64.375,525300,SPY
1996-04-18,38.20801544189453,64.375,64.578125,64.09375,64.4375,818600,SPY
1996-04-19,38.300758361816406,64.53125,64.859375,64.421875,64.6875,885100,SPY
1996-04-22,38.597503662109375,65.03125,65.28125,64.59375,65.125,828900,SPY
1996-04-23,38.71807098388672,65.234375,65.28125,64.78125,64.921875,225400,SPY
1996-04-24,38.5789680480957,65.0,65.5625,64.859375,65.5625,699000,SPY
1996-04-25,38.75517654418945,65.296875,65.5625,64.75,65.140625,475500,SPY
1996-04-26,38.838619232177734,65.4375,65.8125,65.234375,65.46875,563300,SPY
1996-04-29,38.838619232177734,65.4375,65.5625,65.15625,65.15625,219900,SPY
1996-04-30,38.81081771850586,65.390625,65.5625,65.125,65.4375,184400,SPY
1996-05-01,38.89427185058594,65.53125,65.796875,65.28125,65.375,561900,SPY
1996-05-02,38.2265510559082,64.40625,65.375,64.09375,65.015625,1299600,SPY
1996-05-03,38.170921325683594,64.3125,64.984375,63.75,64.78125,1329300,SPY
1996-05-06,38.133819580078125,64.25,64.5625,63.6875,64.5625,647500,SPY
1996-05-07,37.976158142089844,63.984375,64.25,63.765625,64.25,582100,SPY
1996-05-08,38.44913101196289,64.78125,64.78125,63.078125,63.671875,1694700,SPY
1996-05-09,38.421329498291016,64.734375,65.0625,64.5,64.5625,593400,SPY
1996-05-10,38.80152893066406,65.375,65.59375,65.0625,65.375,925100,SPY
1996-05-13,39.385772705078125,66.359375,66.640625,65.46875,65.53125,867500,SPY
1996-05-14,39.62690734863281,66.765625,66.9375,66.5625,66.625,632300,SPY
1996-05-15,39.580528259277344,66.6875,67.3125,66.640625,66.78125,466100,SPY
1996-05-16,39.664005279541016,66.828125,66.9375,66.28125,66.3125,514400,SPY
1996-05-17,39.877296447753906,67.1875,67.296875,67.0,67.0,427700,SPY
1996-05-20,40.146236419677734,67.640625,67.75,66.984375,67.65625,788500,SPY
1996-05-21,40.09059143066406,67.546875,67.875,67.5,67.75,352700,SPY
1996-05-22,40.47080993652344,68.1875,68.1875,67.390625,67.625,1218100,SPY
1996-05-23,40.30387496948242,67.90625,68.4375,67.53125,68.28125,967900,SPY
1996-05-24,40.461544036865234,68.171875,68.328125,67.9375,67.96875,659100,SPY
1996-05-28,40.05350112915039,67.484375,68.375,67.3125,68.375,456400,SPY
1996-05-29,39.784549713134766,67.03125,67.6875,66.8125,67.625,649600,SPY
1996-05-30,39.98858642578125,67.375,67.71875,66.75,66.9375,895800,SPY
1996-05-31,39.69181823730469,66.875,67.640625,66.875,67.359375,923500,SPY
1996-06-03,39.8031005859375,67.0625,67.109375,66.703125,66.890625,503100,SPY
1996-06-04,40.08131408691406,67.53125,67.59375,67.25,67.375,627100,SPY
1996-06-05,40.43373107910156,68.125,68.203125,67.421875,67.5625,428000,SPY
1996-06-06,40.13694381713867,67.625,68.5,67.5,68.5,523300,SPY
1996-06-07,40.13694381713867,67.625,67.640625,66.1875,66.1875,1422800,SPY
1996-06-10,40.007118225097656,67.40625,67.734375,67.296875,67.53125,548800,SPY
1996-06-11,39.97004318237305,67.34375,68.03125,67.34375,67.65625,688700,SPY
1996-06-12,39.89584732055664,67.21875,67.734375,67.109375,67.5625,1120600,SPY
1996-06-13,39.89584732055664,67.21875,67.46875,66.828125,67.375,1502000,SPY
1996-06-14,39.728912353515625,66.9375,67.25,66.71875,67.25,1468200,SPY
1996-06-17,39.70110321044922,66.890625,67.21875,66.71875,66.96875,1101000,SPY
1996-06-18,39.37649917602539,66.34375,67.03125,66.328125,66.84375,718000,SPY
1996-06-19,39.552703857421875,66.640625,67.0,66.421875,66.65625,552100,SPY
1996-06-20,39.5248908996582,66.59375,66.921875,66.1875,66.703125,1234400,SPY
1996-06-21,39.86483383178711,66.8125,66.8125,66.375,66.5625,573300,SPY
1996-06-24,39.93941116333008,66.9375,67.21875,66.84375,66.96875,416500,SPY
1996-06-25,39.89279556274414,66.859375,67.171875,66.78125,67.125,454400,SPY
1996-06-26,39.622440338134766,66.40625,66.921875,66.390625,66.78125,838200,SPY
1996-06-27,39.902137756347656,66.875,67.046875,66.15625,66.40625,1090500,SPY
1996-06-28,40.0419807434082,67.109375,67.5,66.96875,67.15625,1060800,SPY
1996-07-01,40.38691711425781,67.6875,67.703125,67.1875,67.28125,471300,SPY
1996-07-02,40.237762451171875,67.4375,67.640625,67.328125,67.625,389400,SPY
1996-07-03,40.15387725830078,67.296875,67.5,67.0625,67.40625,308300,SPY
1996-07-05,39.128326416015625,65.578125,66.4375,65.375,66.125,842900,SPY
1996-07-08,38.9698371887207,65.3125,65.984375,65.125,65.625,942000,SPY
1996-07-09,39.128326416015625,65.578125,65.8125,65.375,65.609375,716300,SPY
1996-07-10,39.286827087402344,65.84375,65.84375,64.921875,65.5625,1132300,SPY
1996-07-11,38.49436569213867,64.515625,65.6875,63.875,65.5625,1587400,SPY
1996-07-12,38.522335052490234,64.5625,64.90625,64.078125,64.625,1312000,SPY
1996-07-15,37.38493347167969,62.65625,64.71875,62.65625,64.71875,1951300,SPY
1996-07-16,37.4781608581543,62.8125,63.5,60.375,62.84375,4141000,SPY
1996-07-17,37.92567443847656,63.5625,64.0,63.0,63.75,1340500,SPY
1996-07-18,38.44774627685547,64.4375,64.546875,63.328125,63.75,1432500,SPY
1996-07-19,38.168060302734375,63.96875,64.375,63.625,64.28125,1216000,SPY
1996-07-22,37.88837814331055,63.5,63.75,63.015625,63.53125,519800,SPY
1996-07-23,37.40357971191406,62.6875,63.9375,62.578125,63.59375,1479800,SPY
1996-07-24,37.4781608581543,62.8125,63.1875,61.625,61.9375,2463400,SPY
1996-07-25,37.813777923583984,63.375,63.5625,63.125,63.4375,1989800,SPY
1996-07-26,38.0189208984375,63.71875,63.8125,63.390625,63.5625,642300,SPY
1996-07-29,37.59938049316406,63.015625,63.71875,62.9375,63.625,1297900,SPY
1996-07-30,37.96296691894531,63.625,63.6875,62.9375,63.4375,1868200,SPY
1996-07-31,38.24265670776367,64.09375,64.265625,63.515625,63.671875,767100,SPY
1996-08-01,38.876617431640625,65.15625,65.390625,64.0625,64.15625,1168600,SPY
1996-08-02,39.71566390991211,66.5625,66.59375,65.75,66.0,1098500,SPY
1996-08-05,39.48257827758789,66.171875,66.59375,65.96875,66.578125,710200,SPY
1996-08-06,39.60380172729492,66.375,66.515625,65.796875,66.15625,640000,SPY
1996-08-07,39.70636749267578,66.546875,66.75,66.125,66.625,917800,SPY
1996-08-08,39.64108657836914,66.4375,66.5625,66.1875,66.5625,925100,SPY
1996-08-09,39.51057434082031,66.21875,66.765625,66.0625,66.671875,648800,SPY
1996-08-12,39.79956817626953,66.703125,66.859375,66.0,66.25,764200,SPY
1996-08-13,39.48257827758789,66.171875,66.625,66.0,66.578125,805200,SPY
1996-08-14,39.622440338134766,66.40625,66.46875,66.0,66.1875,533800,SPY
1996-08-15,39.547847747802734,66.28125,66.625,66.203125,66.234375,632600,SPY
1996-08-16,39.88347244262695,66.84375,66.875,66.46875,66.46875,475100,SPY
1996-08-19,39.902137756347656,66.875,66.921875,66.625,66.859375,436400,SPY
1996-08-20,39.87417221069336,66.828125,66.90625,66.671875,66.890625,645700,SPY
1996-08-21,39.73432159423828,66.59375,66.8125,66.375,66.65625,266400,SPY
1996-08-22,40.10723876953125,67.21875,67.34375,66.71875,66.75,584800,SPY
1996-08-23,39.89279556274414,66.859375,67.203125,66.640625,67.09375,757100,SPY
1996-08-26,39.69704055786133,66.53125,66.78125,66.421875,66.703125,784700,SPY
1996-08-27,39.84619903564453,66.78125,66.84375,66.5,66.71875,389400,SPY
1996-08-28,39.780941009521484,66.671875,67.0,66.65625,66.9375,227600,SPY
1996-08-29,39.38937759399414,66.015625,66.59375,65.625,66.59375,680200,SPY
1996-08-30,38.97915267944336,65.328125,66.015625,65.125,66.0,1500900,SPY
1996-09-03,39.230865478515625,65.75,65.84375,64.375,64.46875,1782000,SPY
1996-09-04,39.26816940307617,65.8125,66.75,65.484375,65.75,930200,SPY
1996-09-05,38.79270935058594,65.015625,65.765625,65.015625,65.5,616600,SPY
1996-09-06,39.342750549316406,65.9375,66.171875,65.140625,65.25,804900,SPY
1996-09-09,39.808895111083984,66.71875,66.734375,66.078125,66.1875,719200,SPY
1996-09-10,39.79026794433594,66.6875,66.90625,66.375,66.625,669900,SPY
1996-09-11,40.014015197753906,67.0625,67.125,66.40625,66.5625,713500,SPY
1996-09-12,40.293697357177734,67.53125,67.734375,67.15625,67.25,713300,SPY
1996-09-13,40.90901184082031,68.5625,68.625,68.125,68.3125,2008800,SPY
1996-09-16,41.05817794799805,68.8125,69.15625,68.5625,68.65625,1220200,SPY
1996-09-17,40.964962005615234,68.65625,68.984375,68.234375,68.875,604700,SPY
1996-09-18,40.86240005493164,68.484375,68.75,68.21875,68.5625,225500,SPY
1996-09-19,41.02088165283203,68.75,68.796875,68.28125,68.375,410000,SPY
1996-09-20,41.16638946533203,68.640625,68.78125,68.375,68.59375,948400,SPY
1996-09-23,41.15702438354492,68.625,68.75,68.15625,68.46875,466800,SPY
1996-09-24,41.147640228271484,68.609375,69.25,68.3125,68.5625,1269800,SPY
1996-09-25,41.17577362060547,68.65625,68.9375,68.5,68.9375,1353300,SPY
1996-09-26,41.15702438354492,68.625,69.1875,68.390625,68.75,773200,SPY
1996-09-27,41.19452667236328,68.6875,68.71875,68.375,68.71875,407600,SPY
1996-09-30,41.15702438354492,68.625,69.0625,68.578125,68.78125,578200,SPY
1996-10-01,41.38193130493164,69.0,69.046875,68.4375,68.703125,561400,SPY
1996-10-02,41.66307067871094,69.46875,69.59375,69.15625,69.25,609000,SPY
1996-10-03,41.62556838989258,69.40625,69.53125,69.203125,69.5,342200,SPY
1996-10-04,42.187828063964844,70.34375,70.34375,69.5,69.6875,754100,SPY
1996-10-07,42.23468017578125,70.421875,70.625,70.25,70.3125,235100,SPY
1996-10-08,42.065975189208984,70.140625,70.6875,70.015625,70.453125,386200,SPY
1996-10-09,41.738033294677734,69.59375,70.375,69.515625,70.25,528800,SPY
1996-10-10,41.653690338134766,69.453125,69.859375,69.375,69.59375,1562200,SPY
1996-10-11,42.1690673828125,70.3125,70.3125,69.71875,69.71875,331300,SPY
1996-10-14,42.22532272338867,70.40625,70.6875,70.296875,70.3125,201600,SPY
1996-10-15,42.1690673828125,70.3125,71.125,69.953125,71.125,776900,SPY
1996-10-16,42.375240325927734,70.65625,70.65625,69.9375,70.5,590100,SPY
1996-10-17,42.48768997192383,70.84375,71.03125,70.546875,70.875,792500,SPY
1996-10-18,42.71258544921875,71.21875,71.3125,70.71875,70.875,695800,SPY
1996-10-21,42.65634536743164,71.125,71.625,70.9375,71.28125,879200,SPY
1996-10-22,42.35647964477539,70.625,71.078125,70.59375,71.0625,848900,SPY
1996-10-23,42.497066497802734,70.859375,70.890625,70.1875,70.46875,735900,SPY
1996-10-24,42.13159942626953,70.25,70.984375,70.21875,70.859375,379300,SPY
1996-10-25,42.1690673828125,70.3125,70.5625,70.125,70.234375,568300,SPY
1996-10-28,41.88795471191406,69.84375,70.734375,69.8125,70.375,975400,SPY
1996-10-29,42.22532272338867,70.40625,70.578125,69.703125,70.0625,815900,SPY
1996-10-30,42.084739685058594,70.171875,70.625,70.09375,70.625,495400,SPY
1996-10-31,42.48768997192383,70.84375,70.875,70.1875,70.265625,726300,SPY
1996-11-01,42.337764739990234,70.59375,71.15625,70.265625,70.984375,821300,SPY
1996-11-04,42.61888885498047,71.0625,71.0625,70.53125,70.6875,1608400,SPY
1996-11-05,42.86253356933594,71.46875,71.796875,71.28125,71.296875,764000,SPY
1996-11-06,43.687171936035156,72.84375,72.875,71.53125,71.59375,1665000,SPY
1996-11-07,43.790245056152344,73.015625,73.296875,72.53125,72.625,1446300,SPY
1996-11-08,44.03388977050781,73.421875,73.4375,72.75,73.03125,1355700,SPY
1996-11-11,43.98702621459961,73.34375,73.515625,73.21875,73.25,655900,SPY
1996-11-12,43.85585021972656,73.125,73.59375,73.015625,73.546875,719900,SPY
1996-11-13,44.052635192871094,73.453125,73.5625,73.015625,73.203125,481900,SPY
1996-11-14,44.34312057495117,73.9375,73.9375,73.15625,73.1875,558800,SPY
1996-11-15,44.39936828613281,74.03125,74.5,73.71875,74.125,2250900,SPY
1996-11-18,44.408729553222656,74.046875,74.25,73.734375,74.171875,1518200,SPY
1996-11-19,44.727333068847656,74.578125,74.59375,74.03125,74.140625,1029300,SPY
1996-11-20,44.80229568481445,74.703125,75.015625,74.3125,74.5625,730000,SPY
1996-11-21,44.736698150634766,74.59375,74.84375,74.375,74.796875,653000,SPY
1996-11-22,45.083438873291016,75.171875,75.25,74.703125,74.703125,965100,SPY
1996-11-25,45.65504837036133,76.125,76.15625,75.078125,75.25,2058800,SPY
1996-11-26,45.5051383972168,75.875,76.6875,75.46875,76.28125,2861800,SPY
1996-11-27,45.420799255371094,75.734375,76.1875,75.640625,76.0625,872000,SPY
1996-11-29,45.5894660949707,76.015625,76.21875,75.859375,76.0,1073400,SPY
1996-12-02,45.608211517333984,76.046875,76.125,75.390625,75.921875,1350600,SPY
1996-12-03,44.830421447753906,74.75,76.578125,74.75,76.0625,1777800,SPY
1996-12-04,44.952239990234375,74.953125,75.0625,74.09375,74.875,2365100,SPY
1996-12-05,44.830421447753906,74.75,75.140625,74.53125,74.84375,1697700,SPY
1996-12-06,44.56804656982422,74.3125,74.75,72.65625,73.25,3401800,SPY
1996-12-09,45.224002838134766,75.40625,75.421875,74.578125,74.6875,1864600,SPY
1996-12-10,45.008453369140625,75.046875,75.671875,74.96875,75.5625,1331600,SPY
1996-12-11,44.59613037109375,74.359375,74.625,73.3125,73.625,1847900,SPY
1996-12-12,43.85585021972656,73.125,74.875,72.9375,74.78125,2540200,SPY
1996-12-13,43.96831130981445,73.3125,73.578125,72.40625,73.0625,1678300,SPY
1996-12-16,43.406028747558594,72.375,73.6875,72.0625,73.5,1831100,SPY
1996-12-17,43.75275802612305,72.953125,73.28125,71.875,72.15625,2023200,SPY
1996-12-18,44.09949493408203,73.53125,73.765625,73.265625,73.375,1666800,SPY
1996-12-19,45.008453369140625,75.046875,75.125,73.890625,74.1875,2269300,SPY
1996-12-20,45.107200622558594,74.84375,75.71875,74.75,75.125,1543200,SPY
1996-12-23,44.99424743652344,74.65625,75.203125,74.328125,75.09375,1263700,SPY
1996-12-24,45.32380676269531,75.203125,75.203125,74.796875,74.84375,633000,SPY
1996-12-26,45.6722526550293,75.78125,75.828125,75.375,75.4375,1384300,SPY
1996-12-27,45.728763580322266,75.875,76.03125,75.5,75.78125,410400,SPY
1996-12-30,45.33323669433594,75.21875,76.125,75.15625,76.125,694100,SPY
1996-12-31,44.50453567504883,73.84375,75.375,73.84375,75.28125,1378100,SPY
1997-01-02,44.61754608154297,74.03125,74.375,72.75,74.375,2031900,SPY
1997-01-03,45.257904052734375,75.09375,75.125,74.078125,74.375,2123200,SPY
1997-01-06,44.862396240234375,74.4375,75.4375,74.3125,75.09375,1374100,SPY
1997-01-07,45.40858840942383,75.34375,75.46875,74.125,74.4375,939000,SPY
1997-01-08,45.0130729675293,74.6875,75.78125,74.6875,75.75,1802200,SPY
1997-01-09,45.389747619628906,75.3125,75.875,74.9375,75.0625,1415700,SPY
1997-01-10,45.87944412231445,76.125,76.25,74.25,74.25,2369500,SPY
1997-01-13,45.81349563598633,76.015625,76.5,75.640625,76.5,1364600,SPY
1997-01-14,46.387916564941406,76.96875,77.390625,76.5,76.6875,2111200,SPY
1997-01-15,46.27495574951172,76.78125,77.203125,76.375,76.71875,1583900,SPY
1997-01-16,46.46327590942383,77.09375,77.296875,76.5,77.03125,1308400,SPY
1997-01-17,46.74578857421875,77.5625,77.75,77.109375,77.203125,1604000,SPY
1997-01-20,46.80228042602539,77.65625,78.09375,77.46875,77.75,1889900,SPY
1997-01-21,47.178955078125,78.28125,78.546875,77.109375,77.375,2785800,SPY
1997-01-22,47.517982482910156,78.84375,78.84375,77.875,78.3125,1201600,SPY
1997-01-23,46.8587760925293,77.75,79.6875,76.90625,79.0625,2601100,SPY
1997-01-24,46.2560920715332,76.75,77.90625,76.75,77.875,2176000,SPY
1997-01-27,46.124263763427734,76.53125,77.234375,76.375,76.875,2108500,SPY
1997-01-28,46.2560920715332,76.75,77.84375,76.0,77.625,4376000,SPY
1997-01-29,46.708099365234375,77.5,77.5,76.59375,76.875,1122700,SPY
1997-01-30,47.310791015625,78.5,78.53125,77.40625,77.875,2126300,SPY
1997-01-31,47.2542839050293,78.40625,79.40625,78.375,78.9375,3208100,SPY
1997-02-03,47.39554977416992,78.640625,78.890625,78.359375,78.71875,755000,SPY
1997-02-04,47.68748092651367,79.125,79.203125,78.4375,78.75,654100,SPY
1997-02-05,46.792869567871094,77.640625,79.46875,77.125,79.234375,2255400,SPY
1997-02-06,47.1036262512207,78.15625,78.203125,77.40625,77.78125,2483100,SPY
1997-02-07,47.743980407714844,79.21875,79.25,77.78125,78.8125,2321000,SPY
1997-02-10,47.29196548461914,78.46875,79.53125,78.421875,79.25,1670000,SPY
1997-02-11,47.838134765625,79.375,79.375,78.125,78.78125,1664300,SPY
1997-02-12,48.51618194580078,80.5,80.640625,79.265625,79.375,2675400,SPY
1997-02-13,49.04352951049805,81.375,81.5625,80.6875,80.8125,1104800,SPY
1997-02-14,48.930503845214844,81.1875,81.46875,80.90625,81.1875,1112900,SPY
1997-02-18,49.344844818115234,81.875,81.9375,80.75,81.34375,833100,SPY
1997-02-19,49.01529312133789,81.328125,82.0,81.15625,81.65625,648100,SPY
1997-02-20,48.421993255615234,80.34375,81.359375,80.15625,81.03125,1193900,SPY
1997-02-21,48.44083786010742,80.375,80.765625,80.140625,80.40625,1844400,SPY
1997-02-24,49.01529312133789,81.328125,81.375,79.96875,79.96875,787300,SPY
1997-02-25,49.05293273925781,81.390625,81.53125,80.875,81.40625,1653900,SPY
1997-02-26,48.57267379760742,80.59375,81.4375,79.625,81.3125,1597800,SPY
1997-02-27,47.84754943847656,79.390625,80.8125,79.375,80.8125,1813100,SPY
1997-02-28,47.70631790161133,79.15625,79.875,79.0625,79.25,2961200,SPY
1997-03-03,48.02650833129883,79.6875,79.75,78.6875,78.75,1210400,SPY
1997-03-04,47.7628059387207,79.25,80.125,79.09375,79.90625,1478700,SPY
1997-03-05,48.57267379760742,80.59375,80.59375,79.453125,79.71875,1254800,SPY
1997-03-06,48.29015350341797,80.125,80.90625,79.875,80.625,1528500,SPY
1997-03-07,48.723358154296875,80.84375,81.15625,80.25,80.4375,1859300,SPY
1997-03-10,49.231849670410156,81.6875,81.6875,80.546875,80.9375,1074900,SPY
1997-03-11,48.968170166015625,81.25,81.796875,81.25,81.75,624600,SPY
1997-03-12,48.53498458862305,80.53125,81.34375,80.296875,81.3125,1055600,SPY
1997-03-13,47.78164291381836,79.28125,80.46875,79.0625,80.25,2514100,SPY
1997-03-14,48.02650833129883,79.6875,80.03125,79.25,79.640625,1642700,SPY
1997-03-17,48.15833282470703,79.90625,80.03125,78.4375,79.25,3013500,SPY
1997-03-18,47.64038848876953,79.046875,80.109375,78.71875,80.0,1352500,SPY
1997-03-19,47.48028564453125,78.78125,79.5,78.0625,78.84375,1510000,SPY
1997-03-20,47.235469818115234,78.375,79.0,77.875,78.75,1808200,SPY
1997-03-21,47.45417404174805,78.4375,78.75,78.34375,78.6875,2810600,SPY
1997-03-24,48.115867614746094,79.53125,79.578125,78.09375,78.5,2145600,SPY
1997-03-25,47.64321517944336,78.75,79.96875,78.53125,79.34375,2125800,SPY
1997-03-26,47.851200103759766,79.09375,79.65625,78.6875,79.0625,1335300,SPY
1997-03-27,46.584510803222656,77.0,79.375,76.15625,79.375,2898500,SPY
1997-03-31,45.60137176513672,75.375,77.125,75.25,76.90625,4270700,SPY
1997-04-01,45.8944206237793,75.859375,76.1875,75.046875,75.25,3210900,SPY
1997-04-02,45.072017669677734,74.5,75.9375,74.4375,75.625,2672700,SPY
1997-04-03,45.317779541015625,74.90625,75.125,74.1875,74.4375,2284200,SPY
1997-04-04,45.88496780395508,75.84375,75.859375,74.15625,74.5,3706700,SPY
1997-04-07,46.06456756591797,76.140625,76.625,76.140625,76.1875,2596200,SPY
1997-04-08,46.39543914794922,76.6875,76.78125,75.84375,76.125,1822700,SPY
1997-04-09,46.017330169677734,76.0625,77.046875,75.84375,77.0,2453200,SPY
1997-04-10,45.84715270996094,75.78125,76.546875,75.6875,76.09375,1996500,SPY
1997-04-11,44.39134979248047,73.375,75.3125,73.375,75.0625,4221600,SPY
1997-04-14,44.98691940307617,74.359375,74.453125,73.3125,73.734375,3988500,SPY
1997-04-15,45.752620697021484,75.625,75.640625,74.5,75.25,2760400,SPY
1997-04-16,46.282005310058594,76.5,76.609375,75.25,75.375,2273300,SPY
1997-04-17,46.09293746948242,76.1875,77.0,76.0,76.5,1386000,SPY
1997-04-18,46.31980895996094,76.5625,76.984375,76.25,76.8125,1702100,SPY
1997-04-21,46.017330169677734,76.0625,76.90625,75.46875,76.75,2809400,SPY
1997-04-22,47.02877426147461,77.734375,77.734375,76.0,76.109375,3215000,SPY
1997-04-23,47.07604217529297,77.8125,78.03125,77.1875,77.65625,2047700,SPY
1997-04-24,46.839725494384766,77.421875,78.28125,76.875,78.046875,2689900,SPY
1997-04-25,46.30089569091797,76.53125,77.203125,76.421875,77.0625,1606200,SPY
1997-04-28,46.7546501159668,77.28125,77.8125,76.375,76.5,1666500,SPY
1997-04-29,48.229305267333984,79.71875,79.78125,78.296875,78.59375,3197400,SPY
1997-04-30,48.456207275390625,80.09375,80.6875,79.21875,79.25,3372200,SPY
1997-05-01,48.39951705932617,80.0,80.53125,79.3125,80.21875,2149500,SPY
1997-05-02,49.2691535949707,81.4375,81.671875,80.0625,80.28125,1448300,SPY
1997-05-05,50.44131851196289,83.375,83.5625,81.296875,81.65625,3636200,SPY
1997-05-06,50.40351867675781,83.3125,83.46875,82.5,82.96875,1721100,SPY
1997-05-07,49.30694580078125,81.5,83.0,81.40625,83.0,2327200,SPY
1997-05-08,49.647274017333984,82.0625,83.21875,81.1875,81.3125,2923700,SPY
1997-05-09,49.9875602722168,82.625,83.125,81.65625,82.96875,2558200,SPY
1997-05-12,50.819461822509766,84.0,84.25,82.875,82.9375,2357900,SPY
1997-05-13,50.61147689819336,83.65625,84.09375,83.015625,83.9375,1195100,SPY
1997-05-14,50.70602798461914,83.8125,84.5,83.4375,84.234375,2772000,SPY
1997-05-15,51.04632568359375,84.375,84.59375,83.515625,83.8125,884100,SPY
1997-05-16,50.346778869628906,83.21875,84.3125,83.0,84.125,1934200,SPY
1997-05-19,50.49802017211914,83.46875,83.90625,83.0625,83.3125,1375800,SPY
1997-05-20,51.10304260253906,84.46875,84.6875,82.75,83.28125,1756400,SPY
1997-05-21,50.989593505859375,84.28125,84.984375,83.65625,84.6875,1208000,SPY
1997-05-22,50.819461822509766,84.0,84.46875,83.5625,84.375,907600,SPY
1997-05-23,51.292076110839844,84.78125,85.21875,84.15625,84.375,644400,SPY
1997-05-27,51.50006866455078,85.125,85.53125,84.265625,84.375,1531000,SPY
1997-05-28,51.49062728881836,85.109375,85.453125,84.515625,85.125,716700,SPY
1997-05-29,51.1881103515625,84.609375,85.25,84.5,85.09375,1282700,SPY
1997-05-30,51.51897048950195,85.15625,85.5625,83.125,83.21875,2143300,SPY
1997-06-02,51.292076110839844,84.78125,85.5,84.71875,85.34375,1479100,SPY
1997-06-03,51.12195587158203,84.5,85.4375,84.34375,84.40625,1562100,SPY
1997-06-04,51.06523132324219,84.40625,84.75,84.078125,84.53125,1063100,SPY
1997-06-05,51.25426483154297,84.71875,85.3125,84.421875,84.59375,1180800,SPY
1997-06-06,52.25627899169922,86.375,86.4375,84.59375,84.59375,1511100,SPY
1997-06-09,52.520999908447266,86.8125,86.875,86.34375,86.4375,1823400,SPY
1997-06-10,52.68169021606445,87.078125,87.40625,86.5,86.84375,1217500,SPY
1997-06-11,52.8045768737793,87.28125,87.40625,86.828125,87.0,1673800,SPY
1997-06-12,53.825523376464844,88.96875,89.0,87.5625,87.875,4273300,SPY
1997-06-13,54.27925491333008,89.71875,90.0,88.90625,89.0625,2132900,SPY
1997-06-16,54.298160552978516,89.75,90.0,89.46875,89.75,800400,SPY
1997-06-17,54.2225341796875,89.625,90.234375,88.9375,89.4375,2048100,SPY
1997-06-18,54.033447265625,89.3125,89.625,88.96875,89.125,1971900,SPY
1997-06-19,54.59121322631836,90.234375,90.5,89.375,89.609375,2029900,SPY
1997-06-20,54.405174255371094,89.578125,90.34375,89.5,89.9375,1396900,SPY
1997-06-23,53.086116790771484,87.40625,89.90625,87.34375,89.40625,3991500,SPY
1997-06-24,54.433631896972656,89.625,89.875,88.0,88.25,4895100,SPY
1997-06-25,54.054115295410156,89.0,90.25,87.9375,89.484375,4708900,SPY
1997-06-26,53.78834915161133,88.5625,89.625,87.6875,88.84375,2569900,SPY
1997-06-27,53.99713897705078,88.90625,89.71875,88.6875,88.96875,2617900,SPY
1997-06-30,53.63652420043945,88.3125,89.46875,87.875,88.90625,2384900,SPY
1997-07-01,54.262874603271484,89.34375,89.5625,88.390625,88.5,1749000,SPY
1997-07-02,55.154876708984375,90.8125,90.8125,89.21875,89.5625,1961800,SPY
1997-07-03,55.91408157348633,92.0625,92.15625,91.46875,91.875,2539100,SPY
1997-07-07,55.344688415527344,91.125,92.5,90.90625,92.375,1158600,SPY
1997-07-08,55.923561096191406,92.078125,92.1875,91.1875,91.25,3396500,SPY
1997-07-09,55.306739807128906,91.0625,92.375,90.03125,92.3125,5390300,SPY
1997-07-10,55.55347442626953,91.46875,91.84375,90.484375,91.125,2072200,SPY
1997-07-11,55.743255615234375,91.78125,92.1875,91.375,91.59375,2258900,SPY
1997-07-14,55.91408157348633,92.0625,92.3125,91.21875,91.890625,3186400,SPY
1997-07-15,56.19879913330078,92.53125,92.765625,91.46875,92.3125,2983100,SPY
1997-07-16,56.93897247314453,93.75,94.09375,92.890625,93.125,2621300,SPY
1997-07-17,56.65428161621094,93.28125,93.8125,92.78125,93.625,1794800,SPY
1997-07-18,55.4490966796875,91.296875,93.21875,91.0625,93.015625,3961900,SPY
1997-07-21,55.45857620239258,91.3125,91.59375,90.6875,91.28125,3810300,SPY
1997-07-22,56.929481506347656,93.734375,93.796875,91.625,91.6875,4243400,SPY
1997-07-23,56.882022857666016,93.65625,94.484375,93.53125,93.9375,3204300,SPY
1997-07-24,57.14775085449219,94.09375,94.265625,92.6875,93.9375,4152700,SPY
1997-07-25,57.10979461669922,94.03125,94.8125,93.625,94.5625,2364800,SPY
1997-07-28,57.07181930541992,93.96875,94.5625,93.5,94.25,2794700,SPY
1997-07-29,57.26162338256836,94.28125,94.46875,93.421875,93.625,2737100,SPY
1997-07-30,57.94490432739258,95.40625,95.625,94.40625,94.5,4839800,SPY
1997-07-31,57.887977600097656,95.3125,96.03125,95.03125,95.40625,2138700,SPY
1997-08-01,57.66020965576172,94.9375,95.71875,93.8125,95.5,7077700,SPY
1997-08-04,57.81204605102539,95.1875,95.546875,94.40625,94.78125,2339500,SPY
1997-08-05,57.850006103515625,95.25,95.6875,94.90625,95.09375,1466700,SPY
1997-08-06,58.32453536987305,96.03125,96.53125,95.0625,95.4375,2478200,SPY
1997-08-07,57.887977600097656,95.3125,96.625,95.125,96.5,3641900,SPY
1997-08-08,56.71120834350586,93.375,94.75,92.40625,94.3125,7113100,SPY
1997-08-11,57.128780364990234,94.0625,94.28125,92.625,93.75,6355900,SPY
1997-08-12,56.217742919921875,92.5625,94.546875,92.46875,94.21875,6132500,SPY
1997-08-13,56.04693603515625,92.28125,93.84375,91.46875,93.6875,6982300,SPY
1997-08-14,56.25571823120117,92.625,93.3125,91.71875,93.09375,3462700,SPY
1997-08-15,54.528568267822266,89.78125,92.125,89.625,92.125,4907100,SPY
1997-08-18,55.743255615234375,91.78125,91.78125,89.34375,90.375,5638900,SPY
1997-08-19,56.38856506347656,92.84375,92.90625,91.53125,92.21875,3802800,SPY
1997-08-20,57.242671966552734,94.25,94.3125,92.609375,92.9375,3564600,SPY
1997-08-21,56.236724853515625,92.59375,94.25,92.09375,94.125,5392600,SPY
1997-08-22,56.217742919921875,92.5625,92.734375,90.5625,91.0,8087800,SPY
1997-08-25,56.00897216796875,92.21875,93.40625,91.84375,92.78125,3888000,SPY
1997-08-26,55.18337631225586,90.859375,92.5625,90.703125,92.0,4290000,SPY
1997-08-27,55.51553726196289,91.40625,91.96875,90.40625,91.0,5484300,SPY
1997-08-28,54.67093276977539,90.015625,91.9375,90.0,91.1875,4287900,SPY
1997-08-29,54.88919448852539,90.375,91.109375,89.71875,90.125,2652300,SPY
1997-09-02,56.67327880859375,93.3125,93.359375,90.59375,90.6875,7294000,SPY
1997-09-03,56.36955261230469,92.8125,94.0,92.75,93.296875,2812500,SPY
1997-09-04,56.73020553588867,93.40625,93.71875,92.75,93.0625,2473700,SPY
1997-09-05,56.56887435913086,93.140625,94.4375,92.59375,93.96875,3663300,SPY
1997-09-08,56.81560134887695,93.546875,94.0,93.3125,93.71875,803500,SPY
1997-09-09,56.84408187866211,93.59375,94.28125,92.90625,93.21875,1885200,SPY
1997-09-10,55.66733932495117,91.65625,93.5,91.65625,93.125,3623700,SPY
1997-09-11,55.38264465332031,91.1875,91.90625,90.25,91.78125,7055900,SPY
1997-09-12,56.274681091308594,92.65625,92.96875,90.9375,92.0,6708000,SPY
1997-09-15,56.17979431152344,92.5,93.3125,92.1875,92.65625,2060500,SPY
1997-09-16,57.58429718017578,94.8125,95.28125,93.03125,93.3125,6979000,SPY
1997-09-17,57.58429718017578,94.8125,95.5,94.5,95.375,2220000,SPY
1997-09-18,57.831050872802734,95.21875,96.375,94.96875,95.0,5045400,SPY
1997-09-19,57.928855895996094,95.03125,95.359375,94.40625,94.65625,1566400,SPY
1997-09-22,58.252708435058594,95.5625,96.203125,95.21875,95.5,3259000,SPY
1997-09-23,57.986045837402344,95.125,95.703125,94.75,95.5625,1872800,SPY
1997-09-24,57.50979232788086,94.34375,96.109375,94.28125,95.375,2793100,SPY
1997-09-25,57.1097297668457,93.6875,94.75,93.625,94.25,6327800,SPY
1997-09-26,57.58596420288086,94.46875,94.8125,94.1875,94.4375,3995800,SPY
1997-09-29,58.138389587402344,95.375,95.5625,94.15625,94.5,2065000,SPY
1997-09-30,57.5288200378418,94.375,95.6875,94.375,95.0,4137600,SPY
1997-10-01,58.29079055786133,95.625,95.8125,94.78125,95.25,3567500,SPY
1997-10-02,58.61466598510742,96.15625,96.1875,95.3125,95.53125,2577500,SPY
1997-10-03,58.90995407104492,96.640625,97.75,95.34375,97.46875,6499900,SPY
1997-10-06,59.30044937133789,97.28125,97.609375,96.90625,97.3125,2272100,SPY
1997-10-07,59.85284423828125,98.1875,98.5,97.203125,97.53125,1832800,SPY
1997-10-08,59.43373107910156,97.5,98.375,96.734375,98.359375,4439400,SPY
1997-10-09,59.224212646484375,97.15625,97.609375,96.21875,96.78125,3607600,SPY
1997-10-10,59.05277633666992,96.875,96.984375,96.25,96.3125,2858100,SPY
1997-10-13,59.10991668701172,96.96875,97.546875,96.71875,97.34375,1760300,SPY
1997-10-14,59.12894058227539,97.0,97.5,96.1875,97.46875,2235700,SPY
1997-10-15,58.99560546875,96.78125,97.0625,96.28125,96.3125,2601700,SPY
1997-10-16,58.06222915649414,95.25,97.5,95.0,97.3125,9488100,SPY
1997-10-17,57.471649169921875,94.28125,95.375,93.0,95.015625,8151300,SPY
1997-10-20,58.29079055786133,95.625,95.75,94.15625,94.84375,3636400,SPY
1997-10-21,59.42420196533203,97.484375,97.5,96.03125,96.21875,5225400,SPY
1997-10-22,59.03371810913086,96.84375,97.390625,96.53125,97.34375,4485200,SPY
1997-10-23,57.87171173095703,94.9375,95.75,94.28125,94.9375,8054100,SPY
1997-10-24,57.30022430419922,94.0,96.15625,93.671875,96.15625,6778700,SPY
1997-10-27,53.14747619628906,87.1875,93.9375,86.84375,93.015625,10840700,SPY
1997-10-28,56.21442794799805,92.21875,92.875,84.375,84.375,19548000,SPY
1997-10-29,56.062034606933594,91.96875,93.75,91.28125,92.5,10134400,SPY
1997-10-30,54.82382583618164,89.9375,92.5625,89.75,90.625,9772900,SPY
1997-10-31,56.11918640136719,92.0625,92.5,90.4375,91.8125,7072700,SPY
1997-11-03,57.30022430419922,94.0,94.375,92.875,93.1875,5548500,SPY
1997-11-04,57.30022430419922,94.0,94.4375,93.28125,93.875,3455700,SPY
1997-11-05,57.49074935913086,94.3125,95.28125,93.84375,94.1875,4774900,SPY
1997-11-06,57.27167892456055,93.953125,94.34375,93.5,94.03125,3679800,SPY
1997-11-07,56.65254592895508,92.9375,93.25,91.4375,92.375,10606800,SPY
1997-11-10,56.30968475341797,92.375,93.84375,92.0,93.625,4347900,SPY
1997-11-11,56.32874298095703,92.40625,93.0625,92.03125,92.6875,3212400,SPY
1997-11-12,55.1667366027832,90.5,92.71875,90.375,91.625,6775300,SPY
1997-11-13,55.966819763183594,91.8125,92.15625,90.09375,91.46875,8589600,SPY
1997-11-14,56.728755950927734,93.0625,93.390625,91.609375,92.3125,5827900,SPY
1997-11-17,57.776493072509766,94.78125,95.3125,94.03125,94.375,5149900,SPY
1997-11-18,57.4145393371582,94.1875,95.09375,93.890625,94.8125,3433600,SPY
1997-11-19,57.700225830078125,94.65625,95.0625,92.75,93.6875,4387900,SPY
1997-11-20,58.576507568359375,96.09375,96.53125,95.28125,95.3125,4822700,SPY
1997-11-21,58.976566314697266,96.75,96.8125,95.65625,96.625,5436500,SPY
1997-11-24,57.90979766845703,95.0,96.34375,94.625,96.0,4337200,SPY
1997-11-25,58.06222915649414,95.25,95.8125,94.65625,95.625,4525000,SPY
1997-11-26,58.2336540222168,95.53125,95.984375,95.3125,95.875,2681100,SPY
1997-11-28,58.29079055786133,95.625,96.25,95.59375,95.75,1564700,SPY
1997-12-01,59.79570388793945,98.09375,98.09375,96.03125,96.21875,4850900,SPY
1997-12-02,59.43373107910156,97.5,97.984375,97.25,97.6875,1974900,SPY
1997-12-03,59.60518264770508,97.78125,98.53125,96.875,97.625,3302500,SPY
1997-12-04,59.54801559448242,97.6875,98.71875,97.375,98.5,2872500,SPY
1997-12-05,60.31004333496094,98.9375,99.0,97.125,97.375,3458800,SPY
1997-12-08,60.13856506347656,98.65625,99.0,98.25,98.96875,2289200,SPY
1997-12-09,59.776634216308594,98.0625,98.59375,97.625,98.21875,1703000,SPY
1997-12-10,59.2623291015625,97.21875,97.84375,96.46875,97.5625,3558400,SPY
1997-12-11,58.252708435058594,95.5625,96.59375,95.3125,96.3125,5072800,SPY
1997-12-12,58.367027282714844,95.75,96.5,94.90625,96.4375,4478400,SPY
1997-12-15,58.957496643066406,96.71875,97.109375,95.875,96.25,4674700,SPY
1997-12-16,59.31945037841797,97.3125,97.8125,96.875,97.21875,2885800,SPY
1997-12-17,59.014686584472656,96.8125,97.875,96.703125,97.84375,2236300,SPY
1997-12-18,58.44319534301758,95.875,96.9375,95.21875,96.9375,4658300,SPY
1997-12-19,58.00636291503906,94.78125,95.875,92.375,94.53125,8556000,SPY
1997-12-22,58.379302978515625,95.390625,95.90625,94.5625,95.4375,5136800,SPY
1997-12-23,57.33696746826172,93.6875,95.625,93.53125,95.4375,4436500,SPY
1997-12-24,57.164878845214844,93.40625,94.4375,93.25,94.4375,2019200,SPY
1997-12-26,57.39438247680664,93.78125,94.125,93.40625,94.125,941800,SPY
1997-12-29,58.522705078125,95.625,95.71875,94.4375,94.59375,2080000,SPY
1997-12-30,59.44074630737305,97.125,97.25,95.84375,95.9375,3616000,SPY
1997-12-31,59.402503967285156,97.0625,97.625,96.6875,96.875,4359500,SPY
1998-01-02,59.70852279663086,97.5625,97.65625,96.53125,97.3125,2360900,SPY
1998-01-05,59.84237289428711,97.78125,98.4375,96.78125,97.84375,4191800,SPY
1998-01-06,58.8861083984375,96.21875,97.28125,96.1875,97.25,3154900,SPY
1998-01-07,59.03910827636719,96.46875,96.71875,95.21875,96.09375,4424200,SPY
1998-01-08,58.522705078125,95.625,96.3125,95.375,96.3125,3831000,SPY
1998-01-09,56.49549865722656,92.3125,95.5,91.90625,95.25,10258800,SPY
1998-01-12,57.52824783325195,94.0,94.1875,90.90625,91.125,12097900,SPY
1998-01-13,58.33149337768555,95.3125,95.375,94.21875,94.625,5224900,SPY
1998-01-14,58.5992317199707,95.75,95.96875,94.71875,95.6875,3770400,SPY
1998-01-15,58.11155319213867,94.953125,95.75,94.8125,95.5,2875400,SPY
1998-01-16,58.943485260009766,96.3125,96.6875,95.65625,96.25,4374800,SPY
1998-01-20,59.899757385253906,97.875,98.015625,96.5,96.6875,5091700,SPY
1998-01-21,59.32600402832031,96.9375,97.6875,96.15625,97.21875,4699400,SPY
1998-01-22,58.80005645751953,96.078125,96.875,95.875,96.15625,4543400,SPY
1998-01-23,58.714012145996094,95.9375,96.78125,95.0,96.5,6350300,SPY
1998-01-26,58.67576217651367,95.875,96.734375,95.40625,96.375,4362900,SPY
1998-01-27,59.268653869628906,96.84375,97.5,95.65625,95.8125,7044200,SPY
1998-01-28,59.804115295410156,97.71875,98.109375,97.1875,97.40625,4268600,SPY
1998-01-29,60.1292839050293,98.25,99.5625,97.5625,97.84375,8007700,SPY
1998-01-30,60.16752243041992,98.3125,98.96875,98.0,98.78125,3649100,SPY
1998-02-02,61.162017822265625,99.9375,100.5,99.75,99.90625,5756300,SPY
1998-02-03,61.62102127075195,100.6875,100.8125,99.71875,100.0,2759600,SPY
1998-02-04,61.54451370239258,100.5625,101.15625,99.9375,100.28125,3374000,SPY
1998-02-05,61.50627136230469,100.5,101.59375,100.03125,101.3125,5076200,SPY
1998-02-06,62.19477462768555,101.625,101.625,100.6875,101.0,5701200,SPY
1998-02-09,61.984413146972656,101.28125,101.75,100.71875,101.71875,2322200,SPY
1998-02-10,62.5772705078125,102.25,102.46875,101.1875,101.4375,3660400,SPY
1998-02-11,62.51988220214844,102.15625,102.34375,101.703125,102.09375,4073200,SPY
1998-02-12,62.78763961791992,102.59375,102.9375,100.875,101.71875,5024700,SPY
1998-02-13,62.42428970336914,102.0,102.515625,101.875,102.1875,2101300,SPY
1998-02-17,62.73025894165039,102.5,103.09375,102.15625,102.8125,3055500,SPY
1998-02-18,63.30401611328125,103.4375,103.484375,102.28125,102.3125,3007400,SPY
1998-02-19,62.96933364868164,102.890625,103.40625,102.75,103.25,3387800,SPY
1998-02-20,63.43788146972656,103.65625,103.71875,102.375,103.15625,3707000,SPY
1998-02-23,63.68653869628906,104.0625,104.25,103.34375,104.25,3227800,SPY
1998-02-24,63.189273834228516,103.25,104.09375,102.9375,103.90625,3386800,SPY
1998-02-25,63.973411560058594,104.53125,104.875,103.625,103.75,3481800,SPY
1998-02-26,64.3367691040039,105.125,105.21875,104.1875,104.4375,3187600,SPY
1998-02-27,64.3367691040039,105.125,105.53125,104.53125,104.96875,3442900,SPY
1998-03-02,64.2029037475586,104.90625,105.75,104.625,105.25,4252300,SPY
1998-03-03,64.56629943847656,105.5,105.625,104.53125,104.53125,3349200,SPY
1998-03-04,64.14551544189453,104.8125,105.40625,104.4375,105.09375,4404100,SPY
1998-03-05,63.55265426635742,103.84375,104.4375,103.15625,103.5,7268000,SPY
1998-03-06,64.83401489257812,105.9375,105.9375,104.4375,104.5625,6896300,SPY
1998-03-09,64.60450744628906,105.5625,106.21875,105.25,105.53125,3362800,SPY
1998-03-10,65.21652221679688,106.5625,106.84375,105.9375,106.21875,5481900,SPY
1998-03-11,65.52251434326172,107.0625,107.3125,106.78125,106.96875,3439600,SPY
1998-03-12,65.79026794433594,107.5,107.59375,106.5,107.09375,3191300,SPY
1998-03-13,65.54164123535156,107.09375,108.0,106.875,107.84375,2879400,SPY
1998-03-16,66.24931335449219,108.25,108.375,107.53125,107.84375,3223600,SPY
1998-03-17,66.44051361083984,108.5625,108.5625,107.65625,108.3125,4581900,SPY
1998-03-18,66.68916320800781,108.96875,108.96875,108.03125,108.25,1944100,SPY
1998-03-19,66.86128997802734,109.25,109.375,108.65625,108.96875,2554800,SPY
1998-03-20,67.43696594238281,109.875,110.1875,108.875,109.5625,3123300,SPY
1998-03-23,67.28353881835938,109.625,110.3125,109.40625,109.71875,4453100,SPY
1998-03-24,67.85897064208984,110.5625,110.8125,109.9375,110.0625,3333600,SPY
1998-03-25,67.60958862304688,110.15625,111.53125,109.1875,111.40625,4597600,SPY
1998-03-26,67.5712661743164,110.09375,110.75,109.625,109.875,3333500,SPY
1998-03-27,67.28353881835938,109.625,110.78125,109.0,110.75,2611300,SPY
1998-03-30,67.24522399902344,109.5625,110.09375,108.96875,109.625,3108700,SPY
1998-03-31,67.47533416748047,109.9375,111.1875,109.75,110.15625,5926500,SPY
1998-04-01,68.02201080322266,110.828125,111.078125,109.40625,110.3125,2929000,SPY
1998-04-02,68.7603988647461,112.03125,112.25,110.75,110.9375,3920900,SPY
1998-04-03,69.10565185546875,112.59375,112.8125,111.84375,112.34375,3787600,SPY
1998-04-06,68.5494384765625,111.6875,113.375,111.6875,113.25,4550500,SPY
1998-04-07,68.089111328125,110.9375,111.9375,110.15625,111.75,5583700,SPY
1998-04-08,67.70550537109375,110.3125,111.28125,109.75,111.21875,4854800,SPY
1998-04-09,68.24258422851562,111.1875,111.28125,110.53125,110.5625,4481200,SPY
1998-04-13,68.05076599121094,110.875,111.375,110.0,111.375,4350200,SPY
1998-04-14,68.62613677978516,111.8125,111.8125,110.90625,111.125,3279100,SPY
1998-04-15,68.81793975830078,112.125,112.125,111.15625,111.96875,3867200,SPY
1998-04-16,68.01239013671875,110.8125,111.5,110.5,111.3125,7177900,SPY
1998-04-17,68.91385650634766,112.28125,112.4375,110.4375,110.71875,5688800,SPY
1998-04-20,68.89470672607422,112.25,112.5625,111.875,112.0,3688300,SPY
1998-04-21,69.22077178955078,112.78125,113.15625,111.90625,112.4375,4573200,SPY
1998-04-22,69.41251373291016,113.09375,113.4375,112.8125,112.875,2386100,SPY
1998-04-23,68.74124145507812,112.0,113.0,111.75,112.625,5062000,SPY
1998-04-24,68.01239013671875,110.8125,112.46875,110.34375,111.75,11039700,SPY
1998-04-27,66.72732543945312,108.71875,109.6875,107.625,109.375,14510200,SPY
1998-04-28,66.63143157958984,108.5625,109.8125,108.125,109.78125,6511400,SPY
1998-04-29,67.091796875,109.3125,109.96875,108.4375,109.03125,7703100,SPY
1998-04-30,68.3384780883789,111.34375,111.921875,110.40625,110.5625,8684500,SPY
1998-05-01,69.10565185546875,112.59375,112.59375,111.3125,111.75,4008800,SPY
1998-05-04,68.93305969238281,112.3125,113.3125,112.15625,112.71875,4537200,SPY
1998-05-05,68.45354461669922,111.53125,112.15625,111.125,112.0,5146400,SPY
1998-05-06,67.64797973632812,110.21875,112.125,110.1875,112.125,5526100,SPY
1998-05-07,67.11093139648438,109.34375,110.5625,109.34375,110.5,6940400,SPY
1998-05-08,68.20420837402344,111.125,111.375,110.0,110.0,7951000,SPY
1998-05-11,67.97404479980469,110.75,112.21875,110.375,111.5625,6336300,SPY
1998-05-12,68.70288848876953,111.9375,111.96875,110.34375,110.8125,6045200,SPY
1998-05-13,68.87547302246094,112.21875,112.5625,111.59375,112.0625,4441500,SPY
1998-05-14,68.53023529052734,111.65625,112.6875,111.34375,111.53125,4187500,SPY
1998-05-15,68.14663696289062,111.03125,112.21875,110.8125,112.0,6716100,SPY
1998-05-18,67.87814331054688,110.59375,111.59375,109.828125,110.71875,4847200,SPY
1998-05-19,68.3384780883789,111.34375,111.6875,110.78125,111.0,5918700,SPY
1998-05-20,68.99060821533203,112.40625,112.5,110.875,112.09375,5716600,SPY
1998-05-21,68.5494384765625,111.6875,112.78125,111.3125,112.375,6301500,SPY
1998-05-22,68.2809066772461,111.25,112.0625,110.9375,111.75,4862200,SPY
1998-05-26,67.18767547607422,109.46875,112.09375,109.1875,112.09375,6899300,SPY
1998-05-27,67.28353881835938,109.625,109.90625,107.578125,108.53125,10202600,SPY
1998-05-28,67.59043884277344,110.125,110.375,109.0625,109.875,4907600,SPY
1998-05-29,66.91912078857422,109.03125,110.8125,109.03125,110.625,4772600,SPY
1998-06-01,67.22605895996094,109.53125,110.21875,108.5625,108.96875,6092200,SPY
1998-06-02,67.28353881835938,109.625,110.34375,109.15625,110.0,6701100,SPY
1998-06-03,66.20947265625,107.875,110.1875,107.875,109.875,6445100,SPY
1998-06-04,67.43696594238281,109.875,110.0625,108.0625,108.25,6566300,SPY
1998-06-05,68.74124145507812,112.0,112.0,109.875,110.375,8463200,SPY
1998-06-08,68.66449737548828,111.875,112.46875,111.65625,111.9375,4159900,SPY
1998-06-09,68.87547302246094,112.21875,112.421875,111.40625,111.71875,2725300,SPY
1998-06-10,68.43435668945312,111.5,113.0625,111.25,111.625,6186900,SPY
1998-06-11,67.14933776855469,109.40625,111.875,109.375,111.4375,8056600,SPY
1998-06-12,67.78223419189453,110.4375,110.4375,108.25,109.875,9779000,SPY
1998-06-15,65.99848937988281,107.53125,109.90625,107.5,108.8125,10234200,SPY
1998-06-16,67.01504516601562,109.1875,109.21875,107.75,108.40625,7471500,SPY
1998-06-17,68.41517639160156,111.46875,111.78125,109.9375,110.15625,12057700,SPY
1998-06-18,68.10829162597656,110.96875,111.4375,110.75,111.1875,3844600,SPY
1998-06-19,67.76705932617188,110.0625,111.234375,109.625,111.0625,3549100,SPY
1998-06-22,68.09413146972656,110.59375,111.0625,110.0625,110.25,5438300,SPY
1998-06-23,68.9022445678711,111.90625,112.0625,111.0,111.09375,5004600,SPY
1998-06-24,69.82583618164062,113.40625,113.6875,111.609375,112.15625,8291900,SPY
1998-06-25,69.71041870117188,113.21875,114.4375,112.8125,113.90625,5854800,SPY
1998-06-26,69.99900817871094,113.6875,113.84375,113.125,113.3125,4833100,SPY
1998-06-29,70.24913024902344,114.09375,114.6875,113.796875,114.25,5953400,SPY
1998-06-30,69.76811218261719,113.3125,114.1875,113.0625,113.90625,4284800,SPY
1998-07-01,70.57621002197266,114.625,114.9375,113.625,114.0625,3489500,SPY
1998-07-02,70.7109375,114.84375,114.875,114.25,114.71875,3503900,SPY
1998-07-06,71.42283630371094,116.0,116.0,114.5625,114.78125,3144400,SPY
1998-07-07,71.28816223144531,115.78125,116.125,115.28125,115.984375,4920700,SPY
1998-07-08,71.80763244628906,116.625,116.9375,115.75,115.875,6875000,SPY
1998-07-09,71.32662963867188,115.84375,116.71875,115.625,116.28125,6942500,SPY
1998-07-10,71.71144104003906,116.46875,116.9375,115.0625,116.03125,7849700,SPY
1998-07-13,71.73070526123047,116.5,116.84375,116.0625,116.5625,6555100,SPY
1998-07-14,72.53885650634766,117.8125,118.15625,116.9375,116.9375,6983600,SPY
1998-07-15,72.4041519165039,117.59375,118.28125,117.53125,118.0625,4977500,SPY
1998-07-16,72.90438079833984,118.40625,118.59375,117.0625,117.6875,6315600,SPY
1998-07-17,73.00060272216797,118.5625,119.0,118.3125,118.625,3539500,SPY
1998-07-20,73.00060272216797,118.5625,119.234375,117.9375,118.75,2338400,SPY
1998-07-21,71.73070526123047,116.5,119.0,116.28125,119.0,5518600,SPY
1998-07-22,71.73070526123047,116.5,116.984375,115.53125,116.34375,10417300,SPY
1998-07-23,70.30686950683594,114.1875,116.59375,113.90625,116.3125,15110900,SPY
1998-07-24,70.24913024902344,114.09375,115.09375,112.875,114.96875,11540500,SPY
1998-07-27,70.7494125366211,114.90625,115.0,112.84375,113.625,9600000,SPY
1998-07-28,69.55642700195312,112.96875,114.65625,111.875,114.4375,13693000,SPY
1998-07-29,69.287109375,112.53125,114.125,112.25,113.71875,7462400,SPY
1998-07-30,70.32611846923828,114.21875,114.59375,113.40625,113.625,6821600,SPY
1998-07-31,68.8253173828125,111.78125,114.5,111.3125,114.34375,7680500,SPY
1998-08-03,68.53667449951172,111.3125,112.421875,111.03125,111.78125,10486500,SPY
1998-08-04,65.88141632080078,107.0,112.21875,107.0,112.21875,15091600,SPY
1998-08-05,66.78575897216797,108.46875,108.875,105.59375,107.9375,21718400,SPY
1998-08-06,67.07434844970703,108.9375,109.5,107.5625,108.125,13084400,SPY
1998-08-07,67.18978118896484,109.125,110.59375,108.46875,109.6875,12083800,SPY
1998-08-10,66.80500030517578,108.5,109.65625,108.1875,108.75,6273000,SPY
1998-08-11,65.80442810058594,106.875,107.4375,105.5,106.78125,14287100,SPY
1998-08-12,66.92040252685547,108.6875,108.875,107.5,107.75,11158400,SPY
1998-08-13,66.11231231689453,107.375,109.65625,107.375,108.8125,9073900,SPY
1998-08-14,65.34265899658203,106.125,108.71875,105.78125,108.34375,8628500,SPY
1998-08-17,66.72801971435547,108.375,108.9375,105.5,106.0,11290000,SPY
1998-08-18,67.95945739746094,110.375,110.59375,108.78125,109.0,7603900,SPY
1998-08-19,67.78629302978516,110.09375,111.09375,109.625,111.09375,6258600,SPY
1998-08-20,67.3822250366211,109.4375,110.40625,109.15625,109.6875,7402800,SPY
1998-08-21,66.84345245361328,108.5625,108.71875,105.5,108.1875,16685400,SPY
1998-08-24,67.26676177978516,109.25,109.9375,108.3125,109.25,7201700,SPY
1998-08-25,67.42074584960938,109.5,111.25,108.640625,110.375,9688300,SPY
1998-08-26,67.035888671875,108.875,109.625,107.75,108.28125,9339700,SPY
1998-08-27,63.880332946777344,103.75,107.5625,103.46875,107.0,24887800,SPY
1998-08-28,63.64944076538086,103.375,105.71875,102.15625,104.96875,23735900,SPY
1998-08-31,59.108524322509766,96.0,104.015625,95.0,103.75,22563100,SPY
1998-09-01,61.60987091064453,100.0625,100.5625,93.625,96.0625,24748500,SPY
1998-09-02,61.16735076904297,99.34375,101.75,98.78125,99.8125,13843200,SPY
1998-09-03,60.68632125854492,98.5625,99.375,96.75,97.625,17311300,SPY
1998-09-04,60.186058044433594,97.75,99.8125,95.75,99.4375,17783800,SPY
1998-09-08,63.418540954589844,103.0,103.0,99.8125,100.875,14746500,SPY
1998-09-09,61.879276275634766,100.5,103.125,100.4375,102.75,12109700,SPY
1998-09-10,60.647857666015625,98.5,99.34375,96.8125,98.4375,19889300,SPY
1998-09-11,62.610450744628906,101.6875,101.6875,97.0,98.1875,20379800,SPY
1998-09-14,63.687923431396484,103.4375,104.453125,102.09375,102.875,10686800,SPY
1998-09-15,64.07276153564453,104.0625,104.3125,102.28125,102.875,8337900,SPY
1998-09-16,64.64998626708984,105.0,105.25,103.15625,104.75,11024900,SPY
1998-09-17,62.802833557128906,102.0,103.03125,101.78125,102.25,12945200,SPY
1998-09-18,63.08259963989258,102.09375,102.40625,101.09375,102.375,7019200,SPY
1998-09-21,63.043968200683594,102.03125,103.40625,98.9375,99.625,8834600,SPY
1998-09-22,63.56533432006836,102.875,103.65625,102.15625,103.5,7270100,SPY
1998-09-23,66.11408996582031,107.0,107.0,103.78125,103.875,13688500,SPY
1998-09-24,64.49217224121094,104.375,106.8125,103.25,106.3125,11129500,SPY
1998-09-25,64.41492462158203,104.25,105.421875,102.625,103.125,10247400,SPY
1998-09-28,64.99419403076172,105.1875,106.3125,104.25,105.3125,8847800,SPY
1998-09-29,64.8397216796875,104.9375,105.9375,103.375,105.375,10618100,SPY
1998-09-30,62.8702392578125,101.75,104.3125,101.375,103.5,7908400,SPY
1998-10-01,61.05517578125,98.8125,101.546875,98.09375,100.03125,13335600,SPY
1998-10-02,62.233001708984375,100.71875,100.875,97.21875,98.875,14351800,SPY
1998-10-05,60.97788619995117,98.6875,99.96875,96.34375,99.59375,12807200,SPY
1998-10-06,60.91999053955078,98.59375,101.28125,97.53125,100.75,12621000,SPY
1998-10-07,60.01243209838867,97.125,100.03125,95.75,98.625,14348500,SPY
1998-10-08,59.68422317504883,96.59375,96.75,92.21875,94.5625,20625000,SPY
1998-10-09,60.88135528564453,98.53125,98.78125,94.0625,97.0,12708500,SPY
1998-10-12,61.769615173339844,99.96875,101.4375,99.6875,100.625,9508500,SPY
1998-10-13,61.55719757080078,99.625,100.40625,98.75,99.5625,6256800,SPY
1998-10-14,62.13643264770508,100.5625,101.8125,98.84375,98.9375,8176900,SPY
1998-10-15,65.47689819335938,105.96875,107.25,99.9375,100.125,20541100,SPY
1998-10-16,65.49620056152344,106.0,106.75,105.0,106.125,16573900,SPY
1998-10-19,65.72795104980469,106.375,106.8125,105.5,105.6875,7915900,SPY
1998-10-20,66.11408996582031,107.0,108.796875,106.09375,107.5625,14611600,SPY
1998-10-21,65.88240814208984,106.625,107.625,105.875,106.875,9178400,SPY
1998-10-22,66.86714935302734,108.21875,108.46875,106.15625,106.78125,8277500,SPY
1998-10-23,66.0175552368164,106.84375,108.0,106.78125,107.96875,6237200,SPY
1998-10-26,66.50027465820312,107.625,108.46875,106.78125,107.71875,5838600,SPY
1998-10-27,66.11408996582031,107.0,108.96875,106.28125,108.4375,10089700,SPY
1998-10-28,65.99825286865234,106.8125,107.53125,106.03125,106.5625,5650600,SPY
1998-10-29,67.6009292602539,109.40625,109.4375,106.625,107.09375,9625600,SPY
1998-10-30,67.9677734375,110.0,110.90625,109.5,110.125,9872800,SPY
1998-11-02,69.12632751464844,111.875,111.875,110.1875,110.8125,6501400,SPY
1998-11-03,68.624267578125,111.0625,111.8125,110.75,111.59375,6866000,SPY
1998-11-04,69.35807037353516,112.25,113.09375,111.09375,112.46875,8233600,SPY
1998-11-05,70.30414581298828,113.78125,113.9375,111.125,111.53125,6841500,SPY
1998-11-06,70.51658630371094,114.125,114.5625,113.3125,113.46875,5224800,SPY
1998-11-09,70.01454162597656,113.3125,114.25,112.5,113.9375,6188700,SPY
1998-11-10,69.82141876220703,113.0,113.9375,112.25,113.0,14015200,SPY
1998-11-11,69.35807037353516,112.25,114.0,111.890625,113.8125,10922400,SPY
1998-11-12,69.28076934814453,112.125,113.125,111.6875,112.3125,5457400,SPY
1998-11-13,69.95661163330078,113.21875,113.21875,112.125,112.21875,5524600,SPY
1998-11-16,70.47795104980469,114.0625,114.359375,112.890625,114.21875,6023700,SPY
1998-11-17,70.47795104980469,114.0625,115.625,113.0,113.65625,9058900,SPY
1998-11-18,70.90274047851562,114.75,115.0,113.5,114.3125,4567700,SPY
1998-11-19,71.52064514160156,115.75,115.90625,114.625,115.28125,5249300,SPY
1998-11-20,72.06129455566406,116.625,116.75,115.84375,116.359375,5562000,SPY
1998-11-23,73.760498046875,119.375,119.625,117.15625,117.46875,7151300,SPY
1998-11-24,73.29705047607422,118.625,119.65625,118.453125,119.0,5323700,SPY
1998-11-25,73.29705047607422,118.625,119.1875,118.21875,118.9375,4393500,SPY
1998-11-27,73.83775329589844,119.5,119.71875,119.015625,119.46875,4557900,SPY
1998-11-30,71.7523422241211,116.125,119.375,116.125,119.015625,8705400,SPY
1998-12-01,72.67919921875,117.625,118.03125,115.21875,116.125,8950600,SPY
1998-12-02,72.46678924560547,117.28125,117.90625,116.0,117.21875,7495500,SPY
1998-12-03,71.2696304321289,115.34375,118.3125,115.09375,117.25,12145300,SPY
1998-12-04,73.1425552368164,118.375,118.5,116.5,116.625,10339500,SPY
1998-12-07,73.49019622802734,118.9375,119.46875,118.0,118.0625,4290000,SPY
1998-12-08,73.1618881225586,118.40625,119.75,117.5,118.53125,10102600,SPY
1998-12-09,73.29705047607422,118.625,118.96875,117.875,118.6875,5327900,SPY
1998-12-10,72.22541046142578,116.890625,118.84375,116.71875,118.84375,5966600,SPY
1998-12-11,72.3702163696289,117.125,117.34375,115.5625,116.4375,8198200,SPY
1998-12-14,70.28485107421875,113.75,116.40625,113.75,116.15625,9521400,SPY
1998-12-15,72.09994506835938,116.6875,116.75,114.53125,114.6875,9631500,SPY
1998-12-16,72.00333404541016,116.53125,117.125,115.75,117.125,7260000,SPY
1998-12-17,73.15226745605469,118.390625,118.59375,117.03125,117.21875,6914700,SPY
1998-12-18,73.46304321289062,118.5,119.125,117.875,118.3125,4802400,SPY
1998-12-21,74.4898452758789,120.15625,121.34375,119.0,119.25,8580700,SPY
1998-12-22,74.81918334960938,120.6875,121.21875,119.1875,120.40625,5461100,SPY
1998-12-23,76.3884048461914,123.21875,123.21875,120.8125,121.1875,7791000,SPY
1998-12-24,76.05906677246094,122.6875,123.25,122.5,123.15625,1507100,SPY
1998-12-28,75.8653335571289,122.375,123.3125,122.0,123.25,4203600,SPY
1998-12-29,77.06647491455078,124.3125,124.484375,122.125,122.71875,3935800,SPY
1998-12-30,76.44657135009766,123.3125,124.75,123.03125,123.9375,6810700,SPY
1998-12-31,76.44657135009766,123.3125,123.9375,122.46875,123.3125,6790500,SPY
1999-01-04,76.27218627929688,123.03125,125.21875,121.71875,123.375,9450400,SPY
1999-01-05,77.14399719238281,124.4375,124.875,122.9375,122.9375,8031000,SPY
1999-01-06,79.00379943847656,127.4375,127.75,125.75,125.8125,7737700,SPY
1999-01-07,78.6163558959961,126.8125,127.21875,125.78125,126.375,5504900,SPY
1999-01-08,79.19751739501953,127.75,128.5,125.96875,128.1875,6224400,SPY
1999-01-11,78.44197082519531,126.53125,127.6875,125.21875,127.6875,7578300,SPY
1999-01-12,77.02775573730469,124.25,126.21875,123.75,126.21875,7768800,SPY
1999-01-13,76.48527526855469,123.375,125.125,120.375,120.40625,10810600,SPY
1999-01-14,75.14851379394531,121.21875,123.90625,120.90625,123.625,11400700,SPY
1999-01-15,77.10523986816406,124.375,124.78125,122.0625,122.375,7817700,SPY
1999-01-19,77.60893249511719,125.1875,125.625,123.5,125.296875,6535100,SPY
1999-01-20,78.22889709472656,126.1875,127.9375,125.03125,126.09375,6534400,SPY
1999-01-21,76.15597534179688,122.84375,125.84375,122.59375,125.578125,6937500,SPY
1999-01-22,75.98163604736328,122.5625,123.84375,121.78125,122.125,7522300,SPY
1999-01-25,76.7565689086914,123.8125,124.0,121.90625,123.28125,5700300,SPY
1999-01-26,78.15137481689453,126.0625,126.0625,123.625,124.125,6047000,SPY
1999-01-27,77.24083709716797,124.59375,126.625,124.15625,126.375,7399400,SPY
1999-01-28,78.53887176513672,126.6875,126.96875,125.1875,125.25,5961700,SPY
1999-01-29,79.1394271850586,127.65625,128.296875,125.40625,127.34375,6456800,SPY
1999-02-01,78.6744613647461,126.90625,128.6875,126.90625,128.6875,9426800,SPY
1999-02-02,78.19013214111328,126.125,127.21875,124.765625,127.078125,9194500,SPY
1999-02-03,78.98442840576172,127.40625,127.9375,125.65625,125.6875,10290700,SPY
1999-02-04,77.80265808105469,125.5,127.5,124.78125,127.375,7761100,SPY
1999-02-05,76.9114990234375,124.0625,125.65625,123.21875,125.65625,7516100,SPY
1999-02-08,77.06647491455078,124.3125,125.09375,123.34375,125.09375,8528400,SPY
1999-02-09,75.34227752685547,121.53125,124.5,121.515625,124.375,8985700,SPY
1999-02-10,75.82660675048828,122.3125,123.0,121.328125,122.125,6936700,SPY
1999-02-11,77.5701675415039,125.125,126.09375,122.5,123.0625,9181800,SPY
1999-02-12,76.64025115966797,123.625,125.5,122.625,124.8125,10676600,SPY
1999-02-16,76.17532348632812,122.875,125.625,122.875,124.75,6915500,SPY
1999-02-17,76.09785461425781,122.75,125.359375,122.25,123.1875,7858100,SPY
1999-02-18,76.6983642578125,123.71875,124.375,122.21875,123.1875,9048900,SPY
1999-02-19,77.02775573730469,124.25,125.75,123.375,124.0,5312200,SPY
1999-02-22,79.08128356933594,127.5625,127.71875,124.28125,124.4375,10695800,SPY
1999-02-23,79.04254913330078,127.5,128.5,126.59375,127.59375,7770700,SPY
1999-02-24,77.64767456054688,125.25,128.84375,125.0,127.84375,7271000,SPY
1999-02-25,76.9114990234375,124.0625,125.28125,122.6875,124.53125,11633000,SPY
1999-02-26,76.60155487060547,123.5625,124.84375,122.8125,124.75,9621300,SPY
1999-03-01,76.81463623046875,123.90625,124.3125,122.375,123.65625,7607200,SPY
1999-03-02,76.13658142089844,122.8125,125.3125,122.3125,124.5,9651500,SPY
1999-03-03,76.54339599609375,123.46875,123.5625,121.78125,123.09375,7881400,SPY
1999-03-04,77.51206970214844,125.03125,125.484375,123.265625,124.0625,8256400,SPY
1999-03-05,79.07161712646484,127.546875,128.125,126.5625,127.5,10703100,SPY
1999-03-08,79.58500671386719,128.375,128.796875,127.25,128.28125,4802200,SPY
1999-03-09,79.39126586914062,128.0625,129.9375,127.75,128.125,7893400,SPY
1999-03-10,80.0887222290039,129.1875,129.25,127.78125,128.46875,3950000,SPY
1999-03-11,80.97984313964844,130.625,131.1875,128.875,129.6875,6583700,SPY
1999-03-12,80.20491027832031,129.375,131.03125,129.21875,131.0,5286500,SPY
1999-03-15,81.34795379638672,131.21875,131.25,129.5,129.9375,5394400,SPY
1999-03-16,81.03795623779297,130.71875,131.65625,130.46875,131.125,4547500,SPY
1999-03-17,80.68930053710938,130.15625,130.9375,129.625,130.6875,4524100,SPY
1999-03-18,81.9873046875,132.25,132.375,129.75,129.78125,3506300,SPY
1999-03-19,80.59366607666016,129.6875,132.625,129.6875,132.3125,5526700,SPY
1999-03-22,80.74906158447266,129.9375,130.59375,129.421875,130.0625,4603800,SPY
1999-03-23,78.41863250732422,126.1875,129.53125,125.703125,129.3125,9713800,SPY
1999-03-24,78.86531066894531,126.90625,127.171875,125.625,126.84375,6280900,SPY
1999-03-25,80.4771728515625,129.5,129.5,127.75,128.0625,6639600,SPY
1999-03-26,79.89457702636719,128.5625,129.125,127.71875,128.625,6159700,SPY
1999-03-29,81.50645446777344,131.15625,131.4375,129.15625,129.15625,5863900,SPY
1999-03-30,81.07916259765625,130.46875,131.21875,129.5625,129.9375,5401400,SPY
1999-03-31,79.77801513671875,128.375,131.609375,128.3125,131.15625,7413600,SPY
1999-04-01,80.3800277709961,129.34375,129.6875,128.125,129.6875,7683600,SPY
1999-04-05,82.2832260131836,132.40625,132.59375,130.25,130.9375,5791100,SPY
1999-04-06,82.08903503417969,132.09375,132.984375,131.15625,132.1875,5381300,SPY
1999-04-07,82.74932098388672,133.15625,133.375,131.375,132.6875,6248600,SPY
1999-04-08,83.79798889160156,134.84375,134.9375,132.28125,133.1875,5909100,SPY
1999-04-09,83.81742095947266,134.875,135.5,133.59375,134.4375,4365800,SPY
1999-04-12,84.71076965332031,136.3125,136.40625,133.21875,133.46875,8213200,SPY
1999-04-13,84.16696166992188,135.4375,136.46875,134.5,136.25,10071400,SPY
1999-04-14,82.74932098388672,133.15625,136.0625,132.6875,136.0625,11551700,SPY
1999-04-15,82.43859100341797,132.65625,133.5625,131.0,133.4375,11150000,SPY
1999-04-16,81.739501953125,131.53125,132.90625,131.1875,132.90625,6476200,SPY
1999-04-19,80.4771728515625,129.5,134.53125,128.375,132.6875,12487200,SPY
1999-04-20,81.48700714111328,131.125,131.1875,129.0,129.8125,9049600,SPY
1999-04-21,83.81742095947266,134.875,135.625,130.40625,131.0625,5772200,SPY
1999-04-22,84.6136703491211,136.15625,136.375,134.390625,135.125,6897400,SPY
1999-04-23,84.40000915527344,135.8125,136.75,135.0,135.875,4593100,SPY
1999-04-26,84.88553619384766,136.59375,136.8125,135.46875,136.5,3606500,SPY
1999-04-27,85.29335021972656,137.25,137.5,135.84375,137.125,5147200,SPY
1999-04-28,84.12813568115234,135.375,137.25,135.0,136.4375,5544300,SPY
1999-04-29,83.48727416992188,134.34375,136.0625,133.8125,135.5625,9824300,SPY
1999-04-30,82.8075942993164,133.25,135.625,131.5,135.09375,10991900,SPY
1999-05-03,84.32234954833984,135.6875,135.84375,133.09375,133.4375,10709700,SPY
1999-05-04,83.1182861328125,133.75,135.8125,133.125,135.125,10509300,SPY
1999-05-05,83.7785415649414,134.8125,135.0625,131.84375,133.9375,10032300,SPY
1999-05-06,83.26399993896484,133.984375,135.125,132.375,134.4375,13507200,SPY
1999-05-07,83.8951187133789,135.0,135.125,133.4375,134.5,8680700,SPY
1999-05-10,83.4775619506836,134.328125,135.71875,133.53125,134.84375,5580100,SPY
1999-05-11,84.32234954833984,135.6875,136.875,134.71875,135.3125,7000600,SPY
1999-05-12,84.98262786865234,136.75,137.21875,131.5,135.75,13865800,SPY
1999-05-13,85.35163879394531,137.34375,138.0,136.8125,137.25,4485700,SPY
1999-05-14,83.13768768310547,133.78125,135.875,133.5,134.5625,8370100,SPY
1999-05-17,83.39018249511719,134.1875,134.484375,132.375,133.625,6268100,SPY
1999-05-18,83.23483276367188,133.9375,134.984375,132.625,134.53125,8218600,SPY
1999-05-19,83.83686828613281,134.90625,135.0,133.25,134.46875,5052400,SPY
1999-05-20,83.33193969726562,134.09375,135.59375,134.0625,135.125,4670400,SPY
1999-05-21,82.86583709716797,133.34375,134.6875,132.59375,134.125,6418200,SPY
1999-05-24,81.48700714111328,131.125,133.84375,130.390625,133.84375,7952000,SPY
1999-05-25,80.16642761230469,129.0,132.34375,128.4375,131.375,15406400,SPY
1999-05-26,81.05975341796875,130.4375,131.0,128.09375,129.3125,12575900,SPY
1999-05-27,79.89457702636719,128.5625,130.28125,128.0,129.84375,14515400,SPY
1999-05-28,80.91407012939453,130.203125,130.75,128.59375,129.0,8748000,SPY
1999-06-01,80.63249969482422,129.75,130.15625,128.375,130.125,6705300,SPY
1999-06-02,80.71018981933594,129.875,130.1875,128.015625,129.75,6981900,SPY
1999-06-03,81.1568832397461,130.59375,130.875,129.78125,130.6875,6076600,SPY
1999-06-04,82.78815460205078,133.21875,133.359375,130.9375,131.46875,9787200,SPY
1999-06-07,83.00176239013672,133.5625,134.1875,132.90625,133.4375,5299100,SPY
1999-06-08,82.18614959716797,132.25,133.796875,131.59375,133.375,4895700,SPY
1999-06-09,82.10845184326172,132.125,133.09375,131.8125,132.40625,7409700,SPY
1999-06-10,81.35104370117188,130.90625,131.46875,129.59375,131.4375,7040700,SPY
1999-06-11,80.67137908935547,129.8125,132.21875,129.09375,131.21875,12824800,SPY
1999-06-14,80.74906158447266,129.9375,130.75,129.546875,130.6875,6823500,SPY
1999-06-15,81.29280090332031,130.8125,131.65625,130.078125,130.46875,5700900,SPY
1999-06-16,82.84642028808594,133.3125,133.875,132.375,132.375,7865800,SPY
1999-06-17,83.62321472167969,134.5625,135.5625,132.625,132.875,8162800,SPY
1999-06-18,83.71984100341797,134.3125,134.6875,133.375,134.0625,2875100,SPY
1999-06-21,83.91464233398438,134.625,135.25,133.65625,134.46875,4646400,SPY
1999-06-22,83.33023834228516,133.6875,135.1875,133.5,134.0,5862400,SPY
1999-06-23,82.92120361328125,133.03125,133.625,132.125,133.0,9629200,SPY
1999-06-24,82.29792022705078,132.03125,132.9375,130.65625,132.875,9176900,SPY
1999-06-25,82.0933609008789,131.703125,133.015625,131.25,132.59375,4087000,SPY
1999-06-28,83.09651947021484,133.3125,133.625,132.5,132.6875,5028900,SPY
1999-06-29,83.87566375732422,134.5625,135.1875,132.78125,133.0,6956200,SPY
1999-06-30,85.39502716064453,137.0,137.5,133.84375,134.625,16856100,SPY
1999-07-01,86.03778839111328,138.03125,138.5,136.0625,137.0,9939500,SPY
1999-07-02,86.89485168457031,139.40625,139.5,137.90625,138.125,3772800,SPY
1999-07-06,86.87537384033203,139.375,140.75,138.59375,139.25,11221100,SPY
1999-07-07,86.99227905273438,139.5625,139.71875,138.515625,139.0625,3230700,SPY
1999-07-08,87.0604248046875,139.671875,140.625,138.75,139.0625,7101500,SPY
1999-07-09,87.57666015625,140.5,140.59375,139.5625,140.0,2976800,SPY
1999-07-12,87.18706512451172,139.875,140.9375,139.5,140.9375,4436300,SPY
1999-07-13,86.87537384033203,139.375,139.921875,138.65625,139.375,6477600,SPY
1999-07-14,87.36238098144531,140.15625,140.21875,138.75,140.0,4382500,SPY
1999-07-15,87.91751861572266,141.046875,141.375,140.3125,140.78125,3348600,SPY
1999-07-16,88.3947525024414,141.8125,142.15625,140.75,141.25,2281500,SPY
1999-07-19,87.81038665771484,140.875,142.25,140.5625,142.1875,4287000,SPY
1999-07-20,86.00862884521484,137.984375,140.40625,137.53125,140.125,7060100,SPY
1999-07-21,85.91120147705078,137.828125,138.90625,137.3125,138.09375,4793700,SPY
1999-07-22,84.78142547607422,136.015625,138.0,135.46875,137.4375,7804100,SPY
1999-07-23,84.61583709716797,135.75,137.0,135.125,136.65625,4603000,SPY
1999-07-26,83.9925308227539,134.75,136.125,134.625,134.875,4333400,SPY
1999-07-27,84.69376373291016,135.875,137.203125,135.375,136.0,5908500,SPY
1999-07-28,84.9664535522461,136.3125,137.3125,135.59375,136.25,3955500,SPY
1999-07-29,83.77824401855469,134.40625,135.25,133.3125,134.9375,7760600,SPY
1999-07-30,82.7459487915039,132.75,135.34375,132.5625,134.8125,5994300,SPY
1999-08-02,82.94071960449219,133.0625,134.75,132.5,132.75,6065500,SPY
1999-08-03,82.55110931396484,132.4375,133.84375,131.375,133.71875,5445400,SPY
1999-08-04,81.42132568359375,130.625,133.875,130.4375,132.71875,6497900,SPY
1999-08-05,82.16151428222656,131.8125,131.9375,128.84375,130.875,10322000,SPY
1999-08-06,81.26548767089844,130.375,132.0,129.5,131.21875,7537700,SPY
1999-08-09,81.0901870727539,130.09375,131.796875,129.75,130.59375,5565900,SPY
1999-08-10,80.1941909790039,128.65625,130.15625,127.0,129.875,9793300,SPY
1999-08-11,81.1681137084961,130.21875,130.53125,128.625,129.6875,8003400,SPY
1999-08-12,81.11939239501953,130.140625,131.8125,129.90625,130.6875,7036800,SPY
1999-08-13,82.99908447265625,133.15625,133.25,131.125,131.625,5857700,SPY
1999-08-16,83.36922454833984,133.75,133.96875,132.25,133.125,3927000,SPY
1999-08-17,83.91464233398438,134.625,134.84375,133.125,134.4375,4808000,SPY
1999-08-18,83.310791015625,133.65625,134.375,133.25,134.203125,4355500,SPY
1999-08-19,82.62904357910156,132.5625,133.234375,131.6875,132.375,6448100,SPY
1999-08-20,83.46658325195312,133.90625,134.125,132.6875,133.0625,3663700,SPY
1999-08-23,85.0638656616211,136.46875,136.546875,134.65625,134.8125,5637800,SPY
1999-08-24,85.37550354003906,136.96875,137.96875,135.375,136.0625,9279500,SPY
1999-08-25,86.2520980834961,138.375,138.78125,136.15625,137.1875,6005300,SPY
1999-08-26,85.21966552734375,136.71875,138.421875,136.5,138.28125,4322300,SPY
1999-08-27,84.18730163574219,135.0625,137.0625,135.0625,136.875,6247400,SPY
1999-08-30,82.62904357910156,132.5625,135.5,132.0,135.34375,4652000,SPY
1999-08-31,82.31739044189453,132.0625,133.75,130.875,132.9375,11453700,SPY
1999-09-01,83.33023834228516,133.6875,133.734375,132.3125,132.9375,6863900,SPY
1999-09-02,82.34661102294922,132.109375,132.671875,130.65625,132.125,10896300,SPY
1999-09-03,84.752197265625,135.96875,136.5,134.6875,134.875,9160800,SPY
1999-09-07,84.4405517578125,135.46875,136.625,135.21875,136.0625,4560800,SPY
1999-09-08,84.03150177001953,134.8125,136.0625,134.03125,134.84375,6159600,SPY
1999-09-09,83.9925308227539,134.75,135.25,133.6875,134.75,6177800,SPY
1999-09-10,84.69376373291016,135.875,136.359375,134.9375,136.25,2934500,SPY
1999-09-13,84.11915588378906,134.953125,135.46875,134.5,135.125,2320500,SPY
1999-09-14,83.56399536132812,134.0625,134.5625,133.375,134.0625,3736000,SPY
1999-09-15,82.23948669433594,131.9375,135.4375,131.875,135.4375,6984500,SPY
1999-09-16,82.56083679199219,132.453125,132.8125,130.3125,132.5,15377600,SPY
1999-09-17,83.60404205322266,133.75,133.9375,132.15625,132.625,8542300,SPY
1999-09-20,83.48683166503906,133.5625,134.0,133.09375,133.9375,2803900,SPY
1999-09-21,81.72881317138672,130.75,132.46875,130.15625,132.25,9335200,SPY
1999-09-22,81.640869140625,130.609375,131.84375,129.75,131.25,13009100,SPY
1999-09-23,79.93169403076172,127.875,131.8125,127.625,131.8125,12204100,SPY
1999-09-24,79.85356140136719,127.75,128.375,126.3125,127.75,13792900,SPY
1999-09-27,80.38097381591797,128.59375,129.75,128.28125,128.75,6970300,SPY
1999-09-28,80.22471618652344,128.34375,128.8125,125.5625,127.9375,11063400,SPY
1999-09-29,79.26753234863281,126.8125,129.125,126.75,128.4375,7580300,SPY
1999-09-30,80.4786605834961,128.75,129.4375,126.96875,127.4375,7498900,SPY
1999-10-01,80.30284118652344,128.46875,128.5625,126.625,127.9375,11127100,SPY
1999-10-04,81.72881317138672,130.75,130.875,128.75,129.1875,6341600,SPY
1999-10-05,81.65065002441406,130.625,131.96875,128.6875,130.71875,11976000,SPY
1999-10-06,82.90078735351562,132.625,132.8125,130.6875,130.75,10308200,SPY
1999-10-07,82.43201446533203,131.875,133.0,131.5,132.859375,6535600,SPY
1999-10-08,83.68215942382812,133.875,133.875,131.234375,131.75,9674300,SPY
1999-10-11,83.54544067382812,133.65625,134.125,133.3125,133.59375,4282000,SPY
1999-10-12,82.25616455078125,131.59375,133.3125,131.1875,133.125,8686100,SPY
1999-10-13,80.12705993652344,128.1875,131.3125,128.1875,130.6875,10469300,SPY
1999-10-14,80.10750579833984,128.15625,129.1875,126.75,128.484375,10562200,SPY
1999-10-15,78.05646514892578,124.875,126.75,124.5,126.0,14238700,SPY
1999-10-18,78.62296295166016,125.78125,125.9375,123.4375,124.9375,9758800,SPY
1999-10-19,79.38475799560547,127.0,128.25,125.9375,127.1875,14392900,SPY
1999-10-20,80.16606903076172,128.25,129.46875,127.125,127.75,9759400,SPY
1999-10-21,80.63489532470703,129.0,129.0,126.625,127.21875,9105400,SPY
1999-10-22,81.31857299804688,130.09375,131.21875,129.5625,129.75,8309600,SPY
1999-10-25,80.90839385986328,129.4375,130.46875,128.75,129.3125,8114300,SPY
1999-10-26,79.89262390136719,127.8125,130.6875,127.8125,130.1875,6256300,SPY
1999-10-27,81.33808898925781,130.125,130.3125,128.25,128.375,5433300,SPY
1999-10-28,84.11189270019531,134.5625,134.859375,132.1875,132.4375,10509700,SPY
1999-10-29,85.63553619384766,137.0,137.6875,135.71875,135.84375,10988600,SPY
1999-11-01,84.73700714111328,135.5625,137.0,135.5625,136.5,4006500,SPY
1999-11-02,84.1314468383789,134.59375,137.25,134.59375,135.96875,6516900,SPY
1999-11-03,84.69793701171875,135.5,136.375,135.125,136.0,7222300,SPY
1999-11-04,85.34252166748047,136.53125,137.359375,135.765625,136.75,7907500,SPY
1999-11-05,86.18244934082031,137.875,139.109375,136.78125,138.625,7431500,SPY
1999-11-08,86.26060485839844,138.0,138.375,136.75,137.0,4649200,SPY
1999-11-09,85.44993591308594,136.703125,138.6875,136.28125,138.5,4533700,SPY
1999-11-10,86.08479309082031,137.71875,138.390625,136.078125,136.25,6405600,SPY
1999-11-11,86.5730972290039,138.5,138.5,137.46875,138.1875,4794100,SPY
1999-11-12,87.35448455810547,139.75,139.984375,137.125,139.25,11802900,SPY
1999-11-15,87.5595703125,140.078125,140.25,139.40625,139.84375,2187500,SPY
1999-11-16,88.29207611083984,141.25,143.0,140.09375,140.5625,7544800,SPY
1999-11-17,88.52649688720703,141.625,142.9375,141.3125,142.25,9459000,SPY
1999-11-18,89.15156555175781,142.625,143.0,141.625,142.4375,4491000,SPY
1999-11-19,89.0734634399414,142.5,142.96875,142.0,142.40625,4832100,SPY
1999-11-22,89.05390167236328,142.46875,143.0,141.5,142.4375,4155400,SPY
1999-11-23,88.2725830078125,141.21875,142.84375,140.375,142.84375,5918000,SPY
1999-11-24,88.74137115478516,141.96875,142.4375,140.0,140.75,4459700,SPY
1999-11-26,88.4093017578125,141.4375,142.875,141.25,142.46875,1693900,SPY
1999-11-29,88.0967788696289,140.9375,141.921875,140.4375,140.875,7348600,SPY
1999-11-30,87.06148529052734,139.28125,142.3125,139.0,140.75,7682000,SPY
1999-12-01,87.76471710205078,140.40625,140.5,139.0,139.3125,6980200,SPY
1999-12-02,88.29207611083984,141.25,141.375,140.375,140.625,6698300,SPY
1999-12-03,89.91336822509766,143.84375,145.34375,143.03125,143.03125,10045400,SPY
1999-12-06,89.24922180175781,142.78125,143.71875,142.25,143.53125,3138900,SPY
1999-12-07,88.52649688720703,141.625,143.3125,141.375,143.28125,10714200,SPY
1999-12-08,87.96006774902344,140.71875,142.0625,140.5,141.34375,4611400,SPY
1999-12-09,88.3897476196289,141.40625,142.21875,139.375,141.8125,6474700,SPY
1999-12-10,88.68277740478516,141.875,142.8125,140.875,142.28125,5127300,SPY
1999-12-13,88.83901977539062,142.125,142.71875,141.28125,141.4375,4210800,SPY
1999-12-14,87.97954559326172,140.75,142.484375,140.625,141.625,5739000,SPY
1999-12-15,88.44839477539062,141.5,142.203125,140.03125,140.375,6879100,SPY
1999-12-16,88.83901977539062,142.125,142.65625,141.15625,142.1875,5854900,SPY
1999-12-17,89.40953826904297,142.6875,143.3125,142.0625,143.0,4775400,SPY
1999-12-20,88.76336669921875,141.65625,143.1875,141.09375,142.5625,4608700,SPY
1999-12-21,90.114501953125,143.8125,144.0625,141.34375,141.59375,7981300,SPY
1999-12-22,90.3494873046875,144.1875,144.1875,142.96875,143.625,5377500,SPY
1999-12-23,91.7887191772461,146.484375,146.484375,145.0,145.015625,5721700,SPY
1999-12-27,91.6613998413086,146.28125,146.78125,145.0625,146.5,2691000,SPY
1999-12-28,91.60272216796875,146.1875,146.5,145.484375,145.875,4084500,SPY
1999-12-29,91.9942855834961,146.8125,146.8125,145.3125,146.3125,3001000,SPY
1999-12-30,91.88665771484375,146.640625,147.5625,146.1875,147.125,3641300,SPY
1999-12-31,92.03350830078125,146.875,147.5,146.25,146.84375,3172700,SPY
2000-01-03,91.13277435302734,145.4375,148.25,143.875,148.25,8164300,SPY
2000-01-04,87.56889343261719,139.75,144.0625,139.640625,143.53125,8089800,SPY
2000-01-05,87.72559356689453,140.0,141.53125,137.25,139.9375,12177900,SPY
2000-01-06,86.3156509399414,137.75,141.5,137.75,139.625,6227200,SPY
2000-01-07,91.32857513427734,145.75,145.75,140.0625,140.3125,8066500,SPY
2000-01-10,91.64188385009766,146.25,146.90625,145.03125,146.25,5741700,SPY
2000-01-11,90.54530334472656,144.5,146.09375,143.5,145.8125,7503700,SPY
2000-01-12,89.6445083618164,143.0625,144.59375,142.875,144.59375,6907700,SPY
2000-01-13,90.85859680175781,145.0,145.75,143.28125,144.46875,5158300,SPY
2000-01-14,92.0922622680664,146.96875,147.46875,145.96875,146.53125,7437300,SPY
2000-01-18,91.36768341064453,145.8125,146.625,145.1875,145.34375,6488500,SPY
2000-01-19,92.11180114746094,147.0,147.0,145.0,145.3125,6157900,SPY
2000-01-20,90.70191955566406,144.75,146.96875,143.8125,146.96875,5800100,SPY
2000-01-21,90.5061264038086,144.4375,145.5,144.0625,145.5,6244800,SPY
2000-01-24,87.94096374511719,140.34375,145.84375,139.40625,145.65625,7896900,SPY
2000-01-25,88.93958282470703,141.9375,141.9375,139.0,140.515625,9942500,SPY
2000-01-26,88.23465728759766,140.8125,141.546875,140.09375,141.0,5158100,SPY
2000-01-27,87.8821792602539,140.25,142.21875,138.125,141.84375,10922700,SPY
2000-01-28,85.14077758789062,135.875,140.0625,135.53125,139.4375,11916200,SPY
2000-01-31,87.4514389038086,139.5625,139.671875,135.0,135.8125,10768700,SPY
2000-02-01,88.31304168701172,140.9375,141.6875,138.53125,139.75,8419900,SPY
2000-02-02,88.39131927490234,141.0625,142.25,140.375,141.28125,6205900,SPY
2000-02-03,89.72285461425781,143.1875,143.25,140.0,140.875,7997500,SPY
2000-02-04,89.35084533691406,142.59375,144.0,142.125,143.1875,4925400,SPY
2000-02-07,89.2137222290039,142.375,142.78125,141.4375,142.5625,5845800,SPY
2000-02-08,90.42784881591797,144.3125,144.5625,143.625,143.96875,4936400,SPY
2000-02-09,88.52839660644531,141.28125,144.46875,141.265625,144.46875,8511500,SPY
2000-02-10,88.70464324951172,141.5625,142.5625,140.875,141.625,6690600,SPY
2000-02-11,86.90312957763672,138.6875,141.9375,138.03125,141.84375,9849800,SPY
2000-02-14,87.41224670410156,139.5,139.78125,138.3125,139.78125,8528800,SPY
2000-02-15,88.401123046875,141.078125,141.21875,137.796875,139.25,11078300,SPY
2000-02-16,87.09894561767578,139.0,140.9375,138.796875,140.375,8845400,SPY
2000-02-17,86.64852905273438,138.28125,140.4375,138.21875,140.4375,7584200,SPY
2000-02-18,84.78833770751953,135.3125,138.875,134.625,138.875,9409200,SPY
2000-02-22,84.57298278808594,134.96875,136.34375,133.53125,135.1875,16415400,SPY
2000-02-23,85.57160186767578,136.5625,137.46875,134.5,135.625,12119000,SPY
2000-02-24,83.84838104248047,133.8125,137.03125,133.09375,136.6875,17375000,SPY
2000-02-25,83.54486846923828,133.328125,136.71875,133.125,135.1875,10559900,SPY
2000-02-28,85.29743194580078,136.125,136.6875,132.71875,133.375,13397800,SPY
2000-02-29,86.11985778808594,137.4375,137.4375,135.75,136.0625,8242500,SPY
2000-03-01,86.74646759033203,138.4375,139.0,137.21875,137.625,6868000,SPY
2000-03-02,86.80522918701172,138.53125,139.125,137.34375,138.6875,7600200,SPY
2000-03-03,88.43045043945312,141.125,141.71875,139.71875,140.4375,12770300,SPY
2000-03-06,87.56889343261719,139.75,141.34375,138.75,140.8125,11967100,SPY
2000-03-07,85.87511444091797,137.046875,140.15625,135.21875,140.0,20062000,SPY
2000-03-08,85.76734924316406,136.875,137.84375,135.03125,136.46875,11808500,SPY
2000-03-09,88.27381134033203,140.875,140.875,136.125,137.25,5500900,SPY
2000-03-10,87.80386352539062,140.125,142.0,139.53125,140.1875,7924600,SPY
2000-03-13,86.8443603515625,138.59375,140.46875,135.6875,136.6875,10540500,SPY
2000-03-14,85.61072540283203,136.625,140.09375,136.15625,139.28125,8263900,SPY
2000-03-15,87.6080322265625,139.8125,140.4375,136.0625,136.875,10300800,SPY
2000-03-16,91.70059204101562,146.34375,146.84375,140.875,141.625,25601400,SPY
2000-03-17,92.30665588378906,146.9375,148.0,145.4375,145.8125,10272900,SPY
2000-03-20,91.83551788330078,146.1875,147.34375,144.78125,146.875,12502300,SPY
2000-03-21,93.72014617919922,149.1875,149.75,144.5,145.53125,13612600,SPY
2000-03-22,94.2894515991211,150.09375,150.84375,148.6875,149.5625,8260000,SPY
2000-03-23,95.89921569824219,152.65625,153.46875,149.15625,149.15625,11654500,SPY
2000-03-24,96.46849822998047,153.5625,155.75,151.71875,152.875,11462900,SPY
2000-03-27,95.4477310180664,151.9375,153.78125,151.8125,153.375,8798600,SPY
2000-03-28,94.89805603027344,151.0625,152.984375,150.59375,151.25,6334400,SPY
2000-03-29,94.99618530273438,151.21875,152.484375,149.65625,151.5625,6747500,SPY
2000-03-30,93.40605163574219,148.6875,151.921875,147.125,150.15625,9491900,SPY
2000-03-31,94.46617889404297,150.375,152.3125,148.4375,149.625,9249100,SPY
2000-04-03,95.01581573486328,151.25,151.25,148.6875,150.125,8508200,SPY
2000-04-04,94.30911254882812,150.125,153.0,141.390625,151.75,19585500,SPY
2000-04-05,93.72014617919922,149.1875,150.8125,147.625,147.875,8387200,SPY
2000-04-06,94.53487396240234,150.484375,151.6875,149.0,150.25,6378500,SPY
2000-04-07,95.13356018066406,151.4375,152.125,150.5,151.5625,6023600,SPY
2000-04-10,94.76058959960938,150.84375,153.109375,150.3125,151.75,9624200,SPY
2000-04-11,94.48573303222656,150.40625,151.625,148.375,150.0,9006400,SPY
2000-04-12,91.89439392089844,146.28125,151.15625,146.15625,150.375,10779200,SPY
2000-04-13,90.61840057373047,144.25,148.15625,143.78125,147.46875,12225800,SPY
2000-04-14,85.4356918334961,136.0,142.8125,133.5,142.625,29604000,SPY
2000-04-17,88.41966247558594,140.75,140.75,134.6875,135.1875,23918200,SPY
2000-04-18,90.75579071044922,144.46875,144.46875,139.78125,140.5625,11069200,SPY
2000-04-19,89.91169738769531,143.125,145.125,142.53125,144.5,6553700,SPY
2000-04-20,90.34353637695312,143.8125,143.9375,142.375,143.5625,8537600,SPY
2000-04-24,89.36195373535156,142.25,143.3125,140.5,141.5,12893100,SPY
2000-04-25,93.07227325439453,148.15625,148.15625,144.4375,144.625,14102000,SPY
2000-04-26,92.02198028564453,146.484375,148.75,146.0,147.96875,7711100,SPY
2000-04-27,91.71773529052734,146.0,147.34375,143.0,143.0,15595300,SPY
2000-04-28,91.14839935302734,145.09375,147.859375,145.0625,147.0,8743400,SPY
2000-05-01,92.38516998291016,147.0625,148.484375,145.84375,146.5625,7328300,SPY
2000-05-02,90.53985595703125,144.125,147.125,144.125,145.5,9411900,SPY
2000-05-03,88.41966247558594,140.75,144.0,139.78125,144.0,12630700,SPY
2000-05-04,89.08714294433594,141.8125,142.359375,140.75,142.0,5963600,SPY
2000-05-05,90.1668701171875,143.53125,144.0,140.9375,141.0625,7862400,SPY
2000-05-08,89.48958587646484,142.453125,143.375,141.84375,142.75,5064100,SPY
2000-05-09,88.77301025390625,141.3125,143.40625,140.265625,143.0625,5620300,SPY
2000-05-10,86.77063751220703,138.125,140.96875,137.75,140.5,10293900,SPY
2000-05-11,88.75338745117188,141.28125,141.5,139.125,140.125,7091100,SPY
2000-05-12,89.71537780761719,142.8125,143.46875,141.625,141.8125,5960800,SPY
2000-05-15,91.26622009277344,145.28125,145.609375,142.0,142.75,4441300,SPY
2000-05-16,92.14961242675781,146.6875,147.71875,145.3125,146.5625,8192200,SPY
2000-05-17,91.1876449584961,145.15625,146.1875,144.46875,145.6875,5907200,SPY
2000-05-18,90.06867218017578,143.375,146.3125,143.375,145.625,4325600,SPY
2000-05-19,88.6552505493164,141.125,143.234375,140.40625,142.5625,6518400,SPY
2000-05-22,87.98778533935547,140.0625,141.46875,137.0,141.25,10839400,SPY
2000-05-23,86.69213104248047,138.0,140.8125,137.5625,140.4375,7979200,SPY
2000-05-24,88.10557556152344,140.25,140.6875,136.5,138.0,11081500,SPY
2000-05-25,86.59395599365234,137.84375,141.8125,137.71875,140.6875,8278900,SPY
2000-05-26,86.69213104248047,138.0,139.6875,137.328125,138.8125,4814000,SPY
2000-05-30,89.51902770996094,142.5,142.9375,139.46875,140.0,5362700,SPY
2000-05-31,89.71537780761719,142.8125,144.0,142.09375,142.5625,6056500,SPY
2000-06-01,91.28585052490234,145.3125,145.4375,143.0,143.6875,8961600,SPY
2000-06-02,92.87598419189453,147.84375,149.09375,147.484375,148.9375,8962200,SPY
2000-06-05,92.42449188232422,147.125,148.21875,146.875,147.46875,6998100,SPY
2000-06-06,92.01219177246094,146.46875,147.78125,145.90625,146.625,4858900,SPY
2000-06-07,92.65021514892578,147.484375,148.0,146.0,146.625,4919500,SPY
2000-06-08,92.28707122802734,146.90625,147.75,146.0625,147.5,5723100,SPY
2000-06-09,92.09075927734375,146.59375,147.96875,145.625,147.5,3085300,SPY
2000-06-12,91.010986328125,144.875,146.96875,144.875,146.96875,3678900,SPY
2000-06-13,92.71893310546875,147.59375,147.75,144.625,144.8125,6558700,SPY
2000-06-14,92.87598419189453,147.84375,148.875,147.1875,148.25,6420500,SPY
2000-06-15,93.07227325439453,148.15625,148.75,146.84375,148.125,5881200,SPY
2000-06-16,92.30757904052734,146.59375,148.3125,145.875,148.3125,5567900,SPY
2000-06-19,93.4882583618164,148.46875,149.15625,146.25,146.46875,5106900,SPY
2000-06-20,93.15370178222656,147.9375,148.875,147.0,148.1875,6480000,SPY
2000-06-21,93.11434936523438,147.875,148.4375,146.890625,146.9375,3115000,SPY
2000-06-22,91.69754791259766,145.625,147.6875,145.0,147.5625,7490500,SPY
2000-06-23,90.91044616699219,144.375,146.125,143.875,145.8125,4863300,SPY
2000-06-26,92.08126068115234,146.234375,146.25,144.875,145.375,5201300,SPY
2000-06-27,91.40235137939453,145.15625,146.71875,145.015625,145.984375,4159500,SPY
2000-06-28,91.65818786621094,145.5625,146.984375,145.3125,145.625,5347700,SPY
2000-06-29,90.79236602783203,144.1875,145.75,143.515625,144.75,6345700,SPY
2000-06-30,91.48110961914062,145.28125,145.59375,143.890625,143.9375,7420200,SPY
2000-07-03,92.74046325683594,147.28125,147.4375,145.1875,145.4375,1436600,SPY
2000-07-05,91.06787872314453,144.625,146.65625,144.375,146.375,2748200,SPY
2000-07-06,91.77626037597656,145.75,146.46875,144.21875,144.9375,5963200,SPY
2000-07-07,93.25209045410156,148.09375,148.78125,146.25,146.6875,3034800,SPY
2000-07-10,93.09465026855469,147.84375,148.90625,147.53125,147.875,2816100,SPY
2000-07-11,93.29141998291016,148.15625,149.125,147.15625,147.46875,5431600,SPY
2000-07-12,93.9014663696289,149.125,150.125,148.6875,149.28125,5883000,SPY
2000-07-13,94.31463623046875,149.78125,150.375,149.1875,149.984375,5356000,SPY
2000-07-14,95.23951721191406,151.25,151.25,149.671875,150.4375,5341900,SPY
2000-07-17,95.08207702636719,151.0,151.984375,150.6875,150.984375,4208300,SPY
2000-07-18,94.30481719970703,149.765625,150.625,149.34375,150.625,4262100,SPY
2000-07-19,93.5472412109375,148.5625,149.90625,148.25,149.46875,8506800,SPY
2000-07-20,94.84591674804688,150.625,150.625,148.8125,149.0,4538900,SPY
2000-07-21,92.99623107910156,147.6875,149.75,147.6875,149.75,5656900,SPY
2000-07-24,92.46492767333984,146.84375,148.859375,146.5625,148.125,5628500,SPY
2000-07-25,92.76013946533203,147.3125,147.84375,146.78125,147.75,4757100,SPY
2000-07-26,91.85496520996094,145.875,147.15625,145.640625,146.96875,12062500,SPY
2000-07-27,91.54013061523438,145.375,146.625,144.6875,145.9375,7652600,SPY
2000-07-28,89.4739761352539,142.09375,145.90625,141.515625,145.71875,6229500,SPY
2000-07-31,90.04462432861328,143.0,144.125,142.0625,142.9375,5265500,SPY
2000-08-01,90.5955810546875,143.875,144.71875,143.125,143.625,3946600,SPY
2000-08-02,91.04814147949219,144.59375,145.40625,143.625,143.875,7439800,SPY
2000-08-03,91.67786407470703,145.59375,145.8125,142.625,142.875,4607100,SPY
2000-08-04,92.1698226928711,146.375,146.71875,145.40625,146.3125,3686600,SPY
2000-08-07,93.27176666259766,148.125,148.4375,146.375,146.71875,4159800,SPY
2000-08-08,93.62598419189453,148.6875,148.8125,147.5,147.5,3658700,SPY
2000-08-09,92.83883666992188,147.4375,149.21875,147.375,149.140625,5383800,SPY
2000-08-10,92.38623809814453,146.71875,147.859375,146.28125,147.53125,4193400,SPY
2000-08-11,92.81922912597656,147.40625,148.0,145.5625,146.625,5089400,SPY
2000-08-14,93.99986267089844,149.28125,149.5625,147.0625,147.78125,2966700,SPY
2000-08-15,93.92109680175781,149.15625,149.8125,148.5625,149.34375,5564600,SPY
2000-08-16,93.58663940429688,148.625,149.9375,147.84375,149.3125,5191600,SPY
2000-08-17,94.57046508789062,150.1875,150.4375,148.34375,148.6875,5652200,SPY
2000-08-18,94.25559997558594,149.6875,150.375,149.21875,150.375,4626400,SPY
2000-08-21,94.76725006103516,150.5,150.71875,149.40625,150.03125,2380600,SPY
2000-08-22,94.60985565185547,150.25,151.3125,150.09375,150.5625,3075300,SPY
2000-08-23,94.98371124267578,150.84375,151.28125,149.28125,149.8125,5483200,SPY
2000-08-24,95.27885437011719,151.3125,151.5,150.5,151.15625,4529000,SPY
2000-08-25,95.23951721191406,151.25,151.625,150.9375,151.15625,2822200,SPY
2000-08-28,95.564208984375,151.765625,152.90625,151.25,151.25,5518700,SPY
2000-08-29,95.58386993408203,151.796875,151.875,150.90625,151.4375,3561900,SPY
2000-08-30,94.66891479492188,150.34375,151.5,150.34375,151.3125,3964800,SPY
2000-08-31,95.92823791503906,152.34375,153.09375,150.90625,151.0625,4863100,SPY
2000-09-01,96.026611328125,152.5,153.59375,152.0,153.25,3191200,SPY
2000-09-05,95.25918579101562,151.28125,152.203125,150.8125,151.875,3470800,SPY
2000-09-06,94.17692565917969,149.5625,151.953125,149.53125,151.1875,4322200,SPY
2000-09-07,94.98371124267578,150.84375,151.078125,149.828125,150.25,4265500,SPY
2000-09-08,94.33436584472656,149.8125,150.5,149.328125,150.28125,3518200,SPY
2000-09-11,94.19659423828125,149.59375,151.1875,148.6875,149.75,3937500,SPY
2000-09-12,93.50788879394531,148.5,150.25,148.4375,149.75,4769100,SPY
2000-09-13,93.75387573242188,148.890625,149.34375,147.65625,148.0,7691600,SPY
2000-09-14,94.22611236572266,149.640625,149.9375,148.15625,149.875,3397100,SPY
2000-09-15,92.16464233398438,146.0,148.25,146.0,148.1875,4085700,SPY
2000-09-18,91.31637573242188,144.65625,146.96875,144.203125,146.375,5109300,SPY
2000-09-19,92.14492797851562,145.96875,146.3125,144.703125,145.125,6588200,SPY
2000-09-20,91.4643325805664,144.890625,146.03125,143.15625,145.6875,6508100,SPY
2000-09-21,90.07357025146484,142.6875,145.5625,142.625,144.46875,5972300,SPY
2000-09-22,91.7109375,145.28125,145.3125,142.421875,142.625,7791300,SPY
2000-09-25,91.05995178222656,144.25,146.0625,143.71875,145.9375,9726300,SPY
2000-09-26,89.89605712890625,142.40625,145.0,142.40625,144.375,5302400,SPY
2000-09-27,90.36947631835938,143.15625,143.96875,142.125,143.5625,7186200,SPY
2000-09-28,91.53338623046875,145.0,146.328125,142.890625,143.1875,7036400,SPY
2000-09-29,90.66535186767578,143.625,145.96875,143.625,145.46875,9333600,SPY
2000-10-02,90.803466796875,143.84375,144.90625,143.140625,144.28125,5517800,SPY
2000-10-03,89.9552230834961,142.5,145.75,142.28125,144.53125,9347200,SPY
2000-10-04,90.70482635498047,143.6875,144.25,141.75,142.875,6148900,SPY
2000-10-05,91.02046966552734,144.1875,144.84375,143.3125,143.40625,4566900,SPY
2000-10-06,89.04778289794922,141.0625,144.640625,139.75,143.875,10014900,SPY
2000-10-09,88.37709045410156,140.0,141.3125,139.375,141.3125,4508000,SPY
2000-10-10,86.9172134399414,137.6875,141.25,137.6875,140.09375,6104700,SPY
2000-10-11,86.18737030029297,136.53125,138.625,135.125,137.625,10346000,SPY
2000-10-12,84.03710174560547,133.125,137.59375,132.78125,137.28125,12336900,SPY
2000-10-13,86.83837127685547,137.5625,137.65625,132.875,132.9375,11778800,SPY
2000-10-16,87.23291015625,138.1875,138.234375,136.6875,137.40625,5659000,SPY
2000-10-17,85.06290435791016,134.75,138.5625,134.40625,138.4375,7831700,SPY
2000-10-18,84.74729919433594,134.25,136.125,130.15625,132.625,10897300,SPY
2000-10-19,87.94307708740234,139.3125,139.453125,136.4375,136.84375,8767300,SPY
2000-10-20,88.31787109375,139.90625,141.1875,138.375,138.375,7373500,SPY
2000-10-23,88.71243286132812,140.53125,141.03125,138.9375,139.9375,5290000,SPY
2000-10-24,88.12065124511719,139.59375,141.9375,139.0,140.96875,5750700,SPY
2000-10-25,86.04923248291016,136.3125,139.5625,136.125,138.75,9137600,SPY
2000-10-26,86.28598022460938,136.6875,137.65625,134.03125,137.125,9345800,SPY
2000-10-27,87.9233627319336,139.28125,139.28125,136.625,137.875,9762900,SPY
2000-10-30,88.71243286132812,140.53125,141.09375,138.15625,138.4375,10154100,SPY
2000-10-31,90.24124908447266,142.953125,143.6875,140.0625,141.015625,7752400,SPY
2000-11-01,89.93547058105469,142.46875,143.25,141.21875,142.25,6753600,SPY
2000-11-02,90.08340454101562,142.703125,143.90625,142.515625,143.15625,11395100,SPY
2000-11-03,90.13275146484375,142.78125,143.75,142.375,143.46875,5187100,SPY
2000-11-06,90.76403045654297,143.78125,144.296875,143.03125,143.15625,4042500,SPY
2000-11-07,90.74430084228516,143.75,144.0,142.5625,143.140625,5231300,SPY
2000-11-08,88.73212432861328,140.5625,144.0625,140.5625,144.0625,6123300,SPY
2000-11-09,88.39677429199219,140.03125,141.21875,137.25,140.0,10635300,SPY
2000-11-10,86.24651336669922,136.625,139.46875,136.53125,139.0,8569500,SPY
2000-11-13,85.5758285522461,135.5625,136.984375,133.015625,135.625,17285300,SPY
2000-11-14,87.82470703125,139.125,139.625,137.0,137.46875,7668900,SPY
2000-11-15,88.10086822509766,139.5625,140.109375,137.75,139.0625,8837700,SPY
2000-11-16,86.71998596191406,137.375,139.875,137.3125,138.578125,6684100,SPY
2000-11-17,86.25640106201172,136.640625,139.0,135.75,137.3125,6551100,SPY
2000-11-20,85.02346801757812,134.6875,136.375,134.3125,135.75,5458500,SPY
2000-11-21,85.45745086669922,135.375,136.1875,133.515625,134.875,7684300,SPY
2000-11-22,83.41566467285156,132.140625,134.875,132.125,134.34375,5736900,SPY
2000-11-24,85.12208557128906,134.84375,134.96875,133.625,133.625,3411600,SPY
2000-11-27,85.87173461914062,136.03125,136.6875,135.3125,136.46875,5992000,SPY
2000-11-28,84.39218139648438,133.6875,136.59375,133.640625,135.125,5336100,SPY
2000-11-29,84.2343978881836,133.4375,135.90625,133.265625,134.375,6914100,SPY
2000-11-30,83.50450134277344,132.28125,133.5,129.75,132.5,11201600,SPY
2000-12-01,83.46498107910156,132.21875,134.0625,131.0,133.1875,7587200,SPY
2000-12-04,84.17518615722656,133.34375,133.875,131.5,131.875,6996600,SPY
2000-12-05,86.93699645996094,137.71875,138.25,134.40625,134.875,8883400,SPY
2000-12-06,85.54627990722656,135.515625,138.34375,135.03125,137.78125,12888000,SPY
2000-12-07,84.37245178222656,133.65625,135.875,133.65625,134.875,6529100,SPY
2000-12-08,84.56970977783203,133.96875,139.46875,133.875,137.0625,10276300,SPY
2000-12-11,87.50910186767578,138.625,139.5625,136.71875,137.375,6405600,SPY
2000-12-12,87.13423156738281,138.03125,138.8125,137.375,138.1875,5022900,SPY
2000-12-13,85.94074249267578,136.140625,139.40625,136.03125,139.25,6070500,SPY
2000-12-14,84.84590911865234,134.40625,136.5,134.03125,135.875,7678400,SPY
2000-12-15,82.92955017089844,130.96875,133.125,130.5625,133.125,9065300,SPY
2000-12-18,84.03759002685547,132.71875,133.46875,131.765625,132.0625,7235400,SPY
2000-12-19,82.32599639892578,130.015625,134.96875,130.015625,132.46875,9616600,SPY
2000-12-20,79.941650390625,126.25,128.9375,126.09375,128.625,9994300,SPY
2000-12-21,80.49568939208984,127.125,128.859375,125.53125,126.0,14331500,SPY
2000-12-22,82.9097671508789,130.9375,131.109375,128.84375,129.0,10182900,SPY
2000-12-26,83.80022430419922,132.34375,132.34375,130.28125,130.84375,4665300,SPY
2000-12-27,84.41360473632812,133.3125,133.734375,131.25,131.75,4854100,SPY
2000-12-28,84.67085266113281,133.71875,133.875,132.59375,132.8125,8358700,SPY
2000-12-29,83.06806945800781,131.1875,134.28125,131.1875,134.0625,8774600,SPY
2001-01-02,81.56416320800781,128.8125,132.15625,127.5625,132.0,8737500,SPY
2001-01-03,85.48216247558594,135.0,136.0,127.65625,128.3125,19431600,SPY
2001-01-04,84.56204986572266,133.546875,135.46875,133.0,134.9375,9219000,SPY
2001-01-05,81.80166625976562,129.1875,133.625,129.1875,133.46875,12911400,SPY
2001-01-08,82.4348373413086,130.1875,130.1875,127.6875,129.875,6625300,SPY
2001-01-09,82.21717071533203,129.84375,131.5,129.421875,131.046875,5702400,SPY
2001-01-10,83.66168212890625,132.125,132.125,128.8125,129.0,8746100,SPY
2001-01-11,83.74085998535156,132.25,133.484375,131.09375,131.09375,7245100,SPY
2001-01-12,83.58251190185547,132.0,133.71875,131.28125,132.6875,7244000,SPY
2001-01-16,84.1167984008789,132.84375,133.1875,131.515625,132.0,8542200,SPY
2001-01-17,84.5026626586914,133.453125,135.046875,132.640625,134.84375,7851400,SPY
2001-01-18,85.3436050415039,134.78125,135.703125,132.9375,133.4375,8107000,SPY
2001-01-19,84.85882568359375,134.015625,136.1875,133.875,136.1875,7782500,SPY
2001-01-22,85.42280578613281,134.90625,135.78125,133.5625,134.25,7050900,SPY
2001-01-23,86.09555053710938,135.96875,136.65625,134.15625,134.46875,8463100,SPY
2001-01-24,86.35276794433594,136.375,137.3125,135.84375,136.25,6199900,SPY
2001-01-25,86.13511657714844,136.03125,137.25,135.65625,136.25,10818300,SPY
2001-01-26,86.03620147705078,135.875,136.125,134.453125,135.15625,7136800,SPY
2001-01-29,86.49524688720703,136.60000610351562,136.89999389648438,135.3699951171875,135.5,6705900,SPY
2001-01-30,87.25511932373047,137.8000030517578,137.9199981689453,135.7899932861328,136.3000030517578,7069100,SPY
2001-01-31,86.76119232177734,137.02000427246094,138.6999969482422,136.60000610351562,137.39999389648438,9706900,SPY
2001-02-01,87.33743286132812,137.92999267578125,137.9499969482422,136.25,137.10000610351562,8239100,SPY
2001-02-02,85.35549926757812,134.8000030517578,137.99000549316406,134.75,137.39999389648438,8276600,SPY
2001-02-05,85.98237609863281,135.7899932861328,135.94000244140625,134.75,134.8000030517578,4352900,SPY
2001-02-06,85.72907257080078,135.38999938964844,136.6999969482422,135.22000122070312,135.3000030517578,7106700,SPY
2001-02-07,85.285888671875,134.69000244140625,135.39999389648438,133.67999267578125,134.72000122070312,5748700,SPY
2001-02-08,84.2917251586914,133.1199951171875,135.39999389648438,133.10000610351562,134.8000030517578,5943300,SPY
2001-02-09,83.48123931884766,131.83999633789062,133.35000610351562,131.25999450683594,133.35000610351562,9913000,SPY
2001-02-12,84.43733978271484,133.35000610351562,133.5,131.6999969482422,131.6999969482422,5804400,SPY
2001-02-13,83.74715423583984,132.25999450683594,134.1699981689453,132.0,133.6999969482422,6587600,SPY
2001-02-14,83.62051391601562,132.05999755859375,132.64999389648438,130.66000366210938,132.64999389648438,8400100,SPY
2001-02-15,84.43103790283203,133.33999633789062,133.52000427246094,131.99000549316406,132.83999633789062,5929800,SPY
2001-02-16,82.56938171386719,130.39999389648438,131.2899932861328,129.3000030517578,131.0,6434900,SPY
2001-02-20,81.29667663574219,128.38999938964844,131.13999938964844,128.10000610351562,131.0399932861328,5760000,SPY
2001-02-21,79.54269409179688,125.62000274658203,128.83999633789062,125.5,127.9000015258789,10910800,SPY
2001-02-22,79.66300964355469,125.80999755859375,126.54000091552734,123.0199966430664,126.3499984741211,21281600,SPY
2001-02-23,79.12478637695312,124.95999908447266,125.54000091552734,121.80000305175781,125.08000183105469,20173000,SPY
2001-02-26,80.80908203125,127.62000274658203,127.62000274658203,124.5,125.80000305175781,11503700,SPY
2001-02-27,80.06193542480469,126.44000244140625,127.83999633789062,125.51000213623047,126.80000305175781,11415000,SPY
2001-02-28,78.4852523803711,123.94999694824219,126.83999633789062,123.2699966430664,126.75,14825800,SPY
2001-03-01,78.89684295654297,124.5999984741211,124.5999984741211,121.75,124.05000305175781,14672000,SPY
2001-03-02,78.26998901367188,123.61000061035156,125.6500015258789,122.30000305175781,122.5,12564300,SPY
2001-03-05,78.98551177978516,124.73999786376953,124.77999877929688,123.80999755859375,124.1500015258789,5293200,SPY
2001-03-06,79.83396911621094,126.08000183105469,127.75,125.48999786376953,126.3499984741211,6917000,SPY
2001-03-07,80.40386962890625,126.9800033569336,127.04000091552734,125.76000213623047,126.9000015258789,6371700,SPY
2001-03-08,80.49250793457031,127.12000274658203,127.23999786376953,126.13999938964844,126.5999984741211,6055000,SPY
2001-03-09,78.11167907714844,123.36000061035156,126.0999984741211,123.11000061035156,126.0999984741211,10020300,SPY
2001-03-12,74.76837921142578,118.08000183105469,122.5,117.75,122.33999633789062,13972900,SPY
2001-03-13,75.99676513671875,120.0199966430664,120.44000244140625,117.52999877929688,119.4000015258789,12888000,SPY
2001-03-14,74.49610137939453,117.6500015258789,119.29000091552734,115.75,117.05000305175781,19883400,SPY
2001-03-15,74.51509857177734,117.68000030517578,118.86000061035156,117.36000061035156,118.44999694824219,10370300,SPY
2001-03-16,73.0205307006836,115.01000213623047,117.4000015258789,114.80999755859375,117.12999725341797,58514600,SPY
2001-03-19,74.5062026977539,117.3499984741211,117.69000244140625,114.81999969482422,115.76000213623047,10067800,SPY
2001-03-20,72.50625610351562,114.19999694824219,118.45999908447266,114.11000061035156,117.9000015258789,15083900,SPY
2001-03-21,71.27452087402344,112.26000213623047,115.26000213623047,111.9000015258789,114.18000030517578,19004600,SPY
2001-03-22,70.55074310302734,111.12000274658203,112.5999984741211,108.04000091552734,112.0199966430664,28624800,SPY
2001-03-23,72.68403625488281,114.4800033569336,114.66000366210938,111.5,113.25,12861700,SPY
2001-03-26,73.61099243164062,115.94000244140625,116.2699966430664,114.7699966430664,115.69999694824219,9943800,SPY
2001-03-27,75.1156997680664,118.30999755859375,118.6500015258789,115.27999877929688,115.62000274658203,12880700,SPY
2001-03-28,73.03958129882812,115.04000091552734,116.94999694824219,114.9000015258789,116.9000015258789,10953300,SPY
2001-03-29,73.31890106201172,115.4800033569336,116.5,112.13999938964844,114.69999694824219,12060300,SPY
2001-03-30,74.087158203125,116.69000244140625,116.69000244140625,114.5,115.55000305175781,9183600,SPY
2001-04-02,72.50625610351562,114.19999694824219,117.37999725341797,113.80000305175781,116.30000305175781,10561000,SPY
2001-04-03,70.08726501464844,110.38999938964844,114.1500015258789,110.05999755859375,113.9800033569336,12836000,SPY
2001-04-04,70.37930297851562,110.8499984741211,112.0999984741211,109.30000305175781,110.56999969482422,14884300,SPY
2001-04-05,73.04593658447266,115.05000305175781,115.48999786376953,112.5,113.30000305175781,21522800,SPY
2001-04-06,71.934814453125,113.30000305175781,114.4000015258789,112.05999755859375,113.98999786376953,14937800,SPY
2001-04-09,72.73480987548828,114.55999755859375,114.98999786376953,112.77999877929688,114.0,9034300,SPY
2001-04-10,74.06172943115234,116.6500015258789,117.75,115.16999816894531,115.44999694824219,17873600,SPY
2001-04-11,74.11255645751953,116.7300033569336,118.98999786376953,116.13999938964844,118.77999877929688,12722300,SPY
2001-04-12,75.45858001708984,118.8499984741211,118.94000244140625,115.95999908447266,116.30000305175781,9233200,SPY
2001-04-16,74.66492462158203,117.5999984741211,118.88999938964844,116.91000366210938,118.29000091552734,7350000,SPY
2001-04-17,75.7188491821289,119.26000213623047,119.66000366210938,117.0199966430664,117.30999755859375,10924700,SPY
2001-04-18,78.72835540771484,124.0,126.0,120.69000244140625,121.05999755859375,32481600,SPY
2001-04-19,79.77589416503906,125.6500015258789,125.83999633789062,123.58000183105469,124.25,13809900,SPY
2001-04-20,79.0457992553711,124.5,125.4000015258789,123.66000366210938,124.9000015258789,7626700,SPY
2001-04-23,77.61087799072266,122.23999786376953,123.88999938964844,121.91000366210938,123.6500015258789,8451800,SPY
2001-04-24,77.19182586669922,121.58000183105469,123.6500015258789,121.0999984741211,122.5199966430664,10044700,SPY
2001-04-25,78.20134735107422,123.16999816894531,123.66999816894531,120.94999694824219,121.41999816894531,8249000,SPY
2001-04-26,78.5505599975586,123.72000122070312,125.22000122070312,123.5,123.7300033569336,10590400,SPY
2001-04-27,79.85844421386719,125.77999877929688,125.83999633789062,124.19999694824219,124.91999816894531,7938700,SPY
2001-04-30,80.41719055175781,126.66000366210938,127.2699966430664,124.66999816894531,126.44999694824219,10766900,SPY
2001-05-01,80.66476440429688,127.05000305175781,127.1500015258789,124.5999984741211,125.06999969482422,10578000,SPY
2001-05-02,80.51876068115234,126.81999969482422,127.69000244140625,126.0,127.41000366210938,9572900,SPY
2001-05-03,79.4965591430664,125.20999908447266,126.1500015258789,124.22000122070312,126.12999725341797,9926200,SPY
2001-05-04,80.8488998413086,127.33999633789062,127.3499984741211,123.44000244140625,123.6500015258789,12145300,SPY
2001-05-07,80.15048217773438,126.23999786376953,127.37999725341797,126.2300033569336,126.86000061035156,7185200,SPY
2001-05-08,80.11239624023438,126.18000030517578,127.0999984741211,125.55999755859375,126.86000061035156,6952600,SPY
2001-05-09,79.77589416503906,125.6500015258789,126.55000305175781,125.05999755859375,125.25,9507400,SPY
2001-05-10,80.01082611083984,126.0199966430664,127.5,125.7699966430664,127.26000213623047,6872400,SPY
2001-05-11,79.45848083496094,125.1500015258789,126.48999786376953,124.4000015258789,126.0,7734400,SPY
2001-05-14,79.61717987060547,125.4000015258789,125.44000244140625,124.45999908447266,124.9000015258789,7914000,SPY
2001-05-15,79.98544311523438,125.9800033569336,126.5,124.8499984741211,125.55000305175781,9782200,SPY
2001-05-16,81.87113189697266,128.9499969482422,129.1999969482422,124.62000274658203,124.83999633789062,14909000,SPY
2001-05-17,81.99807739257812,129.14999389648438,130.0800018310547,128.55999755859375,129.0,11824600,SPY
2001-05-18,82.3727035522461,129.74000549316406,129.74000549316406,128.10000610351562,129.08999633789062,6683100,SPY
2001-05-21,83.58535766601562,131.64999389648438,131.83999633789062,129.14999389648438,129.83999633789062,11531500,SPY
2001-05-22,83.47743225097656,131.47999572753906,132.08999633789062,131.07000732421875,131.8300018310547,8342700,SPY
2001-05-23,82.06155395507812,129.25,131.0500030517578,129.25,131.0500030517578,12330800,SPY
2001-05-24,82.30282592773438,129.6300048828125,130.0,128.5500030517578,129.47000122070312,7902800,SPY
2001-05-25,81.33143615722656,128.10000610351562,129.6999969482422,127.9000015258789,129.64999389648438,7425000,SPY
2001-05-29,80.68385314941406,127.08000183105469,128.35000610351562,126.9000015258789,128.22000122070312,9003900,SPY
2001-05-30,79.55371856689453,125.30000305175781,127.08999633789062,125.0,126.58999633789062,10041800,SPY
2001-05-31,79.96637725830078,125.94999694824219,126.76000213623047,125.26000213623047,125.43000030517578,9874200,SPY
2001-06-01,80.46162414550781,126.7300033569336,127.0999984741211,125.12000274658203,126.19999694824219,8848300,SPY
2001-06-04,80.8488998413086,127.33999633789062,127.43000030517578,126.08000183105469,126.80000305175781,5623500,SPY
2001-06-05,81.7758560180664,128.8000030517578,129.22999572753906,127.2699966430664,127.48999786376953,9115400,SPY
2001-06-06,81.09651184082031,127.7300033569336,128.8300018310547,127.36000061035156,128.8300018310547,12064900,SPY
2001-06-07,81.38858032226562,128.19000244140625,128.35000610351562,127.0,127.05000305175781,7355300,SPY
2001-06-08,80.63300323486328,127.0,127.87000274658203,126.13999938964844,127.69999694824219,8170600,SPY
2001-06-11,80.06160736083984,126.0999984741211,126.98999786376953,125.41000366210938,126.70999908447266,7012200,SPY
2001-06-12,79.92195129394531,125.87999725341797,126.73999786376953,124.04000091552734,124.86000061035156,9364400,SPY
2001-06-13,79.23625183105469,124.80000305175781,126.58000183105469,124.6500015258789,126.16999816894531,7629400,SPY
2001-06-14,77.45852661132812,122.0,124.30000305175781,121.75,124.18000030517578,12603000,SPY
2001-06-15,77.58329010009766,121.8499984741211,122.4000015258789,120.4000015258789,120.91000366210938,16821100,SPY
2001-06-18,77.20767974853516,121.26000213623047,122.44000244140625,120.91000366210938,121.6500015258789,11368300,SPY
2001-06-19,77.54508209228516,121.79000091552734,122.88999938964844,120.88999938964844,122.37999725341797,7732300,SPY
2001-06-20,77.95257568359375,122.43000030517578,122.86000061035156,121.0999984741211,121.19000244140625,8787200,SPY
2001-06-21,78.83760070800781,123.81999969482422,124.30999755859375,122.1500015258789,122.22000122070312,12259100,SPY
2001-06-22,78.22003173828125,122.8499984741211,123.58999633789062,122.16000366210938,123.48999786376953,12212000,SPY
2001-06-25,77.50052642822266,121.72000122070312,123.44000244140625,121.5,123.27999877929688,8406800,SPY
2001-06-26,77.39228057861328,121.55000305175781,122.38999938964844,120.56999969482422,120.9000015258789,8005800,SPY
2001-06-27,77.34772491455078,121.4800033569336,122.23999786376953,120.91000366210938,121.5999984741211,10105100,SPY
2001-06-28,77.77433776855469,122.1500015258789,123.94000244140625,121.93000030517578,122.0,10269300,SPY
2001-06-29,78.06083679199219,122.5999984741211,124.01000213623047,122.26000213623047,122.80000305175781,9824200,SPY
2001-07-02,79.0350112915039,124.12999725341797,124.31999969482422,122.62000274658203,122.80000305175781,8522200,SPY
2001-07-03,79.01589965820312,124.0999984741211,124.0999984741211,123.05000305175781,123.9800033569336,3303100,SPY
2001-07-05,77.47506713867188,121.68000030517578,123.6500015258789,121.66000366210938,123.06999969482422,5517900,SPY
2001-07-06,75.80052947998047,119.05000305175781,121.48999786376953,119.05000305175781,121.30999755859375,11665900,SPY
2001-07-09,76.21439361572266,119.69999694824219,120.54000091552734,119.19999694824219,119.48999786376953,8339300,SPY
2001-07-10,75.29749298095703,118.26000213623047,120.63999938964844,118.20999908447266,120.29000091552734,8630700,SPY
2001-07-11,75.37393188476562,118.37999725341797,118.88999938964844,117.08999633789062,118.0999984741211,15328600,SPY
2001-07-12,77.16307830810547,121.19000244140625,121.47000122070312,119.30999755859375,119.5,12002800,SPY
2001-07-13,77.83160400390625,122.23999786376953,122.31999969482422,120.62000274658203,120.83999633789062,10433800,SPY
2001-07-16,76.85749816894531,120.70999908447266,122.27999877929688,120.29000091552734,121.7699966430664,6915300,SPY
2001-07-17,77.57693481445312,121.83999633789062,121.94999694824219,119.83000183105469,120.19999694824219,7469800,SPY
2001-07-18,77.0484390258789,121.01000213623047,121.63999938964844,120.05999755859375,120.55999755859375,7709300,SPY
2001-07-19,77.7233657836914,122.06999969482422,122.9800033569336,120.76000213623047,122.18000030517578,10082900,SPY
2001-07-20,77.25858306884766,121.33999633789062,121.94000244140625,120.91999816894531,121.1500015258789,6705800,SPY
2001-07-23,75.73683166503906,118.94999694824219,121.87999725341797,118.94999694824219,121.80000305175781,8065200,SPY
2001-07-24,75.004638671875,117.80000305175781,119.19999694824219,116.75,119.0,12269000,SPY
2001-07-25,75.83236694335938,119.0999984741211,119.4800033569336,117.45999908447266,117.91999816894531,12088500,SPY
2001-07-26,76.62823486328125,120.3499984741211,120.8499984741211,118.55999755859375,119.05999755859375,12898200,SPY
2001-07-27,76.92112731933594,120.80999755859375,121.3499984741211,119.91000366210938,120.83000183105469,8478800,SPY
2001-07-30,76.94658660888672,120.8499984741211,121.3499984741211,120.30000305175781,121.19000244140625,8547700,SPY
2001-07-31,77.26493835449219,121.3499984741211,122.68000030517578,120.80000305175781,121.0,11918100,SPY
2001-08-01,77.7488784790039,122.11000061035156,122.69999694824219,121.55000305175781,121.97000122070312,11940800,SPY
2001-08-02,78.06719970703125,122.61000061035156,123.25,121.88999938964844,123.2300033569336,11070100,SPY
2001-08-03,77.64064025878906,121.94000244140625,122.36000061035156,120.9000015258789,122.36000061035156,10816300,SPY
2001-08-06,76.59639739990234,120.30000305175781,121.51000213623047,120.0999984741211,121.3499984741211,8550100,SPY
2001-08-07,76.8956527709961,120.7699966430664,121.19999694824219,119.91000366210938,120.2699966430664,8865100,SPY
2001-08-08,75.46945190429688,118.52999877929688,121.16000366210938,118.43000030517578,120.12000274658203,15183800,SPY
2001-08-09,75.6922607421875,118.87999725341797,118.97000122070312,117.86000061035156,118.69999694824219,14118500,SPY
2001-08-10,75.95333099365234,119.29000091552734,119.83999633789062,117.33999633789062,118.80000305175781,11173300,SPY
2001-08-13,75.97241973876953,119.31999969482422,119.8499984741211,118.80999755859375,119.5999984741211,7431600,SPY
2001-08-14,75.94058227539062,119.2699966430664,120.3499984741211,118.80000305175781,120.13999938964844,13178100,SPY
2001-08-15,75.28477478027344,118.23999786376953,119.61000061035156,118.08000183105469,119.2300033569336,8520600,SPY
2001-08-16,75.54582977294922,118.6500015258789,118.75,117.0,117.80000305175781,10734700,SPY
2001-08-17,74.33611297607422,116.75,117.87000274658203,116.01000213623047,117.6500015258789,11604600,SPY
2001-08-20,75.02373504638672,117.83000183105469,117.9000015258789,116.55000305175781,116.80000305175781,10417400,SPY
2001-08-21,73.74392700195312,115.81999969482422,118.54000091552734,115.80000305175781,117.80000305175781,14480800,SPY
2001-08-22,74.50798797607422,117.0199966430664,117.43000030517578,115.77999877929688,116.75,11752300,SPY
2001-08-23,74.2406005859375,116.5999984741211,117.5199966430664,116.48999786376953,116.95999908447266,8744100,SPY
2001-08-24,75.78137969970703,119.0199966430664,119.12999725341797,116.73999786376953,117.20999908447266,11687700,SPY
2001-08-27,75.32933044433594,118.30999755859375,119.19999694824219,118.26000213623047,118.97000122070312,7425100,SPY
2001-08-28,74.2278060913086,116.58000183105469,118.48999786376953,116.58000183105469,118.27999877929688,12046600,SPY
2001-08-29,73.5656509399414,115.54000091552734,117.18000030517578,115.16999816894531,117.12999725341797,16180000,SPY
2001-08-30,72.15215301513672,113.31999969482422,115.73999786376953,112.04000091552734,114.8499984741211,17692600,SPY
2001-08-31,72.68064880371094,114.1500015258789,114.7699966430664,113.12999725341797,113.4000015258789,15985400,SPY
2001-09-04,72.2158203125,113.41999816894531,116.16999816894531,113.37000274658203,113.8499984741211,24473400,SPY
2001-09-05,72.39410400390625,113.69999694824219,114.19000244140625,111.94999694824219,113.69999694824219,21477100,SPY
2001-09-06,70.52852630615234,110.7699966430664,113.30000305175781,110.7699966430664,112.6500015258789,21653000,SPY
2001-09-07,69.2232666015625,108.72000122070312,111.25,108.62999725341797,110.0199966430664,33133900,SPY
2001-09-10,70.07011413574219,110.05000305175781,110.3499984741211,107.69999694824219,107.69999694824219,23408700,SPY
2001-09-17,66.40899658203125,104.30000305175781,106.4000015258789,100.0,101.0,32388700,SPY
2001-09-18,66.24984741210938,104.05000305175781,105.30000305175781,103.36000061035156,104.33000183105469,22029200,SPY
2001-09-19,64.9127426147461,101.94999694824219,104.5,98.55999755859375,104.0999984741211,42771800,SPY
2001-09-20,62.849822998046875,98.70999908447266,101.80999755859375,98.55999755859375,100.4000015258789,36210900,SPY
2001-09-21,62.17170333862305,97.27999877929688,98.98999786376953,93.80000305175781,94.27999877929688,49782100,SPY
2001-09-24,64.35743713378906,100.69999694824219,101.16000366210938,99.05999755859375,99.72000122070312,25549600,SPY
2001-09-25,65.02848052978516,101.75,102.0,99.9000015258789,100.75,25466200,SPY
2001-09-26,64.79839324951172,101.38999938964844,102.4000015258789,100.43000030517578,102.3499984741211,18587500,SPY
2001-09-27,65.3608169555664,102.2699966430664,102.29000091552734,100.0,101.25,20536800,SPY
2001-09-28,66.7476806640625,104.44000244140625,109.62000274658203,102.5,102.9800033569336,21687200,SPY
2001-10-01,66.63906860351562,104.2699966430664,104.31999969482422,102.83000183105469,103.9000015258789,20457400,SPY
2001-10-02,67.47625732421875,105.58000183105469,105.58000183105469,103.6500015258789,104.0,19833100,SPY
2001-10-03,68.6074447631836,107.3499984741211,107.87999725341797,104.3499984741211,104.5999984741211,32045800,SPY
2001-10-04,68.6649398803711,107.44000244140625,108.97000122070312,106.75,108.29000091552734,32674100,SPY
2001-10-05,68.53079223632812,107.2300033569336,107.62000274658203,105.5199966430664,107.25,29796100,SPY
2001-10-08,68.08338165283203,106.52999877929688,107.30000305175781,105.87000274658203,106.2699966430664,12970300,SPY
2001-10-09,67.71912384033203,105.95999908447266,106.75,105.5999984741211,106.61000061035156,15976300,SPY
2001-10-10,69.2273941040039,108.31999969482422,108.55000305175781,105.5199966430664,105.80000305175781,19987400,SPY
2001-10-11,70.30109405517578,110.0,110.30000305175781,108.94999694824219,108.94999694824219,23006300,SPY
2001-10-12,69.98149871826172,109.5,109.88999938964844,107.30000305175781,109.1500015258789,31360500,SPY
2001-10-15,69.85372924804688,109.30000305175781,109.44999694824219,108.05999755859375,108.62999725341797,16873000,SPY
2001-10-16,70.29468536376953,109.98999786376953,110.61000061035156,108.94999694824219,109.80000305175781,15877100,SPY
2001-10-17,68.7991714477539,107.6500015258789,111.1500015258789,107.6500015258789,111.06999969482422,28542300,SPY
2001-10-18,68.65220642089844,107.41999816894531,108.16000366210938,106.75,107.81999969482422,16510000,SPY
2001-10-19,68.6074447631836,107.3499984741211,107.91000366210938,106.01000213623047,107.0,21912500,SPY
2001-10-22,69.9623794555664,109.47000122070312,109.56999969482422,107.20999908447266,107.30000305175781,17540600,SPY
2001-10-23,69.6044921875,108.91000366210938,110.27999877929688,108.37999725341797,109.95999908447266,22062500,SPY
2001-10-24,69.41909790039062,108.62000274658203,109.44999694824219,108.22000122070312,108.9800033569336,16065200,SPY
2001-10-25,70.66536712646484,110.56999969482422,110.5999984741211,106.73999786376953,107.44999694824219,27467900,SPY
2001-10-26,70.50559997558594,110.31999969482422,111.79000091552734,109.66999816894531,109.94999694824219,18623300,SPY
2001-10-29,68.67135620117188,107.44999694824219,110.55000305175781,107.44999694824219,110.16000366210938,18727500,SPY
2001-10-30,67.84689331054688,106.16000366210938,107.69999694824219,105.55999755859375,107.3499984741211,26178600,SPY
2001-10-31,67.61682891845703,105.80000305175781,107.86000061035156,105.80000305175781,106.9000015258789,28124200,SPY
2001-11-01,69.34879302978516,108.51000213623047,109.01000213623047,105.69999694824219,106.5999984741211,29806800,SPY
2001-11-02,69.82174682617188,109.25,109.37999725341797,107.87000274658203,108.44000244140625,17575900,SPY
2001-11-05,70.73564147949219,110.68000030517578,111.08999633789062,109.94999694824219,110.12000274658203,15929500,SPY
2001-11-06,71.83489990234375,112.4000015258789,112.4800033569336,109.8499984741211,110.3499984741211,23245800,SPY
2001-11-07,71.73906707763672,112.25,113.12000274658203,111.63999938964844,111.7699966430664,19716000,SPY
2001-11-08,71.96270751953125,112.5999984741211,114.08000183105469,111.9000015258789,112.87000274658203,22563500,SPY
2001-11-09,72.03942108154297,112.72000122070312,112.95999908447266,111.44000244140625,112.25,15895800,SPY
2001-11-12,71.59844970703125,112.02999877929688,112.6500015258789,110.0,111.0,26068800,SPY
2001-11-13,73.20896911621094,114.55000305175781,114.55000305175781,113.18000030517578,113.44000244140625,15296200,SPY
2001-11-14,73.27928924560547,114.66000366210938,115.4000015258789,113.70999908447266,115.16999816894531,17571300,SPY
2001-11-15,73.41352081298828,114.87000274658203,115.18000030517578,113.93000030517578,114.37000274658203,19470200,SPY
2001-11-16,73.08755493164062,114.36000061035156,115.0999984741211,113.4000015258789,115.08000183105469,18134900,SPY
2001-11-19,73.9886474609375,115.7699966430664,115.8499984741211,114.44999694824219,114.91999816894531,13625400,SPY
2001-11-20,73.36874389648438,114.80000305175781,115.80000305175781,114.63999938964844,115.37000274658203,16209700,SPY
2001-11-21,72.88302612304688,114.04000091552734,114.66999816894531,113.51000213623047,114.5,11470200,SPY
2001-11-23,73.93115234375,115.68000030517578,115.75,114.0,114.04000091552734,6717100,SPY
2001-11-26,74.09090423583984,115.93000030517578,116.33999633789062,115.06999969482422,115.75,13726000,SPY
2001-11-27,73.77143096923828,115.43000030517578,116.9000015258789,114.08999633789062,115.62000274658203,19261400,SPY
2001-11-28,72.43570709228516,113.33999633789062,115.16999816894531,113.25,114.73999786376953,20195500,SPY
2001-11-29,73.41352081298828,114.87000274658203,114.91999816894531,113.0,113.66000366210938,16354700,SPY
2001-11-30,72.88938903808594,114.05000305175781,114.91000366210938,114.0199966430664,114.4000015258789,13680300,SPY
2001-12-03,72.45484924316406,113.37000274658203,114.08000183105469,113.01000213623047,113.6500015258789,15220400,SPY
2001-12-04,73.68193054199219,115.29000091552734,115.30000305175781,113.3499984741211,113.91999816894531,17239900,SPY
2001-12-05,75.03041076660156,117.4000015258789,118.0,115.55999755859375,115.61000061035156,25204000,SPY
2001-12-06,74.99205017089844,117.33999633789062,117.94000244140625,116.93000030517578,117.33999633789062,17972900,SPY
2001-12-07,74.4935531616211,116.55999755859375,117.08999633789062,115.69999694824219,116.9000015258789,18857800,SPY
2001-12-10,73.1003646850586,114.37999725341797,116.38999938964844,114.3499984741211,115.8499984741211,13862700,SPY
2001-12-11,72.9533462524414,114.1500015258789,115.72000122070312,113.9000015258789,114.9000015258789,20833300,SPY
2001-12-12,73.03642272949219,114.27999877929688,114.77999877929688,113.11000061035156,114.55000305175781,16171500,SPY
2001-12-13,71.61761474609375,112.05999755859375,113.69999694824219,112.04000091552734,113.44999694824219,19026700,SPY
2001-12-14,72.30146026611328,113.12999725341797,113.48999786376953,112.0,112.33000183105469,16721900,SPY
2001-12-17,73.04918670654297,114.30000305175781,114.36000061035156,112.9000015258789,112.98999786376953,13925900,SPY
2001-12-18,73.4837875366211,114.9800033569336,115.1500015258789,114.33999633789062,114.62999725341797,13663700,SPY
2001-12-19,74.00148010253906,115.79000091552734,115.91999816894531,114.0,114.08999633789062,20143400,SPY
2001-12-20,73.27287292480469,114.6500015258789,115.80000305175781,114.55000305175781,115.5,14867900,SPY
2001-12-21,73.71728515625,114.94999694824219,115.06999969482422,114.19999694824219,115.02999877929688,14037700,SPY
2001-12-24,73.57622528076172,114.7300033569336,115.04000091552734,114.61000061035156,114.83000183105469,5728800,SPY
2001-12-26,73.98021697998047,115.36000061035156,116.20999908447266,114.6500015258789,114.6500015258789,10304800,SPY
2001-12-27,74.42913055419922,116.05999755859375,116.08000183105469,115.25,115.30000305175781,9407300,SPY
2001-12-28,74.39068603515625,116.0,116.75,115.91999816894531,116.29000091552734,10593800,SPY
2001-12-31,73.30046844482422,114.30000305175781,116.38999938964844,114.2300033569336,116.1500015258789,14619500,SPY
2002-01-02,74.08927917480469,115.52999877929688,115.75,113.80999755859375,115.11000061035156,18651900,SPY
2002-01-03,74.92933654785156,116.83999633789062,116.94999694824219,115.54000091552734,115.6500015258789,15743000,SPY
2002-01-04,75.4295654296875,117.62000274658203,117.9800033569336,116.55000305175781,117.16999816894531,20140700,SPY
2002-01-07,74.8973159790039,116.79000091552734,117.98999786376953,116.55999755859375,117.69999694824219,13106500,SPY
2002-01-08,74.72415924072266,116.5199966430664,117.05999755859375,115.97000122070312,116.79000091552734,12683700,SPY
2002-01-09,74.11490631103516,115.56999969482422,117.77999877929688,115.33999633789062,116.68000030517578,16610300,SPY
2002-01-10,74.44200134277344,116.08000183105469,116.3499984741211,115.30000305175781,115.69000244140625,12823400,SPY
2002-01-11,73.71087646484375,114.94000244140625,116.27999877929688,114.69999694824219,116.20999908447266,13708400,SPY
2002-01-14,73.2491455078125,114.22000122070312,114.83999633789062,113.95999908447266,114.6500015258789,12301100,SPY
2002-01-15,73.84556579589844,115.1500015258789,115.38999938964844,113.9000015258789,114.55000305175781,20219900,SPY
2002-01-16,72.35135650634766,112.81999969482422,114.4000015258789,112.69000244140625,114.30000305175781,17067000,SPY
2002-01-17,72.89644622802734,113.66999816894531,114.23999786376953,113.4000015258789,113.76000213623047,17283400,SPY
2002-01-18,72.56297302246094,113.1500015258789,113.8499984741211,112.66999816894531,113.0,17028000,SPY
2002-01-22,72.06275939941406,112.37000274658203,113.93000030517578,112.0199966430664,113.75,11689300,SPY
2002-01-23,72.61428833007812,113.2300033569336,113.55000305175781,112.0199966430664,112.62999725341797,12438900,SPY
2002-01-24,72.83873748779297,113.58000183105469,114.25,113.31999969482422,113.63999938964844,12142800,SPY
2002-01-25,72.81952667236328,113.55000305175781,114.18000030517578,113.04000091552734,113.12000274658203,12810700,SPY
2002-01-28,73.01830291748047,113.86000061035156,114.19000244140625,112.91999816894531,113.9000015258789,10589200,SPY
2002-01-29,70.72242736816406,110.27999877929688,114.12999725341797,110.05000305175781,113.8499984741211,27720800,SPY
2002-01-30,71.74208068847656,111.87000274658203,113.38999938964844,108.4000015258789,110.38999938964844,34711800,SPY
2002-01-31,72.58220672607422,113.18000030517578,113.30000305175781,111.62000274658203,112.1500015258789,19909200,SPY
2002-02-01,72.2423095703125,112.6500015258789,113.30000305175781,112.16999816894531,113.08999633789062,15838500,SPY
2002-02-04,70.44670104980469,109.8499984741211,112.2300033569336,109.44000244140625,112.2300033569336,24243400,SPY
2002-02-05,70.01061248779297,109.16999816894531,110.48999786376953,108.52999877929688,109.4000015258789,33614000,SPY
2002-02-06,69.70916748046875,108.69999694824219,109.73999786376953,108.05999755859375,109.6500015258789,29486000,SPY
2002-02-07,69.27310943603516,108.0199966430664,109.86000061035156,108.0,108.72000122070312,23445400,SPY
2002-02-08,70.60059356689453,110.08999633789062,110.75,108.30000305175781,108.62999725341797,19277800,SPY
2002-02-11,71.46635437011719,111.44000244140625,111.63999938964844,109.81999969482422,110.05000305175781,18792400,SPY
2002-02-12,71.24187469482422,111.08999633789062,111.70999908447266,110.02999877929688,110.95999908447266,13942500,SPY
2002-02-13,71.99861907958984,112.2699966430664,112.54000091552734,111.3499984741211,111.4800033569336,16781100,SPY
2002-02-14,71.86397552490234,112.05999755859375,112.97000122070312,111.58999633789062,112.51000213623047,20453800,SPY
2002-02-15,71.11363983154297,110.88999938964844,112.23999786376953,110.70999908447266,112.1500015258789,18366800,SPY
2002-02-19,69.7476806640625,108.76000213623047,110.29000091552734,108.61000061035156,110.1500015258789,15988100,SPY
2002-02-20,70.92121887207031,110.58999633789062,110.58999633789062,107.81999969482422,109.05000305175781,29242800,SPY
2002-02-21,69.45267486572266,108.30000305175781,110.62999725341797,108.26000213623047,109.93000030517578,26288600,SPY
2002-02-22,70.31199645996094,109.63999938964844,109.94000244140625,107.87000274658203,108.3499984741211,26572900,SPY
2002-02-25,71.47274017333984,111.44999694824219,111.80999755859375,109.69999694824219,109.73999786376953,17458700,SPY
2002-02-26,71.32525634765625,111.22000122070312,112.04000091552734,110.56999969482422,111.5999984741211,22346500,SPY
2002-02-27,71.60099792480469,111.6500015258789,112.86000061035156,110.6500015258789,111.95999908447266,28597900,SPY
2002-02-28,71.28038787841797,111.1500015258789,112.75,111.02999877929688,111.83000183105469,23755400,SPY
2002-03-01,72.94132232666016,113.73999786376953,113.8499984741211,111.51000213623047,111.72000122070312,26273600,SPY
2002-03-04,74.23033905029297,115.75,115.98999786376953,113.6500015258789,113.9000015258789,27184600,SPY
2002-03-05,73.99304962158203,115.37999725341797,116.4000015258789,114.97000122070312,115.33000183105469,22718900,SPY
2002-03-06,74.87167358398438,116.75,117.1500015258789,115.06999969482422,115.0999984741211,20143200,SPY
2002-03-07,74.7113265991211,116.5,117.5,115.56999969482422,117.36000061035156,19330800,SPY
2002-03-08,75.02556610107422,116.98999786376953,117.9000015258789,116.4800033569336,117.37999725341797,19930100,SPY
2002-03-11,75.18590545654297,117.23999786376953,117.9000015258789,116.43000030517578,116.88999938964844,15621800,SPY
2002-03-12,75.1410140991211,117.16999816894531,117.25,115.94000244140625,116.0999984741211,17153600,SPY
2002-03-13,74.41634368896484,116.04000091552734,116.75,115.63999938964844,116.62999725341797,17175300,SPY
2002-03-14,74.31373596191406,115.87999725341797,116.43000030517578,115.62999725341797,116.04000091552734,11168100,SPY
2002-03-15,75.02179718017578,116.6500015258789,116.94999694824219,115.9000015258789,115.97000122070312,21220100,SPY
2002-03-18,75.03466033935547,116.66999816894531,117.55999755859375,116.0999984741211,117.0999984741211,17548900,SPY
2002-03-19,75.53631591796875,117.44999694824219,117.73999786376953,116.81999969482422,117.30000305175781,17912000,SPY
2002-03-20,74.11497497558594,115.23999786376953,116.58000183105469,115.19000244140625,116.5,17114500,SPY
2002-03-21,74.14715576171875,115.29000091552734,115.9000015258789,114.12000274658203,115.30000305175781,25846800,SPY
2002-03-22,73.98636627197266,115.04000091552734,115.94000244140625,114.69999694824219,115.5,15235400,SPY
2002-03-25,73.06668853759766,113.61000061035156,115.36000061035156,113.30000305175781,115.08999633789062,17499600,SPY
2002-03-26,73.49112701416016,114.2699966430664,115.0199966430664,113.47000122070312,113.5199966430664,19947600,SPY
2002-03-27,73.68407440185547,114.56999969482422,115.01000213623047,113.76000213623047,114.02999877929688,19020300,SPY
2002-03-28,73.65191650390625,114.5199966430664,115.7699966430664,114.5,114.97000122070312,17532900,SPY
2002-04-01,73.68407440185547,114.56999969482422,115.0999984741211,113.5,114.2300033569336,17711000,SPY
2002-04-02,73.27892303466797,113.94000244140625,114.94999694824219,113.7699966430664,113.9800033569336,15669500,SPY
2002-04-03,72.76441192626953,113.13999938964844,114.20999908447266,112.16000366210938,114.01000213623047,25658500,SPY
2002-04-04,72.46212005615234,112.66999816894531,113.4000015258789,112.2300033569336,112.5999984741211,23549000,SPY
2002-04-05,72.4749755859375,112.69000244140625,113.62999725341797,112.18000030517578,113.19000244140625,19404900,SPY
2002-04-08,72.62934875488281,112.93000030517578,113.02999877929688,111.2300033569336,111.31999969482422,16470100,SPY
2002-04-09,72.12129211425781,112.13999938964844,113.18000030517578,111.93000030517578,113.18000030517578,15122700,SPY
2002-04-10,72.93806457519531,113.41000366210938,113.54000091552734,112.08999633789062,112.0999984741211,17199300,SPY
2002-04-11,71.1244125366211,110.58999633789062,113.05000305175781,110.5,112.88999938964844,25453700,SPY
2002-04-12,71.65819549560547,111.41999816894531,111.6500015258789,110.04000091552734,111.0199966430664,14950600,SPY
2002-04-15,71.1115493774414,110.56999969482422,111.86000061035156,110.19999694824219,111.62000274658203,17394900,SPY
2002-04-16,72.802978515625,113.19999694824219,113.31999969482422,111.66999816894531,111.69999694824219,15040900,SPY
2002-04-17,72.64864349365234,112.95999908447266,113.66999816894531,112.5999984741211,113.38999938964844,12920100,SPY
2002-04-18,72.33349609375,112.47000122070312,113.45999908447266,111.1500015258789,112.9000015258789,25204800,SPY
2002-04-19,72.59718322753906,112.87999725341797,113.23999786376953,112.55999755859375,113.19999694824219,10499200,SPY
2002-04-22,71.38806915283203,111.0,112.43000030517578,110.83999633789062,112.37999725341797,13922900,SPY
2002-04-23,71.07938385009766,110.5199966430664,111.4800033569336,110.16999816894531,111.08999633789062,16967000,SPY
2002-04-24,70.36549377441406,109.41000366210938,111.80999755859375,109.4000015258789,110.55999755859375,18902700,SPY
2002-04-25,70.40412139892578,109.47000122070312,109.73999786376953,108.72000122070312,109.20999908447266,25451500,SPY
2002-04-26,69.06636810302734,107.38999938964844,110.01000213623047,107.29000091552734,109.79000091552734,19769800,SPY
2002-04-29,68.72550964355469,106.86000061035156,108.26000213623047,106.62999725341797,107.93000030517578,17724400,SPY
2002-04-30,69.36863708496094,107.86000061035156,108.63999938964844,106.63999938964844,107.0199966430664,19473500,SPY
2002-05-01,70.21758270263672,109.18000030517578,109.25,106.80000305175781,107.97000122070312,24575600,SPY
2002-05-02,69.94747161865234,108.76000213623047,109.91000366210938,107.77999877929688,109.0999984741211,15666800,SPY
2002-05-03,69.18858337402344,107.58000183105469,108.76000213623047,107.19999694824219,108.5999984741211,18185500,SPY
2002-05-06,67.83157348632812,105.47000122070312,107.98999786376953,105.30999755859375,107.63999938964844,23630400,SPY
2002-05-07,67.59358215332031,105.0999984741211,106.31999969482422,104.9000015258789,106.0999984741211,21910000,SPY
2002-05-08,70.10824584960938,109.01000213623047,109.36000061035156,106.79000091552734,107.05000305175781,27917400,SPY
2002-05-09,69.29788970947266,107.75,109.0999984741211,107.58000183105469,108.6500015258789,18085600,SPY
2002-05-10,67.99234008789062,105.72000122070312,108.05000305175781,105.5999984741211,107.97000122070312,18958900,SPY
2002-05-13,69.37509155273438,107.87000274658203,107.94999694824219,105.79000091552734,106.22000122070312,14677700,SPY
2002-05-14,70.8864517211914,110.22000122070312,110.37000274658203,109.0,109.62000274658203,34201200,SPY
2002-05-15,70.6098861694336,109.79000091552734,110.91000366210938,109.29000091552734,109.5,29535300,SPY
2002-05-16,70.9764633178711,110.36000061035156,110.4800033569336,109.33000183105469,109.69999694824219,28092000,SPY
2002-05-17,71.32378387451172,110.9000015258789,111.25,110.0999984741211,110.66000366210938,27823700,SPY
2002-05-20,70.552001953125,109.69999694824219,110.69000244140625,109.48999786376953,110.63999938964844,13833800,SPY
2002-05-21,69.90887451171875,108.69999694824219,110.4800033569336,108.31999969482422,110.11000061035156,16877200,SPY
2002-05-22,70.06326293945312,108.94000244140625,109.12000274658203,108.0,108.22000122070312,15844200,SPY
2002-05-23,70.80925750732422,110.0999984741211,110.36000061035156,108.4800033569336,109.26000213623047,13879800,SPY
2002-05-24,69.90245819091797,108.69000244140625,110.19999694824219,108.61000061035156,109.9800033569336,11877000,SPY
2002-05-28,69.52299499511719,108.0999984741211,109.12999725341797,107.44999694824219,109.05000305175781,24236900,SPY
2002-05-29,69.00846862792969,107.30000305175781,108.0199966430664,107.12999725341797,107.62000274658203,14773300,SPY
2002-05-30,68.81556701660156,107.0,107.51000213623047,105.9000015258789,106.55000305175781,18217900,SPY
2002-05-31,68.95702362060547,107.22000122070312,108.55999755859375,106.8499984741211,107.4000015258789,19826300,SPY
2002-06-03,67.12411499023438,104.37000274658203,107.5999984741211,104.12999725341797,107.08999633789062,26056300,SPY
2002-06-04,67.29131317138672,104.62999725341797,105.19999694824219,103.55000305175781,104.1500015258789,25856200,SPY
2002-06-05,67.9216079711914,105.61000061035156,105.66999816894531,104.3499984741211,104.94999694824219,19695900,SPY
2002-06-06,66.53886413574219,103.45999908447266,105.5999984741211,103.1500015258789,105.54000091552734,22998500,SPY
2002-06-07,66.46165466308594,103.33999633789062,103.91999816894531,101.72000122070312,101.77999877929688,24011600,SPY
2002-06-10,66.71891784667969,103.73999786376953,104.45999908447266,103.0199966430664,103.23999786376953,18759900,SPY
2002-06-11,65.57414245605469,101.95999908447266,104.54000091552734,101.7300033569336,104.12999725341797,19990700,SPY
2002-06-12,65.97289276123047,102.58000183105469,102.80999755859375,100.77999877929688,101.70999908447266,31266000,SPY
2002-06-13,65.31045532226562,101.55000305175781,103.0,101.33999633789062,102.12999725341797,21043900,SPY
2002-06-14,65.2139892578125,101.4000015258789,101.55999755859375,98.5,100.30999755859375,39267500,SPY
2002-06-17,66.96331024169922,104.12000274658203,104.33999633789062,101.8499984741211,101.91999816894531,17647200,SPY
2002-06-18,67.50996398925781,104.97000122070312,105.02999877929688,103.62999725341797,103.73999786376953,21628500,SPY
2002-06-19,65.93431091308594,102.5199966430664,104.43000030517578,102.23999786376953,103.5,21540700,SPY
2002-06-20,65.091796875,101.20999908447266,103.05000305175781,100.95999908447266,102.26000213623047,25691000,SPY
2002-06-21,64.0739974975586,99.27999877929688,100.93000030517578,98.68000030517578,100.47000122070312,31190700,SPY
2002-06-24,64.4096450805664,99.80000305175781,100.69000244140625,97.25,98.61000061035156,37169700,SPY
2002-06-25,62.963951110839844,97.55999755859375,100.88999938964844,97.54000091552734,100.30000305175781,33355000,SPY
2002-06-26,63.06718826293945,97.72000122070312,98.1500015258789,95.19000244140625,95.19999694824219,37913600,SPY
2002-06-27,64.17080688476562,99.43000030517578,99.48999786376953,96.56999969482422,98.5,31616400,SPY
2002-06-28,63.867496490478516,98.95999908447266,100.5,98.87999725341797,99.23999786376953,28184200,SPY
2002-07-01,62.62189865112305,97.02999877929688,99.80000305175781,96.88999938964844,99.18000030517578,20270200,SPY
2002-07-02,61.292423248291016,94.97000122070312,97.19999694824219,94.7699966430664,96.86000061035156,34213900,SPY
2002-07-03,61.640907287597656,95.51000213623047,95.83999633789062,93.72000122070312,94.62000274658203,30565800,SPY
2002-07-05,64.09335327148438,99.30999755859375,99.52999877929688,96.66000366210938,96.77999877929688,19013500,SPY
2002-07-08,63.29308319091797,98.06999969482422,99.69999694824219,97.55999755859375,98.9800033569336,19118600,SPY
2002-07-09,61.69898223876953,95.5999984741211,98.33999633789062,95.01000213623047,97.7300033569336,28620400,SPY
2002-07-10,59.453033447265625,92.12000274658203,96.06999969482422,92.04000091552734,96.0,50522500,SPY
2002-07-11,59.937103271484375,92.87000274658203,93.3499984741211,90.31999969482422,91.76000213623047,59476500,SPY
2002-07-12,59.27879333496094,91.8499984741211,93.88999938964844,91.5199966430664,93.33000183105469,39018600,SPY
2002-07-15,59.59504318237305,92.33999633789062,92.4000015258789,87.88999938964844,91.63999938964844,77317200,SPY
2002-07-16,58.446231842041016,90.55999755859375,92.37999725341797,89.87000274658203,91.12000274658203,53282400,SPY
2002-07-17,58.56241989135742,90.73999786376953,93.30000305175781,89.75,92.45999908447266,48880600,SPY
2002-07-18,56.66499710083008,87.80000305175781,91.0999984741211,87.75,90.69999694824219,32656700,SPY
2002-07-19,54.67072296142578,84.70999908447266,87.55000305175781,84.30000305175781,86.76000213623047,77572600,SPY
2002-07-22,53.050811767578125,82.19999694824219,85.91000366210938,81.44999694824219,84.0999984741211,78134000,SPY
2002-07-23,51.59868240356445,79.94999694824219,83.23999786376953,79.75,82.55000305175781,74484100,SPY
2002-07-24,54.67717361450195,84.72000122070312,85.12000274658203,77.68000030517578,78.12999725341797,107022800,SPY
2002-07-25,54.2125244140625,84.0,85.8499984741211,81.5999984741211,84.2699966430664,87176600,SPY
2002-07-26,55.2451286315918,85.5999984741211,85.93000030517578,83.80000305175781,84.6500015258789,41206800,SPY
2002-07-29,57.9364013671875,89.7699966430664,90.33999633789062,87.30000305175781,87.5,53492900,SPY
2002-07-30,58.691471099853516,90.94000244140625,91.4000015258789,88.72000122070312,89.31999969482422,47532200,SPY
2002-07-31,58.83344650268555,91.16000366210938,91.55000305175781,89.25,90.48999786376953,44669900,SPY
2002-08-01,57.29746627807617,88.77999877929688,91.3499984741211,88.33000183105469,90.87999725341797,66571900,SPY
2002-08-02,56.01312255859375,86.79000091552734,88.91000366210938,85.62000274658203,88.5,51772900,SPY
2002-08-05,54.06406784057617,83.7699966430664,86.93000030517578,83.55000305175781,86.48999786376953,47191300,SPY
2002-08-06,55.884029388427734,86.58999633789062,87.9000015258789,85.11000061035156,85.2300033569336,64730000,SPY
2002-08-07,56.858577728271484,88.0999984741211,88.5,85.7699966430664,87.87000274658203,43289400,SPY
2002-08-08,58.697940826416016,90.94999694824219,91.0999984741211,87.80000305175781,88.41999816894531,48339800,SPY
2002-08-09,58.91738510131836,91.29000091552734,91.94000244140625,89.3499984741211,90.0999984741211,41879200,SPY
2002-08-12,58.4849739074707,90.62000274658203,91.2699966430664,89.55000305175781,89.98999786376953,25841700,SPY
2002-08-13,57.42006301879883,88.97000122070312,91.66000366210938,88.6500015258789,90.1500015258789,49690500,SPY
2002-08-14,59.517574310302734,92.22000122070312,92.62999725341797,88.0199966430664,89.0199966430664,57423600,SPY
2002-08-15,60.34367752075195,93.5,93.98999786376953,92.19999694824219,92.83999633789062,45551500,SPY
2002-08-16,60.16299057006836,93.22000122070312,94.08000183105469,92.0,92.81999969482422,36517300,SPY
2002-08-19,61.56989288330078,95.4000015258789,95.75,93.0999984741211,93.45999908447266,33669900,SPY
2002-08-20,60.9180908203125,94.38999938964844,95.4000015258789,93.62000274658203,94.81999969482422,30508300,SPY
2002-08-21,61.79580307006836,95.75,95.77999877929688,93.56999969482422,95.05999755859375,39628900,SPY
2002-08-22,62.39598846435547,96.68000030517578,97.1500015258789,95.06999969482422,95.48999786376953,38399800,SPY
2002-08-23,61.05359649658203,94.5999984741211,96.1500015258789,94.1500015258789,96.01000213623047,33716400,SPY
2002-08-26,61.479583740234375,95.26000213623047,95.63999938964844,93.5,94.91000366210938,33830100,SPY
2002-08-27,60.7696418762207,94.16000366210938,96.25,93.5,95.69999694824219,35335700,SPY
2002-08-28,59.44015121459961,92.0999984741211,93.48999786376953,91.80000305175781,93.27999877929688,38970600,SPY
2002-08-29,59.465911865234375,92.13999938964844,93.05000305175781,90.80999755859375,91.2699966430664,42965700,SPY
2002-08-30,59.233612060546875,91.77999877929688,93.38999938964844,91.4000015258789,91.68000030517578,30366700,SPY
2002-09-03,56.97476577758789,88.27999877929688,91.0,88.1500015258789,90.7300033569336,76586400,SPY
2002-09-04,57.7879524230957,89.54000091552734,90.25,88.05999755859375,88.61000061035156,51099500,SPY
2002-09-05,57.29746627807617,88.77999877929688,89.43000030517578,87.5,88.48999786376953,67250900,SPY
2002-09-06,58.084800720214844,90.0,90.56999969482422,89.33999633789062,89.75,38622200,SPY
2002-09-09,58.510780334472656,90.66000366210938,91.3499984741211,88.80000305175781,89.0999984741211,33998400,SPY
2002-09-10,59.18198776245117,91.69999694824219,91.77999877929688,90.55999755859375,91.13999938964844,41416600,SPY
2002-09-11,58.81410217285156,91.12999725341797,93.33000183105469,91.0999984741211,92.47000122070312,27711200,SPY
2002-09-12,57.7298469543457,89.44999694824219,90.83999633789062,88.98999786376953,90.75,43601700,SPY
2002-09-13,57.871829986572266,89.66999816894531,89.9000015258789,88.25,88.69000244140625,41131000,SPY
2002-09-16,58.013832092285156,89.88999938964844,89.88999938964844,88.45999908447266,89.30999755859375,28167600,SPY
2002-09-17,56.6843147277832,87.83000183105469,91.19000244140625,87.75,90.88999938964844,47609700,SPY
2002-09-18,56.11639404296875,86.94999694824219,88.5,86.27999877929688,87.01000213623047,54719400,SPY
2002-09-19,54.664276123046875,84.69999694824219,86.80000305175781,84.69999694824219,85.98999786376953,48510500,SPY
2002-09-20,54.68243408203125,84.3499984741211,85.19999694824219,84.05000305175781,84.91999816894531,46325600,SPY
2002-09-23,54.23512649536133,83.66000366210938,84.05999755859375,82.69000244140625,83.6500015258789,46893800,SPY
2002-09-24,53.35991287231445,82.30999755859375,83.6500015258789,81.8499984741211,82.44000244140625,69507000,SPY
2002-09-25,54.68243408203125,84.3499984741211,84.7699966430664,82.04000091552734,83.37000274658203,59294400,SPY
2002-09-26,55.57706069946289,85.7300033569336,85.97000122070312,84.44999694824219,85.0199966430664,53638000,SPY
2002-09-27,53.645172119140625,82.75,85.62999725341797,82.75,85.0,64648300,SPY
2002-09-30,53.02283477783203,81.79000091552734,82.80000305175781,80.9000015258789,82.0,73096400,SPY
2002-10-01,55.5705451965332,85.72000122070312,85.7699966430664,81.47000122070312,82.43000030517578,67198100,SPY
2002-10-02,53.90450668334961,83.1500015258789,85.52999877929688,82.5999984741211,84.69000244140625,56749100,SPY
2002-10-03,53.35991287231445,82.30999755859375,84.5999984741211,81.94999694824219,83.13999938964844,55547000,SPY
2002-10-04,52.38103485107422,80.80000305175781,82.91999816894531,79.58000183105469,82.80000305175781,68483700,SPY
2002-10-07,51.29841995239258,79.12999725341797,81.19999694824219,78.55000305175781,80.05999755859375,53188000,SPY
2002-10-08,52.10227584838867,80.37000274658203,81.30999755859375,78.19999694824219,79.80999755859375,79531000,SPY
2002-10-09,50.630672454833984,78.0999984741211,79.69999694824219,77.77999877929688,79.08999633789062,79956400,SPY
2002-10-10,52.27084732055664,80.62999725341797,81.06999969482422,77.06999969482422,77.94000244140625,76749000,SPY
2002-10-11,54.55925369262695,84.16000366210938,84.7300033569336,81.81999969482422,82.0999984741211,82308300,SPY
2002-10-14,54.863948822021484,84.62999725341797,84.8499984741211,83.04000091552734,83.19999694824219,40631900,SPY
2002-10-15,57.502437591552734,88.69999694824219,88.72000122070312,86.8499984741211,86.98999786376953,82320300,SPY
2002-10-16,56.108642578125,86.55000305175781,87.80000305175781,85.91999816894531,87.41000366210938,62977800,SPY
2002-10-17,57.223663330078125,88.2699966430664,89.30000305175781,87.8499984741211,88.87000274658203,68534100,SPY
2002-10-18,57.46356201171875,88.63999938964844,89.11000061035156,86.93000030517578,87.6500015258789,47448700,SPY
2002-10-21,58.45545959472656,90.16999816894531,90.5,87.56999969482422,88.12000274658203,45859100,SPY
2002-10-22,58.034027099609375,89.5199966430664,90.01000213623047,88.5199966430664,89.05000305175781,40966800,SPY
2002-10-23,58.47486114501953,90.19999694824219,90.2699966430664,87.68000030517578,88.7699966430664,54905800,SPY
2002-10-24,57.28202819824219,88.36000061035156,90.9000015258789,88.0999984741211,90.75,54987400,SPY
2002-10-25,58.47486114501953,90.19999694824219,90.38999938964844,87.94000244140625,88.20999908447266,43672100,SPY
2002-10-28,58.092384338378906,89.61000061035156,91.29000091552734,88.8499984741211,91.1500015258789,39416100,SPY
2002-10-29,57.418182373046875,88.56999969482422,89.48999786376953,87.0,89.08000183105469,59508200,SPY
2002-10-30,57.97571563720703,89.43000030517578,89.95999908447266,88.2300033569336,88.68000030517578,41688600,SPY
2002-10-31,57.3857536315918,88.5199966430664,90.30000305175781,88.19000244140625,89.66000366210938,41620600,SPY
2002-11-01,58.52027130126953,90.2699966430664,90.81999969482422,88.05000305175781,88.3499984741211,51878900,SPY
2002-11-04,59.07775115966797,91.12999725341797,92.94000244140625,90.9000015258789,91.80000305175781,49080600,SPY
2002-11-05,59.544525146484375,91.8499984741211,92.06999969482422,90.83999633789062,90.83999633789062,37270800,SPY
2002-11-06,60.315982818603516,93.04000091552734,93.06999969482422,90.79000091552734,92.4800033569336,65013100,SPY
2002-11-07,58.83790588378906,90.76000213623047,92.22000122070312,90.22000122070312,92.0199966430664,51572000,SPY
2002-11-08,58.11832046508789,89.6500015258789,91.56999969482422,89.5199966430664,90.52999877929688,37905400,SPY
2002-11-11,57.217193603515625,88.26000213623047,89.55999755859375,87.80000305175781,89.51000213623047,33505100,SPY
2002-11-12,57.67098617553711,88.95999908447266,89.93000030517578,88.37000274658203,88.66000366210938,37724500,SPY
2002-11-13,57.72931671142578,89.05000305175781,89.73999786376953,87.44999694824219,88.31999969482422,63891500,SPY
2002-11-14,58.81843948364258,90.7300033569336,91.0,89.75,90.06999969482422,31896800,SPY
2002-11-15,59.252769470214844,91.4000015258789,91.55000305175781,89.94999694824219,90.0,39152100,SPY
2002-11-18,58.656375885009766,90.4800033569336,92.1500015258789,90.3499984741211,92.1500015258789,28934800,SPY
2002-11-19,58.578609466552734,90.36000061035156,91.0999984741211,89.76000213623047,90.0199966430664,32806600,SPY
2002-11-20,59.88164138793945,92.37000274658203,92.41999816894531,89.94999694824219,89.9800033569336,36688400,SPY
2002-11-21,60.99665451049805,94.08999633789062,94.19000244140625,92.43000030517578,92.5999984741211,55128200,SPY
2002-11-22,60.56230545043945,93.41999816894531,94.2699966430664,93.2699966430664,93.4800033569336,32513800,SPY
2002-11-25,60.60121536254883,93.4800033569336,94.26000213623047,92.7699966430664,93.43000030517578,33846400,SPY
2002-11-26,59.447288513183594,91.69999694824219,93.44999694824219,91.62000274658203,93.06999969482422,42284700,SPY
2002-11-27,61.119834899902344,94.27999877929688,94.6500015258789,92.43000030517578,92.5199966430664,37764000,SPY
2002-11-29,60.92538070678711,93.9800033569336,94.94999694824219,93.7699966430664,94.80000305175781,19385700,SPY
2002-12-02,61.02259063720703,94.12999725341797,96.05000305175781,93.22000122070312,95.47000122070312,49911900,SPY
2002-12-03,60.20576095581055,92.87000274658203,93.4000015258789,92.3499984741211,93.25,34407700,SPY
2002-12-04,59.93349075317383,92.44999694824219,93.13999938964844,91.43000030517578,91.7699966430664,64040800,SPY
2002-12-05,59.272254943847656,91.43000030517578,92.80000305175781,91.0999984741211,92.7300033569336,36724900,SPY
2002-12-06,59.66122817993164,92.02999877929688,92.16999816894531,89.9800033569336,90.12000274658203,49824100,SPY
2002-12-09,58.021060943603516,89.5,91.45999908447266,89.4800033569336,91.06999969482422,36789600,SPY
2002-12-10,58.799007415771484,90.69999694824219,91.0999984741211,89.76000213623047,90.0199966430664,33319900,SPY
2002-12-11,58.85085678100586,90.77999877929688,91.62000274658203,90.16000366210938,90.41999816894531,39201000,SPY
2002-12-12,58.84438705444336,90.7699966430664,91.48999786376953,90.19999694824219,91.19999694824219,34465600,SPY
2002-12-13,57.917327880859375,89.33999633789062,90.4800033569336,89.2699966430664,89.91000366210938,36862200,SPY
2002-12-16,59.414878845214844,91.6500015258789,91.79000091552734,89.66000366210938,89.81999969482422,37098400,SPY
2002-12-17,58.89626693725586,90.8499984741211,91.73999786376953,90.73999786376953,91.37000274658203,32353900,SPY
2002-12-18,58.215545654296875,89.80000305175781,90.4000015258789,89.33000183105469,90.31999969482422,35612600,SPY
2002-12-19,57.80067443847656,89.16000366210938,90.69999694824219,88.5999984741211,89.3499984741211,39264200,SPY
2002-12-20,58.625423431396484,89.98999786376953,90.0199966430664,89.0999984741211,89.19999694824219,31176900,SPY
2002-12-23,58.64492416381836,90.0199966430664,90.47000122070312,89.30999755859375,89.58999633789062,22599300,SPY
2002-12-24,58.20847702026367,89.3499984741211,89.86000061035156,89.25,89.58999633789062,10937000,SPY
2002-12-26,58.23457336425781,89.38999938964844,90.61000061035156,88.83999633789062,89.69999694824219,17485600,SPY
2002-12-27,56.925045013427734,87.37999725341797,89.29000091552734,87.37999725341797,88.95999908447266,22205700,SPY
2002-12-30,57.40066146850586,88.11000061035156,88.47000122070312,87.22000122070312,87.79000091552734,29968000,SPY
2002-12-31,57.47882843017578,88.2300033569336,88.43000030517578,87.11000061035156,87.98999786376953,34036600,SPY
2003-01-02,59.32901382446289,91.06999969482422,91.30000305175781,88.54000091552734,88.8499984741211,44516300,SPY
2003-01-03,59.51143264770508,91.3499984741211,91.37999725341797,90.5,90.91000366210938,32222600,SPY
2003-01-06,60.56026077270508,92.95999908447266,93.48999786376953,91.16999816894531,91.23999786376953,40984500,SPY
2003-01-07,60.41042709350586,92.7300033569336,93.37000274658203,92.19999694824219,92.9000015258789,38640400,SPY
2003-01-08,59.537479400634766,91.38999938964844,92.4000015258789,91.05000305175781,92.19999694824219,38702200,SPY
2003-01-09,60.4625358581543,92.80999755859375,93.18000030517578,91.41000366210938,91.81999969482422,34804900,SPY
2003-01-10,60.625404357910156,93.05999755859375,93.63999938964844,91.80000305175781,91.94999694824219,37768900,SPY
2003-01-13,60.605857849121094,93.02999877929688,93.86000061035156,92.44000244140625,93.54000091552734,31649900,SPY
2003-01-14,60.80126953125,93.33000183105469,93.83000183105469,92.41000366210938,92.69000244140625,30733000,SPY
2003-01-15,60.19546127319336,92.4000015258789,93.56999969482422,91.91000366210938,93.54000091552734,33511800,SPY
2003-01-16,59.94789505004883,92.0199966430664,92.93000030517578,91.44999694824219,92.5,44812100,SPY
2003-01-17,59.06188201904297,90.66000366210938,92.30000305175781,90.1500015258789,90.98999786376953,35618300,SPY
2003-01-21,58.143348693847656,89.25,90.91999816894531,88.94999694824219,90.87000274658203,36826200,SPY
2003-01-22,57.439727783203125,88.16999816894531,89.80000305175781,88.0,88.7699966430664,42286500,SPY
2003-01-23,57.79152297973633,88.70999908447266,89.37999725341797,87.94999694824219,88.75,55919800,SPY
2003-01-24,56.27359390258789,86.37999725341797,88.68000030517578,86.16999816894531,88.58999633789062,68633900,SPY
2003-01-27,55.5048942565918,85.19999694824219,86.80000305175781,84.5,85.7300033569336,57884400,SPY
2003-01-28,55.915313720703125,85.83000183105469,86.4000015258789,85.12999725341797,85.62999725341797,46929100,SPY
2003-01-29,56.33875274658203,86.4800033569336,87.18000030517578,84.7699966430664,85.41999816894531,53712200,SPY
2003-01-30,55.00328826904297,84.43000030517578,86.87999725341797,84.4000015258789,86.79000091552734,49845900,SPY
2003-01-31,56.06511306762695,86.05999755859375,86.20999908447266,84.1500015258789,84.1500015258789,55317000,SPY
2003-02-03,56.175933837890625,86.2300033569336,86.80999755859375,85.91999816894531,86.13999938964844,39696000,SPY
2003-02-04,55.622154235839844,85.37999725341797,85.75,84.30000305175781,85.30999755859375,43633400,SPY
2003-02-05,55.27687454223633,84.8499984741211,86.54000091552734,84.4800033569336,85.75,55270600,SPY
2003-02-06,55.01629638671875,84.44999694824219,84.88999938964844,83.6500015258789,84.37000274658203,53638000,SPY
2003-02-07,54.34528732299805,83.41999816894531,84.98999786376953,82.97000122070312,84.91000366210938,43165000,SPY
2003-02-10,54.729652404785156,84.01000213623047,84.12999725341797,82.6500015258789,83.45999908447266,45455900,SPY
2003-02-11,54.35175704956055,83.43000030517578,84.87999725341797,82.83000183105469,84.37000274658203,46861000,SPY
2003-02-12,53.48534393310547,82.0999984741211,83.62000274658203,82.08999633789062,83.16000366210938,35873600,SPY
2003-02-13,53.648223876953125,82.3499984741211,82.66000366210938,81.0,82.1500015258789,57934100,SPY
2003-02-14,54.82086181640625,84.1500015258789,84.19999694824219,81.81999969482422,82.37000274658203,59580900,SPY
2003-02-18,55.78501892089844,85.62999725341797,85.80000305175781,84.38999938964844,84.52999877929688,39492700,SPY
2003-02-19,55.49186325073242,85.18000030517578,85.47000122070312,84.27999877929688,85.31999969482422,31432000,SPY
2003-02-20,54.9381103515625,84.33000183105469,85.41999816894531,84.05000305175781,85.20999908447266,29280100,SPY
2003-02-21,55.49186325073242,85.18000030517578,85.73999786376953,83.45999908447266,84.37999725341797,60955800,SPY
2003-02-24,54.59282684326172,83.80000305175781,85.0,83.58999633789062,84.93000030517578,30628600,SPY
2003-02-25,55.02931594848633,84.47000122070312,84.48999786376953,82.22000122070312,82.94999694824219,56770600,SPY
2003-02-26,54.2280387878418,83.23999786376953,84.52999877929688,83.08000183105469,84.0199966430664,37787200,SPY
2003-02-27,54.94462203979492,84.33999633789062,84.75,83.16000366210938,83.69999694824219,51126000,SPY
2003-02-28,55.3094482421875,84.9000015258789,85.2300033569336,84.16000366210938,84.47000122070312,43666800,SPY
2003-03-03,54.78174591064453,84.08999633789062,85.77999877929688,83.72000122070312,85.26000213623047,42923100,SPY
2003-03-04,53.90876388549805,82.75,84.01000213623047,82.6500015258789,83.94999694824219,31440500,SPY
2003-03-05,54.3648567199707,83.44999694824219,83.54000091552734,82.36000061035156,82.61000061035156,43974700,SPY
2003-03-06,53.90876388549805,82.75,83.5199966430664,82.47000122070312,82.87000274658203,41217700,SPY
2003-03-07,54.2801399230957,83.31999969482422,83.98999786376953,81.43000030517578,81.61000061035156,63538000,SPY
2003-03-10,52.9771728515625,81.31999969482422,82.86000061035156,81.0999984741211,82.5999984741211,41014100,SPY
2003-03-11,52.45599365234375,80.5199966430664,82.0,80.4800033569336,81.4800033569336,48102700,SPY
2003-03-12,52.80781936645508,81.05999755859375,81.0999984741211,79.37999725341797,80.37999725341797,62459800,SPY
2003-03-13,54.63194274902344,83.86000061035156,83.91000366210938,81.52999877929688,82.18000030517578,72117800,SPY
2003-03-14,54.80778503417969,84.12999725341797,84.7699966430664,83.3499984741211,84.19999694824219,63951800,SPY
2003-03-17,56.53419494628906,86.77999877929688,86.94999694824219,83.22000122070312,83.45999908447266,88217500,SPY
2003-03-18,56.86643981933594,87.29000091552734,87.3499984741211,86.27999877929688,87.1500015258789,50792300,SPY
2003-03-19,57.30292892456055,87.95999908447266,88.16000366210938,86.68000030517578,87.27999877929688,49630800,SPY
2003-03-20,57.42672348022461,88.1500015258789,88.58999633789062,86.3499984741211,87.33000183105469,67321600,SPY
2003-03-21,58.652469635009766,89.66999816894531,89.87999725341797,87.93000030517578,88.80000305175781,71165300,SPY
2003-03-24,56.703285217285156,86.69000244140625,88.13999938964844,86.3499984741211,88.0199966430664,65398900,SPY
2003-03-25,57.2462043762207,87.5199966430664,88.26000213623047,86.44000244140625,86.73999786376953,61040100,SPY
2003-03-26,56.958377838134766,87.08000183105469,87.8499984741211,86.80000305175781,87.55999755859375,45740800,SPY
2003-03-27,57.004173278808594,87.1500015258789,87.66000366210938,85.98999786376953,86.4000015258789,53120200,SPY
2003-03-28,56.71634292602539,86.70999908447266,87.27999877929688,86.25,86.47000122070312,32583000,SPY
2003-03-31,55.42780303955078,84.73999786376953,86.58999633789062,84.4000015258789,85.3499984741211,61119500,SPY
2003-04-01,56.27811813354492,86.04000091552734,86.38999938964844,84.91000366210938,85.25,53574000,SPY
2003-04-02,57.63862609863281,88.12000274658203,88.7699966430664,87.5,87.54000091552734,50431200,SPY
2003-04-03,57.363929748535156,87.69999694824219,88.98999786376953,87.6500015258789,88.87000274658203,48755500,SPY
2003-04-04,57.70406723022461,88.22000122070312,88.58999633789062,87.62000274658203,88.43000030517578,36250100,SPY
2003-04-07,57.5928840637207,88.05000305175781,90.8499984741211,87.97000122070312,90.33999633789062,69776200,SPY
2003-04-08,57.684417724609375,88.19000244140625,88.6500015258789,87.70999908447266,88.30000305175781,39712700,SPY
2003-04-09,56.92568588256836,87.02999877929688,89.0999984741211,86.7699966430664,88.36000061035156,55647300,SPY
2003-04-10,57.2396354675293,87.51000213623047,87.62999725341797,85.70999908447266,87.08999633789062,41812400,SPY
2003-04-11,57.004173278808594,87.1500015258789,88.69999694824219,86.86000061035156,88.16000366210938,47730100,SPY
2003-04-14,58.18155288696289,88.94999694824219,89.0,87.0,87.47000122070312,36711700,SPY
2003-04-15,58.72442626953125,89.77999877929688,89.77999877929688,88.41999816894531,88.83999633789062,49709800,SPY
2003-04-16,57.723663330078125,88.25,90.05999755859375,88.02999877929688,89.91000366210938,51788000,SPY
2003-04-17,58.58053970336914,89.55999755859375,89.72000122070312,88.19000244140625,88.30000305175781,37403100,SPY
2003-04-21,58.639381408691406,89.6500015258789,90.16000366210938,89.05999755859375,89.86000061035156,32052700,SPY
2003-04-22,59.74481201171875,91.33999633789062,91.55999755859375,88.88999938964844,89.0999984741211,59763600,SPY
2003-04-23,60.29425811767578,92.18000030517578,92.3499984741211,91.23999786376953,91.62000274658203,44227100,SPY
2003-04-24,59.757896423339844,91.36000061035156,92.08000183105469,90.95999908447266,91.52999877929688,49692400,SPY
2003-04-25,59.01877975463867,90.2300033569336,91.47000122070312,90.0199966430664,91.30000305175781,43917200,SPY
2003-04-28,60.039180755615234,91.79000091552734,92.19000244140625,90.30000305175781,90.44000244140625,46432900,SPY
2003-04-29,60.24846649169922,92.11000061035156,92.80000305175781,91.4000015258789,92.13999938964844,52017100,SPY
2003-04-30,60.11764907836914,91.91000366210938,92.56999969482422,91.41000366210938,91.91000366210938,48709100,SPY
2003-05-01,60.11110305786133,91.9000015258789,92.7300033569336,90.5,91.91999816894531,50240400,SPY
2003-05-02,60.96794891357422,93.20999908447266,93.47000122070312,91.48999786376953,91.55999755859375,50201500,SPY
2003-05-05,60.850242614746094,93.02999877929688,93.77999877929688,92.5,93.47000122070312,35437800,SPY
2003-05-06,61.42581558227539,93.91000366210938,94.37999725341797,93.0,93.04000091552734,44401000,SPY
2003-05-07,61.08571243286133,93.38999938964844,94.13999938964844,92.97000122070312,93.41999816894531,41413100,SPY
2003-05-08,60.470863342285156,92.44999694824219,93.33000183105469,92.27999877929688,92.5199966430664,40570700,SPY
2003-05-09,61.30809020996094,93.7300033569336,93.80000305175781,92.61000061035156,92.83000183105469,33608100,SPY
2003-05-12,62.0603141784668,94.87999725341797,95.12000274658203,93.27999877929688,93.5,35662300,SPY
2003-05-13,61.94915008544922,94.70999908447266,95.18000030517578,94.26000213623047,94.52999877929688,39253600,SPY
2003-05-14,61.81828308105469,94.51000213623047,95.23999786376953,93.91000366210938,95.08999633789062,32195100,SPY
2003-05-15,62.21074295043945,95.11000061035156,95.33000183105469,94.25,94.88999938964844,43879200,SPY
2003-05-16,62.05376052856445,94.87000274658203,95.44999694824219,94.26000213623047,94.88999938964844,38905000,SPY
2003-05-19,60.601654052734375,92.6500015258789,94.41999816894531,92.33000183105469,94.1500015258789,41606000,SPY
2003-05-20,60.4774055480957,92.45999908447266,93.02999877929688,91.58999633789062,92.81999969482422,55404600,SPY
2003-05-21,60.601654052734375,92.6500015258789,92.87999725341797,91.91000366210938,92.11000061035156,49333800,SPY
2003-05-22,61.203453063964844,93.56999969482422,94.05000305175781,92.68000030517578,92.94999694824219,38421800,SPY
2003-05-23,61.327701568603516,93.76000213623047,93.9800033569336,93.13999938964844,93.52999877929688,26155900,SPY
2003-05-27,62.40043640136719,95.4000015258789,95.83999633789062,93.06999969482422,93.30000305175781,43719200,SPY
2003-05-28,62.57705307006836,95.66999816894531,96.47000122070312,95.43000030517578,95.8499984741211,37727100,SPY
2003-05-29,62.41350555419922,95.41999816894531,96.81999969482422,95.08000183105469,95.87999725341797,50844200,SPY
2003-05-30,63.41427993774414,96.94999694824219,97.08999633789062,95.55999755859375,95.9000015258789,52529500,SPY
2003-06-02,63.67589569091797,97.3499984741211,98.44999694824219,96.66999816894531,97.52999877929688,50305500,SPY
2003-06-03,63.93753433227539,97.75,97.83999633789062,96.8499984741211,97.1500015258789,38254500,SPY
2003-06-04,64.8598403930664,99.16000366210938,99.3499984741211,97.56999969482422,97.66000366210938,49360700,SPY
2003-06-05,65.18034362792969,99.6500015258789,99.6500015258789,98.2699966430664,98.58000183105469,46262400,SPY
2003-06-06,64.92521667480469,99.26000213623047,101.4000015258789,99.12999725341797,100.4000015258789,60356800,SPY
2003-06-09,64.26461029052734,98.25,99.0999984741211,97.7699966430664,98.7699966430664,37808500,SPY
2003-06-10,64.91867065429688,99.25,99.26000213623047,98.19000244140625,98.45999908447266,29965900,SPY
2003-06-11,65.60550689697266,100.30000305175781,100.38999938964844,98.70999908447266,99.16000366210938,37610200,SPY
2003-06-12,65.8082504272461,100.61000061035156,100.9000015258789,99.62000274658203,100.75,36442000,SPY
2003-06-13,65.12145233154297,99.55999755859375,100.75,98.94999694824219,100.61000061035156,48628300,SPY
2003-06-16,66.49504089355469,101.66000366210938,101.69999694824219,99.80000305175781,99.95999908447266,36326300,SPY
2003-06-17,66.49504089355469,101.66000366210938,102.18000030517578,101.2300033569336,102.06999969482422,36801800,SPY
2003-06-18,66.43619537353516,101.56999969482422,102.13999938964844,101.0,101.29000091552734,35521000,SPY
2003-06-19,65.42230224609375,100.0199966430664,101.7300033569336,99.83999633789062,101.63999938964844,43551700,SPY
2003-06-20,65.27792358398438,99.44000244140625,100.5,99.41999816894531,100.38999938964844,41545000,SPY
2003-06-23,64.60832977294922,98.41999816894531,99.66000366210938,97.91999816894531,99.44999694824219,34237500,SPY
2003-06-24,64.67398834228516,98.5199966430664,99.08999633789062,98.0199966430664,98.22000122070312,36213600,SPY
2003-06-25,64.02410125732422,97.52999877929688,99.44000244140625,97.52999877929688,98.52999877929688,47743400,SPY
2003-06-26,64.8577880859375,98.80000305175781,98.9800033569336,96.95999908447266,97.77999877929688,33477300,SPY
2003-06-27,64.10940551757812,97.66000366210938,99.19000244140625,97.58000183105469,98.75,54208800,SPY
2003-06-30,64.0897216796875,97.62999725341797,98.66999816894531,97.47000122070312,98.22000122070312,33349000,SPY
2003-07-01,64.68057250976562,98.52999877929688,98.8499984741211,96.43000030517578,97.25,51322800,SPY
2003-07-02,65.49455261230469,99.7699966430664,99.79000091552734,98.56999969482422,98.7699966430664,34662100,SPY
2003-07-03,64.81840515136719,98.73999786376953,99.8499984741211,97.9000015258789,99.06999969482422,30792800,SPY
2003-07-07,66.10508728027344,100.69999694824219,100.9000015258789,99.6500015258789,99.6500015258789,31391100,SPY
2003-07-08,66.40048217773438,101.1500015258789,101.29000091552734,100.16999816894531,100.5,30952500,SPY
2003-07-09,66.02626037597656,100.58000183105469,101.4000015258789,100.02999877929688,100.91999816894531,36528500,SPY
2003-07-10,65.18599700927734,99.30000305175781,100.04000091552734,98.62999725341797,99.83999633789062,49777700,SPY
2003-07-11,65.80305480957031,100.23999786376953,100.44999694824219,99.38999938964844,99.38999938964844,39976300,SPY
2003-07-14,66.12472534179688,100.7300033569336,101.9000015258789,100.44999694824219,101.19999694824219,42114900,SPY
2003-07-15,65.98035430908203,100.51000213623047,101.45999908447266,99.94999694824219,101.37999725341797,42573600,SPY
2003-07-16,65.59300231933594,99.91999816894531,100.87000274658203,99.2300033569336,100.80999755859375,39894200,SPY
2003-07-17,64.66085815429688,98.5,99.87999725341797,98.16000366210938,99.1500015258789,52253500,SPY
2003-07-18,65.3238754272461,99.51000213623047,99.80000305175781,98.45999908447266,99.0199966430664,35698100,SPY
2003-07-21,64.51640319824219,98.27999877929688,99.48999786376953,97.8499984741211,99.44999694824219,34786000,SPY
2003-07-22,65.1006851196289,99.16999816894531,99.41000366210938,97.91999816894531,98.69000244140625,49968300,SPY
2003-07-23,65.14665985107422,99.23999786376953,99.44999694824219,98.27999877929688,99.20999908447266,37275400,SPY
2003-07-24,64.6543197631836,98.48999786376953,100.33999633789062,98.37000274658203,99.98999786376953,40896200,SPY
2003-07-25,65.7965087890625,100.2300033569336,100.29000091552734,98.04000091552734,98.66000366210938,43241100,SPY
2003-07-28,65.55361938476562,99.86000061035156,100.9800033569336,99.66999816894531,100.37000274658203,34382800,SPY
2003-07-29,65.25163269042969,99.4000015258789,100.26000213623047,98.68000030517578,100.13999938964844,53472100,SPY
2003-07-30,65.09410858154297,99.16000366210938,99.75,98.93000030517578,99.5999984741211,28363300,SPY
2003-07-31,65.24510955810547,99.38999938964844,100.91000366210938,99.16999816894531,99.9800033569336,54937200,SPY
2003-08-01,64.66741943359375,98.51000213623047,99.52999877929688,98.23999786376953,99.19000244140625,49321000,SPY
2003-08-04,64.66741943359375,98.51000213623047,99.0,97.0,98.30999755859375,55214100,SPY
2003-08-05,63.295433044433594,96.41999816894531,98.76000213623047,96.33999633789062,98.41000366210938,61415600,SPY
2003-08-06,63.66304016113281,96.9800033569336,98.05999755859375,96.41999816894531,96.69000244140625,50096900,SPY
2003-08-07,64.33261108398438,98.0,98.06999969482422,96.76000213623047,97.16999816894531,43427400,SPY
2003-08-08,64.51640319824219,98.27999877929688,98.55000305175781,97.76000213623047,98.31999969482422,27357300,SPY
2003-08-11,64.75934600830078,98.6500015258789,99.04000091552734,97.83999633789062,98.26000213623047,34631400,SPY
2003-08-12,65.35015106201172,99.55000305175781,99.58999633789062,98.41999816894531,98.70999908447266,43285600,SPY
2003-08-13,65.01532745361328,99.04000091552734,99.8499984741211,98.52999877929688,99.81999969482422,36152000,SPY
2003-08-14,65.1926040649414,99.30999755859375,99.75,98.44999694824219,99.0999984741211,35525100,SPY
2003-08-15,65.39608764648438,99.62000274658203,99.79000091552734,99.12000274658203,99.36000061035156,12567000,SPY
2003-08-18,65.96063232421875,100.4800033569336,100.5999984741211,99.73999786376953,99.93000030517578,22873800,SPY
2003-08-19,66.21009063720703,100.86000061035156,100.94000244140625,100.0,100.69000244140625,37437700,SPY
2003-08-20,65.9409408569336,100.44999694824219,100.88999938964844,100.16000366210938,100.29000091552734,21295300,SPY
2003-08-21,66.15098571777344,100.7699966430664,101.5199966430664,100.4000015258789,101.05000305175781,46494200,SPY
2003-08-22,65.49455261230469,99.7699966430664,101.81999969482422,99.7300033569336,101.75,52040300,SPY
2003-08-25,65.5995864868164,99.93000030517578,100.83000183105469,99.27999877929688,99.70999908447266,23473000,SPY
2003-08-26,65.71776580810547,100.11000061035156,100.38999938964844,98.83000183105469,99.5,45065800,SPY
2003-08-27,65.73743438720703,100.13999938964844,100.36000061035156,99.56999969482422,100.05000305175781,18919500,SPY
2003-08-28,66.14442443847656,100.76000213623047,101.0,99.66000366210938,100.4000015258789,27402400,SPY
2003-08-29,66.59083557128906,101.44000244140625,101.4800033569336,100.4800033569336,100.61000061035156,28706600,SPY
2003-09-02,67.48358154296875,102.80000305175781,102.87999725341797,101.05000305175781,101.63999938964844,49419100,SPY
2003-09-03,67.85123443603516,103.36000061035156,103.69999694824219,102.77999877929688,103.02999877929688,44912400,SPY
2003-09-04,67.8840560913086,103.41000366210938,103.55000305175781,102.76000213623047,103.0999984741211,28381000,SPY
2003-09-05,67.5032958984375,102.83000183105469,103.55000305175781,102.4000015258789,102.94000244140625,31637300,SPY
2003-09-08,68.0613021850586,103.68000030517578,103.87999725341797,102.93000030517578,103.04000091552734,32632800,SPY
2003-09-09,67.61492919921875,103.0,103.45999908447266,102.68000030517578,103.37000274658203,35053200,SPY
2003-09-10,66.93218994140625,101.95999908447266,102.80000305175781,101.55000305175781,102.52999877929688,45904900,SPY
2003-09-11,67.12916564941406,102.26000213623047,102.76000213623047,101.83999633789062,102.0999984741211,38396300,SPY
2003-09-12,67.25384521484375,102.44999694824219,102.63999938964844,101.3499984741211,101.91000366210938,42524800,SPY
2003-09-15,67.01751708984375,102.08999633789062,102.62999725341797,101.94999694824219,102.5199966430664,21312800,SPY
2003-09-16,67.99563598632812,103.58000183105469,103.63999938964844,102.16999816894531,102.2300033569336,37892600,SPY
2003-09-17,67.86436462402344,103.37999725341797,103.79000091552734,103.05000305175781,103.4800033569336,31885800,SPY
2003-09-18,68.66522979736328,104.5999984741211,104.69999694824219,103.16999816894531,103.4000015258789,30243600,SPY
2003-09-19,68.31597137451172,103.66999816894531,104.5999984741211,103.4000015258789,104.2699966430664,34331600,SPY
2003-09-22,67.5779037475586,102.55000305175781,102.95999908447266,102.02999877929688,102.8499984741211,36677400,SPY
2003-09-23,67.83490753173828,102.94000244140625,103.29000091552734,102.36000061035156,102.58999633789062,32489200,SPY
2003-09-24,66.62899017333984,101.11000061035156,103.22000122070312,101.06999969482422,103.12000274658203,41694700,SPY
2003-09-25,66.0820541381836,100.27999877929688,101.87999725341797,100.19999694824219,101.41000366210938,52673100,SPY
2003-09-26,65.86459350585938,99.94999694824219,100.66000366210938,99.8499984741211,100.44000244140625,42914700,SPY
2003-09-29,66.51038360595703,100.93000030517578,100.98999786376953,99.79000091552734,100.30000305175781,36771600,SPY
2003-09-30,65.86459350585938,99.94999694824219,100.76000213623047,99.25,100.4800033569336,70764500,SPY
2003-10-01,67.2681655883789,102.08000183105469,102.18000030517578,100.19999694824219,100.23999786376953,65797600,SPY
2003-10-02,67.51200866699219,102.44999694824219,102.55999755859375,101.62999725341797,101.93000030517578,44591500,SPY
2003-10-03,68.13145446777344,103.38999938964844,104.27999877929688,103.08000183105469,103.66999816894531,48806900,SPY
2003-10-06,68.441162109375,103.86000061035156,103.98999786376953,103.19999694824219,103.4800033569336,20226500,SPY
2003-10-07,68.70477294921875,104.26000213623047,104.30999755859375,102.91000366210938,103.26000213623047,42602900,SPY
2003-10-08,68.53343963623047,104.0,104.38999938964844,103.41000366210938,104.33000183105469,30920800,SPY
2003-10-09,68.71797180175781,104.27999877929688,105.22000122070312,103.83000183105469,104.87999725341797,40066500,SPY
2003-10-10,68.9090576171875,104.56999969482422,104.5999984741211,103.91000366210938,104.2699966430664,22682800,SPY
2003-10-13,69.12653350830078,104.9000015258789,105.29000091552734,104.51000213623047,104.70999908447266,23825600,SPY
2003-10-14,69.37032318115234,105.2699966430664,105.43000030517578,104.36000061035156,104.80000305175781,38484400,SPY
2003-10-15,69.18579864501953,104.98999786376953,105.88999938964844,104.63999938964844,105.86000061035156,39021700,SPY
2003-10-16,69.46260833740234,105.41000366210938,105.7300033569336,104.6500015258789,104.68000030517578,32772200,SPY
2003-10-17,68.70477294921875,104.26000213623047,105.62999725341797,103.9800033569336,105.47000122070312,32790300,SPY
2003-10-20,69.21878051757812,105.04000091552734,105.04000091552734,103.94000244140625,104.44999694824219,27657000,SPY
2003-10-21,69.10015106201172,104.86000061035156,105.27999877929688,104.31999969482422,104.81999969482422,26729100,SPY
2003-10-22,68.23030853271484,103.54000091552734,104.19000244140625,103.19000244140625,104.02999877929688,33914500,SPY
2003-10-23,68.10511016845703,103.3499984741211,103.94999694824219,102.83999633789062,102.88999938964844,45830500,SPY
2003-10-24,68.25665283203125,103.58000183105469,103.58000183105469,102.18000030517578,102.83000183105469,51723600,SPY
2003-10-27,68.28961944580078,103.62999725341797,104.18000030517578,103.2699966430664,103.73999786376953,32460200,SPY
2003-10-28,69.21878051757812,105.04000091552734,105.1500015258789,103.81999969482422,103.9800033569336,34956200,SPY
2003-10-29,69.31104278564453,105.18000030517578,105.43000030517578,103.87000274658203,104.7699966430664,30955400,SPY
2003-10-30,69.45600128173828,105.4000015258789,105.97000122070312,104.80000305175781,105.79000091552734,39123100,SPY
2003-10-31,69.39010620117188,105.30000305175781,105.73999786376953,105.22000122070312,105.4000015258789,25761600,SPY
2003-11-03,69.84483337402344,105.98999786376953,106.61000061035156,105.70999908447266,105.75,37589300,SPY
2003-11-04,69.6932601928711,105.76000213623047,106.2699966430664,105.58000183105469,105.98999786376953,31421600,SPY
2003-11-05,69.7459487915039,105.83999633789062,105.97000122070312,104.9000015258789,105.48999786376953,33558800,SPY
2003-11-06,70.11495971679688,106.4000015258789,106.44000244140625,105.0999984741211,105.5999984741211,28392300,SPY
2003-11-07,69.59439849853516,105.61000061035156,106.72000122070312,105.56999969482422,106.63999938964844,31723200,SPY
2003-11-10,69.31104278564453,105.18000030517578,105.83999633789062,105.01000213623047,105.73999786376953,25530800,SPY
2003-11-11,69.29124450683594,105.1500015258789,105.33000183105469,104.80000305175781,105.08999633789062,26558600,SPY
2003-11-12,70.06886291503906,106.33000183105469,106.47000122070312,105.16000366210938,105.2300033569336,28000000,SPY
2003-11-13,70.0886001586914,106.36000061035156,106.54000091552734,105.77999877929688,106.01000213623047,29714800,SPY
2003-11-14,69.49555969238281,105.45999908447266,106.94999694824219,105.29000091552734,106.4000015258789,49158500,SPY
2003-11-17,69.14629364013672,104.93000030517578,105.13999938964844,104.04000091552734,104.91000366210938,44382100,SPY
2003-11-18,68.42797088623047,103.83999633789062,105.44999694824219,103.69999694824219,105.23999786376953,41155000,SPY
2003-11-19,69.00791931152344,104.72000122070312,105.01000213623047,103.91999816894531,104.02999877929688,29827000,SPY
2003-11-20,68.38848114013672,103.77999877929688,105.23999786376953,103.75,104.0,53578700,SPY
2003-11-21,68.67181396484375,104.20999908447266,104.33000183105469,103.62000274658203,104.23999786376953,30016000,SPY
2003-11-24,69.58122253417969,105.58999633789062,105.77999877929688,104.68000030517578,104.69000244140625,28906400,SPY
2003-11-25,69.84483337402344,105.98999786376953,106.41999816894531,105.44999694824219,105.7300033569336,37580000,SPY
2003-11-26,70.09522247314453,106.37000274658203,106.44999694824219,105.38999938964844,106.41999816894531,33053600,SPY
2003-11-28,70.14790344238281,106.44999694824219,106.66000366210938,106.19999694824219,106.27999877929688,10507500,SPY
2003-12-01,70.90574645996094,107.5999984741211,107.68000030517578,106.80000305175781,106.8499984741211,38699000,SPY
2003-12-02,70.72781372070312,107.33000183105469,107.7699966430664,107.06999969482422,107.37999725341797,35352000,SPY
2003-12-03,70.61579132080078,107.16000366210938,108.08000183105469,107.06999969482422,107.6500015258789,39078600,SPY
2003-12-04,70.90574645996094,107.5999984741211,107.72000122070312,106.94000244140625,107.16999816894531,36089500,SPY
2003-12-05,70.41152954101562,106.8499984741211,107.80000305175781,106.62000274658203,107.12000274658203,28824400,SPY
2003-12-08,70.88599395751953,107.56999969482422,107.63999938964844,106.68000030517578,106.73999786376953,32482900,SPY
2003-12-09,70.33902740478516,106.73999786376953,107.93000030517578,106.54000091552734,107.9000015258789,43596100,SPY
2003-12-10,70.33242797851562,106.7300033569336,106.9800033569336,105.95999908447266,106.7699966430664,36915400,SPY
2003-12-11,71.12320709228516,107.93000030517578,108.0999984741211,106.66999816894531,106.68000030517578,45304000,SPY
2003-12-12,71.2615737915039,108.13999938964844,108.19999694824219,107.38999938964844,107.97000122070312,34142200,SPY
2003-12-15,70.90574645996094,107.5999984741211,109.2300033569336,107.4800033569336,109.16999816894531,38693400,SPY
2003-12-16,71.27476501464844,108.16000366210938,108.5,107.5199966430664,107.68000030517578,32894200,SPY
2003-12-17,71.49884033203125,108.5,108.5,107.80000305175781,108.05999755859375,23198800,SPY
2003-12-18,72.30278015136719,109.72000122070312,109.7300033569336,108.38999938964844,108.55000305175781,29353100,SPY
2003-12-19,72.10150909423828,108.9000015258789,109.37000274658203,108.58000183105469,109.30000305175781,41465100,SPY
2003-12-22,72.60469055175781,109.66000366210938,109.66000366210938,108.77999877929688,108.79000091552734,27611300,SPY
2003-12-23,72.65103912353516,109.7300033569336,109.94999694824219,109.37999725341797,109.4800033569336,24741200,SPY
2003-12-24,72.57820892333984,109.62000274658203,109.87999725341797,109.43000030517578,109.5199966430664,8055800,SPY
2003-12-26,72.63117218017578,109.69999694824219,110.08000183105469,109.62999725341797,109.70999908447266,8308400,SPY
2003-12-29,73.59783935546875,111.16000366210938,111.2699966430664,109.77999877929688,110.0999984741211,22483700,SPY
2003-12-30,73.61105346679688,111.18000030517578,111.2699966430664,110.8499984741211,111.08999633789062,19559500,SPY
2003-12-31,73.67727661132812,111.27999877929688,111.5199966430664,110.83999633789062,111.22000122070312,31501800,SPY
2004-01-02,73.6441650390625,111.2300033569336,112.19000244140625,110.7300033569336,111.73999786376953,38072300,SPY
2004-01-05,74.44529724121094,112.44000244140625,112.5199966430664,111.58999633789062,111.69000244140625,27959800,SPY
2004-01-06,74.51811981201172,112.55000305175781,112.7300033569336,112.0,112.16000366210938,20472800,SPY
2004-01-07,74.76974487304688,112.93000030517578,113.05999755859375,111.88999938964844,112.38999938964844,30170400,SPY
2004-01-08,75.06764221191406,113.37999725341797,113.41000366210938,112.7699966430664,113.25,36438400,SPY
2004-01-09,74.41218566894531,112.38999938964844,113.5,112.2699966430664,112.83000183105469,54084300,SPY
2004-01-12,74.96170043945312,113.22000122070312,113.25,112.36000061035156,112.55000305175781,31564100,SPY
2004-01-13,74.52474212646484,112.55999755859375,113.2300033569336,111.76000213623047,113.08999633789062,54239700,SPY
2004-01-14,75.14710998535156,113.5,113.66000366210938,112.66999816894531,112.76000213623047,30112800,SPY
2004-01-15,75.33251953125,113.77999877929688,114.05999755859375,112.58000183105469,113.56999969482422,38408700,SPY
2004-01-16,75.6304702758789,114.2300033569336,114.30999755859375,113.62999725341797,114.04000091552734,31922700,SPY
2004-01-20,75.61058807373047,114.19999694824219,114.6500015258789,113.81999969482422,114.52999877929688,29863000,SPY
2004-01-21,76.20643615722656,115.0999984741211,115.30000305175781,113.72000122070312,114.12999725341797,30725000,SPY
2004-01-22,76.00782012939453,114.80000305175781,115.37999725341797,114.58000183105469,115.13999938964844,29888500,SPY
2004-01-23,75.76286315917969,114.43000030517578,115.37000274658203,113.94999694824219,115.0,44245300,SPY
2004-01-26,76.71623229980469,115.87000274658203,115.93000030517578,114.37999725341797,114.38999938964844,30460600,SPY
2004-01-27,75.92839050292969,114.68000030517578,116.5,114.6500015258789,115.75,35322800,SPY
2004-01-28,75.0610122680664,113.37000274658203,115.27999877929688,112.94000244140625,114.9800033569336,52621300,SPY
2004-01-29,75.13388061523438,113.4800033569336,113.8499984741211,112.55999755859375,113.55999755859375,60117100,SPY
2004-01-30,75.13388061523438,113.4800033569336,113.72000122070312,113.08999633789062,113.5199966430664,30984400,SPY
2004-02-02,75.45830535888672,113.97000122070312,114.68000030517578,113.12000274658203,113.69999694824219,38832400,SPY
2004-02-03,75.33251953125,113.77999877929688,114.13999938964844,113.44000244140625,113.73999786376953,25093500,SPY
2004-02-04,74.71674346923828,112.8499984741211,113.7300033569336,112.79000091552734,113.19000244140625,39332600,SPY
2004-02-05,74.93525695800781,113.18000030517578,113.54000091552734,112.77999877929688,113.16999816894531,37226800,SPY
2004-02-06,75.77609252929688,114.44999694824219,114.69999694824219,113.19999694824219,113.41999816894531,37216000,SPY
2004-02-09,75.79593658447266,114.4800033569336,114.87000274658203,114.29000091552734,114.66999816894531,24851300,SPY
2004-02-10,76.04093933105469,114.8499984741211,115.13999938964844,114.26000213623047,114.27999877929688,27908100,SPY
2004-02-11,76.84864044189453,116.06999969482422,116.38999938964844,114.16999816894531,114.8499984741211,42965700,SPY
2004-02-12,76.57059478759766,115.6500015258789,116.2699966430664,115.58000183105469,115.97000122070312,27814700,SPY
2004-02-13,76.22632598876953,115.12999725341797,116.19999694824219,114.75,115.81999969482422,44739900,SPY
2004-02-17,76.91490936279297,116.16999816894531,116.43000030517578,115.7699966430664,115.8499984741211,23984300,SPY
2004-02-18,76.57720947265625,115.66000366210938,116.5999984741211,115.3499984741211,116.19999694824219,28618000,SPY
2004-02-19,76.29253387451172,115.2300033569336,116.38999938964844,115.05999755859375,116.33000183105469,51146200,SPY
2004-02-20,76.06077575683594,114.87999725341797,115.55999755859375,114.31999969482422,115.4800033569336,46728800,SPY
2004-02-23,75.8687973022461,114.58999633789062,115.26000213623047,114.16999816894531,115.22000122070312,36357000,SPY
2004-02-24,75.73638916015625,114.38999938964844,114.98999786376953,113.02999877929688,114.2699966430664,43953000,SPY
2004-02-25,76.05418395996094,114.87000274658203,115.05999755859375,114.31999969482422,114.45999908447266,31213600,SPY
2004-02-26,76.10050964355469,114.94000244140625,115.29000091552734,114.33999633789062,114.61000061035156,29683000,SPY
2004-02-27,76.15347290039062,115.0199966430664,115.73999786376953,114.62999725341797,115.19000244140625,39312000,SPY
2004-03-01,76.90828704833984,116.16000366210938,116.33999633789062,115.25,115.43000030517578,33130800,SPY
2004-03-02,76.45803833007812,115.4800033569336,116.97000122070312,115.2300033569336,115.94000244140625,38556400,SPY
2004-03-03,76.59709167480469,115.69000244140625,115.87000274658203,114.91999816894531,115.25,31346200,SPY
2004-03-04,76.79570007324219,115.98999786376953,116.0999984741211,115.5199966430664,115.72000122070312,21060000,SPY
2004-03-05,77.0539321899414,116.37999725341797,116.94999694824219,115.27999877929688,115.41999816894531,55905600,SPY
2004-03-08,76.11376190185547,114.95999908447266,116.62000274658203,114.91000366210938,116.33999633789062,39281600,SPY
2004-03-09,75.80916595458984,114.5,115.20999908447266,114.23999786376953,115.0999984741211,39746100,SPY
2004-03-10,74.53797149658203,112.58000183105469,114.7699966430664,112.55999755859375,114.72000122070312,67671800,SPY
2004-03-11,73.57133483886719,111.12000274658203,113.2699966430664,111.0999984741211,112.4000015258789,89134800,SPY
2004-03-12,74.53797149658203,112.58000183105469,112.70999908447266,111.58000183105469,111.7300033569336,54012200,SPY
2004-03-15,73.62430572509766,111.19999694824219,112.3499984741211,110.9000015258789,112.2699966430664,57677200,SPY
2004-03-16,74.01496887207031,111.79000091552734,112.05999755859375,110.83999633789062,111.77999877929688,59832600,SPY
2004-03-17,74.84254455566406,113.04000091552734,113.26000213623047,112.0999984741211,112.18000030517578,41607300,SPY
2004-03-18,74.86241912841797,113.06999969482422,113.2699966430664,111.93000030517578,112.69999694824219,60014300,SPY
2004-03-19,73.78938293457031,111.05999755859375,112.56999969482422,111.04000091552734,112.41000366210938,48636200,SPY
2004-03-22,72.8525619506836,109.6500015258789,110.56999969482422,109.0999984741211,110.54000091552734,62752100,SPY
2004-03-23,72.726318359375,109.45999908447266,110.4000015258789,109.36000061035156,110.25,54080200,SPY
2004-03-24,72.7861328125,109.55000305175781,110.13999938964844,108.8499984741211,109.58000183105469,51584300,SPY
2004-03-25,73.74955749511719,111.0,111.30000305175781,109.79000091552734,110.08000183105469,49873600,SPY
2004-03-26,73.76943969726562,111.02999877929688,111.79000091552734,110.80000305175781,110.95999908447266,37409500,SPY
2004-03-29,74.80594635009766,112.58999633789062,112.73999786376953,111.58000183105469,111.62999725341797,44113600,SPY
2004-03-30,75.05842590332031,112.97000122070312,113.06999969482422,112.22000122070312,112.30000305175781,39059900,SPY
2004-03-31,75.14478302001953,113.0999984741211,113.4000015258789,112.37999725341797,112.98999786376953,48517600,SPY
2004-04-01,75.59659576416016,113.77999877929688,113.87000274658203,113.05000305175781,113.06999969482422,45103800,SPY
2004-04-02,76.16796875,114.63999938964844,114.83999633789062,113.9000015258789,114.80999755859375,50987700,SPY
2004-04-05,76.58654022216797,115.2699966430664,115.37999725341797,114.44000244140625,114.45999908447266,30251800,SPY
2004-04-06,76.34070587158203,114.9000015258789,115.18000030517578,114.62000274658203,114.83000183105469,28420900,SPY
2004-04-07,76.1613540649414,114.62999725341797,114.9800033569336,114.11000061035156,114.94999694824219,45890500,SPY
2004-04-08,75.98859405517578,114.37000274658203,115.41000366210938,113.73999786376953,115.41000366210938,46929700,SPY
2004-04-12,76.28760528564453,114.81999969482422,115.08000183105469,114.56999969482422,114.58000183105469,23085200,SPY
2004-04-13,75.21786499023438,113.20999908447266,115.30000305175781,113.0199966430664,115.26000213623047,56210300,SPY
2004-04-14,75.33747863769531,113.38999938964844,113.63999938964844,112.55000305175781,112.61000061035156,62322300,SPY
2004-04-15,75.05175018310547,112.95999908447266,113.77999877929688,112.36000061035156,113.44999694824219,61602500,SPY
2004-04-16,75.62981414794922,113.83000183105469,114.05000305175781,112.9800033569336,113.37999725341797,47059200,SPY
2004-04-19,75.62981414794922,113.83000183105469,113.98999786376953,113.2699966430664,113.55000305175781,28277600,SPY
2004-04-20,74.36080169677734,111.91999816894531,114.31999969482422,111.77999877929688,114.08000183105469,53299400,SPY
2004-04-21,74.85908508300781,112.66999816894531,112.94999694824219,111.87000274658203,112.19999694824219,50177300,SPY
2004-04-22,75.90888214111328,114.25,114.66999816894531,112.44000244140625,112.4800033569336,62071500,SPY
2004-04-23,75.98194122314453,114.36000061035156,114.56999969482422,113.79000091552734,114.41999816894531,29395700,SPY
2004-04-26,75.87562561035156,114.19999694824219,114.94000244140625,113.5999984741211,114.5,35515200,SPY
2004-04-27,75.94207000732422,114.30000305175781,115.12000274658203,113.95999908447266,114.2300033569336,43485500,SPY
2004-04-28,74.95877075195312,112.81999969482422,114.01000213623047,112.5,113.88999938964844,50165800,SPY
2004-04-29,74.30097961425781,111.83000183105469,113.31999969482422,111.16000366210938,112.72000122070312,69687600,SPY
2004-04-30,73.72295379638672,110.95999908447266,112.37999725341797,110.9000015258789,112.16999816894531,48681400,SPY
2004-05-03,74.51358795166016,112.1500015258789,112.29000091552734,111.3499984741211,111.37000274658203,33758000,SPY
2004-05-04,74.45380401611328,112.05999755859375,113.26000213623047,111.66000366210938,112.25,51185100,SPY
2004-05-05,74.93218994140625,112.77999877929688,112.95999908447266,112.16000366210938,112.41000366210938,34405000,SPY
2004-05-06,74.2876968383789,111.80999755859375,112.58999633789062,111.0,112.0199966430664,54997000,SPY
2004-05-07,73.05854034423828,109.95999908447266,112.2300033569336,109.95999908447266,111.22000122070312,60950000,SPY
2004-05-10,72.3077392578125,108.83000183105469,109.75,108.36000061035156,109.44000244140625,75279400,SPY
2004-05-11,72.91899108886719,109.75,110.05000305175781,109.33000183105469,109.45999908447266,48300600,SPY
2004-05-12,73.38409423828125,110.44999694824219,110.54000091552734,108.05999755859375,109.56999969482422,90830500,SPY
2004-05-13,73.0784912109375,109.98999786376953,110.80999755859375,109.62999725341797,109.76000213623047,57393700,SPY
2004-05-14,73.11170196533203,110.04000091552734,110.73999786376953,109.2699966430664,109.94999694824219,54123100,SPY
2004-05-17,72.48715209960938,109.0999984741211,109.5,108.41000366210938,108.88999938964844,55020400,SPY
2004-05-18,72.8525619506836,109.6500015258789,109.94000244140625,109.33000183105469,109.48999786376953,30193100,SPY
2004-05-19,72.60006713867188,109.2699966430664,111.18000030517578,109.1500015258789,110.5,54804100,SPY
2004-05-20,72.8326416015625,109.62000274658203,109.87000274658203,109.04000091552734,109.44999694824219,38082900,SPY
2004-05-21,72.95886993408203,109.80999755859375,110.55000305175781,109.47000122070312,109.97000122070312,47480400,SPY
2004-05-24,73.26451873779297,110.2699966430664,110.76000213623047,109.68000030517578,110.52999877929688,40961500,SPY
2004-05-25,74.31428527832031,111.8499984741211,111.9800033569336,109.5999984741211,109.9000015258789,48668000,SPY
2004-05-26,74.57337951660156,112.23999786376953,112.29000091552734,111.51000213623047,111.66000366210938,35977000,SPY
2004-05-27,74.991943359375,112.87000274658203,113.02999877929688,112.05999755859375,112.54000091552734,45306900,SPY
2004-05-28,74.9853286743164,112.86000061035156,112.87999725341797,112.36000061035156,112.7300033569336,23367200,SPY
2004-06-01,74.88566589355469,112.70999908447266,112.86000061035156,111.87000274658203,112.45999908447266,41044700,SPY
2004-06-02,75.16471862792969,113.12999725341797,113.4800033569336,112.45999908447266,113.02999877929688,39774200,SPY
2004-06-03,74.47374725341797,112.08999633789062,113.19000244140625,112.06999969482422,112.80999755859375,38688300,SPY
2004-06-04,75.06507873535156,112.9800033569336,113.58000183105469,112.70999908447266,112.9800033569336,32739500,SPY
2004-06-07,76.20785522460938,114.69999694824219,114.80999755859375,113.41999816894531,113.43000030517578,31643800,SPY
2004-06-08,76.31413269042969,114.86000061035156,114.91999816894531,114.16999816894531,114.37000274658203,32846500,SPY
2004-06-09,75.60324096679688,113.79000091552734,114.69999694824219,113.72000122070312,114.51000213623047,36737600,SPY
2004-06-10,75.97529602050781,114.3499984741211,114.3499984741211,113.93000030517578,114.04000091552734,21711000,SPY
2004-06-14,75.22451782226562,113.22000122070312,113.8499984741211,112.87000274658203,113.81999969482422,34633000,SPY
2004-06-15,75.75604248046875,114.0199966430664,114.44999694824219,113.51000213623047,113.9000015258789,37445000,SPY
2004-06-16,75.74275970458984,114.0,114.19999694824219,113.69999694824219,114.0,26633400,SPY
2004-06-17,75.62981414794922,113.83000183105469,114.06999969482422,113.33000183105469,113.8499984741211,28402400,SPY
2004-06-18,75.77251434326172,113.62999725341797,114.22000122070312,113.18000030517578,113.2699966430664,31799800,SPY
2004-06-21,75.48577880859375,113.19999694824219,114.13999938964844,113.12999725341797,113.75,25284000,SPY
2004-06-22,75.86589050292969,113.7699966430664,113.87999725341797,112.66999816894531,113.12999725341797,37334000,SPY
2004-06-23,76.51936340332031,114.75,114.83999633789062,113.41999816894531,113.61000061035156,35580000,SPY
2004-06-24,76.27931213378906,114.38999938964844,114.93000030517578,114.26000213623047,114.55999755859375,35272100,SPY
2004-06-25,75.91252899169922,113.83999633789062,114.94000244140625,113.68000030517578,114.41000366210938,32837900,SPY
2004-06-28,75.65247344970703,113.44999694824219,114.61000061035156,113.41000366210938,114.5199966430664,40824500,SPY
2004-06-29,75.96591186523438,113.91999816894531,114.16999816894531,113.41999816894531,113.52999877929688,28418100,SPY
2004-06-30,76.37266540527344,114.52999877929688,114.79000091552734,113.6500015258789,114.06999969482422,52230600,SPY
2004-07-01,75.3123779296875,112.94000244140625,114.4000015258789,112.58000183105469,114.25,57734700,SPY
2004-07-02,75.27238464355469,112.87999725341797,113.29000091552734,112.5999984741211,113.16000366210938,34615100,SPY
2004-07-06,74.61222076416016,111.88999938964844,112.44999694824219,111.62999725341797,112.37000274658203,38698200,SPY
2004-07-07,74.832275390625,112.22000122070312,112.56999969482422,111.75,111.80999755859375,29839800,SPY
2004-07-08,74.3121337890625,111.44000244140625,112.31999969482422,111.19999694824219,111.80999755859375,45291100,SPY
2004-07-09,74.50550842285156,111.7300033569336,111.94000244140625,111.37999725341797,111.72000122070312,27412900,SPY
2004-07-12,74.53884887695312,111.77999877929688,112.04000091552734,111.0,111.5199966430664,35691300,SPY
2004-07-13,74.5922622680664,111.86000061035156,112.0199966430664,111.5999984741211,111.91999816894531,26752000,SPY
2004-07-14,74.36547088623047,111.5199966430664,112.38999938964844,111.12000274658203,111.26000213623047,54089400,SPY
2004-07-15,73.88534545898438,110.80000305175781,111.91000366210938,110.69999694824219,111.73999786376953,38403500,SPY
2004-07-16,73.82535552978516,110.70999908447266,111.66999816894531,110.44000244140625,111.56999969482422,40871200,SPY
2004-07-19,73.51193237304688,110.23999786376953,110.95999908447266,109.98999786376953,110.75,39592800,SPY
2004-07-20,74.44550323486328,111.63999938964844,111.9000015258789,110.25,110.52999877929688,46679800,SPY
2004-07-21,73.07183837890625,109.58000183105469,112.05999755859375,109.44999694824219,111.81999969482422,56241100,SPY
2004-07-22,73.27185821533203,109.87999725341797,110.38999938964844,108.7699966430664,109.36000061035156,72477100,SPY
2004-07-23,72.65840148925781,108.95999908447266,109.70999908447266,108.69000244140625,109.62000274658203,49610500,SPY
2004-07-26,72.51835632324219,108.75,109.43000030517578,108.20999908447266,109.19000244140625,49679100,SPY
2004-07-27,73.19853210449219,109.7699966430664,110.11000061035156,108.97000122070312,109.05000305175781,51295100,SPY
2004-07-28,73.4185791015625,110.0999984741211,110.37000274658203,108.58999633789062,109.55000305175781,65862300,SPY
2004-07-29,73.73197937011719,110.56999969482422,110.87000274658203,110.0,110.54000091552734,52200500,SPY
2004-07-30,73.91202545166016,110.83999633789062,110.9000015258789,110.0999984741211,110.31999969482422,41581700,SPY
2004-08-02,74.0654067993164,111.06999969482422,111.36000061035156,110.05000305175781,110.19000244140625,38263100,SPY
2004-08-03,73.49193572998047,110.20999908447266,111.05999755859375,110.16000366210938,110.93000030517578,40948800,SPY
2004-08-04,73.4852523803711,110.19999694824219,110.75,109.63999938964844,109.88999938964844,40763200,SPY
2004-08-05,72.2849349975586,108.4000015258789,110.37999725341797,108.2699966430664,110.29000091552734,50772000,SPY
2004-08-06,71.25132751464844,106.8499984741211,107.95999908447266,106.62000274658203,107.62999725341797,74729000,SPY
2004-08-09,71.35137939453125,107.0,107.4800033569336,106.87000274658203,107.0199966430664,37476300,SPY
2004-08-10,72.27161407470703,108.37999725341797,108.41000366210938,107.26000213623047,107.30999755859375,55870600,SPY
2004-08-11,72.12493133544922,108.16000366210938,108.33000183105469,107.0999984741211,107.68000030517578,52933200,SPY
2004-08-12,71.3380355834961,106.9800033569336,107.94999694824219,106.62999725341797,107.68000030517578,50015900,SPY
2004-08-13,71.47808074951172,107.19000244140625,107.3499984741211,106.58999633789062,107.0999984741211,41634700,SPY
2004-08-16,72.21825408935547,108.30000305175781,108.63999938964844,107.0999984741211,107.13999938964844,45731900,SPY
2004-08-17,72.62503814697266,108.91000366210938,109.27999877929688,108.52999877929688,108.75,40701600,SPY
2004-08-18,73.37191009521484,110.02999877929688,110.16999816894531,108.48999786376953,108.5199966430664,43165400,SPY
2004-08-19,73.15853881835938,109.70999908447266,110.0199966430664,109.18000030517578,109.80999755859375,39881600,SPY
2004-08-20,73.67196655273438,110.4800033569336,110.62999725341797,109.51000213623047,109.61000061035156,44870900,SPY
2004-08-23,73.4852523803711,110.19999694824219,110.7699966430664,110.05000305175781,110.55000305175781,33745100,SPY
2004-08-24,73.58528900146484,110.3499984741211,110.7300033569336,109.8499984741211,110.63999938964844,30453100,SPY
2004-08-25,74.08541870117188,111.0999984741211,111.2699966430664,109.9000015258789,110.33000183105469,38551400,SPY
2004-08-26,74.08541870117188,111.0999984741211,111.30999755859375,110.8499984741211,110.95999908447266,26629500,SPY
2004-08-27,74.31878662109375,111.44999694824219,111.62999725341797,111.05000305175781,111.19999694824219,24902900,SPY
2004-08-30,73.7053451538086,110.52999877929688,111.33999633789062,110.44999694824219,111.22000122070312,26726500,SPY
2004-08-31,74.09210205078125,111.11000061035156,111.16000366210938,110.0999984741211,110.66000366210938,44125300,SPY
2004-09-01,74.23211669921875,111.31999969482422,111.63999938964844,110.4800033569336,110.94999694824219,52778300,SPY
2004-09-02,75.07232666015625,112.58000183105469,112.69999694824219,111.23999786376953,111.23999786376953,42736600,SPY
2004-09-03,74.76558685302734,112.12000274658203,112.81999969482422,112.01000213623047,112.33000183105469,30480500,SPY
2004-09-07,75.2590560913086,112.86000061035156,113.12999725341797,112.31999969482422,112.54000091552734,37338800,SPY
2004-09-08,75.07232666015625,112.58000183105469,113.05999755859375,112.30999755859375,112.62000274658203,32963100,SPY
2004-09-09,75.00564575195312,112.4800033569336,112.87999725341797,112.02999877929688,112.56999969482422,34314800,SPY
2004-09-10,75.39240264892578,113.05999755859375,113.2699966430664,112.08000183105469,112.5199966430664,27900600,SPY
2004-09-13,75.63916778564453,113.43000030517578,113.73999786376953,113.01000213623047,113.30999755859375,44398100,SPY
2004-09-14,75.7925033569336,113.66000366210938,113.69000244140625,113.19000244140625,113.30000305175781,28048900,SPY
2004-09-15,75.21907043457031,112.80000305175781,113.36000061035156,112.68000030517578,113.30000305175781,38295000,SPY
2004-09-16,75.44574737548828,113.13999938964844,113.37000274658203,112.80000305175781,112.8499984741211,23911700,SPY
2004-09-17,75.76648712158203,113.1500015258789,113.36000061035156,112.69000244140625,112.94999694824219,33683000,SPY
2004-09-20,75.31117248535156,112.47000122070312,112.98999786376953,112.27999877929688,112.66999816894531,37149400,SPY
2004-09-21,75.6392822265625,112.95999908447266,113.47000122070312,112.54000091552734,112.75,40920800,SPY
2004-09-22,74.69511413574219,111.55000305175781,112.5199966430664,111.47000122070312,112.5,49042100,SPY
2004-09-23,74.29336547851562,110.94999694824219,111.69999694824219,110.94999694824219,111.5999984741211,44068700,SPY
2004-09-24,74.63487243652344,111.45999908447266,111.7300033569336,111.12999725341797,111.16999816894531,34981100,SPY
2004-09-27,74.1594467163086,110.75,111.19999694824219,110.58000183105469,111.0999984741211,39355100,SPY
2004-09-28,74.51434326171875,111.27999877929688,111.51000213623047,110.41000366210938,110.91000366210938,41662900,SPY
2004-09-29,74.8893051147461,111.83999633789062,111.8499984741211,111.0,111.20999908447266,33325700,SPY
2004-09-30,74.83574676513672,111.76000213623047,111.9800033569336,111.26000213623047,111.55000305175781,43536700,SPY
2004-10-01,76.10132598876953,113.6500015258789,113.6500015258789,112.20999908447266,112.26000213623047,62824300,SPY
2004-10-04,76.2285385131836,113.83999633789062,114.44000244140625,113.80000305175781,114.0999984741211,33082400,SPY
2004-10-05,76.26872253417969,113.9000015258789,114.16000366210938,113.54000091552734,113.8499984741211,36910600,SPY
2004-10-06,76.79100799560547,114.68000030517578,114.68000030517578,113.68000030517578,113.7699966430664,42297800,SPY
2004-10-07,75.96736907958984,113.44999694824219,114.4000015258789,113.36000061035156,114.37999725341797,39388800,SPY
2004-10-08,75.33796691894531,112.51000213623047,113.7699966430664,112.3499984741211,113.1500015258789,51872600,SPY
2004-10-11,75.6459732055664,112.97000122070312,113.0199966430664,112.63999938964844,112.77999877929688,20229100,SPY
2004-10-12,75.3513412475586,112.52999877929688,112.83000183105469,111.94000244140625,112.19999694824219,41754700,SPY
2004-10-13,74.68842315673828,111.54000091552734,113.06999969482422,111.31999969482422,113.0,54212600,SPY
2004-10-14,74.08577728271484,110.63999938964844,111.93000030517578,110.58000183105469,111.68000030517578,64082200,SPY
2004-10-15,74.50094604492188,111.26000213623047,111.73999786376953,110.56999969482422,111.0199966430664,63482200,SPY
2004-10-18,74.78217315673828,111.68000030517578,111.9000015258789,110.69999694824219,110.88999938964844,43535100,SPY
2004-10-19,74.15274047851562,110.73999786376953,112.2300033569336,110.58999633789062,112.0199966430664,55851900,SPY
2004-10-20,74.00543975830078,110.5199966430664,110.81999969482422,109.75,110.37999725341797,57118500,SPY
2004-10-21,74.48755645751953,111.23999786376953,111.31999969482422,110.20999908447266,110.79000091552734,53218300,SPY
2004-10-22,73.65055084228516,109.98999786376953,111.25,109.86000061035156,111.19000244140625,48752400,SPY
2004-10-25,73.56348419189453,109.86000061035156,110.12000274658203,109.3499984741211,109.75,43990900,SPY
2004-10-26,74.68842315673828,111.54000091552734,111.5999984741211,109.87999725341797,110.12999725341797,54337400,SPY
2004-10-27,75.58572387695312,112.87999725341797,113.0999984741211,111.12000274658203,111.37999725341797,73896000,SPY
2004-10-28,75.81338500976562,113.22000122070312,113.55999755859375,112.48999786376953,112.77999877929688,54413300,SPY
2004-10-29,75.79998779296875,113.19999694824219,113.63999938964844,112.9000015258789,113.12000274658203,48820200,SPY
2004-11-01,76.00758361816406,113.51000213623047,113.83999633789062,113.19999694824219,113.55999755859375,36720900,SPY
2004-11-02,76.03437805175781,113.55000305175781,114.56999969482422,113.22000122070312,113.66999816894531,56210000,SPY
2004-11-03,76.99190521240234,114.9800033569336,115.36000061035156,114.23999786376953,115.02999877929688,76960200,SPY
2004-11-04,78.0432357788086,116.55000305175781,116.66999816894531,114.68000030517578,114.77999877929688,55350300,SPY
2004-11-05,78.53197479248047,117.27999877929688,117.63999938964844,116.48999786376953,117.05000305175781,63287200,SPY
2004-11-08,78.41814422607422,117.11000061035156,117.2300033569336,116.72000122070312,116.9800033569336,33863800,SPY
2004-11-09,78.26415252685547,116.87999725341797,117.5,116.76000213623047,117.08000183105469,44658100,SPY
2004-11-10,78.32440948486328,116.97000122070312,117.55000305175781,116.76000213623047,117.05999755859375,45265400,SPY
2004-11-11,78.92039489746094,117.86000061035156,118.12000274658203,117.0999984741211,117.18000030517578,37863200,SPY
2004-11-12,79.54313659667969,118.79000091552734,119.0,117.68000030517578,117.97000122070312,55583700,SPY
2004-11-15,79.73857879638672,118.7300033569336,118.7699966430664,118.2300033569336,118.5,35297900,SPY
2004-11-16,79.16767883300781,117.87999725341797,118.41000366210938,117.7300033569336,118.36000061035156,40028700,SPY
2004-11-17,79.63780975341797,118.58000183105469,119.13999938964844,118.06999969482422,118.37000274658203,54494000,SPY
2004-11-18,79.74525451660156,118.73999786376953,118.80000305175781,118.2300033569336,118.52999877929688,31854300,SPY
2004-11-19,78.8587646484375,117.41999816894531,118.72000122070312,117.13999938964844,118.69999694824219,54276500,SPY
2004-11-22,79.23487091064453,117.9800033569336,118.12000274658203,117.02999877929688,117.16999816894531,37560200,SPY
2004-11-23,79.3557357788086,118.16000366210938,118.26000213623047,117.37000274658203,117.93000030517578,41968800,SPY
2004-11-24,79.54377746582031,118.44000244140625,118.58999633789062,118.05000305175781,118.2699966430664,29724800,SPY
2004-11-26,79.48333740234375,118.3499984741211,118.9800033569336,118.30000305175781,118.51000213623047,15487700,SPY
2004-11-29,79.12066650390625,117.80999755859375,119.01000213623047,117.4800033569336,118.79000091552734,61460800,SPY
2004-11-30,79.17443084716797,117.88999938964844,118.23999786376953,117.63999938964844,118.0,53685200,SPY
2004-12-01,80.0743408203125,119.2300033569336,119.5,118.0999984741211,118.16000366210938,49898300,SPY
2004-12-02,80.14148712158203,119.33000183105469,119.87000274658203,119.01000213623047,119.0999984741211,60163500,SPY
2004-12-03,80.08778381347656,119.25,120.13999938964844,119.08999633789062,119.30999755859375,49067900,SPY
2004-12-06,80.06092834472656,119.20999908447266,119.63999938964844,118.83999633789062,119.20999908447266,33030500,SPY
2004-12-07,79.3154067993164,118.0999984741211,119.62000274658203,118.04000091552734,119.48999786376953,52047200,SPY
2004-12-08,79.77884674072266,118.79000091552734,118.81999969482422,118.01000213623047,118.20999908447266,43895100,SPY
2004-12-09,80.06092834472656,119.20999908447266,119.45999908447266,117.7300033569336,118.13999938964844,60922800,SPY
2004-12-10,80.14148712158203,119.33000183105469,119.55999755859375,118.8499984741211,118.91999816894531,47828600,SPY
2004-12-13,80.83995056152344,120.37000274658203,120.4000015258789,119.3499984741211,119.76000213623047,38541000,SPY
2004-12-14,81.12205505371094,120.79000091552734,120.95999908447266,120.18000030517578,120.18000030517578,41500700,SPY
2004-12-15,81.18243408203125,120.87999725341797,121.11000061035156,120.30999755859375,120.69999694824219,46699200,SPY
2004-12-16,81.13544464111328,120.80999755859375,121.23999786376953,120.04000091552734,120.72000122070312,51641800,SPY
2004-12-17,80.59432983398438,119.44000244140625,119.97000122070312,119.16000366210938,119.45999908447266,70761900,SPY
2004-12-20,80.61454772949219,119.47000122070312,120.29000091552734,119.16999816894531,119.75,47187400,SPY
2004-12-21,81.23532104492188,120.38999938964844,120.4800033569336,119.45999908447266,119.5999984741211,33094200,SPY
2004-12-22,81.43099212646484,120.68000030517578,121.08000183105469,120.30000305175781,120.37999725341797,31500700,SPY
2004-12-23,81.49172973632812,120.7699966430664,121.27999877929688,120.66000366210938,120.87000274658203,25646100,SPY
2004-12-27,81.32305908203125,120.5199966430664,121.36000061035156,120.38999938964844,121.19999694824219,29944100,SPY
2004-12-28,81.76837158203125,121.18000030517578,121.33000183105469,120.5999984741211,120.63999938964844,23422900,SPY
2004-12-29,81.88984680175781,121.36000061035156,121.4000015258789,120.94999694824219,121.08000183105469,22650600,SPY
2004-12-30,81.73465728759766,121.12999725341797,121.56999969482422,121.04000091552734,121.4000015258789,21076900,SPY
2004-12-31,81.5592041015625,120.87000274658203,121.66000366210938,120.80000305175781,121.30000305175781,28648800,SPY
2005-01-03,81.17460632324219,120.30000305175781,121.76000213623047,119.9000015258789,121.55999755859375,55748000,SPY
2005-01-04,80.18272399902344,118.83000183105469,120.54000091552734,118.44000244140625,120.45999908447266,69167600,SPY
2005-01-05,79.62940216064453,118.01000213623047,119.25,118.0,118.73999786376953,65667300,SPY
2005-01-06,80.03426361083984,118.61000061035156,119.1500015258789,118.26000213623047,118.44000244140625,47814700,SPY
2005-01-07,79.91952514648438,118.44000244140625,119.2300033569336,118.12999725341797,118.97000122070312,55847700,SPY
2005-01-10,80.29739379882812,119.0,119.45999908447266,118.33999633789062,118.33999633789062,56563300,SPY
2005-01-11,79.74407958984375,118.18000030517578,118.73999786376953,117.98999786376953,118.63999938964844,63099700,SPY
2005-01-12,80.00727844238281,118.56999969482422,118.83999633789062,117.5199966430664,118.4000015258789,72720500,SPY
2005-01-13,79.3662338256836,117.62000274658203,118.7300033569336,117.5,118.63999938964844,55537500,SPY
2005-01-14,79.78456115722656,118.23999786376953,118.52999877929688,117.76000213623047,117.97000122070312,42032500,SPY
2005-01-18,80.61454772949219,119.47000122070312,119.62000274658203,117.94999694824219,118.05000305175781,57391700,SPY
2005-01-19,79.77110290527344,118.22000122070312,119.5199966430664,118.20999908447266,119.43000030517578,54378900,SPY
2005-01-20,79.28523254394531,117.5,118.19999694824219,117.29000091552734,117.88999938964844,72049300,SPY
2005-01-21,78.79942321777344,116.77999877929688,118.0,116.6500015258789,117.79000091552734,63160400,SPY
2005-01-24,78.64420318603516,116.55000305175781,117.33999633789062,116.37000274658203,117.08999633789062,58441900,SPY
2005-01-25,78.86689758300781,116.87999725341797,117.47000122070312,116.72000122070312,116.91000366210938,68245000,SPY
2005-01-26,79.10305786132812,117.2300033569336,117.5999984741211,117.04000091552734,117.31999969482422,57195100,SPY
2005-01-27,79.23802185058594,117.43000030517578,117.75,116.9800033569336,117.19000244140625,55878800,SPY
2005-01-28,79.23802185058594,117.43000030517578,117.55000305175781,116.61000061035156,117.48999786376953,60738900,SPY
2005-01-31,79.73059844970703,118.16000366210938,118.25,117.70999908447266,117.94999694824219,52532700,SPY
2005-02-01,80.23670959472656,118.91000366210938,119.08000183105469,118.0999984741211,118.25,49841200,SPY
2005-02-02,80.47959899902344,119.2699966430664,119.58999633789062,118.9000015258789,119.05999755859375,52468900,SPY
2005-02-03,80.2703857421875,118.95999908447266,119.16000366210938,118.56999969482422,119.05999755859375,48837100,SPY
2005-02-04,81.12737274169922,120.2300033569336,120.43000030517578,118.9800033569336,119.0,50024600,SPY
2005-02-07,81.01939392089844,120.06999969482422,120.5199966430664,119.95999908447266,120.25,45412000,SPY
2005-02-08,81.11386108398438,120.20999908447266,120.6500015258789,120.06999969482422,120.16999816894531,39263500,SPY
2005-02-09,80.506591796875,119.30999755859375,120.48999786376953,119.25,120.41999816894531,55279400,SPY
2005-02-10,80.79674530029297,119.73999786376953,120.0199966430664,119.26000213623047,119.66000366210938,45858600,SPY
2005-02-11,81.49172973632812,120.7699966430664,121.04000091552734,119.45999908447266,119.69999694824219,53133000,SPY
2005-02-14,81.43099212646484,120.68000030517578,120.86000061035156,120.4800033569336,120.69000244140625,32432100,SPY
2005-02-15,81.73465728759766,121.12999725341797,121.43000030517578,120.68000030517578,120.80000305175781,43852700,SPY
2005-02-16,81.78865814208984,121.20999908447266,121.45999908447266,120.66999816894531,120.93000030517578,55523000,SPY
2005-02-17,81.12737274169922,120.2300033569336,121.33000183105469,120.22000122070312,121.2300033569336,58124000,SPY
2005-02-18,81.23532104492188,120.38999938964844,120.4800033569336,119.9000015258789,120.23999786376953,47723300,SPY
2005-02-22,80.02751159667969,118.5999984741211,120.47000122070312,118.58000183105469,119.9000015258789,80697600,SPY
2005-02-23,80.60104370117188,119.44999694824219,119.56999969482422,118.62000274658203,118.93000030517578,68292600,SPY
2005-02-24,81.13412475585938,120.23999786376953,120.31999969482422,118.9800033569336,119.23999786376953,68563600,SPY
2005-02-25,81.93710327148438,121.43000030517578,121.66999816894531,120.18000030517578,120.2699966430664,60899900,SPY
2005-02-28,81.39727783203125,120.62999725341797,121.30000305175781,120.04000091552734,121.1500015258789,69381300,SPY
2005-03-01,81.80213165283203,121.2300033569336,121.5199966430664,120.77999877929688,120.81999969482422,47294400,SPY
2005-03-02,81.76165771484375,121.16999816894531,121.93000030517578,120.6500015258789,120.76000213623047,64226500,SPY
2005-03-03,81.79536437988281,121.22000122070312,121.9000015258789,120.69999694824219,121.66000366210938,61230800,SPY
2005-03-04,82.81427764892578,122.7300033569336,122.83000183105469,121.79000091552734,122.05000305175781,56168500,SPY
2005-03-07,82.85474395751953,122.79000091552734,123.25,122.4000015258789,122.66000366210938,43442400,SPY
2005-03-08,82.54438018798828,122.33000183105469,123.0,122.11000061035156,122.66999816894531,44362000,SPY
2005-03-09,81.62670135498047,120.97000122070312,122.29000091552734,120.95999908447266,121.97000122070312,73263600,SPY
2005-03-10,81.80885314941406,121.23999786376953,121.5,120.4000015258789,121.19999694824219,65149000,SPY
2005-03-11,81.23532104492188,120.38999938964844,121.72000122070312,120.16000366210938,121.30999755859375,57976500,SPY
2005-03-14,81.7414321899414,121.13999938964844,121.16000366210938,120.27999877929688,120.61000061035156,36336400,SPY
2005-03-15,81.06661224365234,120.13999938964844,121.45999908447266,120.08000183105469,121.41999816894531,62438500,SPY
2005-03-16,80.37838745117188,119.12000274658203,120.16000366210938,118.9000015258789,119.69999694824219,74874200,SPY
2005-03-17,80.54032135009766,119.36000061035156,119.73999786376953,118.9800033569336,119.30999755859375,62584200,SPY
2005-03-18,80.30117797851562,118.54000091552734,119.52999877929688,118.1500015258789,119.11000061035156,60232000,SPY
2005-03-21,80.00312805175781,118.0999984741211,118.77999877929688,117.76000213623047,118.70999908447266,61244300,SPY
2005-03-22,79.1902084350586,116.9000015258789,118.93000030517578,116.9000015258789,118.37000274658203,92472400,SPY
2005-03-23,79.25796508789062,117.0,117.72000122070312,116.75,116.94999694824219,70817300,SPY
2005-03-24,79.352783203125,117.13999938964844,117.98999786376953,117.05999755859375,117.45999908447266,51932500,SPY
2005-03-28,79.46797943115234,117.30999755859375,117.94000244140625,117.30999755859375,117.41999816894531,46765500,SPY
2005-03-29,78.93956756591797,116.52999877929688,117.9000015258789,116.25,117.13999938964844,71160300,SPY
2005-03-30,80.05731201171875,118.18000030517578,118.19999694824219,116.7699966430664,116.77999877929688,62002100,SPY
2005-03-31,79.90829467773438,117.95999908447266,118.45999908447266,117.87000274658203,118.19000244140625,64575400,SPY
2005-04-01,79.54923248291016,117.43000030517578,118.98999786376953,116.91000366210938,118.62999725341797,95255300,SPY
2005-04-04,79.68472290039062,117.62999725341797,117.86000061035156,116.73999786376953,117.36000061035156,71581200,SPY
2005-04-05,80.06410217285156,118.19000244140625,118.37999725341797,117.66999816894531,117.77999877929688,46853900,SPY
2005-04-06,80.34184265136719,118.5999984741211,118.94999694824219,118.18000030517578,118.44999694824219,53268200,SPY
2005-04-07,80.7753677368164,119.23999786376953,119.26000213623047,118.31999969482422,118.41000366210938,46734600,SPY
2005-04-08,79.93535614013672,118.0,119.20999908447266,118.0,119.16999816894531,63772900,SPY
2005-04-11,79.99632263183594,118.08999633789062,118.41999816894531,117.83000183105469,118.29000091552734,44945000,SPY
2005-04-12,80.4095687866211,118.69999694824219,119.05999755859375,117.06999969482422,117.88999938964844,86144800,SPY
2005-04-13,79.46121215820312,117.30000305175781,118.80000305175781,117.12999725341797,118.55999755859375,65949000,SPY
2005-04-14,78.42475891113281,115.7699966430664,117.5,115.7699966430664,117.4000015258789,96119800,SPY
2005-04-15,77.32733917236328,114.1500015258789,116.19999694824219,114.0999984741211,115.73999786376953,128677300,SPY
2005-04-18,77.56441497802734,114.5,114.95999908447266,113.95999908447266,114.12000274658203,100035200,SPY
2005-04-19,78.18084716796875,115.41000366210938,115.52999877929688,114.83000183105469,115.0999984741211,64930100,SPY
2005-04-20,77.09021759033203,113.80000305175781,115.62999725341797,113.55000305175781,115.37999725341797,107735900,SPY
2005-04-21,78.58732604980469,116.01000213623047,116.20999908447266,114.37999725341797,114.79000091552734,86952200,SPY
2005-04-22,78.28924560546875,115.56999969482422,116.5,114.2699966430664,115.73999786376953,88845800,SPY
2005-04-25,78.8041000366211,116.33000183105469,116.5,115.72000122070312,115.86000061035156,52284100,SPY
2005-04-26,78.03860473632812,115.19999694824219,116.7699966430664,115.1500015258789,115.95999908447266,72626000,SPY
2005-04-27,78.34342956542969,115.6500015258789,116.06999969482422,114.44000244140625,114.86000061035156,84131900,SPY
2005-04-28,77.36119079589844,114.19999694824219,115.68000030517578,114.19999694824219,115.2699966430664,72481500,SPY
2005-04-29,78.41121673583984,115.75,115.87000274658203,113.97000122070312,115.06999969482422,103993800,SPY
2005-05-02,78.85150909423828,116.4000015258789,116.41000366210938,115.5199966430664,116.06999969482422,56026400,SPY
2005-05-03,78.98699188232422,116.5999984741211,116.8499984741211,115.69000244140625,116.06999969482422,86000300,SPY
2005-05-04,79.59666442871094,117.5,117.75,116.27999877929688,116.6500015258789,81055700,SPY
2005-05-05,79.56959533691406,117.45999908447266,118.0,116.73999786376953,117.66999816894531,96906700,SPY
2005-05-06,79.31893157958984,117.08999633789062,117.98999786376953,117.05999755859375,117.93000030517578,67415400,SPY
2005-05-09,79.81344604492188,117.81999969482422,118.08000183105469,117.05000305175781,117.20999908447266,43750500,SPY
2005-05-10,78.98699188232422,116.5999984741211,117.5,116.38999938964844,117.36000061035156,74613500,SPY
2005-05-11,79.42056274414062,117.23999786376953,117.4000015258789,115.8499984741211,116.93000030517578,91647400,SPY
2005-05-12,78.54666137695312,115.94999694824219,117.58999633789062,115.94999694824219,117.31999969482422,95086800,SPY
2005-05-13,78.390869140625,115.72000122070312,116.62000274658203,114.80000305175781,116.30000305175781,85267000,SPY
2005-05-16,79.12246704101562,116.80000305175781,116.83999633789062,115.66000366210938,115.69999694824219,49207000,SPY
2005-05-17,79.65087890625,117.58000183105469,117.69999694824219,116.16000366210938,116.41000366210938,61071800,SPY
2005-05-18,80.4705581665039,118.79000091552734,119.08000183105469,118.01000213623047,118.08999633789062,77944900,SPY
2005-05-19,80.80926513671875,119.29000091552734,119.41000366210938,118.69999694824219,119.0199966430664,61768100,SPY
2005-05-20,80.69412231445312,119.12000274658203,119.38999938964844,118.73999786376953,119.33999633789062,46345500,SPY
2005-05-23,81.1412124633789,119.77999877929688,120.04000091552734,119.19000244140625,119.20999908447266,51047900,SPY
2005-05-24,80.95150756835938,119.5,119.83000183105469,119.19999694824219,119.44000244140625,50654100,SPY
2005-05-25,80.89055633544922,119.41000366210938,119.87000274658203,118.83000183105469,119.3499984741211,47608800,SPY
2005-05-26,81.32408905029297,120.05000305175781,120.20999908447266,119.62000274658203,119.79000091552734,43256200,SPY
2005-05-27,81.4595718383789,120.25,120.25,119.80000305175781,120.05999755859375,24596100,SPY
2005-05-31,80.93795776367188,119.4800033569336,120.16999816894531,119.4000015258789,120.08000183105469,43377200,SPY
2005-06-01,81.62893676757812,120.5,120.91999816894531,119.44999694824219,119.5199966430664,69611000,SPY
2005-06-02,81.80506896972656,120.76000213623047,120.83999633789062,120.0999984741211,120.2300033569336,39704500,SPY
2005-06-03,81.39181518554688,120.1500015258789,120.88999938964844,119.7300033569336,120.55000305175781,60999400,SPY
2005-06-06,81.31731414794922,120.04000091552734,120.19999694824219,119.55000305175781,119.94999694824219,36046400,SPY
2005-06-07,81.3782730102539,120.12999725341797,121.25,120.01000213623047,120.38999938964844,66501300,SPY
2005-06-08,81.22925567626953,119.91000366210938,120.58999633789062,119.66999816894531,120.43000030517578,46881200,SPY
2005-06-09,81.61538696289062,120.4800033569336,120.58000183105469,119.44000244140625,119.73999786376953,56653300,SPY
2005-06-10,81.42568969726562,120.19999694824219,120.6500015258789,119.5999984741211,120.55999755859375,36465300,SPY
2005-06-13,81.68312072753906,120.58000183105469,121.08000183105469,119.80999755859375,119.94000244140625,49383200,SPY
2005-06-14,81.87281036376953,120.86000061035156,121.19999694824219,120.37999725341797,120.44999694824219,33857100,SPY
2005-06-15,82.02861022949219,121.08999633789062,121.23999786376953,120.2300033569336,121.16000366210938,53195600,SPY
2005-06-16,82.23861694335938,121.4000015258789,121.63999938964844,120.91999816894531,121.05999755859375,46564500,SPY
2005-06-17,82.54329681396484,121.36000061035156,121.9000015258789,121.22000122070312,121.54000091552734,51529400,SPY
2005-06-20,82.57051849365234,121.4000015258789,121.83999633789062,120.94000244140625,121.08000183105469,41019400,SPY
2005-06-21,82.61814880371094,121.47000122070312,121.6500015258789,121.02999877929688,121.5,39879800,SPY
2005-06-22,82.68619537353516,121.56999969482422,121.94000244140625,121.06999969482422,121.68000030517578,46310100,SPY
2005-06-23,81.52307891845703,119.86000061035156,121.5999984741211,119.83000183105469,121.31999969482422,62185600,SPY
2005-06-24,80.92454528808594,118.9800033569336,120.01000213623047,118.83999633789062,119.87999725341797,58572500,SPY
2005-06-27,81.0401611328125,119.1500015258789,119.41000366210938,118.75,118.97000122070312,48183800,SPY
2005-06-28,81.7203369140625,120.1500015258789,120.23999786376953,119.37000274658203,119.4000015258789,41174200,SPY
2005-06-29,81.502685546875,119.83000183105469,120.4000015258789,119.76000213623047,120.37000274658203,42316500,SPY
2005-06-30,81.06057739257812,119.18000030517578,120.31999969482422,118.94999694824219,120.22000122070312,62288800,SPY
2005-07-01,81.29866027832031,119.52999877929688,119.80000305175781,119.20999908447266,119.44999694824219,49737500,SPY
2005-07-05,81.95157623291016,120.48999786376953,120.6500015258789,119.19000244140625,119.25,51549000,SPY
2005-07-06,81.26463317871094,119.4800033569336,120.6500015258789,119.41000366210938,120.38999938964844,52363600,SPY
2005-07-07,81.58429718017578,119.94999694824219,119.94999694824219,118.26000213623047,118.29000091552734,103268800,SPY
2005-07-08,82.51610565185547,121.31999969482422,121.31999969482422,119.72000122070312,119.97000122070312,64491200,SPY
2005-07-11,82.93780517578125,121.94000244140625,122.0999984741211,121.30999755859375,121.33000183105469,49688300,SPY
2005-07-12,83.15543365478516,122.26000213623047,122.62999725341797,121.63999938964844,121.98999786376953,51871100,SPY
2005-07-13,83.27108001708984,122.43000030517578,122.5199966430664,121.98999786376953,122.2699966430664,41182300,SPY
2005-07-14,83.59754943847656,122.91000366210938,123.44000244140625,122.48999786376953,122.9800033569336,63638800,SPY
2005-07-15,83.5499267578125,122.83999633789062,123.04000091552734,122.36000061035156,122.79000091552734,56075900,SPY
2005-07-18,83.21663665771484,122.3499984741211,122.62999725341797,122.05000305175781,122.5,56598400,SPY
2005-07-19,83.67239379882812,123.0199966430664,123.11000061035156,122.41000366210938,122.70999908447266,59165700,SPY
2005-07-20,83.95801544189453,123.44000244140625,123.7300033569336,122.30000305175781,122.58999633789062,69477000,SPY
2005-07-21,83.46831512451172,122.72000122070312,123.61000061035156,122.47000122070312,123.55000305175781,101110900,SPY
2005-07-22,84.0260238647461,123.54000091552734,123.55999755859375,122.62999725341797,122.87999725341797,52607100,SPY
2005-07-25,83.78797912597656,123.19000244140625,123.94999694824219,122.8499984741211,123.41000366210938,57301600,SPY
2005-07-26,83.89005279541016,123.33999633789062,123.52999877929688,122.94999694824219,123.2300033569336,42758800,SPY
2005-07-27,84.19610595703125,123.79000091552734,123.88999938964844,123.05000305175781,123.5,43181600,SPY
2005-07-28,84.72659301757812,124.56999969482422,124.63999938964844,123.63999938964844,123.95999908447266,47880700,SPY
2005-07-29,84.16207885742188,123.73999786376953,124.62999725341797,123.5,124.41000366210938,62358100,SPY
2005-08-01,84.10086822509766,123.6500015258789,124.04000091552734,123.44999694824219,123.83000183105469,40418200,SPY
2005-08-02,84.60415649414062,124.38999938964844,124.5999984741211,123.73999786376953,123.87000274658203,45147400,SPY
2005-08-03,84.82861328125,124.72000122070312,124.73999786376953,124.12000274658203,124.25,36837200,SPY
2005-08-04,84.14849853515625,123.72000122070312,124.30999755859375,123.56999969482422,124.2300033569336,50855600,SPY
2005-08-05,83.57711791992188,122.87999725341797,123.9800033569336,122.66999816894531,123.44999694824219,53595500,SPY
2005-08-08,83.42070770263672,122.6500015258789,123.41000366210938,122.37999725341797,123.1500015258789,47616000,SPY
2005-08-09,83.92401885986328,123.38999938964844,123.58999633789062,122.87000274658203,123.05999755859375,47170000,SPY
2005-08-10,83.88322448730469,123.33000183105469,124.5,122.81999969482422,123.81999969482422,72863700,SPY
2005-08-11,84.21652221679688,123.81999969482422,124.02999877929688,123.01000213623047,123.2699966430664,58570200,SPY
2005-08-12,83.6996078491211,123.05999755859375,123.69000244140625,122.75,123.56999969482422,54776900,SPY
2005-08-15,84.21652221679688,123.81999969482422,123.87000274658203,122.83000183105469,123.22000122070312,36208500,SPY
2005-08-16,83.12145233154297,122.20999908447266,123.5199966430664,122.08999633789062,123.44000244140625,71942100,SPY
2005-08-17,83.1146469116211,122.19999694824219,122.87000274658203,122.02999877929688,122.19000244140625,62275100,SPY
2005-08-18,83.10782623291016,122.19000244140625,122.55999755859375,121.83999633789062,122.05000305175781,53388600,SPY
2005-08-19,83.29828643798828,122.47000122070312,122.81999969482422,122.19999694824219,122.62999725341797,39842100,SPY
2005-08-22,83.29828643798828,122.47000122070312,123.2300033569336,121.87999725341797,122.58000183105469,69912000,SPY
2005-08-23,83.14186096191406,122.23999786376953,122.61000061035156,121.1500015258789,122.5,55168600,SPY
2005-08-24,82.4004898071289,121.1500015258789,122.7300033569336,121.08999633789062,121.94000244140625,79104600,SPY
2005-08-25,82.69973754882812,121.58999633789062,121.66999816894531,121.20999908447266,121.3499984741211,35631100,SPY
2005-08-26,82.13524627685547,120.76000213623047,121.48999786376953,120.68000030517578,121.4800033569336,61956800,SPY
2005-08-29,82.76778411865234,121.69000244140625,121.77999877929688,120.37999725341797,120.41000366210938,56179200,SPY
2005-08-30,82.33246612548828,121.05000305175781,121.30000305175781,120.38999938964844,121.25,74160200,SPY
2005-08-31,83.37310791015625,122.58000183105469,122.66000366210938,120.73999786376953,121.19000244140625,102945200,SPY
2005-09-01,83.31185150146484,122.48999786376953,123.1500015258789,121.13999938964844,122.5199966430664,74578700,SPY
2005-09-02,83.16224670410156,122.2699966430664,122.87999725341797,122.04000091552734,122.8499984741211,47653400,SPY
2005-09-06,84.13487243652344,123.69999694824219,123.80000305175781,122.6500015258789,122.66000366210938,57251300,SPY
2005-09-07,84.27769470214844,123.91000366210938,124.12999725341797,123.45999908447266,123.62999725341797,41749700,SPY
2005-09-08,83.99883270263672,123.5,124.0,123.30999755859375,123.66000366210938,39068700,SPY
2005-09-09,84.74699401855469,124.5999984741211,124.73999786376953,123.80000305175781,123.83000183105469,43093900,SPY
2005-09-12,84.57695007324219,124.3499984741211,124.66999816894531,124.2699966430664,124.44999694824219,33017600,SPY
2005-09-13,84.1076889038086,123.66000366210938,124.41999816894531,123.5199966430664,124.12999725341797,58427500,SPY
2005-09-14,83.80158996582031,123.20999908447266,123.91999816894531,123.0199966430664,123.73999786376953,57694600,SPY
2005-09-15,83.76078033447266,123.1500015258789,123.6500015258789,122.9000015258789,123.58999633789062,73156900,SPY
2005-09-16,84.35639953613281,123.5,123.73999786376953,122.87000274658203,123.30000305175781,75424100,SPY
2005-09-19,84.07636260986328,123.08999633789062,123.55000305175781,122.63999938964844,123.47000122070312,53355300,SPY
2005-09-20,83.36599731445312,122.05000305175781,123.61000061035156,121.87000274658203,123.19999694824219,84480300,SPY
2005-09-21,82.5873031616211,120.91000366210938,121.87000274658203,120.77999877929688,121.79000091552734,94469100,SPY
2005-09-22,82.8810043334961,121.33999633789062,121.66000366210938,120.44000244140625,120.94999694824219,84597200,SPY
2005-09-23,82.94931030273438,121.44000244140625,121.88999938964844,120.9000015258789,121.23999786376953,59368100,SPY
2005-09-26,83.04492950439453,121.58000183105469,122.23999786376953,121.08000183105469,122.0199966430664,70415400,SPY
2005-09-27,83.02445983886719,121.55000305175781,121.98999786376953,121.0199966430664,121.5199966430664,66150800,SPY
2005-09-28,83.10645294189453,121.66999816894531,122.12000274658203,121.19999694824219,121.93000030517578,58620500,SPY
2005-09-29,83.78266906738281,122.66000366210938,122.86000061035156,121.08000183105469,121.55000305175781,66607700,SPY
2005-09-30,84.04220581054688,123.04000091552734,123.04000091552734,121.73999786376953,122.62000274658203,47824200,SPY
2005-10-03,83.74165344238281,122.5999984741211,123.33999633789062,122.44999694824219,122.95999908447266,50994800,SPY
2005-10-04,82.79905700683594,121.22000122070312,123.02999877929688,121.16000366210938,122.79000091552734,60776300,SPY
2005-10-05,81.71300506591797,119.62999725341797,121.30999755859375,119.56999969482422,121.25,106052100,SPY
2005-10-06,81.4193115234375,119.19999694824219,120.26000213623047,118.16999816894531,119.77999877929688,140941800,SPY
2005-10-07,81.69934844970703,119.61000061035156,120.05000305175781,119.12999725341797,119.69999694824219,75661400,SPY
2005-10-10,81.00946044921875,118.5999984741211,119.70999908447266,118.30000305175781,119.68000030517578,52677000,SPY
2005-10-11,80.89334106445312,118.43000030517578,119.38999938964844,118.31999969482422,118.98999786376953,75629800,SPY
2005-10-12,80.25814819335938,117.5,119.12999725341797,117.41000366210938,118.38999938964844,100510400,SPY
2005-10-13,80.21031951904297,117.43000030517578,118.08000183105469,116.87999725341797,117.45999908447266,99052900,SPY
2005-10-14,81.0572738647461,118.66999816894531,118.80999755859375,117.55999755859375,118.12000274658203,88651000,SPY
2005-10-17,81.3578109741211,119.11000061035156,119.2699966430664,118.44999694824219,118.80000305175781,68109300,SPY
2005-10-18,80.47669219970703,117.81999969482422,118.95999908447266,117.80000305175781,118.94000244140625,74996900,SPY
2005-10-19,81.8154525756836,119.77999877929688,119.80000305175781,117.12000274658203,117.5,116563800,SPY
2005-10-20,80.37423706054688,117.66999816894531,119.80999755859375,117.30000305175781,119.48999786376953,131966700,SPY
2005-10-21,80.68844604492188,118.12999725341797,118.77999877929688,117.51000213623047,118.29000091552734,96579500,SPY
2005-10-24,81.93842315673828,119.95999908447266,120.08999633789062,118.41000366210938,118.44000244140625,71308400,SPY
2005-10-25,81.77445983886719,119.72000122070312,120.23999786376953,118.94000244140625,119.72000122070312,76594500,SPY
2005-10-26,81.53541564941406,119.37000274658203,120.54000091552734,119.19000244140625,119.51000213623047,80855800,SPY
2005-10-27,80.66795349121094,118.0999984741211,119.37000274658203,117.93000030517578,119.19999694824219,66623100,SPY
2005-10-28,81.82915496826172,119.80000305175781,119.94999694824219,118.0999984741211,118.43000030517578,72322000,SPY
2005-10-31,82.0545425415039,120.12999725341797,121.30000305175781,120.12999725341797,120.29000091552734,77698900,SPY
2005-11-01,82.30043029785156,120.48999786376953,120.9000015258789,120.22000122070312,120.58000183105469,66365100,SPY
2005-11-02,83.16104125976562,121.75,121.75,120.12999725341797,120.16999816894531,74012300,SPY
2005-11-03,83.51625061035156,122.2699966430664,122.66000366210938,121.75,122.1500015258789,84897600,SPY
2005-11-04,83.40694427490234,122.11000061035156,122.45999908447266,121.55000305175781,122.4000015258789,59156000,SPY
2005-11-07,83.48893737792969,122.2300033569336,122.62000274658203,121.8499984741211,122.37000274658203,46765400,SPY
2005-11-08,83.48893737792969,122.2300033569336,122.41999816894531,121.79000091552734,121.93000030517578,42152800,SPY
2005-11-09,83.59822845458984,122.38999938964844,122.94999694824219,121.86000061035156,122.08000183105469,57666800,SPY
2005-11-10,84.24715423583984,123.33999633789062,123.5199966430664,121.75,122.33999633789062,79048100,SPY
2005-11-11,84.53401947021484,123.76000213623047,123.83999633789062,122.43000030517578,123.3499984741211,34867000,SPY
2005-11-14,84.48621368408203,123.69000244140625,124.0199966430664,123.37999725341797,123.79000091552734,45092200,SPY
2005-11-15,84.17880249023438,123.23999786376953,124.08999633789062,122.86000061035156,123.55000305175781,69592500,SPY
2005-11-16,84.34959411621094,123.48999786376953,123.55000305175781,122.9800033569336,123.37000274658203,51133000,SPY
2005-11-17,85.13504791259766,124.63999938964844,124.6500015258789,123.13999938964844,123.68000030517578,55717500,SPY
2005-11-18,85.46977996826172,125.12999725341797,125.27999877929688,124.33000183105469,125.05999755859375,72437200,SPY
2005-11-21,85.90007781982422,125.76000213623047,125.91000366210938,124.9800033569336,125.1500015258789,50021200,SPY
2005-11-22,86.26895141601562,126.30000305175781,126.5199966430664,125.41999816894531,125.55999755859375,66438800,SPY
2005-11-23,86.76756286621094,127.02999877929688,127.41000366210938,126.20999908447266,126.25,50854700,SPY
2005-11-25,86.83588409423828,127.12999725341797,127.22000122070312,126.80999755859375,126.9800033569336,15270000,SPY
2005-11-28,86.22115325927734,126.2300033569336,127.2699966430664,126.04000091552734,127.25,54498500,SPY
2005-11-29,86.12549591064453,126.08999633789062,126.9800033569336,126.08999633789062,126.6500015258789,51738900,SPY
2005-11-30,85.66104888916016,125.41000366210938,126.5199966430664,125.29000091552734,126.16000366210938,56007200,SPY
2005-12-01,86.53531646728516,126.69000244140625,127.02999877929688,125.9800033569336,126.0199966430664,65468200,SPY
2005-12-02,86.64456939697266,126.8499984741211,127.08000183105469,126.5,126.7699966430664,46699400,SPY
2005-12-05,86.46019744873047,126.58000183105469,126.7300033569336,126.18000030517578,126.69999694824219,59273400,SPY
2005-12-06,86.6241455078125,126.81999969482422,127.73999786376953,126.62999725341797,127.05000305175781,57935200,SPY
2005-12-07,86.11865997314453,126.08000183105469,126.87000274658203,125.68000030517578,126.7699966430664,66816500,SPY
2005-12-08,86.06405639648438,126.0,126.81999969482422,125.4800033569336,126.22000122070312,62608600,SPY
2005-12-09,86.28942108154297,126.33000183105469,126.77999877929688,125.81999969482422,126.16000366210938,50744500,SPY
2005-12-12,86.37141418457031,126.44999694824219,126.86000061035156,125.95999908447266,126.70999908447266,48389900,SPY
2005-12-13,86.95885467529297,127.30999755859375,127.69999694824219,126.29000091552734,126.41999816894531,88630900,SPY
2005-12-14,87.30033874511719,127.80999755859375,128.08999633789062,127.13999938964844,127.19000244140625,64375000,SPY
2005-12-15,87.04762268066406,127.44000244140625,128.0,127.18000030517578,127.83999633789062,55900300,SPY
2005-12-16,86.76744842529297,126.36000061035156,127.36000061035156,126.36000061035156,127.27999877929688,46238300,SPY
2005-12-19,86.32111358642578,125.70999908447266,126.87000274658203,125.69000244140625,126.7300033569336,48733000,SPY
2005-12-20,86.40351867675781,125.83000183105469,126.58999633789062,125.4800033569336,125.86000061035156,46603200,SPY
2005-12-21,86.5408706665039,126.02999877929688,126.76000213623047,125.80000305175781,126.22000122070312,51806900,SPY
2005-12-22,86.99404907226562,126.69000244140625,126.69000244140625,126.08000183105469,126.30999755859375,32247900,SPY
2005-12-23,87.04214477539062,126.76000213623047,126.86000061035156,126.41999816894531,126.77999877929688,27977300,SPY
2005-12-27,86.15631103515625,125.47000122070312,127.05000305175781,125.37999725341797,126.95999908447266,44499500,SPY
2005-12-28,86.34856414794922,125.75,125.98999786376953,125.5,125.73999786376953,30764300,SPY
2005-12-29,85.96403503417969,125.19000244140625,125.95999908447266,125.05999755859375,125.72000122070312,32788900,SPY
2005-12-30,85.4970932006836,124.51000213623047,125.05999755859375,124.36000061035156,124.80000305175781,44645600,SPY
2006-01-03,87.00092315673828,126.69999694824219,127.0,124.38999938964844,125.19000244140625,73256700,SPY
2006-01-04,87.41291046142578,127.30000305175781,127.48999786376953,126.69999694824219,126.86000061035156,51899600,SPY
2006-01-05,87.46786499023438,127.37999725341797,127.58999633789062,126.87999725341797,127.1500015258789,47307500,SPY
2006-01-06,88.19573974609375,128.44000244140625,128.5800018310547,127.36000061035156,128.02000427246094,62885900,SPY
2006-01-09,88.42232513427734,128.77000427246094,129.05999755859375,128.3800048828125,128.4199981689453,43527400,SPY
2006-01-10,88.51154327392578,128.89999389648438,128.97999572753906,128.25999450683594,128.38999938964844,44960800,SPY
2006-01-11,88.79312896728516,129.30999755859375,129.44000244140625,128.72999572753906,129.02000427246094,49598900,SPY
2006-01-12,88.44292449951172,128.8000030517578,129.27999877929688,128.44000244140625,129.0800018310547,40509200,SPY
2006-01-13,88.36051940917969,128.67999267578125,128.89999389648438,128.1999969482422,128.57000732421875,44856700,SPY
2006-01-17,88.12020874023438,128.3300018310547,128.4199981689453,127.80999755859375,128.1999969482422,52066600,SPY
2006-01-18,87.77000427246094,127.81999969482422,128.89999389648438,127.16000366210938,127.58000183105469,75067600,SPY
2006-01-19,88.10645294189453,128.30999755859375,128.77000427246094,127.80999755859375,128.1300048828125,81530400,SPY
2006-01-20,86.49964141845703,125.97000122070312,128.30999755859375,125.97000122070312,128.27999877929688,114957800,SPY
2006-01-23,86.80863189697266,126.41999816894531,126.81999969482422,126.12999725341797,126.20999908447266,67017400,SPY
2006-01-24,86.89791870117188,126.55000305175781,127.1500015258789,126.41999816894531,126.62999725341797,53008800,SPY
2006-01-25,86.97345733642578,126.66000366210938,127.18000030517578,125.83999633789062,127.04000091552734,87747700,SPY
2006-01-26,87.45416259765625,127.36000061035156,127.66999816894531,126.76000213623047,127.25,71294000,SPY
2006-01-27,88.26437377929688,128.5399932861328,128.66000366210938,127.44999694824219,127.66000366210938,65771200,SPY
2006-01-30,88.19573974609375,128.44000244140625,128.80999755859375,128.35000610351562,128.44000244140625,33709600,SPY
2006-01-31,87.55025482177734,127.5,128.5399932861328,127.48999786376953,128.32000732421875,72937000,SPY
2006-02-01,88.16136169433594,128.38999938964844,128.42999267578125,127.72000122070312,127.81999969482422,63561000,SPY
2006-02-02,87.13822937011719,126.9000015258789,128.13999938964844,126.80000305175781,128.10000610351562,83626900,SPY
2006-02-03,86.70562744140625,126.2699966430664,128.38999938964844,126.13999938964844,126.58000183105469,86040400,SPY
2006-02-06,86.93226623535156,126.5999984741211,126.80000305175781,126.16999816894531,126.44000244140625,45511900,SPY
2006-02-07,86.16316223144531,125.4800033569336,126.66000366210938,125.4000015258789,126.37999725341797,71208100,SPY
2006-02-08,86.94599914550781,126.62000274658203,128.10000610351562,125.5999984741211,125.8499984741211,59422200,SPY
2006-02-09,86.80178833007812,126.41000366210938,127.5999984741211,126.37000274658203,126.91999816894531,62023300,SPY
2006-02-10,86.95972442626953,126.63999938964844,127.12999725341797,125.44999694824219,126.43000030517578,64508700,SPY
2006-02-13,86.80178833007812,126.41000366210938,126.79000091552734,125.94999694824219,126.5999984741211,52308700,SPY
2006-02-14,87.72190856933594,127.75,128.02999877929688,126.20999908447266,126.45999908447266,90964400,SPY
2006-02-15,88.03092956542969,128.1999969482422,128.32000732421875,127.23999786376953,127.68000030517578,85471300,SPY
2006-02-16,88.69014739990234,129.16000366210938,129.2100067138672,128.17999267578125,128.33999633789062,61017900,SPY
2006-02-17,88.44978332519531,128.80999755859375,129.16000366210938,128.5800018310547,129.0500030517578,40342600,SPY
2006-02-21,88.23004913330078,128.49000549316406,129.39999389648438,128.2899932861328,129.11000061035156,46456300,SPY
2006-02-22,88.76563262939453,129.27000427246094,129.64999389648438,128.64999389648438,128.77000427246094,42326700,SPY
2006-02-23,88.6351547241211,129.0800018310547,129.63999938964844,128.27999877929688,129.27000427246094,43423200,SPY
2006-02-24,88.8617935180664,129.41000366210938,129.47999572753906,128.75999450683594,129.11000061035156,36777400,SPY
2006-02-27,88.89613342285156,129.4600067138672,130.0399932861328,129.27999877929688,129.39999389648438,35858600,SPY
2006-02-28,88.0515365600586,128.22999572753906,129.91000366210938,128.1300048828125,129.1999969482422,74394800,SPY
2006-03-01,88.8343276977539,129.3699951171875,129.49000549316406,128.5,128.60000610351562,48641600,SPY
2006-03-02,88.82743835449219,129.36000061035156,129.4199981689453,128.61000061035156,128.89999389648438,60642300,SPY
2006-03-03,88.41544342041016,128.75999450683594,130.07000732421875,128.64999389648438,128.6699981689453,73402500,SPY
2006-03-06,88.01034545898438,128.1699981689453,129.17999267578125,127.8499984741211,129.13999938964844,57478400,SPY
2006-03-07,87.87298583984375,127.97000122070312,128.05999755859375,127.4000015258789,127.86000061035156,61780800,SPY
2006-03-08,88.05838775634766,128.24000549316406,128.44000244140625,127.18000030517578,127.69999694824219,66692400,SPY
2006-03-09,87.46786499023438,127.37999725341797,128.67999267578125,127.37999725341797,128.27999877929688,56313600,SPY
2006-03-10,88.29871368408203,128.58999633789062,128.83999633789062,127.44000244140625,127.70999908447266,60490800,SPY
2006-03-13,88.46349334716797,128.8300018310547,129.16000366210938,128.52999877929688,128.83999633789062,45479100,SPY
2006-03-14,89.3905029296875,130.17999267578125,130.22999572753906,128.61000061035156,128.7100067138672,69877300,SPY
2006-03-15,89.788818359375,130.75999450683594,130.86000061035156,129.85000610351562,130.14999389648438,53398900,SPY
2006-03-16,89.97416687011719,131.02999877929688,131.47000122070312,130.83999633789062,131.00999450683594,65526400,SPY
2006-03-17,90.04933166503906,130.6199951171875,130.89999389648438,130.3800048828125,130.67999267578125,47286800,SPY
2006-03-20,89.904541015625,130.41000366210938,130.89999389648438,130.2100067138672,130.63999938964844,45538500,SPY
2006-03-21,89.33924865722656,129.58999633789062,130.99000549316406,129.4499969482422,130.3699951171875,87102700,SPY
2006-03-22,89.88386535644531,130.3800048828125,130.50999450683594,129.4499969482422,129.50999450683594,51605700,SPY
2006-03-23,89.69773864746094,130.11000061035156,130.38999938964844,129.66000366210938,130.25999450683594,46704200,SPY
2006-03-24,89.76669311523438,130.2100067138672,130.57000732421875,129.74000549316406,129.99000549316406,43209200,SPY
2006-03-27,89.63568878173828,130.02000427246094,130.27999877929688,129.74000549316406,130.02999877929688,32523000,SPY
2006-03-28,89.08416748046875,129.22000122070312,130.52999877929688,129.0500030517578,129.92999267578125,82079900,SPY
2006-03-29,89.64258575439453,130.02999877929688,130.5,129.2899932861328,129.41000366210938,61505700,SPY
2006-03-30,89.48401641845703,129.8000030517578,130.97999572753906,129.5500030517578,130.11000061035156,70571700,SPY
2006-03-31,89.50471496582031,129.8300018310547,130.24000549316406,129.3699951171875,130.02000427246094,62925600,SPY
2006-04-03,89.4357681274414,129.72999572753906,130.8699951171875,129.49000549316406,130.07000732421875,61624700,SPY
2006-04-04,90.00799560546875,130.55999755859375,130.72999572753906,129.36000061035156,129.72999572753906,54809300,SPY
2006-04-05,90.31819152832031,131.00999450683594,131.27999877929688,130.3800048828125,130.61000061035156,50607200,SPY
2006-04-06,90.22169494628906,130.8699951171875,131.2100067138672,130.19000244140625,130.85000610351562,57906200,SPY
2006-04-07,89.30479431152344,129.5399932861328,131.39999389648438,129.35000610351562,131.05999755859375,80180900,SPY
2006-04-10,89.44268035888672,129.74000549316406,130.0800018310547,129.25999450683594,129.74000549316406,41496500,SPY
2006-04-11,88.684326171875,128.63999938964844,130.05999755859375,128.25,129.85000610351562,72799400,SPY
2006-04-12,88.84976959228516,128.8800048828125,129.1300048828125,128.61000061035156,128.77000427246094,43033700,SPY
2006-04-13,88.73258972167969,128.7100067138672,129.25,128.30999755859375,128.58999633789062,51051800,SPY
2006-04-17,88.6981201171875,128.66000366210938,129.30999755859375,128.02000427246094,128.8300018310547,64167700,SPY
2006-04-18,90.10449981689453,130.6999969482422,130.94000244140625,128.92999267578125,128.92999267578125,92531800,SPY
2006-04-19,90.27684020996094,130.9499969482422,131.07000732421875,130.24000549316406,130.75,87269000,SPY
2006-04-20,90.40094757080078,131.1300048828125,131.86000061035156,130.60000610351562,131.0,86005500,SPY
2006-04-21,90.41471862792969,131.14999389648438,131.7899932861328,130.6199951171875,131.69000244140625,72342600,SPY
2006-04-24,90.24925231933594,130.91000366210938,131.07000732421875,130.3800048828125,130.88999938964844,52546400,SPY
2006-04-25,89.87698364257812,130.3699951171875,131.1199951171875,129.9199981689453,131.0399932861328,84359800,SPY
2006-04-26,89.89767456054688,130.39999389648438,131.13999938964844,130.3000030517578,130.5,67262400,SPY
2006-04-27,90.33196258544922,131.02999877929688,131.6300048828125,129.58999633789062,129.89999389648438,124478600,SPY
2006-04-28,90.63534545898438,131.47000122070312,131.75,130.7100067138672,130.7899932861328,55854400,SPY
2006-05-01,89.89767456054688,130.39999389648438,131.8000030517578,130.32000732421875,131.47000122070312,64990300,SPY
2006-05-02,90.57331085205078,131.3800048828125,131.4600067138672,130.74000549316406,131.00999450683594,49063500,SPY
2006-05-03,90.23550415039062,130.88999938964844,131.32000732421875,130.4499969482422,131.14999389648438,60821300,SPY
2006-05-04,90.55952453613281,131.36000061035156,131.6199951171875,130.97000122070312,131.0800018310547,42921400,SPY
2006-05-05,91.35919952392578,132.52000427246094,132.8000030517578,131.85000610351562,132.0500030517578,62588200,SPY
2006-05-08,91.24893951416016,132.36000061035156,132.77000427246094,132.36000061035156,132.50999450683594,30016700,SPY
2006-05-09,91.42810821533203,132.6199951171875,132.77000427246094,132.30999755859375,132.4199981689453,29864000,SPY
2006-05-10,91.37986755371094,132.5500030517578,132.75,131.88999938964844,132.41000366210938,64378200,SPY
2006-05-11,90.27684020996094,130.9499969482422,132.5500030517578,130.52000427246094,132.50999450683594,80626900,SPY
2006-05-12,89.09796142578125,129.24000549316406,130.72000122070312,129.19000244140625,130.36000061035156,91726500,SPY
2006-05-15,89.27719116210938,129.5,129.74000549316406,128.61000061035156,128.7899932861328,84029300,SPY
2006-05-16,89.146240234375,129.30999755859375,130.0,129.00999450683594,129.75999450683594,62137600,SPY
2006-05-17,87.45028686523438,126.8499984741211,129.10000610351562,126.7699966430664,128.6699981689453,144789500,SPY
2006-05-18,87.00910949707031,126.20999908447266,127.75,126.11000061035156,127.3499984741211,87906300,SPY
2006-05-19,87.6226577758789,127.0999984741211,127.48999786376953,125.80000305175781,126.87000274658203,124309400,SPY
2006-05-22,86.95393371582031,126.12999725341797,127.16999816894531,125.5,126.27999877929688,110852800,SPY
2006-05-23,86.29212951660156,125.16999816894531,127.62999725341797,125.16999816894531,127.18000030517578,92006500,SPY
2006-05-24,86.98150634765625,126.16999816894531,126.88999938964844,124.76000213623047,125.68000030517578,168405000,SPY
2006-05-25,88.05696868896484,127.7300033569336,127.7300033569336,126.43000030517578,126.91999816894531,78977900,SPY
2006-05-26,88.5051040649414,128.3800048828125,128.3800048828125,127.51000213623047,128.00999450683594,62989700,SPY
2006-05-30,86.93326568603516,126.0999984741211,128.0,126.05000305175781,127.97000122070312,72419900,SPY
2006-05-31,87.90532684326172,127.51000213623047,127.51000213623047,126.19999694824219,126.62000274658203,86926200,SPY
2006-06-01,88.74638366699219,128.72999572753906,128.94000244140625,127.2699966430664,127.37999725341797,73721700,SPY
2006-06-02,88.93252563476562,129.0,129.42999267578125,128.32000732421875,129.25,91702600,SPY
2006-06-05,87.63642883300781,127.12000274658203,128.86000061035156,126.7699966430664,128.85000610351562,86105100,SPY
2006-06-06,87.4227294921875,126.80999755859375,127.37999725341797,125.76000213623047,127.20999908447266,130498600,SPY
2006-06-07,86.76782989501953,125.86000061035156,127.6500015258789,125.79000091552734,126.91000366210938,108599400,SPY
2006-06-08,86.69194030761719,125.75,126.5,123.87000274658203,125.58000183105469,204957200,SPY
2006-06-09,86.41621398925781,125.3499984741211,126.95999908447266,125.29000091552734,126.36000061035156,94972200,SPY
2006-06-12,85.47862243652344,123.98999786376953,125.93000030517578,123.81999969482422,125.87999725341797,95815900,SPY
2006-06-13,84.48588562011719,122.55000305175781,124.83999633789062,122.55000305175781,123.73999786376953,185688800,SPY
2006-06-14,85.14082336425781,123.5,123.62999725341797,122.33999633789062,122.83999633789062,163566400,SPY
2006-06-15,86.94705200195312,126.12000274658203,126.36000061035156,123.86000061035156,123.94999694824219,134057000,SPY
2006-06-16,86.31346130371094,124.6500015258789,125.55999755859375,124.45999908447266,125.29000091552734,94253500,SPY
2006-06-19,85.63487243652344,123.66999816894531,125.4800033569336,123.55000305175781,125.4000015258789,95804400,SPY
2006-06-20,85.9256820678711,124.08999633789062,124.80999755859375,123.72000122070312,124.01000213623047,65494700,SPY
2006-06-21,86.56275177001953,125.01000213623047,125.69999694824219,123.95999908447266,124.0,75008200,SPY
2006-06-22,86.18186950683594,124.45999908447266,125.05999755859375,124.04000091552734,124.94999694824219,74566100,SPY
2006-06-23,86.16803741455078,124.44000244140625,125.30000305175781,124.02999877929688,124.33000183105469,54107000,SPY
2006-06-26,86.54885864257812,124.98999786376953,125.05999755859375,124.25,124.54000091552734,37899600,SPY
2006-06-27,85.8010482788086,123.91000366210938,125.29000091552734,123.7699966430664,125.01000213623047,69780200,SPY
2006-06-28,86.38270568847656,124.75,124.7699966430664,123.6500015258789,124.19000244140625,62368100,SPY
2006-06-29,88.1276626586914,127.2699966430664,127.3499984741211,125.16999816894531,125.19999694824219,110634800,SPY
2006-06-30,88.13459014892578,127.27999877929688,127.66000366210938,126.95999908447266,127.54000091552734,54227800,SPY
2006-07-03,88.49466705322266,127.80000305175781,128.00999450683594,127.30999755859375,127.43000030517578,23914000,SPY
2006-07-05,87.98916625976562,127.06999969482422,127.44999694824219,126.5199966430664,127.29000091552734,69653400,SPY
2006-07-06,88.24536895751953,127.44000244140625,127.8499984741211,127.08000183105469,127.19999694824219,50100300,SPY
2006-07-07,87.67064666748047,126.61000061035156,127.55999755859375,126.29000091552734,127.19000244140625,81626500,SPY
2006-07-10,87.8368148803711,126.8499984741211,127.43000030517578,126.41000366210938,126.94000244140625,60964100,SPY
2006-07-11,88.22459411621094,127.41000366210938,127.41000366210938,125.94000244140625,126.61000061035156,73640800,SPY
2006-07-12,87.28290557861328,126.05000305175781,127.4000015258789,125.72000122070312,127.1500015258789,82561300,SPY
2006-07-13,85.86335754394531,124.0,125.68000030517578,124.0,125.44999694824219,102405700,SPY
2006-07-14,85.53097534179688,123.5199966430664,124.26000213623047,122.83000183105469,124.12999725341797,103242500,SPY
2006-07-17,85.4063491821289,123.33999633789062,124.0999984741211,123.1500015258789,123.5199966430664,81159000,SPY
2006-07-18,85.84261322021484,123.97000122070312,124.05000305175781,122.38999938964844,123.70999908447266,122771000,SPY
2006-07-19,87.03361511230469,125.69000244140625,126.26000213623047,123.72000122070312,124.18000030517578,133565300,SPY
2006-07-20,86.4381332397461,124.83000183105469,126.30000305175781,124.66000366210938,126.12000274658203,112259800,SPY
2006-07-21,85.82872772216797,123.94999694824219,125.19000244140625,123.81999969482422,125.1500015258789,101560000,SPY
2006-07-24,87.3936767578125,126.20999908447266,126.31999969482422,124.44000244140625,124.44000244140625,92884000,SPY
2006-07-25,87.70526123046875,126.66000366210938,127.30000305175781,125.72000122070312,125.9800033569336,95480700,SPY
2006-07-26,87.8229751586914,126.83000183105469,127.44999694824219,126.18000030517578,126.58999633789062,84525800,SPY
2006-07-27,87.7398910522461,126.70999908447266,127.69000244140625,126.19999694824219,127.37999725341797,87257100,SPY
2006-07-28,88.61927032470703,127.9800033569336,128.13999938964844,126.86000061035156,127.04000091552734,82137000,SPY
2006-07-31,88.529296875,127.8499984741211,127.95999908447266,127.44999694824219,127.66000366210938,49593100,SPY
2006-08-01,88.09303283691406,127.22000122070312,127.37999725341797,126.5999984741211,127.33999633789062,65225600,SPY
2006-08-02,88.68852996826172,128.0800018310547,128.4600067138672,127.55000305175781,127.58000183105469,64770900,SPY
2006-08-03,88.9239730834961,128.4199981689453,128.5500030517578,127.1500015258789,127.33999633789062,63693800,SPY
2006-08-04,88.77164459228516,128.1999969482422,129.42999267578125,127.4800033569336,129.0800018310547,96294200,SPY
2006-08-07,88.56390380859375,127.9000015258789,128.0800018310547,127.4000015258789,127.9000015258789,45377300,SPY
2006-08-08,88.22459411621094,127.41000366210938,128.4600067138672,126.94999694824219,128.08999633789062,90901300,SPY
2006-08-09,87.92689514160156,126.9800033569336,128.60000610351562,126.61000061035156,128.17999267578125,78910600,SPY
2006-08-10,88.19692993164062,127.37000274658203,127.5,126.27999877929688,126.58000183105469,69322300,SPY
2006-08-11,87.94761657714844,127.01000213623047,127.19999694824219,126.38999938964844,127.16999816894531,47482200,SPY
2006-08-14,88.01685333251953,127.11000061035156,128.16000366210938,126.91999816894531,127.62999725341797,57839000,SPY
2006-08-15,89.06938171386719,128.6300048828125,128.8699951171875,127.9000015258789,128.25,68143000,SPY
2006-08-16,89.810302734375,129.6999969482422,129.88999938964844,129.0399932861328,129.32000732421875,71737600,SPY
2006-08-17,90.03881072998047,130.02999877929688,130.3699951171875,129.49000549316406,129.5800018310547,70992800,SPY
2006-08-18,90.495849609375,130.69000244140625,130.69000244140625,129.58999633789062,130.19000244140625,58288400,SPY
2006-08-21,90.10807800292969,130.1300048828125,130.27999877929688,129.8000030517578,130.17999267578125,42133600,SPY
2006-08-22,90.10111236572266,130.1199951171875,130.52000427246094,129.67999267578125,129.99000549316406,60839900,SPY
2006-08-23,89.85188293457031,129.75999450683594,130.44000244140625,129.19000244140625,130.17999267578125,66592100,SPY
2006-08-24,89.77569580078125,129.64999389648438,130.10000610351562,129.39999389648438,129.99000549316406,57983000,SPY
2006-08-25,89.88648986816406,129.80999755859375,130.25,129.5500030517578,129.63999938964844,41756000,SPY
2006-08-28,90.31578063964844,130.42999267578125,130.82000732421875,129.63999938964844,129.64999389648438,52681500,SPY
2006-08-29,90.41962432861328,130.5800018310547,130.8300018310547,129.80999755859375,130.49000549316406,61817800,SPY
2006-08-30,90.47504425048828,130.66000366210938,131.0399932861328,130.5500030517578,130.8699951171875,50052200,SPY
2006-08-31,90.46122741699219,130.63999938964844,130.99000549316406,130.5800018310547,130.85000610351562,37510300,SPY
2006-09-01,91.00131225585938,131.4199981689453,131.5800018310547,130.83999633789062,131.13999938964844,48794500,SPY
2006-09-05,91.17443084716797,131.6699981689453,131.85000610351562,131.1999969482422,131.50999450683594,52348300,SPY
2006-09-06,90.37118530273438,130.50999450683594,131.16000366210938,130.3300018310547,131.11000061035156,53795600,SPY
2006-09-07,89.95572662353516,129.91000366210938,130.57000732421875,129.35000610351562,130.05999755859375,86269400,SPY
2006-09-08,90.21192932128906,130.27999877929688,130.4600067138672,129.8300018310547,130.0800018310547,45096300,SPY
2006-09-11,90.30194091796875,130.41000366210938,130.69000244140625,129.47999572753906,129.86000061035156,68496600,SPY
2006-09-12,91.18824005126953,131.69000244140625,131.83999633789062,130.3699951171875,130.55999755859375,69875600,SPY
2006-09-13,91.55524444580078,132.22000122070312,132.4499969482422,131.52000427246094,131.63999938964844,62898400,SPY
2006-09-14,91.56219482421875,132.22999572753906,132.24000549316406,131.75,131.9600067138672,57805400,SPY
2006-09-15,91.77709197998047,131.9600067138672,132.38999938964844,131.67999267578125,132.30999755859375,76703100,SPY
2006-09-18,91.90229797363281,132.13999938964844,132.38999938964844,131.64999389648438,131.7899932861328,64154100,SPY
2006-09-19,91.6727523803711,131.80999755859375,132.1300048828125,131.07000732421875,132.1199951171875,92089100,SPY
2006-09-20,92.15961456298828,132.50999450683594,132.77000427246094,132.05999755859375,132.25,75204100,SPY
2006-09-21,91.71448516845703,131.8699951171875,132.75,131.4199981689453,132.61000061035156,88932500,SPY
2006-09-22,91.43634796142578,131.47000122070312,131.67999267578125,131.0,131.6699981689453,65966800,SPY
2006-09-25,92.13874053955078,132.47999572753906,132.85000610351562,131.0500030517578,131.72999572753906,92299100,SPY
2006-09-26,92.90380096435547,133.5800018310547,133.60000610351562,132.39999389648438,132.5,73962700,SPY
2006-09-27,93.01510620117188,133.74000549316406,133.97000122070312,133.27000427246094,133.49000549316406,82432200,SPY
2006-09-28,92.9803237915039,133.69000244140625,133.99000549316406,133.27999877929688,133.74000549316406,58597500,SPY
2006-09-29,92.90380096435547,133.5800018310547,133.94000244140625,133.47999572753906,133.8000030517578,47966600,SPY
2006-10-02,92.55603790283203,133.0800018310547,133.8300018310547,132.9499969482422,133.5399932861328,51687400,SPY
2006-10-03,92.75077056884766,133.36000061035156,133.8699951171875,132.64999389648438,132.88999938964844,73108100,SPY
2006-10-04,93.83576202392578,134.9199981689453,135.0,133.0800018310547,133.22999572753906,80890500,SPY
2006-10-05,94.01659393310547,135.17999267578125,135.41000366210938,134.75,134.9199981689453,60505900,SPY
2006-10-06,93.89834594726562,135.00999450683594,135.10000610351562,134.39999389648438,134.9499969482422,64983600,SPY
2006-10-09,93.95401000976562,135.08999633789062,135.3000030517578,134.63999938964844,134.85000610351562,41176800,SPY
2006-10-10,94.07917022705078,135.27000427246094,135.4499969482422,134.83999633789062,135.10000610351562,56403700,SPY
2006-10-11,93.96791076660156,135.11000061035156,135.42999267578125,134.3000030517578,134.83999633789062,104071800,SPY
2006-10-12,94.78164672851562,136.27999877929688,136.38999938964844,135.39999389648438,135.4499969482422,59158600,SPY
2006-10-13,95.02503967285156,136.6300048828125,136.7100067138672,136.0399932861328,136.16000366210938,53944000,SPY
2006-10-16,95.17108154296875,136.83999633789062,137.0500030517578,136.4199981689453,136.52000427246094,42273000,SPY
2006-10-17,94.87200927734375,136.41000366210938,136.6999969482422,135.6699981689453,136.47000122070312,90500600,SPY
2006-10-18,94.99723815917969,136.58999633789062,137.3699951171875,136.10000610351562,137.0399932861328,86848600,SPY
2006-10-19,95.15026092529297,136.80999755859375,136.8800048828125,136.22999572753906,136.38999938964844,64063200,SPY
2006-10-20,95.17108154296875,136.83999633789062,136.9499969482422,136.3300018310547,136.83999633789062,48094500,SPY
2006-10-23,95.60926818847656,137.47000122070312,137.8000030517578,136.38999938964844,136.55999755859375,66219900,SPY
2006-10-24,95.89444732666016,137.8800048828125,137.92999267578125,137.22000122070312,137.27999877929688,53234900,SPY
2006-10-25,96.22130584716797,138.35000610351562,138.41000366210938,137.50999450683594,137.74000549316406,78105400,SPY
2006-10-26,96.52034759521484,138.77999877929688,139.0,137.97999572753906,138.66000366210938,66843700,SPY
2006-10-27,95.91527557373047,137.91000366210938,138.75,137.6300048828125,138.61000061035156,80238000,SPY
2006-10-30,95.84574890136719,137.80999755859375,138.1999969482422,137.39999389648438,137.66000366210938,49717800,SPY
2006-10-31,95.83183288574219,137.7899932861328,138.25999450683594,137.25,138.07000732421875,71274100,SPY
2006-11-01,95.18505096435547,136.86000061035156,138.30999755859375,136.72000122070312,138.22000122070312,83005600,SPY
2006-11-02,95.12937927246094,136.77999877929688,137.00999450683594,136.36000061035156,136.50999450683594,60693100,SPY
2006-11-03,94.96243286132812,136.5399932861328,137.38999938964844,135.6199951171875,137.27000427246094,71346400,SPY
2006-11-06,96.03351593017578,138.0800018310547,138.27999877929688,136.9499969482422,136.9600067138672,63303300,SPY
2006-11-07,96.4021224975586,138.61000061035156,138.97999572753906,138.0,138.1999969482422,63318900,SPY
2006-11-08,96.61075592041016,138.91000366210938,139.0500030517578,136.86000061035156,138.0,87517800,SPY
2006-11-09,96.10308837890625,138.17999267578125,139.13999938964844,137.89999389648438,139.00999450683594,95916300,SPY
2006-11-10,96.14478302001953,138.24000549316406,138.33999633789062,137.72000122070312,138.13999938964844,48991500,SPY
2006-11-13,96.38126373291016,138.5800018310547,139.0399932861328,138.07000732421875,138.17999267578125,59398200,SPY
2006-11-14,97.10459899902344,139.6199951171875,139.74000549316406,138.1199951171875,138.97000122070312,96704000,SPY
2006-11-15,97.3827896118164,140.02000427246094,140.4499969482422,139.52999877929688,139.57000732421875,76509600,SPY
2006-11-16,97.63314819335938,140.3800048828125,140.67999267578125,139.49000549316406,140.44000244140625,76728800,SPY
2006-11-17,97.66097259521484,140.4199981689453,140.42999267578125,139.72999572753906,139.92999267578125,56353800,SPY
2006-11-20,97.71663665771484,140.5,140.74000549316406,139.94000244140625,140.3000030517578,69174200,SPY
2006-11-21,97.81397247314453,140.63999938964844,140.6699981689453,140.2899932861328,140.49000549316406,51367900,SPY
2006-11-22,98.00871276855469,140.9199981689453,141.16000366210938,140.5,140.75,45505300,SPY
2006-11-24,97.61231994628906,140.35000610351562,140.83999633789062,140.1999969482422,140.24000549316406,30998000,SPY
2006-11-27,96.27000427246094,138.4199981689453,140.35000610351562,138.3800048828125,140.27999877929688,84545100,SPY
2006-11-28,96.68730163574219,139.02000427246094,139.16000366210938,138.11000061035156,138.24000549316406,106652900,SPY
2006-11-29,97.69577026367188,140.47000122070312,140.52999877929688,139.0800018310547,139.47000122070312,90034900,SPY
2006-11-30,97.73746490478516,140.52999877929688,141.0500030517578,139.75999450683594,140.44000244140625,83994300,SPY
2006-12-01,97.52186584472656,140.22000122070312,140.66000366210938,138.97000122070312,140.52999877929688,126080000,SPY
2006-12-04,98.26603698730469,141.2899932861328,141.5500030517578,140.22999572753906,140.25,87813200,SPY
2006-12-05,98.69027709960938,141.89999389648438,141.9600067138672,141.25999450683594,141.55999755859375,73374400,SPY
2006-12-06,98.60680389404297,141.77999877929688,142.07000732421875,141.5,141.8699951171875,53253200,SPY
2006-12-07,98.17561340332031,141.16000366210938,142.3000030517578,141.11000061035156,142.02999877929688,62857400,SPY
2006-12-08,98.35649871826172,141.4199981689453,141.89999389648438,140.77999877929688,141.1300048828125,79625500,SPY
2006-12-11,98.64159393310547,141.8300018310547,142.08999633789062,141.33999633789062,141.4199981689453,39779400,SPY
2006-12-12,98.56513977050781,141.72000122070312,141.8699951171875,140.88999938964844,141.69000244140625,77451600,SPY
2006-12-13,98.66939544677734,141.8699951171875,142.33999633789062,141.55999755859375,142.22999572753906,55520200,SPY
2006-12-14,99.53876495361328,143.1199951171875,143.24000549316406,141.83999633789062,141.86000061035156,64755200,SPY
2006-12-15,99.54788970947266,142.33999633789062,142.88999938964844,142.24000549316406,142.63999938964844,70857400,SPY
2006-12-18,99.2751235961914,141.9499969482422,142.8800048828125,141.75,142.5399932861328,48954600,SPY
2006-12-19,99.46395874023438,142.22000122070312,142.55999755859375,141.19000244140625,141.5500030517578,65023600,SPY
2006-12-20,99.40802001953125,142.13999938964844,142.66000366210938,142.00999450683594,142.27999877929688,41469600,SPY
2006-12-21,99.04434204101562,141.6199951171875,142.42999267578125,141.32000732421875,142.27000427246094,48698400,SPY
2006-12-22,98.4358901977539,140.75,141.64999389648438,140.6699981689453,141.63999938964844,62069100,SPY
2006-12-26,99.01637268066406,141.5800018310547,141.61000061035156,140.77999877929688,140.80999755859375,32696900,SPY
2006-12-27,99.66675567626953,142.50999450683594,142.60000610351562,141.8300018310547,141.8699951171875,39727100,SPY
2006-12-28,99.45699310302734,142.2100067138672,142.6999969482422,141.99000549316406,142.41000366210938,37288800,SPY
2006-12-29,99.04434204101562,141.6199951171875,142.5399932861328,141.42999267578125,142.05999755859375,45461200,SPY
2007-01-03,98.86949920654297,141.3699951171875,142.86000061035156,140.57000732421875,142.25,94807600,SPY
2007-01-04,99.07931518554688,141.6699981689453,142.0500030517578,140.61000061035156,141.22999572753906,69620600,SPY
2007-01-05,98.2890396118164,140.5399932861328,141.39999389648438,140.3800048828125,141.3300018310547,76645300,SPY
2007-01-08,98.74357604980469,141.19000244140625,141.41000366210938,140.25,140.82000732421875,71655000,SPY
2007-01-09,98.65971374511719,141.07000732421875,141.60000610351562,140.39999389648438,141.30999755859375,75680100,SPY
2007-01-10,98.9884033203125,141.5399932861328,141.57000732421875,140.3000030517578,140.5800018310547,72428000,SPY
2007-01-11,99.42198944091797,142.16000366210938,142.6199951171875,141.5,141.5800018310547,54476800,SPY
2007-01-12,100.17729949951172,143.24000549316406,143.24000549316406,142.11000061035156,142.14999389648438,55370600,SPY
2007-01-16,99.98149108886719,142.9600067138672,143.44000244140625,142.72999572753906,143.07000732421875,44871300,SPY
2007-01-17,100.02342224121094,143.02000427246094,143.4600067138672,142.72999572753906,142.85000610351562,50241400,SPY
2007-01-18,99.68772888183594,142.5399932861328,143.25999450683594,142.30999755859375,143.1699981689453,68177300,SPY
2007-01-19,99.88355255126953,142.82000732421875,143.10000610351562,142.4600067138672,142.5399932861328,56973000,SPY
2007-01-22,99.57586669921875,142.3800048828125,143.10000610351562,141.92999267578125,143.07000732421875,60253600,SPY
2007-01-23,99.86958312988281,142.8000030517578,143.0800018310547,142.05999755859375,142.25999450683594,54064400,SPY
2007-01-24,100.67388153076172,143.9499969482422,143.97999572753906,142.91000366210938,142.97000122070312,55834700,SPY
2007-01-25,99.49195861816406,142.25999450683594,143.9199981689453,142.00999450683594,143.86000061035156,73583800,SPY
2007-01-26,99.40103912353516,142.1300048828125,142.64999389648438,141.5800018310547,142.57000732421875,67255600,SPY
2007-01-29,99.34507751464844,142.0500030517578,142.8000030517578,141.74000549316406,142.19000244140625,66114600,SPY
2007-01-30,99.86262512207031,142.7899932861328,142.86000061035156,142.05999755859375,142.35000610351562,70407600,SPY
2007-01-31,100.53399658203125,143.75,144.1300048828125,142.39999389648438,142.6300048828125,91868600,SPY
2007-02-01,101.13543701171875,144.61000061035156,144.66000366210938,143.91000366210938,144.14999389648438,69312400,SPY
2007-02-02,101.27531433105469,144.80999755859375,144.9499969482422,144.3800048828125,144.72999572753906,49607000,SPY
2007-02-05,101.30333709716797,144.85000610351562,144.94000244140625,144.33999633789062,144.6999969482422,45705300,SPY
2007-02-06,101.3312759399414,144.88999938964844,145.02999877929688,144.3300018310547,144.97000122070312,57081300,SPY
2007-02-07,101.5550765991211,145.2100067138672,145.36000061035156,144.57000732421875,145.1199951171875,55669700,SPY
2007-02-08,101.42212677001953,145.02000427246094,145.1199951171875,144.27000427246094,144.77999877929688,70641000,SPY
2007-02-09,100.66688537597656,143.94000244140625,145.3300018310547,143.38999938964844,145.05999755859375,79084400,SPY
2007-02-12,100.32416534423828,143.4499969482422,144.0399932861328,143.19000244140625,143.94000244140625,65657000,SPY
2007-02-13,101.17044067382812,144.66000366210938,144.89999389648438,143.75999450683594,143.77000427246094,64081800,SPY
2007-02-14,101.83482360839844,145.61000061035156,145.89999389648438,144.77999877929688,144.8000030517578,66039400,SPY
2007-02-15,101.96770477294922,145.8000030517578,145.9499969482422,145.42999267578125,145.6699981689453,38715200,SPY
2007-02-16,101.91874694824219,145.72999572753906,145.75999450683594,145.22999572753906,145.44000244140625,39841800,SPY
2007-02-20,102.13554382324219,146.0399932861328,146.1999969482422,145.0,145.55999755859375,56911800,SPY
2007-02-21,102.09357452392578,145.97999572753906,146.07000732421875,145.35000610351562,145.61000061035156,63971600,SPY
2007-02-22,102.01665496826172,145.8699951171875,146.4199981689453,145.1699981689453,146.0500030517578,79067400,SPY
2007-02-23,101.61803436279297,145.3000030517578,145.7899932861328,145.02999877929688,145.74000549316406,71966200,SPY
2007-02-26,101.52710723876953,145.1699981689453,145.9499969482422,144.75,145.8300018310547,69192800,SPY
2007-02-27,97.56169891357422,139.5,144.1999969482422,139.0,143.8800048828125,274466500,SPY
2007-02-28,98.56175231933594,140.92999267578125,141.97999572753906,139.8000030517578,140.38999938964844,177536300,SPY
2007-03-01,98.26805877685547,140.50999450683594,141.25,138.0500030517578,139.33999633789062,212828600,SPY
2007-03-02,96.98123168945312,138.6699981689453,140.66000366210938,138.66000366210938,140.0500030517578,162574000,SPY
2007-03-05,96.05805206298828,137.35000610351562,139.5800018310547,137.3300018310547,137.92999267578125,143750400,SPY
2007-03-06,97.70155334472656,139.6999969482422,140.1199951171875,137.72000122070312,138.77999877929688,143333300,SPY
2007-03-07,97.6036376953125,139.55999755859375,140.4600067138672,139.39999389648438,139.58999633789062,115144900,SPY
2007-03-08,98.42890167236328,140.74000549316406,141.16000366210938,140.07000732421875,140.5399932861328,117891600,SPY
2007-03-09,98.45690155029297,140.77999877929688,141.4199981689453,140.0800018310547,141.30999755859375,107765100,SPY
2007-03-12,98.60367584228516,140.99000549316406,141.33999633789062,140.16000366210938,140.4199981689453,80366900,SPY
2007-03-13,96.68745422363281,138.25,140.77000427246094,138.0399932861328,140.17999267578125,190605200,SPY
2007-03-14,97.4078369140625,139.27999877929688,139.36000061035156,136.75,138.42999267578125,231853800,SPY
2007-03-15,97.54072570800781,139.47000122070312,139.99000549316406,138.8000030517578,138.97000122070312,132435900,SPY
2007-03-16,97.26759338378906,138.52999877929688,139.6300048828125,138.1199951171875,139.30999755859375,121531600,SPY
2007-03-19,98.44015502929688,140.1999969482422,140.3300018310547,139.14999389648438,139.25999450683594,96161200,SPY
2007-03-20,98.98076629638672,140.97000122070312,141.0500030517578,139.9600067138672,140.0800018310547,82147400,SPY
2007-03-21,100.60974884033203,143.2899932861328,143.64999389648438,140.82000732421875,141.10000610351562,152368700,SPY
2007-03-22,100.53253936767578,143.17999267578125,143.67999267578125,142.7899932861328,143.47999572753906,118942200,SPY
2007-03-23,100.67997741699219,143.38999938964844,143.80999755859375,143.14999389648438,143.27999877929688,74416800,SPY
2007-03-26,100.54657745361328,143.1999969482422,143.64999389648438,142.08999633789062,143.5,113787500,SPY
2007-03-27,100.30782318115234,142.86000061035156,143.16000366210938,142.38999938964844,143.1199951171875,99864600,SPY
2007-03-28,99.57762908935547,141.82000732421875,142.47000122070312,141.25999450683594,142.13999938964844,152907900,SPY
2007-03-29,99.68295288085938,141.97000122070312,142.61000061035156,141.19000244140625,142.5399932861328,139432700,SPY
2007-03-30,99.70399475097656,142.0,142.83999633789062,140.55999755859375,142.24000549316406,128194100,SPY
2007-04-02,99.81632232666016,142.16000366210938,142.4600067138672,141.47999572753906,142.16000366210938,79416400,SPY
2007-04-03,100.89060974121094,143.69000244140625,143.97999572753906,142.91000366210938,142.97000122070312,82417800,SPY
2007-04-04,101.0029296875,143.85000610351562,143.9499969482422,143.16000366210938,143.69000244140625,63995200,SPY
2007-04-05,101.27679443359375,144.24000549316406,144.44000244140625,143.61000061035156,143.6699981689453,46822800,SPY
2007-04-09,101.417236328125,144.44000244140625,144.8000030517578,144.14999389648438,144.64999389648438,50967400,SPY
2007-04-10,101.53654479980469,144.61000061035156,144.85000610351562,144.27000427246094,144.3300018310547,56620000,SPY
2007-04-11,101.12228393554688,144.02000427246094,144.86000061035156,143.5399932861328,144.82000732421875,106365700,SPY
2007-04-12,101.57170104980469,144.66000366210938,144.9199981689453,143.33999633789062,143.74000549316406,115534400,SPY
2007-04-13,102.03511810302734,145.32000732421875,145.32000732421875,144.36000061035156,144.89999389648438,84287000,SPY
2007-04-16,103.00411987304688,146.6999969482422,146.86000061035156,145.82000732421875,145.8300018310547,83064600,SPY
2007-04-17,103.27788543701172,147.08999633789062,147.39999389648438,146.64999389648438,146.97000122070312,108424100,SPY
2007-04-18,103.4042739868164,147.27000427246094,147.6999969482422,146.57000732421875,146.60000610351562,88345300,SPY
2007-04-19,103.37619018554688,147.22999572753906,147.39999389648438,146.36000061035156,146.5500030517578,102947700,SPY
2007-04-20,104.35218811035156,148.6199951171875,148.6199951171875,147.0399932861328,148.22000122070312,124114100,SPY
2007-04-23,103.958984375,148.05999755859375,148.72999572753906,147.97000122070312,148.3699951171875,77270800,SPY
2007-04-24,104.00106811523438,148.1199951171875,148.39999389648438,147.32000732421875,148.22999572753906,114471000,SPY
2007-04-25,104.9560317993164,149.47999572753906,149.66000366210938,148.02000427246094,148.72999572753906,108418800,SPY
2007-04-26,105.07535552978516,149.64999389648438,149.8000030517578,149.10000610351562,149.49000549316406,88741600,SPY
2007-04-27,104.99109649658203,149.52999877929688,149.74000549316406,148.83999633789062,149.08999633789062,108191100,SPY
2007-04-30,104.12046813964844,148.2899932861328,149.74000549316406,148.2100067138672,149.63999938964844,100874100,SPY
2007-05-01,104.38726806640625,148.6699981689453,149.47000122070312,147.6699981689453,148.4199981689453,134342700,SPY
2007-05-02,104.99811553955078,149.5399932861328,149.9499969482422,148.75,148.89999389648438,87129800,SPY
2007-05-03,105.56684112548828,150.35000610351562,150.39999389648438,149.72999572753906,149.97000122070312,86569700,SPY
2007-05-04,105.96715545654297,150.9199981689453,151.1199951171875,150.22000122070312,150.75,96409000,SPY
2007-05-07,105.98815155029297,150.9499969482422,151.1999969482422,150.80999755859375,150.8800048828125,63461400,SPY
2007-05-08,105.84770202636719,150.75,150.9199981689453,150.1300048828125,150.5800018310547,80584000,SPY
2007-05-09,106.13561248779297,151.16000366210938,152.82000732421875,150.3699951171875,150.63999938964844,102070100,SPY
2007-05-10,105.02620697021484,149.5800018310547,151.02000427246094,149.27000427246094,150.72999572753906,153617800,SPY
2007-05-11,105.92491912841797,150.86000061035156,150.92999267578125,149.72000122070312,149.75,113408900,SPY
2007-05-14,105.69329833984375,150.52999877929688,151.3000030517578,149.7899932861328,150.86000061035156,108027500,SPY
2007-05-15,105.72138977050781,150.57000732421875,151.66000366210938,150.19000244140625,150.6999969482422,180673300,SPY
2007-05-16,106.4445571899414,151.60000610351562,151.6300048828125,150.3800048828125,150.8000030517578,114166500,SPY
2007-05-17,106.23389434814453,151.3000030517578,151.9600067138672,151.11000061035156,151.3800048828125,101132800,SPY
2007-05-18,107.16073608398438,152.6199951171875,152.6199951171875,151.80999755859375,152.00999450683594,99182000,SPY
2007-05-21,107.10456085205078,152.5399932861328,153.22999572753906,152.5,152.5800018310547,174664600,SPY
2007-05-22,107.02031707763672,152.4199981689453,153.16000366210938,152.3800048828125,152.6999969482422,82148800,SPY
2007-05-23,107.03435516357422,152.44000244140625,153.5,152.36000061035156,152.9499969482422,133786600,SPY
2007-05-24,106.06536102294922,151.05999755859375,153.2100067138672,150.74000549316406,152.52999877929688,187593000,SPY
2007-05-25,106.50778198242188,151.69000244140625,152.02000427246094,151.17999267578125,151.5,83309200,SPY
2007-05-29,106.89391326904297,152.24000549316406,152.5,151.4499969482422,151.94000244140625,82020000,SPY
2007-05-30,107.76458740234375,153.47999572753906,153.5399932861328,151.33999633789062,151.4600067138672,129013600,SPY
2007-05-31,107.65223693847656,153.32000732421875,153.88999938964844,153.1199951171875,153.6699981689453,114866700,SPY
2007-06-01,108.18579864501953,154.0800018310547,154.39999389648438,153.50999450683594,153.8800048828125,107771700,SPY
2007-06-04,108.19992065429688,154.10000610351562,154.38999938964844,153.47999572753906,153.5399932861328,78008800,SPY
2007-06-05,107.77159118652344,153.49000549316406,153.89999389648438,152.86000061035156,153.74000549316406,126917900,SPY
2007-06-06,106.61309051513672,151.83999633789062,152.9499969482422,151.75,152.86000061035156,164096800,SPY
2007-06-07,104.68919372558594,149.10000610351562,152.5,149.05999755859375,151.55999755859375,232414600,SPY
2007-06-08,106.0513687133789,151.0399932861328,151.19000244140625,149.08999633789062,149.5800018310547,175886000,SPY
2007-06-11,106.23389434814453,151.3000030517578,151.9499969482422,150.6999969482422,150.92999267578125,102015600,SPY
2007-06-12,105.07535552978516,149.64999389648438,151.5399932861328,149.5500030517578,150.6699981689453,233898000,SPY
2007-06-13,106.64816284179688,151.88999938964844,152.07000732421875,149.72000122070312,150.5,193208200,SPY
2007-06-14,107.32925415039062,152.86000061035156,153.1199951171875,152.02999877929688,152.05999755859375,146396500,SPY
2007-06-15,107.93990325927734,153.07000732421875,153.66000366210938,152.92999267578125,153.13999938964844,154030800,SPY
2007-06-18,107.81297302246094,152.88999938964844,153.38999938964844,152.66000366210938,153.3800048828125,88537500,SPY
2007-06-19,108.0809555053711,153.27000427246094,153.3800048828125,152.36000061035156,152.5500030517578,110851700,SPY
2007-06-20,106.57894897460938,151.13999938964844,153.5800018310547,150.9600067138672,153.5800018310547,177119700,SPY
2007-06-21,107.17127990722656,151.97999572753906,152.11000061035156,150.25,151.0800018310547,205262000,SPY
2007-06-22,106.16290283203125,150.5500030517578,151.77000427246094,149.85000610351562,151.52000427246094,204964700,SPY
2007-06-25,105.65520477294922,149.8300018310547,151.25,149.02000427246094,150.24000549316406,232014400,SPY
2007-06-26,104.56922912597656,148.2899932861328,150.4600067138672,148.27999877929688,150.2100067138672,198445700,SPY
2007-06-27,106.05712127685547,150.39999389648438,150.57000732421875,148.05999755859375,148.1300048828125,213638000,SPY
2007-06-28,106.04301452636719,150.3800048828125,151.41000366210938,149.6699981689453,150.3800048828125,157705000,SPY
2007-06-29,106.07830810546875,150.42999267578125,151.64999389648438,149.14999389648438,150.89999389648438,199701800,SPY
2007-07-02,107.03729248046875,151.7899932861328,151.9199981689453,150.77000427246094,150.8699951171875,103357000,SPY
2007-07-03,107.42516326904297,152.33999633789062,152.5,151.99000549316406,152.17999267578125,54048400,SPY
2007-07-05,107.31234741210938,152.17999267578125,152.55999755859375,151.6300048828125,152.39999389648438,89279000,SPY
2007-07-06,107.87646484375,152.97999572753906,153.1699981689453,151.92999267578125,152.3800048828125,81109000,SPY
2007-07-09,107.96109771728516,153.10000610351562,153.36000061035156,152.6199951171875,153.16000366210938,72348100,SPY
2007-07-10,106.42387390136719,150.9199981689453,152.61000061035156,150.77000427246094,152.2899932861328,180362600,SPY
2007-07-11,107.17832946777344,151.99000549316406,152.0500030517578,150.52000427246094,150.75,175607600,SPY
2007-07-12,108.87068939208984,154.38999938964844,154.75,152.33999633789062,152.3699951171875,133882500,SPY
2007-07-13,109.19508361816406,154.85000610351562,155.4600067138672,154.38999938964844,154.57000732421875,111794300,SPY
2007-07-16,109.1810531616211,154.8300018310547,155.52999877929688,154.5800018310547,154.99000549316406,98378700,SPY
2007-07-17,109.12462615966797,154.75,155.47999572753906,154.67999267578125,154.92999267578125,126201300,SPY
2007-07-18,108.9271469116211,154.47000122070312,154.8000030517578,153.3000030517578,154.22999572753906,237887400,SPY
2007-07-19,109.3502426147461,155.07000732421875,155.52999877929688,154.75,155.1999969482422,145212700,SPY
2007-07-20,108.24312591552734,153.5,154.99000549316406,152.8300018310547,154.88999938964844,245502500,SPY
2007-07-23,108.57453918457031,153.97000122070312,154.72000122070312,153.3000030517578,154.17999267578125,121183900,SPY
2007-07-24,106.69176483154297,151.3000030517578,154.27999877929688,150.75999450683594,153.1199951171875,256732400,SPY
2007-07-25,106.91035461425781,151.61000061035156,152.38999938964844,150.25,152.02000427246094,265214500,SPY
2007-07-26,104.37881469726562,148.02000427246094,150.8000030517578,146.38999938964844,150.19000244140625,467592500,SPY
2007-07-27,102.3267593383789,145.11000061035156,148.8699951171875,145.0500030517578,148.2100067138672,422987600,SPY
2007-07-30,103.92752838134766,147.3800048828125,147.80999755859375,145.2899932861328,145.92999267578125,283017500,SPY
2007-07-31,102.7569351196289,145.72000122070312,149.4600067138672,145.0399932861328,148.3300018310547,316976700,SPY
2007-08-01,103.25761413574219,146.42999267578125,147.00999450683594,143.9499969482422,145.17999267578125,467670000,SPY
2007-08-02,104.08269500732422,147.60000610351562,147.75999450683594,145.25999450683594,146.75999450683594,294758400,SPY
2007-08-03,101.40301513671875,143.8000030517578,147.5800018310547,143.1999969482422,147.27999877929688,359398200,SPY
2007-08-06,103.10248565673828,146.2100067138672,146.8300018310547,142.52999877929688,144.2100067138672,324980000,SPY
2007-08-07,104.2025375366211,147.77000427246094,149.0,145.22999572753906,145.94000244140625,232568700,SPY
2007-08-08,105.65520477294922,149.8300018310547,150.58999633789062,147.33999633789062,148.41000366210938,274930600,SPY
2007-08-09,102.52423095703125,145.38999938964844,148.9499969482422,145.2899932861328,147.42999267578125,357622100,SPY
2007-08-10,102.04473114013672,144.7100067138672,146.5,143.1199951171875,144.38999938964844,411018400,SPY
2007-08-13,102.41143035888672,145.22999572753906,146.88999938964844,145.02000427246094,146.5,181917200,SPY
2007-08-14,100.84591674804688,143.00999450683594,146.05999755859375,142.72000122070312,145.6999969482422,264134500,SPY
2007-08-15,99.45671844482422,141.0399932861328,144.4600067138672,140.6199951171875,142.72000122070312,323834000,SPY
2007-08-16,100.20423126220703,142.10000610351562,142.94000244140625,137.0,139.7899932861328,546743700,SPY
2007-08-17,102.04473114013672,144.7100067138672,145.80999755859375,141.38999938964844,145.5,388218100,SPY
2007-08-20,101.99536895751953,144.63999938964844,145.47000122070312,143.2899932861328,145.1699981689453,187320400,SPY
2007-08-21,102.19989776611328,144.92999267578125,145.97000122070312,144.13999938964844,144.60000610351562,157066400,SPY
2007-08-22,103.41273498535156,146.64999389648438,146.8000030517578,145.3300018310547,146.00999450683594,173156700,SPY
2007-08-23,103.3210678100586,146.52000427246094,147.64999389648438,145.61000061035156,147.33999633789062,203915300,SPY
2007-08-24,104.597412109375,148.3300018310547,148.3300018310547,146.27999877929688,146.47999572753906,128901900,SPY
2007-08-27,103.62427520751953,146.9499969482422,148.3300018310547,146.72999572753906,147.85000610351562,113024300,SPY
2007-08-28,101.34660339355469,143.72000122070312,146.25,143.4600067138672,146.16000366210938,219790700,SPY
2007-08-29,103.3351821899414,146.5399932861328,146.74000549316406,143.9600067138672,144.3699951171875,207654200,SPY
2007-08-30,103.06016540527344,146.14999389648438,147.19000244140625,145.30999755859375,145.4499969482422,191817300,SPY
2007-08-31,104.07561492919922,147.58999633789062,148.5,146.8300018310547,147.64999389648438,185477500,SPY
2007-09-04,105.12629699707031,149.0800018310547,149.97999572753906,147.39999389648438,147.4499969482422,120062000,SPY
2007-09-05,104.21663665771484,147.7899932861328,148.36000061035156,147.0,148.1999969482422,166261800,SPY
2007-09-06,104.4563980102539,148.1300048828125,148.61000061035156,147.1199951171875,147.9499969482422,127878400,SPY
2007-09-07,103.0037612915039,146.07000732421875,146.88999938964844,145.25999450683594,146.47999572753906,235447600,SPY
2007-09-10,102.80631256103516,145.7899932861328,146.72000122070312,144.3300018310547,146.52000427246094,192305900,SPY
2007-09-11,104.00506591796875,147.49000549316406,147.6999969482422,146.1300048828125,146.24000549316406,162081900,SPY
2007-09-12,104.27306365966797,147.8699951171875,148.44000244140625,146.97999572753906,147.2899932861328,149554600,SPY
2007-09-13,105.00643920898438,148.91000366210938,149.4499969482422,148.1999969482422,148.5500030517578,154079000,SPY
2007-09-14,104.99939727783203,148.89999389648438,149.08999633789062,147.74000549316406,147.9600067138672,121911000,SPY
2007-09-17,104.43524169921875,148.10000610351562,148.64999389648438,147.6300048828125,148.30999755859375,109870800,SPY
2007-09-18,107.50975036621094,152.4600067138672,152.5,148.1300048828125,148.8300018310547,263759500,SPY
2007-09-19,108.14441680908203,153.36000061035156,154.38999938964844,152.7100067138672,153.41000366210938,193779900,SPY
2007-09-20,107.38285827636719,152.27999877929688,153.42999267578125,152.11000061035156,153.33999633789062,175186800,SPY
2007-09-21,107.6725845336914,151.97000122070312,153.1199951171875,151.74000549316406,152.7100067138672,141457500,SPY
2007-09-24,107.4742431640625,151.69000244140625,152.82000732421875,151.36000061035156,152.4199981689453,139450200,SPY
2007-09-25,107.2616958618164,151.38999938964844,151.66000366210938,150.47000122070312,150.80999755859375,142289900,SPY
2007-09-26,107.82854461669922,152.19000244140625,152.77000427246094,151.38999938964844,152.25,135547000,SPY
2007-09-27,108.46612548828125,153.08999633789062,153.10000610351562,152.19000244140625,152.91000366210938,102713300,SPY
2007-09-28,108.10485076904297,152.5800018310547,153.19000244140625,151.97999572753906,152.85000610351562,133372100,SPY
2007-10-01,109.3233871459961,154.3000030517578,154.75,152.5,152.60000610351562,148162300,SPY
2007-10-02,109.17462158203125,154.08999633789062,154.64999389648438,153.80999755859375,154.61000061035156,112978800,SPY
2007-10-03,108.95503234863281,153.77999877929688,154.41000366210938,153.00999450683594,153.80999755859375,119055900,SPY
2007-10-04,109.12509155273438,154.02000427246094,154.25999450683594,153.58999633789062,154.11000061035156,76864400,SPY
2007-10-05,110.42164611816406,155.85000610351562,156.10000610351562,154.6300048828125,155.02999877929688,134579700,SPY
2007-10-08,109.83358764648438,155.02000427246094,155.49000549316406,154.77000427246094,155.38999938964844,71280400,SPY
2007-10-09,110.86801147460938,156.47999572753906,156.5,155.02999877929688,155.60000610351562,94054300,SPY
2007-10-10,110.68377685546875,156.22000122070312,156.44000244140625,155.41000366210938,156.0399932861328,101711100,SPY
2007-10-11,110.15240478515625,155.47000122070312,157.52000427246094,154.5399932861328,156.92999267578125,233529100,SPY
2007-10-12,110.76171875,156.3300018310547,156.35000610351562,155.27000427246094,155.4600067138672,124546700,SPY
2007-10-15,109.82647705078125,155.00999450683594,156.36000061035156,153.94000244140625,156.27000427246094,161151900,SPY
2007-10-16,108.95503234863281,153.77999877929688,154.52000427246094,153.47000122070312,154.41000366210938,166525700,SPY
2007-10-17,109.28797149658203,154.25,155.08999633789062,152.47000122070312,154.97999572753906,216687300,SPY
2007-10-18,108.89119720458984,153.69000244140625,154.19000244140625,153.0800018310547,153.4499969482422,148367500,SPY
2007-10-19,106.04306030273438,149.6699981689453,156.47999572753906,149.66000366210938,153.08999633789062,297169900,SPY
2007-10-22,106.65946960449219,150.5399932861328,150.75999450683594,148.66000366210938,148.86000061035156,261989800,SPY
2007-10-23,107.52385711669922,151.75999450683594,151.9499969482422,150.25,151.4600067138672,180085100,SPY
2007-10-24,107.32540130615234,151.47999572753906,151.74000549316406,148.83999633789062,151.2100067138672,326694200,SPY
2007-10-25,107.58056640625,151.83999633789062,152.2899932861328,149.8800048828125,151.64999389648438,237374500,SPY
2007-10-26,108.8416748046875,153.6199951171875,153.6199951171875,151.89999389648438,153.05999755859375,176484000,SPY
2007-10-29,109.20299530029297,154.1300048828125,154.44000244140625,153.5500030517578,153.92999267578125,106841000,SPY
2007-10-30,108.44490051269531,153.05999755859375,153.75,152.8699951171875,153.4499969482422,132981600,SPY
2007-10-31,109.57144165039062,154.64999389648438,155.27000427246094,152.83999633789062,153.97999572753906,220954400,SPY
2007-11-01,107.00659942626953,151.02999877929688,153.41000366210938,150.58999633789062,153.2899932861328,333040800,SPY
2007-11-02,107.12702941894531,151.1999969482422,152.0,149.2100067138672,151.52999877929688,331228200,SPY
2007-11-05,106.31227111816406,150.0500030517578,151.16000366210938,148.97000122070312,149.63999938964844,226841000,SPY
2007-11-06,107.74346923828125,152.07000732421875,152.11000061035156,149.89999389648438,150.86000061035156,177800500,SPY
2007-11-07,104.79605102539062,147.91000366210938,151.1300048828125,147.5500030517578,150.44000244140625,306639700,SPY
2007-11-08,104.26464080810547,147.16000366210938,148.39999389648438,145.07000732421875,147.99000549316406,374509900,SPY
2007-11-09,102.8334732055664,145.13999938964844,147.5399932861328,144.88999938964844,145.69000244140625,277745100,SPY
2007-11-12,101.81322479248047,143.6999969482422,146.61000061035156,143.6999969482422,145.2100067138672,243087800,SPY
2007-11-13,104.91650390625,148.0800018310547,148.30999755859375,145.22000122070312,145.3699951171875,191117400,SPY
2007-11-14,104.62603759765625,147.6699981689453,149.39999389648438,146.77999877929688,149.22000122070312,230558800,SPY
2007-11-15,103.11689758300781,145.5399932861328,147.49000549316406,144.52000427246094,146.57000732421875,263111100,SPY
2007-11-16,103.29401397705078,145.7899932861328,146.47000122070312,144.57000732421875,146.30999755859375,308770600,SPY
2007-11-19,101.85575103759766,143.75999450683594,145.36000061035156,143.19000244140625,145.27999877929688,267746000,SPY
2007-11-20,102.47924041748047,144.63999938964844,145.52999877929688,142.11000061035156,144.02000427246094,414767500,SPY
2007-11-21,100.38201904296875,141.67999267578125,143.91000366210938,141.6699981689453,143.0800018310547,259012400,SPY
2007-11-23,102.11787414550781,144.1300048828125,144.33999633789062,142.6999969482422,143.07000732421875,77688400,SPY
2007-11-26,99.86481475830078,140.9499969482422,144.8800048828125,140.66000366210938,144.42999267578125,214232000,SPY
2007-11-27,101.01258850097656,142.57000732421875,143.22999572753906,140.9499969482422,141.74000549316406,293897900,SPY
2007-11-28,104.2434310913086,147.1300048828125,147.47000122070312,144.13999938964844,144.19000244140625,258596900,SPY
2007-11-29,104.27882385253906,147.17999267578125,147.72000122070312,146.10000610351562,146.6199951171875,199409900,SPY
2007-11-30,105.32744598388672,148.66000366210938,149.8699951171875,147.3300018310547,149.0399932861328,222908000,SPY
2007-12-03,104.63311767578125,147.67999267578125,148.4499969482422,147.2899932861328,148.19000244140625,146430400,SPY
2007-12-04,103.69786071777344,146.36000061035156,147.5399932861328,146.30999755859375,146.66000366210938,136533900,SPY
2007-12-05,105.4337158203125,148.80999755859375,149.1999969482422,147.8300018310547,147.92999267578125,171130000,SPY
2007-12-06,106.94287109375,150.94000244140625,151.2100067138672,148.57000732421875,148.6300048828125,154457400,SPY
2007-12-07,106.92159271240234,150.91000366210938,151.5,150.5500030517578,151.4199981689453,148980100,SPY
2007-12-10,107.75051879882812,152.0800018310547,152.25,150.86000061035156,151.27999877929688,123914300,SPY
2007-12-11,104.79605102539062,147.91000366210938,152.88999938964844,147.8300018310547,152.13999938964844,250346400,SPY
2007-12-12,105.83045959472656,149.3699951171875,151.77000427246094,147.1999969482422,151.05999755859375,322435600,SPY
2007-12-13,105.6108627319336,149.05999755859375,149.38999938964844,147.3000030517578,148.32000732421875,237551300,SPY
2007-12-14,104.27173614501953,147.1699981689453,149.10000610351562,147.10000610351562,147.92999267578125,159152900,SPY
2007-12-17,102.78386688232422,145.07000732421875,146.8699951171875,144.86000061035156,146.61000061035156,177269400,SPY
2007-12-18,103.35779571533203,145.8800048828125,146.47999572753906,143.9600067138672,146.10000610351562,245569300,SPY
2007-12-19,103.35779571533203,145.8800048828125,146.88999938964844,144.94000244140625,145.94000244140625,198917200,SPY
2007-12-20,104.00961303710938,146.8000030517578,146.86000061035156,145.17999267578125,146.83999633789062,214813800,SPY
2007-12-21,105.50895690917969,148.1300048828125,148.4199981689453,147.08999633789062,147.3699951171875,146084400,SPY
2007-12-24,106.29244232177734,149.22999572753906,149.47999572753906,148.47999572753906,148.82000732421875,45601400,SPY
2007-12-26,106.5204086303711,149.5500030517578,149.67999267578125,148.5,148.64999389648438,67093100,SPY
2007-12-27,105.18132019042969,147.6699981689453,149.02999877929688,147.32000732421875,149.02000427246094,122981700,SPY
2007-12-28,104.91783142089844,147.3000030517578,148.61000061035156,146.89999389648438,148.5399932861328,116398100,SPY
2007-12-31,104.14137268066406,146.2100067138672,147.61000061035156,146.05999755859375,147.10000610351562,108126800,SPY
2008-01-02,103.22968292236328,144.92999267578125,146.99000549316406,143.8800048828125,146.52999877929688,204935600,SPY
2008-01-03,103.1798095703125,144.86000061035156,145.49000549316406,144.07000732421875,144.91000366210938,125133300,SPY
2008-01-04,100.65127563476562,141.30999755859375,143.44000244140625,140.91000366210938,143.33999633789062,232330900,SPY
2008-01-07,100.56575012207031,141.19000244140625,142.22999572753906,140.10000610351562,141.80999755859375,234991000,SPY
2008-01-08,98.94176483154297,138.91000366210938,142.89999389648438,138.44000244140625,142.0800018310547,326365700,SPY
2008-01-09,99.9817123413086,140.3699951171875,140.7899932861328,137.6999969482422,139.08999633789062,301824900,SPY
2008-01-10,100.63695526123047,141.2899932861328,142.8000030517578,139.3699951171875,139.67999267578125,335701200,SPY
2008-01-11,99.82500457763672,140.14999389648438,141.89999389648438,139.0,140.77999877929688,267076600,SPY
2008-01-14,100.62985229492188,141.27999877929688,141.86000061035156,140.39999389648438,141.16000366210938,170365500,SPY
2008-01-15,98.41473388671875,138.1699981689453,141.49000549316406,137.89999389648438,139.7899932861328,239940100,SPY
2008-01-16,97.56710052490234,136.97999572753906,139.1199951171875,136.27999877929688,137.36000061035156,378802600,SPY
2008-01-17,95.0385513305664,133.42999267578125,137.8800048828125,132.92999267578125,137.80999755859375,397892600,SPY
2008-01-18,94.06273651123047,132.05999755859375,135.02000427246094,131.10000610351562,134.74000549316406,348561500,SPY
2008-01-22,93.10828399658203,130.72000122070312,132.42999267578125,126.0,127.20999908447266,435923700,SPY
2008-01-23,95.34484100341797,133.86000061035156,134.19000244140625,126.83999633789062,127.08999633789062,511913000,SPY
2008-01-24,96.14969635009766,134.99000549316406,135.4600067138672,133.30999755859375,134.47999572753906,259949300,SPY
2008-01-25,94.76077270507812,133.0399932861328,136.75999450683594,132.60000610351562,136.50999450683594,269603900,SPY
2008-01-28,96.32779693603516,135.24000549316406,135.52000427246094,132.05999755859375,133.25999450683594,217934600,SPY
2008-01-29,96.80498504638672,135.91000366210938,136.4499969482422,134.8800048828125,136.10000610351562,168968300,SPY
2008-01-30,96.09272003173828,134.91000366210938,138.5399932861328,134.60000610351562,135.5800018310547,334939200,SPY
2008-01-31,97.84489440917969,137.3699951171875,138.5399932861328,133.1999969482422,133.39999389648438,343680800,SPY
2008-02-01,99.41901397705078,139.5800018310547,139.61000061035156,137.52000427246094,137.94000244140625,206843600,SPY
2008-02-04,98.16543579101562,137.82000732421875,139.3000030517578,137.63999938964844,139.2100067138672,124694300,SPY
2008-02-05,95.53711700439453,134.1300048828125,136.25,133.6699981689453,135.94000244140625,286882500,SPY
2008-02-06,94.76789093017578,133.0500030517578,135.25,132.41000366210938,134.5800018310547,250792900,SPY
2008-02-07,95.39470672607422,133.92999267578125,134.7899932861328,131.72999572753906,131.8000030517578,297368100,SPY
2008-02-08,94.78213500976562,133.07000732421875,134.22000122070312,132.10000610351562,133.08999633789062,221643500,SPY
2008-02-11,95.26647186279297,133.75,134.22999572753906,132.0399932861328,133.10000610351562,188576300,SPY
2008-02-12,96.14969635009766,134.99000549316406,136.30999755859375,133.97999572753906,134.91000366210938,256654400,SPY
2008-02-13,97.13259887695312,136.3699951171875,137.05999755859375,135.13999938964844,136.00999450683594,181967800,SPY
2008-02-14,96.27788543701172,135.1699981689453,137.0,134.7899932861328,136.9499969482422,215207200,SPY
2008-02-15,96.25654602050781,135.13999938964844,135.22000122070312,133.91000366210938,134.5,154110300,SPY
2008-02-19,96.52722930908203,135.52000427246094,136.88999938964844,134.61000061035156,136.72000122070312,145190000,SPY
2008-02-20,96.81211853027344,135.9199981689453,136.5500030517578,133.75999450683594,133.99000549316406,220085700,SPY
2008-02-21,96.00724792480469,134.7899932861328,137.00999450683594,134.07000732421875,136.66000366210938,201051200,SPY
2008-02-22,96.598388671875,135.6199951171875,135.85000610351562,132.86000061035156,134.97000122070312,205491000,SPY
2008-02-25,97.81640625,137.3300018310547,137.64999389648438,134.77999877929688,135.5399932861328,190107000,SPY
2008-02-26,98.550048828125,138.36000061035156,138.9499969482422,136.5,136.75,212420700,SPY
2008-02-27,98.45032501220703,138.22000122070312,139.13999938964844,137.41000366210938,137.55999755859375,168395800,SPY
2008-02-28,97.48876953125,136.8699951171875,137.9600067138672,136.5500030517578,137.24000549316406,170831100,SPY
2008-02-29,95.31631469726562,133.82000732421875,135.67999267578125,132.77999877929688,135.60000610351562,252715200,SPY
2008-03-03,95.08840942382812,133.5,133.80999755859375,132.24000549316406,133.13999938964844,189483500,SPY
2008-03-04,94.72515106201172,132.99000549316406,133.39999389648438,130.99000549316406,132.22999572753906,282513100,SPY
2008-03-05,95.32345581054688,133.8300018310547,134.77000427246094,132.33999633789062,133.4199981689453,270681400,SPY
2008-03-06,93.35045623779297,131.05999755859375,133.22000122070312,130.5500030517578,132.97999572753906,247911700,SPY
2008-03-07,92.38890075683594,129.7100067138672,131.74000549316406,128.5800018310547,129.77000427246094,326434600,SPY
2008-03-10,91.17090606689453,128.0,129.92999267578125,127.58999633789062,129.83999633789062,235683600,SPY
2008-03-11,94.44732666015625,132.60000610351562,132.72000122070312,128.9499969482422,130.72000122070312,341440600,SPY
2008-03-12,93.56415557861328,131.36000061035156,133.77000427246094,131.16000366210938,132.74000549316406,229161100,SPY
2008-03-13,93.77071380615234,131.64999389648438,132.63999938964844,128.60000610351562,129.61000061035156,351504200,SPY
2008-03-14,92.31766510009766,129.61000061035156,132.80999755859375,127.77999877929688,132.77000427246094,484687800,SPY
2008-03-17,91.38458251953125,128.3000030517578,129.25999450683594,126.06999969482422,126.56999969482422,405311100,SPY
2008-03-18,95.18103790283203,133.6300048828125,133.69000244140625,129.97999572753906,130.6199951171875,334416600,SPY
2008-03-19,92.82337188720703,130.32000732421875,134.64999389648438,130.0399932861328,134.13999938964844,345971600,SPY
2008-03-20,94.542724609375,132.0800018310547,132.91000366210938,129.25999450683594,130.0500030517578,245320700,SPY
2008-03-24,96.43242645263672,134.72000122070312,135.80999755859375,133.24000549316406,133.30999755859375,208977300,SPY
2008-03-25,96.52549743652344,134.85000610351562,135.5500030517578,133.77000427246094,134.86000061035156,192947200,SPY
2008-03-26,95.3443832397461,133.1999969482422,135.08999633789062,133.11000061035156,134.4600067138672,196934300,SPY
2008-03-27,95.04379272460938,132.77999877929688,134.44000244140625,132.36000061035156,134.1999969482422,225153200,SPY
2008-03-28,94.13470458984375,131.50999450683594,133.36000061035156,131.05999755859375,132.99000549316406,180896100,SPY
2008-03-31,94.4639663696289,131.97000122070312,132.72999572753906,131.08999633789062,131.2899932861328,166692100,SPY
2008-04-01,97.78528594970703,136.61000061035156,136.83999633789062,133.50999450683594,133.61000061035156,254547300,SPY
2008-04-02,97.84970092773438,136.6999969482422,137.6699981689453,135.97999572753906,137.0500030517578,210910800,SPY
2008-04-03,98.09310150146484,137.0399932861328,137.44000244140625,135.7100067138672,135.9600067138672,175884800,SPY
2008-04-04,97.98568725585938,136.88999938964844,137.9600067138672,136.1199951171875,137.1199951171875,204446800,SPY
2008-04-07,98.03582000732422,136.9600067138672,138.57000732421875,136.74000549316406,137.8699951171875,154245500,SPY
2008-04-08,97.93562316894531,136.82000732421875,136.9199981689453,135.9499969482422,136.19000244140625,148937300,SPY
2008-04-09,97.22695922851562,135.8300018310547,136.8000030517578,134.88999938964844,136.61000061035156,195610600,SPY
2008-04-10,97.36294555664062,136.02000427246094,136.6699981689453,134.89999389648438,135.4199981689453,192967800,SPY
2008-04-11,95.47322845458984,133.3800048828125,135.1199951171875,133.00999450683594,134.49000549316406,222973300,SPY
2008-04-14,95.15113830566406,132.92999267578125,133.5399932861328,132.5500030517578,133.19000244140625,160522000,SPY
2008-04-15,95.37305450439453,133.24000549316406,133.69000244140625,132.3300018310547,133.5800018310547,172389200,SPY
2008-04-16,97.95704650878906,136.85000610351562,136.91000366210938,134.52000427246094,134.5399932861328,189268900,SPY
2008-04-17,98.10025024414062,137.0500030517578,137.25,135.66000366210938,136.02000427246094,179665700,SPY
2008-04-18,99.12384033203125,138.47999572753906,139.55999755859375,138.25999450683594,138.94000244140625,218530600,SPY
2008-04-21,99.1739730834961,138.5500030517578,138.97999572753906,137.85000610351562,138.22999572753906,118587400,SPY
2008-04-22,98.73731994628906,137.94000244140625,138.30999755859375,136.89999389648438,138.19000244140625,162166000,SPY
2008-04-23,98.57984161376953,137.72000122070312,138.77999877929688,137.1199951171875,138.08999633789062,193309000,SPY
2008-04-24,99.00927734375,138.32000732421875,139.74000549316406,137.0399932861328,138.0800018310547,229381300,SPY
2008-04-25,99.92552947998047,139.60000610351562,139.88999938964844,137.91000366210938,139.39999389648438,190788100,SPY
2008-04-28,99.94702911376953,139.6300048828125,140.25,139.3800048828125,139.8800048828125,105610200,SPY
2008-04-29,99.55329132080078,139.0800018310547,139.72999572753906,138.61000061035156,139.38999938964844,125514100,SPY
2008-04-30,98.96637725830078,138.25999450683594,140.58999633789062,138.25999450683594,139.2899932861328,208395900,SPY
2008-05-01,101.01358032226562,141.1199951171875,141.1199951171875,138.27000427246094,138.3800048828125,187279500,SPY
2008-05-02,101.29269409179688,141.50999450683594,142.3699951171875,140.55999755859375,142.33999633789062,181585500,SPY
2008-05-05,100.80595397949219,140.8300018310547,141.61000061035156,140.41000366210938,141.0500030517578,118504500,SPY
2008-05-06,101.67921447753906,142.0500030517578,142.1999969482422,139.69000244140625,140.02000427246094,179339800,SPY
2008-05-07,99.86827850341797,139.52000427246094,142.0399932861328,139.1300048828125,141.88999938964844,199267300,SPY
2008-05-08,99.61056518554688,139.16000366210938,140.32000732421875,138.97999572753906,139.74000549316406,178321200,SPY
2008-05-09,99.42442321777344,138.89999389648438,139.38999938964844,138.4499969482422,138.60000610351562,152588200,SPY
2008-05-12,100.54107666015625,140.4600067138672,140.55999755859375,138.72999572753906,139.25,147865900,SPY
2008-05-13,100.55542755126953,140.47999572753906,140.88999938964844,139.72999572753906,140.8000030517578,159132200,SPY
2008-05-14,100.76304626464844,140.77000427246094,142.1999969482422,140.4600067138672,141.07000732421875,181910800,SPY
2008-05-15,102.02287292480469,142.52999877929688,142.6300048828125,140.8300018310547,141.0399932861328,166927000,SPY
2008-05-16,102.11585998535156,142.66000366210938,142.8699951171875,141.61000061035156,142.86000061035156,204236800,SPY
2008-05-19,102.39502716064453,143.0500030517578,144.3000030517578,142.3000030517578,142.80999755859375,165664400,SPY
2008-05-20,101.564697265625,141.88999938964844,142.33999633789062,141.0,142.27000427246094,178552100,SPY
2008-05-21,99.84675598144531,139.49000549316406,142.1199951171875,139.0,141.80999755859375,252724800,SPY
2008-05-22,99.86109924316406,139.50999450683594,140.1699981689453,139.0,139.42999267578125,170820400,SPY
2008-05-23,98.52254486083984,137.63999938964844,139.66000366210938,137.52000427246094,139.0500030517578,181376400,SPY
2008-05-27,99.252685546875,138.66000366210938,139.0,137.52999877929688,137.8000030517578,168322900,SPY
2008-05-28,99.7108154296875,139.3000030517578,140.0,138.0,139.1699981689453,181288100,SPY
2008-05-29,100.21186828613281,140.0,140.92999267578125,139.0800018310547,139.1300048828125,173927200,SPY
2008-05-30,100.46239471435547,140.35000610351562,140.74000549316406,139.94000244140625,140.47000122070312,117362000,SPY
2008-06-02,99.42442321777344,138.89999389648438,139.86000061035156,138.0,139.8300018310547,181069900,SPY
2008-06-03,98.84467315673828,138.08999633789062,139.6199951171875,137.22999572753906,139.3000030517578,271965700,SPY
2008-06-04,98.7945556640625,138.02000427246094,139.16000366210938,137.4600067138672,137.6999969482422,246637700,SPY
2008-06-05,100.77019500732422,140.77999877929688,140.88999938964844,138.32000732421875,138.5800018310547,237867100,SPY
2008-06-06,97.55625915527344,136.2899932861328,139.8000030517578,136.22000122070312,139.5500030517578,384276300,SPY
2008-06-09,97.79246520996094,136.6199951171875,137.5,135.41000366210938,136.86000061035156,228263900,SPY
2008-06-10,97.30574798583984,135.94000244140625,137.10000610351562,135.35000610351562,135.6699981689453,260234900,SPY
2008-06-11,95.8741226196289,133.94000244140625,136.25999450683594,133.92999267578125,135.97000122070312,283890100,SPY
2008-06-12,96.23918151855469,134.4499969482422,135.8699951171875,133.52000427246094,134.60000610351562,252791800,SPY
2008-06-13,97.45601654052734,136.14999389648438,136.52000427246094,134.4199981689453,135.1699981689453,244726900,SPY
2008-06-16,97.51329040527344,136.22999572753906,136.92999267578125,135.4600067138672,135.5500030517578,185832500,SPY
2008-06-17,97.04084014892578,135.57000732421875,137.1199951171875,135.3699951171875,137.07000732421875,191707700,SPY
2008-06-18,96.09597778320312,134.25,135.52000427246094,133.7100067138672,134.69000244140625,265893000,SPY
2008-06-19,96.21765899658203,134.4199981689453,135.24000549316406,133.5,134.14999389648438,304204900,SPY
2008-06-20,94.65592193603516,131.5800018310547,133.08999633789062,131.22000122070312,132.83999633789062,289275700,SPY
2008-06-23,94.56240844726562,131.4499969482422,132.22999572753906,131.32000732421875,132.08999633789062,165096400,SPY
2008-06-24,94.3753433227539,131.19000244140625,132.44000244140625,130.19000244140625,131.0500030517578,267300600,SPY
2008-06-25,94.82135772705078,131.80999755859375,133.39999389648438,131.24000549316406,131.72000122070312,287853900,SPY
2008-06-26,92.24601745605469,128.22999572753906,131.4199981689453,128.0800018310547,130.57000732421875,297775000,SPY
2008-06-27,91.74242401123047,127.52999877929688,128.86000061035156,127.04000091552734,128.27999877929688,303423400,SPY
2008-06-30,92.06614685058594,127.9800033569336,128.91000366210938,127.30000305175781,127.88999938964844,258842600,SPY
2008-07-01,92.35391235351562,128.3800048828125,128.47000122070312,125.93000030517578,126.5199966430664,388622000,SPY
2008-07-02,90.77128601074219,126.18000030517578,129.16000366210938,125.94999694824219,128.7899932861328,288064600,SPY
2008-07-03,90.86479187011719,126.30999755859375,127.11000061035156,124.98999786376953,127.11000061035156,239352500,SPY
2008-07-07,89.9367904663086,125.0199966430664,127.33999633789062,123.91999816894531,126.79000091552734,372427300,SPY
2008-07-08,91.53380584716797,127.23999786376953,127.38999938964844,124.19999694824219,124.98999786376953,375973700,SPY
2008-07-09,89.77132415771484,124.79000091552734,127.73999786376953,124.38999938964844,127.5,336729400,SPY
2008-07-10,90.1382064819336,125.30000305175781,125.79000091552734,123.58000183105469,124.43000030517578,436475700,SPY
2008-07-11,89.0879135131836,123.83999633789062,125.9000015258789,122.48999786376953,123.97000122070312,481124600,SPY
2008-07-14,88.28221893310547,122.72000122070312,125.5,122.4000015258789,125.26000213623047,322720800,SPY
2008-07-15,87.0376968383789,120.98999786376953,123.48999786376953,120.0199966430664,121.80000305175781,502502500,SPY
2008-07-16,89.17424774169922,123.95999908447266,124.56999969482422,121.0999984741211,121.44999694824219,371642900,SPY
2008-07-17,90.06625366210938,125.19999694824219,126.26000213623047,124.08999633789062,125.13999938964844,375490600,SPY
2008-07-18,90.62737274169922,125.9800033569336,126.41999816894531,125.1500015258789,126.16999816894531,267030100,SPY
2008-07-21,90.67774963378906,126.05000305175781,126.80000305175781,125.19000244140625,126.51000213623047,222863000,SPY
2008-07-22,91.70643615722656,127.4800033569336,127.80000305175781,124.8499984741211,125.1500015258789,296904200,SPY
2008-07-23,92.20284271240234,128.1699981689453,129.14999389648438,127.55000305175781,127.88999938964844,311698400,SPY
2008-07-24,90.28929901123047,125.51000213623047,128.41000366210938,125.16000366210938,128.33999633789062,248634500,SPY
2008-07-25,90.26770782470703,125.4800033569336,126.48999786376953,125.16999816894531,125.88999938964844,219131000,SPY
2008-07-28,88.94402313232422,123.63999938964844,126.05999755859375,123.41999816894531,125.51000213623047,205201300,SPY
2008-07-29,90.84321594238281,126.27999877929688,126.37999725341797,123.63999938964844,123.9800033569336,261505600,SPY
2008-07-30,92.4618148803711,128.52999877929688,128.60000610351562,126.27999877929688,127.11000061035156,354710000,SPY
2008-07-31,91.2388687133789,126.83000183105469,128.57000732421875,126.62999725341797,127.4000015258789,277402100,SPY
2008-08-01,90.75689697265625,126.16000366210938,127.27999877929688,125.45999908447266,127.12000274658203,248690900,SPY
2008-08-04,89.91520690917969,124.98999786376953,126.13999938964844,124.76000213623047,126.04000091552734,188239600,SPY
2008-08-05,92.3395004272461,128.36000061035156,128.55999755859375,124.97000122070312,126.0199966430664,251577600,SPY
2008-08-06,92.74957275390625,128.92999267578125,129.3000030517578,127.4800033569336,128.02000427246094,209555400,SPY
2008-08-07,91.36836242675781,127.01000213623047,128.44000244140625,126.54000091552734,127.95999908447266,246312500,SPY
2008-08-08,93.06607818603516,129.3699951171875,129.92999267578125,126.37999725341797,126.58000183105469,260811700,SPY
2008-08-11,94.03007507324219,130.7100067138672,131.50999450683594,129.22999572753906,129.47000122070312,249425800,SPY
2008-08-12,93.05172729492188,129.35000610351562,130.6999969482422,128.72999572753906,130.27999877929688,213200800,SPY
2008-08-13,92.49059295654297,128.57000732421875,129.64999389648438,127.66999816894531,128.7899932861328,256393200,SPY
2008-08-14,93.18836975097656,129.5399932861328,130.27999877929688,127.75,127.83999633789062,239555300,SPY
2008-08-15,93.64156341552734,130.1699981689453,130.5,129.3000030517578,129.92999267578125,181000800,SPY
2008-08-18,92.36107635498047,128.38999938964844,130.47999572753906,127.66000366210938,130.42999267578125,172275100,SPY
2008-08-19,91.35394287109375,126.98999786376953,127.69000244140625,126.52999877929688,127.41999816894531,194673700,SPY
2008-08-20,91.7784194946289,127.58000183105469,127.94999694824219,126.33999633789062,127.38999938964844,225498200,SPY
2008-08-21,91.93666076660156,127.80000305175781,128.44000244140625,126.5999984741211,126.75,180609800,SPY
2008-08-22,93.26752471923828,129.64999389648438,129.64999389648438,127.80000305175781,128.6699981689453,167715300,SPY
2008-08-25,91.37555694580078,127.0199966430664,129.64999389648438,126.75,128.8000030517578,171936900,SPY
2008-08-26,91.64173126220703,127.38999938964844,127.87000274658203,126.58000183105469,127.0199966430664,159117200,SPY
2008-08-27,92.53376007080078,128.6300048828125,128.8300018310547,127.30000305175781,127.55000305175781,171032800,SPY
2008-08-28,93.6559829711914,130.19000244140625,130.33999633789062,129.11000061035156,129.27999877929688,167537100,SPY
2008-08-29,92.64883422851562,128.7899932861328,130.13999938964844,128.50999450683594,129.72999572753906,189195800,SPY
2008-09-02,92.07331848144531,127.98999786376953,130.7100067138672,127.5199966430664,130.02999877929688,252364900,SPY
2008-09-03,91.99423217773438,127.87999725341797,128.5,126.93000030517578,127.87999725341797,251947000,SPY
2008-09-04,89.22462463378906,124.02999877929688,127.2300033569336,123.95999908447266,126.97000122070312,340042500,SPY
2008-09-05,89.50518035888672,124.41999816894531,124.94999694824219,122.0,123.29000091552734,289503400,SPY
2008-09-08,91.35394287109375,126.98999786376953,128.24000549316406,124.41999816894531,128.0399932861328,364075300,SPY
2008-09-09,88.64190673828125,123.22000122070312,127.36000061035156,122.80000305175781,127.0999984741211,377326800,SPY
2008-09-10,89.00157165527344,123.72000122070312,124.9000015258789,122.55000305175781,123.88999938964844,298916600,SPY
2008-09-11,90.28929901123047,125.51000213623047,125.73999786376953,121.5999984741211,122.12000274658203,375369400,SPY
2008-09-12,90.70650482177734,126.08999633789062,126.20999908447266,123.83000183105469,124.29000091552734,297851200,SPY
2008-09-15,86.39024353027344,120.08999633789062,125.6500015258789,119.88999938964844,121.62999725341797,483607000,SPY
2008-09-16,87.83621215820312,122.0999984741211,122.31999969482422,117.0,117.19999694824219,581744300,SPY
2008-09-17,83.8868179321289,116.61000061035156,121.8499984741211,116.0,119.63999938964844,624095600,SPY
2008-09-18,86.3758316040039,120.06999969482422,121.79000091552734,113.80000305175781,118.05000305175781,776114700,SPY
2008-09-19,89.8061752319336,124.12000274658203,128.0,123.33000183105469,126.69999694824219,501087800,SPY
2008-09-22,87.77301788330078,121.30999755859375,124.75,120.36000061035156,124.44999694824219,249966500,SPY
2008-09-23,85.77606201171875,118.55000305175781,122.0199966430664,118.27999877929688,120.8499984741211,327470400,SPY
2008-09-24,86.05097961425781,118.93000030517578,120.0,117.79000091552734,119.3499984741211,311818400,SPY
2008-09-25,87.39677429199219,120.79000091552734,121.91000366210938,118.44000244140625,119.4000015258789,328253000,SPY
2008-09-26,87.440185546875,120.8499984741211,121.5,118.51000213623047,118.83000183105469,285917400,SPY
2008-09-29,80.58821868896484,111.37999725341797,119.33999633789062,110.97000122070312,119.13999938964844,459562300,SPY
2008-09-30,83.92375183105469,115.98999786376953,116.80000305175781,110.52999877929688,113.51000213623047,328154400,SPY
2008-10-01,83.97441864013672,116.05999755859375,116.69000244140625,113.94999694824219,115.2699966430664,332783000,SPY
2008-10-02,80.92829895019531,111.8499984741211,115.11000061035156,111.05999755859375,114.94999694824219,365337800,SPY
2008-10-03,79.83574676513672,110.33999633789062,115.44999694824219,109.68000030517578,112.86000061035156,461798000,SPY
2008-10-06,75.76944732666016,104.72000122070312,107.62000274658203,100.63999938964844,107.1500015258789,610637500,SPY
2008-10-07,72.37603759765625,100.02999877929688,107.33000183105469,99.6500015258789,106.83999633789062,540012100,SPY
2008-10-08,70.55268096923828,97.51000213623047,102.18000030517578,96.80999755859375,97.5199966430664,725414800,SPY
2008-10-09,65.6253662109375,90.69999694824219,100.62000274658203,90.25,99.66000366210938,534485200,SPY
2008-10-10,64.03355407714844,88.5,93.94000244140625,83.58000183105469,86.76000213623047,871026300,SPY
2008-10-13,73.33109283447266,101.3499984741211,101.3499984741211,89.94999694824219,93.87000274658203,455584000,SPY
2008-10-14,72.24575805664062,99.8499984741211,105.52999877929688,97.11000061035156,104.69999694824219,546268300,SPY
2008-10-15,65.13333892822266,90.0199966430664,97.80000305175781,89.70999908447266,97.45999908447266,484627500,SPY
2008-10-16,67.8466567993164,93.7699966430664,94.7699966430664,86.54000091552734,91.29000091552734,708811200,SPY
2008-10-17,67.44144439697266,93.20999908447266,98.58999633789062,91.6500015258789,91.98999786376953,476649000,SPY
2008-10-20,71.49330139160156,98.80999755859375,99.0999984741211,94.08999633789062,95.3499984741211,321294200,SPY
2008-10-21,69.35885620117188,95.86000061035156,98.63999938964844,95.22000122070312,96.97000122070312,356502000,SPY
2008-10-22,65.58195495605469,90.63999938964844,95.86000061035156,87.52999877929688,93.19999694824219,516168000,SPY
2008-10-23,66.3416748046875,91.69000244140625,92.44999694824219,85.80999755859375,90.29000091552734,634666400,SPY
2008-10-24,62.97718811035156,87.04000091552734,89.91999816894531,84.0,84.05999755859375,545812600,SPY
2008-10-27,60.74146270751953,83.94999694824219,89.51000213623047,83.69999694824219,85.97000122070312,397288600,SPY
2008-10-28,67.83940887451172,93.76000213623047,94.23999786376953,84.52999877929688,87.33999633789062,639939500,SPY
2008-10-29,67.3473892211914,93.08000183105469,97.16999816894531,92.0999984741211,93.7699966430664,531270100,SPY
2008-10-30,69.67719268798828,96.30000305175781,96.54000091552734,92.9000015258789,95.77999877929688,414582100,SPY
2008-10-31,70.06067657470703,96.83000183105469,98.56999969482422,94.4800033569336,95.08000183105469,411394000,SPY
2008-11-03,70.26327514648438,97.11000061035156,97.69000244140625,95.94999694824219,96.77999877929688,205419400,SPY
2008-11-04,72.65093231201172,100.41000366210938,100.86000061035156,96.70999908447266,99.05999755859375,346793400,SPY
2008-11-05,69.5976333618164,96.19000244140625,100.70999908447266,95.0,99.19999694824219,387844100,SPY
2008-11-06,65.74112701416016,90.86000061035156,95.44000244140625,90.05999755859375,94.45999908447266,477721900,SPY
2008-11-07,67.91177368164062,93.86000061035156,94.0,90.5,91.6500015258789,380391000,SPY
2008-11-10,67.02178955078125,92.62999725341797,95.52999877929688,90.91999816894531,95.20999908447266,301773000,SPY
2008-11-11,64.95243835449219,89.7699966430664,92.13999938964844,88.6500015258789,90.76000213623047,418498200,SPY
2008-11-12,62.094459533691406,85.81999969482422,88.94999694824219,85.12000274658203,88.2300033569336,454330600,SPY
2008-11-13,65.96543884277344,91.16999816894531,91.7300033569336,82.08999633789062,86.12999725341797,753141900,SPY
2008-11-14,62.6733512878418,86.62000274658203,92.05999755859375,86.5199966430664,89.41000366210938,540352300,SPY
2008-11-17,61.841224670410156,85.47000122070312,88.55999755859375,85.16000366210938,86.37999725341797,415254900,SPY
2008-11-18,63.006141662597656,87.08000183105469,87.22000122070312,82.91000366210938,85.1500015258789,523811800,SPY
2008-11-19,58.968746185302734,81.5,86.87000274658203,80.91999816894531,85.91000366210938,558327600,SPY
2008-11-20,54.591331481933594,75.44999694824219,82.51000213623047,75.05000305175781,80.12999725341797,814180400,SPY
2008-11-21,57.53614044189453,79.5199966430664,80.9000015258789,74.33999633789062,77.45999908447266,718536500,SPY
2008-11-24,61.522891998291016,85.02999877929688,86.98999786376953,80.36000061035156,81.91999816894531,523305300,SPY
2008-11-25,61.97871398925781,85.66000366210938,87.51000213623047,83.81999969482422,87.30000305175781,454112400,SPY
2008-11-26,64.37364959716797,88.97000122070312,89.19000244140625,84.23999786376953,84.30000305175781,370134200,SPY
2008-11-28,65.18399047851562,90.08999633789062,90.12999725341797,88.4800033569336,88.62999725341797,118308100,SPY
2008-12-01,59.410125732421875,82.11000061035156,87.55000305175781,81.86000061035156,87.51000213623047,369927100,SPY
2008-12-02,61.696537017822266,85.2699966430664,85.48999786376953,82.04000091552734,83.47000122070312,469508400,SPY
2008-12-03,63.17978286743164,87.31999969482422,87.83000183105469,83.13999938964844,83.4000015258789,519863500,SPY
2008-12-04,61.71820831298828,85.30000305175781,88.05000305175781,83.73999786376953,86.05999755859375,444173800,SPY
2008-12-05,63.621150970458984,87.93000030517578,88.41999816894531,82.23999786376953,83.6500015258789,471905300,SPY
2008-12-08,65.84242248535156,91.0,92.37999725341797,88.08000183105469,90.33999633789062,412859300,SPY
2008-12-09,64.75712585449219,89.5,92.12999725341797,88.9800033569336,90.37000274658203,370790000,SPY
2008-12-10,65.1984634399414,90.11000061035156,91.36000061035156,89.0,90.31999969482422,396187400,SPY
2008-12-11,63.628395080566406,87.94000244140625,91.0,87.37000274658203,89.54000091552734,365061000,SPY
2008-12-12,64.38811492919922,88.98999786376953,89.06999969482422,85.19999694824219,85.55000305175781,415060400,SPY
2008-12-15,63.49089431762695,87.75,89.1500015258789,86.29000091552734,89.0199966430664,256694200,SPY
2008-12-16,66.47913360595703,91.87999725341797,92.0199966430664,88.18000030517578,91.87999725341797,377699500,SPY
2008-12-17,65.83521270751953,90.98999786376953,92.43000030517578,90.05999755859375,90.83999633789062,281819800,SPY
2008-12-18,64.60515594482422,89.29000091552734,91.66999816894531,88.20999908447266,91.4000015258789,374673300,SPY
2008-12-19,64.3272476196289,88.19000244140625,90.62000274658203,88.08999633789062,89.0999984741211,301451300,SPY
2008-12-22,63.503021240234375,87.05999755859375,88.66999816894531,85.48999786376953,88.58000183105469,243759500,SPY
2008-12-23,62.84657287597656,86.16000366210938,87.93000030517578,85.80000305175781,87.52999877929688,221625200,SPY
2008-12-24,63.21125030517578,86.66000366210938,86.87000274658203,86.0,86.44999694824219,62061600,SPY
2008-12-26,63.575984954833984,87.16000366210938,87.30000305175781,86.5,87.23999786376953,74767700,SPY
2008-12-29,63.39361572265625,86.91000366210938,87.33000183105469,85.5999984741211,87.23999786376953,127795900,SPY
2008-12-30,64.8962173461914,88.97000122070312,89.05000305175781,86.87999725341797,87.51000213623047,168256300,SPY
2008-12-31,65.82256317138672,90.23999786376953,90.97000122070312,88.87000274658203,89.08000183105469,193987200,SPY
2009-01-02,67.80657958984375,92.95999908447266,93.44000244140625,89.8499984741211,90.44000244140625,227566300,SPY
2009-01-05,67.7263412475586,92.8499984741211,93.66000366210938,91.88999938964844,92.62999725341797,240349700,SPY
2009-01-06,68.17858123779297,93.47000122070312,94.44999694824219,92.68000030517578,93.63999938964844,328260900,SPY
2009-01-07,66.13622283935547,90.66999816894531,92.26000213623047,90.19999694824219,92.0,280899200,SPY
2009-01-08,66.4061050415039,91.04000091552734,91.08999633789062,89.66999816894531,90.16000366210938,263834400,SPY
2009-01-09,64.98371124267578,89.08999633789062,91.31999969482422,85.36000061035156,91.16000366210938,330953600,SPY
2009-01-12,63.422794342041016,86.94999694824219,88.91000366210938,86.41000366210938,88.83999633789062,277858500,SPY
2009-01-13,63.539466857910156,87.11000061035156,87.87999725341797,86.19999694824219,86.7300033569336,356432300,SPY
2009-01-14,61.540889739990234,84.37000274658203,85.75,83.16000366210938,85.54000091552734,435491600,SPY
2009-01-15,61.56277084350586,84.4000015258789,85.25,81.72000122070312,84.12000274658203,532647300,SPY
2009-01-16,62.0442008972168,85.05999755859375,85.98999786376953,83.05000305175781,85.86000061035156,399237200,SPY
2009-01-20,58.76909637451172,80.56999969482422,85.05999755859375,80.05000305175781,84.2300033569336,419855200,SPY
2009-01-21,61.30748748779297,84.05000305175781,84.23999786376953,80.47000122070312,81.94000244140625,364360700,SPY
2009-01-22,60.35921096801758,82.75,84.04000091552734,81.16999816894531,82.41999816894531,427940300,SPY
2009-01-23,60.621826171875,83.11000061035156,83.98999786376953,80.56999969482422,80.9000015258789,386800600,SPY
2009-01-26,61.037593841552734,83.68000030517578,85.36000061035156,82.80999755859375,83.58999633789062,317978800,SPY
2009-01-27,61.657596588134766,84.52999877929688,85.1500015258789,83.30000305175781,84.12999725341797,273789700,SPY
2009-01-28,63.74373245239258,87.38999938964844,87.94999694824219,86.06999969482422,86.4000015258789,330007000,SPY
2009-01-29,61.67219161987305,84.55000305175781,87.48999786376953,84.47000122070312,86.11000061035156,294392500,SPY
2009-01-30,60.4176025390625,82.83000183105469,85.4000015258789,82.20999908447266,84.9800033569336,383383600,SPY
2009-02-02,60.235260009765625,82.58000183105469,83.18000030517578,81.30999755859375,81.56999969482422,288233300,SPY
2009-02-03,61.081363677978516,83.73999786376953,84.36000061035156,82.22000122070312,83.0999984741211,278385800,SPY
2009-02-04,60.782310485839844,83.33000183105469,85.37000274658203,83.04000091552734,84.30000305175781,322989300,SPY
2009-02-05,61.686771392822266,84.56999969482422,85.29000091552734,77.7300033569336,82.69999694824219,417679400,SPY
2009-02-06,63.444664001464844,86.9800033569336,87.33999633789062,84.68000030517578,84.86000061035156,366101700,SPY
2009-02-09,63.53218460083008,87.0999984741211,87.73999786376953,86.31999969482422,86.95999908447266,240075200,SPY
2009-02-10,60.621826171875,83.11000061035156,87.02999877929688,82.44999694824219,86.2699966430664,536212800,SPY
2009-02-11,60.9792366027832,83.5999984741211,84.05000305175781,82.4000015258789,83.44999694824219,324442500,SPY
2009-02-12,61.02301788330078,83.66000366210938,83.81999969482422,81.05000305175781,82.16999816894531,469302200,SPY
2009-02-13,60.36651611328125,82.76000213623047,84.23999786376953,82.73999786376953,83.55000305175781,293998400,SPY
2009-02-17,57.78438186645508,79.22000122070312,82.95999908447266,79.16999816894531,80.16000366210938,478910100,SPY
2009-02-18,57.64580535888672,79.02999877929688,79.94000244140625,78.27999877929688,79.79000091552734,362964800,SPY
2009-02-19,57.02579116821289,78.18000030517578,80.1500015258789,78.0199966430664,79.83999633789062,316867500,SPY
2009-02-20,56.47145080566406,77.41999816894531,78.33999633789062,75.7699966430664,76.7300033569336,477176600,SPY
2009-02-23,54.45097732543945,74.6500015258789,78.2699966430664,74.58999633789062,78.2699966430664,379641400,SPY
2009-02-24,56.51520919799805,77.4800033569336,77.94999694824219,74.69999694824219,75.29000091552734,426260900,SPY
2009-02-25,56.070274353027344,76.87000274658203,78.41999816894531,75.62999725341797,77.13999938964844,461985800,SPY
2009-02-26,55.15848922729492,75.62000274658203,79.66999816894531,75.52999877929688,77.81999969482422,363353900,SPY
2009-02-27,53.925785064697266,73.93000030517578,75.69000244140625,73.80999755859375,74.01000213623047,470510900,SPY
2009-03-02,51.496826171875,70.5999984741211,73.91999816894531,70.37000274658203,72.5199966430664,426452600,SPY
2009-03-03,51.110225677490234,70.06999969482422,71.69999694824219,69.63999938964844,71.61000061035156,443761000,SPY
2009-03-04,52.32106018066406,71.7300033569336,72.87000274658203,70.06999969482422,71.2300033569336,462753100,SPY
2009-03-05,50.183868408203125,68.80000305175781,71.7300033569336,68.16999816894531,70.0999984741211,485549400,SPY
2009-03-06,50.271419525146484,68.91999816894531,70.44999694824219,67.0999984741211,69.4000015258789,490470000,SPY
2009-03-09,49.68057632446289,68.11000061035156,70.0,67.7300033569336,67.94999694824219,379905300,SPY
2009-03-10,52.64200210571289,72.16999816894531,72.37000274658203,69.37000274658203,69.51000213623047,406227900,SPY
2009-03-11,52.984832763671875,72.63999938964844,73.75,71.83000183105469,73.0,356648300,SPY
2009-03-12,55.070945739746094,75.5,75.75,71.97000122070312,72.62000274658203,409702700,SPY
2009-03-13,55.50131607055664,76.08999633789062,76.9800033569336,74.7300033569336,76.01000213623047,337474700,SPY
2009-03-16,55.33354568481445,75.86000061035156,77.97000122070312,75.80999755859375,76.95999908447266,360644900,SPY
2009-03-17,57.02579116821289,78.18000030517578,78.36000061035156,75.44999694824219,76.06999969482422,356814300,SPY
2009-03-18,58.30226135253906,79.93000030517578,80.9000015258789,77.06999969482422,77.80999755859375,473273200,SPY
2009-03-19,57.580142974853516,78.94000244140625,81.0,78.69000244140625,80.93000030517578,428520400,SPY
2009-03-20,56.354034423828125,76.70999908447266,78.91000366210938,76.52999877929688,78.76000213623047,371078200,SPY
2009-03-23,60.40188980102539,82.22000122070312,82.29000091552734,78.30999755859375,78.73999786376953,419933300,SPY
2009-03-24,59.21177673339844,80.5999984741211,82.36000061035156,80.51000213623047,81.23999786376953,330271000,SPY
2009-03-25,59.83623123168945,81.44999694824219,82.69999694824219,79.05999755859375,81.2300033569336,441775100,SPY
2009-03-26,61.05573654174805,83.11000061035156,83.30000305175781,81.31999969482422,82.25,422025200,SPY
2009-03-27,59.95378112792969,81.61000061035156,82.52999877929688,81.30999755859375,82.05000305175781,322332300,SPY
2009-03-30,57.88208770751953,78.79000091552734,79.87000274658203,77.95999908447266,79.80000305175781,324108500,SPY
2009-03-31,58.41836166381836,79.5199966430664,81.08000183105469,79.05000305175781,79.55999755859375,364238300,SPY
2009-04-01,59.54971694946289,81.05999755859375,81.41999816894531,78.33000183105469,78.52999877929688,377018300,SPY
2009-04-02,61.29081726074219,83.43000030517578,84.61000061035156,81.12999725341797,83.08000183105469,476230700,SPY
2009-04-03,61.900569915771484,84.26000213623047,84.27999877929688,82.66999816894531,83.48999786376953,284646300,SPY
2009-04-06,61.41568374633789,83.5999984741211,84.27999877929688,82.29000091552734,83.33999633789062,264866600,SPY
2009-04-07,59.98313903808594,81.6500015258789,82.6500015258789,81.51000213623047,82.25,258947800,SPY
2009-04-08,60.629600524902344,82.52999877929688,82.94000244140625,81.54000091552734,82.05999755859375,230402800,SPY
2009-04-09,63.03924560546875,85.80999755859375,85.81999969482422,84.33000183105469,84.66999816894531,269653500,SPY
2009-04-13,63.05394744873047,85.83000183105469,86.54000091552734,84.58000183105469,84.91999816894531,224847500,SPY
2009-04-14,61.96665954589844,84.3499984741211,85.76000213623047,84.08000183105469,85.02999877929688,276598800,SPY
2009-04-15,62.627838134765625,85.25,85.41999816894531,83.61000061035156,83.83999633789062,250726100,SPY
2009-04-16,63.54616928100586,86.5,87.1500015258789,84.7699966430664,85.93000030517578,335202900,SPY
2009-04-17,63.97224807739258,87.08000183105469,87.6500015258789,86.13999938964844,86.83000183105469,262649000,SPY
2009-04-20,61.29081726074219,83.43000030517578,87.05000305175781,83.33999633789062,85.54000091552734,293690100,SPY
2009-04-21,62.488285064697266,85.05999755859375,85.12999725341797,82.75,82.81999969482422,114090900,SPY
2009-04-22,62.10623550415039,84.54000091552734,86.33999633789062,84.06999969482422,84.29000091552734,340395200,SPY
2009-04-23,62.715980529785156,85.37000274658203,85.41999816894531,83.62999725341797,84.70999908447266,324903700,SPY
2009-04-24,63.6636962890625,86.66000366210938,87.30999755859375,85.69000244140625,86.02999877929688,287703000,SPY
2009-04-27,63.06130599975586,85.83999633789062,87.01000213623047,85.54000091552734,85.68000030517578,289581600,SPY
2009-04-28,62.862937927246094,85.56999969482422,86.58999633789062,84.76000213623047,84.97000122070312,247926300,SPY
2009-04-29,64.20001220703125,87.38999938964844,88.36000061035156,86.30000305175781,86.5199966430664,311505700,SPY
2009-04-30,64.22200012207031,87.41999816894531,89.0199966430664,86.91999816894531,88.55000305175781,301419800,SPY
2009-05-01,64.56731414794922,87.88999938964844,88.20999908447266,86.72000122070312,87.44000244140625,236110300,SPY
2009-05-04,66.76383972167969,90.87999725341797,90.94000244140625,88.37999725341797,88.55000305175781,287120000,SPY
2009-05-05,66.5361557006836,90.56999969482422,90.93000030517578,89.83999633789062,90.56999969482422,243036300,SPY
2009-05-06,67.68951416015625,92.13999938964844,92.19999694824219,90.61000061035156,91.68000030517578,291941000,SPY
2009-05-07,66.74916076660156,90.86000061035156,93.1500015258789,90.27999877929688,93.01000213623047,317728000,SPY
2009-05-08,68.30658721923828,92.9800033569336,93.22000122070312,91.44000244140625,92.02999877929688,299081700,SPY
2009-05-11,67.0282974243164,91.23999786376953,92.11000061035156,91.04000091552734,91.69999694824219,247923600,SPY
2009-05-12,66.83000946044922,90.97000122070312,91.83000183105469,89.8499984741211,91.62999725341797,282431300,SPY
2009-05-13,65.14763641357422,88.68000030517578,90.01000213623047,88.5,89.73999786376953,269619100,SPY
2009-05-14,65.70598602294922,89.44000244140625,90.12000274658203,88.5,88.72000122070312,260098700,SPY
2009-05-15,65.16964721679688,88.70999908447266,90.0,88.1500015258789,89.37000274658203,271502700,SPY
2009-05-18,67.02098083496094,91.2300033569336,91.33999633789062,88.56999969482422,89.55000305175781,241447400,SPY
2009-05-19,66.940185546875,91.12000274658203,91.97000122070312,90.80999755859375,91.18000030517578,206102200,SPY
2009-05-20,66.49202728271484,90.51000213623047,92.80000305175781,90.41000366210938,91.94999694824219,285722200,SPY
2009-05-21,65.53704071044922,89.20999908447266,89.80000305175781,88.26000213623047,89.45999908447266,258988400,SPY
2009-05-22,65.39740753173828,89.0199966430664,90.0,88.68000030517578,89.45999908447266,166811900,SPY
2009-05-26,67.07239532470703,91.30000305175781,91.55999755859375,88.31999969482422,88.36000061035156,236318500,SPY
2009-05-27,65.87493133544922,89.66999816894531,91.75,89.52999877929688,91.44000244140625,246015800,SPY
2009-05-28,66.7932357788086,90.91999816894531,91.33999633789062,89.0999984741211,90.45999908447266,289095000,SPY
2009-05-29,67.97601318359375,92.52999877929688,93.69999694824219,90.68000030517578,91.41999816894531,258641500,SPY
2009-06-01,69.62161254882812,94.7699966430664,95.16999816894531,93.43000030517578,93.66999816894531,276246800,SPY
2009-06-02,69.68037414550781,94.8499984741211,95.37000274658203,94.2300033569336,94.4000015258789,230874500,SPY
2009-06-03,68.79879760742188,93.6500015258789,94.12999725341797,92.76000213623047,94.04000091552734,235310500,SPY
2009-06-04,69.44526672363281,94.52999877929688,94.66999816894531,93.30000305175781,94.0,210102300,SPY
2009-06-05,69.45997619628906,94.55000305175781,95.66999816894531,93.80000305175781,95.48999786376953,284257900,SPY
2009-06-08,69.1734619140625,94.16000366210938,95.0999984741211,93.04000091552734,93.83999633789062,238565100,SPY
2009-06-09,69.5261001586914,94.63999938964844,95.13999938964844,94.0199966430664,94.69000244140625,225125500,SPY
2009-06-10,69.34978485107422,94.4000015258789,95.48999786376953,93.19000244140625,95.4800033569336,296100400,SPY
2009-06-11,69.6583480834961,94.81999969482422,96.11000061035156,94.55999755859375,94.58000183105469,275414200,SPY
2009-06-12,69.8493423461914,95.08000183105469,95.13999938964844,94.0,94.4000015258789,184361800,SPY
2009-06-15,68.2478256225586,92.9000015258789,94.0199966430664,92.4000015258789,93.95999908447266,224190500,SPY
2009-06-16,67.32217407226562,91.63999938964844,93.29000091552734,91.58000183105469,93.2300033569336,227319000,SPY
2009-06-17,67.25606536865234,91.55000305175781,92.33000183105469,90.83000183105469,91.5999984741211,223445200,SPY
2009-06-18,67.74827575683594,92.22000122070312,92.66999816894531,91.25,91.69000244140625,211725100,SPY
2009-06-19,67.99800872802734,92.04000091552734,92.69999694824219,91.5199966430664,92.58000183105469,215655600,SPY
2009-06-22,65.95893096923828,89.27999877929688,91.19000244140625,89.25,91.13999938964844,251913600,SPY
2009-06-23,66.01065063476562,89.3499984741211,89.87999725341797,88.8499984741211,89.47000122070312,188309800,SPY
2009-06-24,66.57952117919922,90.12000274658203,91.08000183105469,89.5999984741211,90.16000366210938,211577700,SPY
2009-06-25,68.02753448486328,92.08000183105469,92.16999816894531,89.56999969482422,89.66999816894531,279411000,SPY
2009-06-26,67.85020446777344,91.83999633789062,92.23999786376953,91.2699966430664,91.7699966430664,167579000,SPY
2009-06-29,68.48558044433594,92.69999694824219,92.81999969482422,91.5999984741211,92.11000061035156,168481300,SPY
2009-06-30,67.9314956665039,91.94999694824219,93.05999755859375,91.2699966430664,92.72000122070312,228888200,SPY
2009-07-01,68.21224212646484,92.33000183105469,93.2300033569336,92.20999908447266,92.33999633789062,173041100,SPY
2009-07-02,66.35047149658203,89.80999755859375,92.36000061035156,89.76000213623047,91.12999725341797,212309900,SPY
2009-07-06,66.34310150146484,89.80000305175781,89.93000030517578,88.66000366210938,88.94000244140625,174499600,SPY
2009-07-07,65.05760192871094,88.05999755859375,89.81999969482422,88.0,89.70999908447266,197088900,SPY
2009-07-08,65.0132827758789,88.0,88.80000305175781,87.0,88.58999633789062,248050500,SPY
2009-07-09,65.13886260986328,88.16999816894531,88.9000015258789,87.91000366210938,88.61000061035156,163777600,SPY
2009-07-10,64.98372650146484,87.95999908447266,88.48999786376953,87.3499984741211,87.69999694824219,173520300,SPY
2009-07-13,66.56477355957031,90.0999984741211,90.16999816894531,87.58999633789062,88.30999755859375,217413500,SPY
2009-07-14,66.94153594970703,90.61000061035156,90.69000244140625,89.7300033569336,90.37999725341797,181487400,SPY
2009-07-15,68.8993148803711,93.26000213623047,93.51000213623047,90.68000030517578,91.80999755859375,220877900,SPY
2009-07-16,68.78849792480469,93.11000061035156,94.51000213623047,92.81999969482422,93.0,231174500,SPY
2009-07-17,69.54204559326172,94.12999725341797,94.31999969482422,93.54000091552734,94.05999755859375,138561700,SPY
2009-07-20,70.28082275390625,95.12999725341797,95.29000091552734,94.19000244140625,94.68000030517578,164179400,SPY
2009-07-21,70.60588836669922,95.56999969482422,95.9000015258789,94.41999816894531,95.87000274658203,217718300,SPY
2009-07-22,70.59113311767578,95.55000305175781,96.12999725341797,94.88999938964844,94.95999908447266,196068100,SPY
2009-07-23,72.14996337890625,97.66000366210938,98.08000183105469,95.52999877929688,95.61000061035156,258795500,SPY
2009-07-24,72.44548034667969,98.05999755859375,98.13999938964844,96.69000244140625,97.19999694824219,154003100,SPY
2009-07-27,72.65974426269531,98.3499984741211,98.4000015258789,97.33999633789062,97.87999725341797,159259400,SPY
2009-07-28,72.31986999511719,97.88999938964844,98.37000274658203,97.05999755859375,97.66000366210938,186685200,SPY
2009-07-29,72.14258575439453,97.6500015258789,98.08999633789062,96.9800033569336,97.44000244140625,194399300,SPY
2009-07-30,72.89614868164062,98.66999816894531,99.83000183105469,98.5999984741211,98.83000183105469,225575400,SPY
2009-07-31,72.99959564208984,98.80999755859375,99.47000122070312,98.37999725341797,98.6500015258789,207358000,SPY
2009-08-03,74.20379638671875,100.44000244140625,100.52999877929688,99.30999755859375,99.8499984741211,175776900,SPY
2009-08-04,74.39588165283203,100.69999694824219,100.83999633789062,99.77999877929688,99.98999786376953,176714600,SPY
2009-08-05,74.18162536621094,100.41000366210938,100.86000061035156,99.58000183105469,100.7699966430664,184726400,SPY
2009-08-06,73.7974624633789,99.88999938964844,101.0199966430664,99.41999816894531,100.87000274658203,193203800,SPY
2009-08-07,74.7652587890625,101.19999694824219,102.02999877929688,100.38999938964844,100.94000244140625,220640900,SPY
2009-08-10,74.61012268066406,100.98999786376953,101.22000122070312,100.2699966430664,100.73999786376953,130898700,SPY
2009-08-11,73.67926025390625,99.7300033569336,100.61000061035156,99.45999908447266,100.54000091552734,157301000,SPY
2009-08-12,74.46977996826172,100.80000305175781,101.55999755859375,99.51000213623047,99.55999755859375,219052400,SPY
2009-08-13,75.03863525390625,101.56999969482422,101.61000061035156,100.26000213623047,101.26000213623047,176449500,SPY
2009-08-14,74.46238708496094,100.79000091552734,101.5999984741211,99.69999694824219,101.5199966430664,199616100,SPY
2009-08-17,72.63021087646484,98.30999755859375,98.94999694824219,98.11000061035156,98.8499984741211,237667500,SPY
2009-08-18,73.20646667480469,99.08999633789062,99.44000244140625,98.3499984741211,98.52999877929688,173461500,SPY
2009-08-19,73.84917449951172,99.95999908447266,100.30000305175781,98.20999908447266,98.30999755859375,192812800,SPY
2009-08-20,74.61012268066406,100.98999786376953,101.22000122070312,99.87000274658203,100.08999633789062,174131300,SPY
2009-08-21,76.07293701171875,102.97000122070312,103.12999725341797,101.62000274658203,101.81999969482422,224605000,SPY
2009-08-24,76.06555938720703,102.95999908447266,103.94999694824219,102.58999633789062,103.38999938964844,191279000,SPY
2009-08-25,76.21331024169922,103.16000366210938,104.26000213623047,102.94000244140625,103.37000274658203,215310600,SPY
2009-08-26,76.22068786621094,103.16999816894531,103.63999938964844,102.48999786376953,102.83999633789062,194620700,SPY
2009-08-27,76.39057922363281,103.4000015258789,103.72000122070312,101.94000244140625,103.11000061035156,196230100,SPY
2009-08-28,76.37581634521484,103.37999725341797,104.3499984741211,102.66999816894531,104.2300033569336,147024400,SPY
2009-08-31,75.69615173339844,102.45999908447266,102.58000183105469,101.79000091552734,102.37000274658203,176051600,SPY
2009-09-01,74.02648162841797,100.19999694824219,103.23999786376953,99.98999786376953,101.94999694824219,321276800,SPY
2009-09-02,73.74573516845703,99.81999969482422,100.44000244140625,99.56999969482422,99.77999877929688,171805000,SPY
2009-09-03,74.35894012451172,100.6500015258789,100.7699966430664,99.58999633789062,100.4000015258789,143572300,SPY
2009-09-04,75.40065002441406,102.05999755859375,102.08999633789062,100.55000305175781,100.8499984741211,142687900,SPY
2009-09-08,76.05076599121094,102.94000244140625,103.05000305175781,102.38999938964844,103.0,132909100,SPY
2009-09-09,76.6344223022461,103.7300033569336,104.08000183105469,102.80000305175781,103.12000274658203,154612500,SPY
2009-09-10,77.41751098632812,104.79000091552734,104.86000061035156,103.22000122070312,103.80000305175781,162902400,SPY
2009-09-11,77.40274810791016,104.7699966430664,105.30000305175781,104.27999877929688,104.98999786376953,152360100,SPY
2009-09-14,77.77950286865234,105.27999877929688,105.45999908447266,103.1500015258789,103.87999725341797,149593800,SPY
2009-09-15,78.10457611083984,105.72000122070312,106.11000061035156,104.76000213623047,105.44999694824219,196795900,SPY
2009-09-16,79.28665924072266,107.31999969482422,107.33999633789062,105.7300033569336,106.0999984741211,206406300,SPY
2009-09-17,79.16846466064453,107.16000366210938,108.05999755859375,106.56999969482422,107.16999816894531,229170900,SPY
2009-09-18,79.21894836425781,106.72000122070312,107.16000366210938,106.36000061035156,107.1500015258789,153799100,SPY
2009-09-21,79.01848602294922,106.44999694824219,107.0,105.66000366210938,105.88999938964844,151892000,SPY
2009-09-22,79.47874450683594,107.06999969482422,107.37000274658203,106.5999984741211,107.08000183105469,143126700,SPY
2009-09-23,78.81808471679688,106.18000030517578,108.02999877929688,105.98999786376953,107.31999969482422,225947400,SPY
2009-09-24,77.94954681396484,105.01000213623047,106.63999938964844,104.55000305175781,106.41000366210938,228636800,SPY
2009-09-25,77.53388977050781,104.44999694824219,105.36000061035156,104.08999633789062,104.77999877929688,204059000,SPY
2009-09-28,78.92201232910156,106.31999969482422,106.55000305175781,104.83000183105469,104.8499984741211,118285800,SPY
2009-09-29,78.68446350097656,106.0,107.0199966430664,105.77999877929688,106.51000213623047,133733900,SPY
2009-09-30,78.38011932373047,105.58999633789062,106.45999908447266,104.62000274658203,106.36000061035156,254383000,SPY
2009-10-01,76.43524932861328,102.97000122070312,105.7300033569336,102.94999694824219,103.0,281840600,SPY
2009-10-02,76.07897186279297,102.48999786376953,103.0999984741211,101.98999786376953,102.0199966430664,224748800,SPY
2009-10-05,77.21470642089844,104.0199966430664,104.31999969482422,102.5999984741211,102.9000015258789,149875000,SPY
2009-10-06,78.32075500488281,105.51000213623047,106.11000061035156,104.70999908447266,104.7699966430664,202491100,SPY
2009-10-07,78.53601837158203,105.80000305175781,105.91000366210938,105.06999969482422,105.2699966430664,159200300,SPY
2009-10-08,79.13727569580078,106.61000061035156,107.16999816894531,105.8499984741211,106.55000305175781,183305800,SPY
2009-10-09,79.6197738647461,107.26000213623047,107.26000213623047,106.36000061035156,106.63999938964844,135008300,SPY
2009-10-12,79.93152618408203,107.68000030517578,108.08999633789062,107.27999877929688,107.76000213623047,118031000,SPY
2009-10-13,79.76821899414062,107.45999908447266,107.70999908447266,106.76000213623047,107.38999938964844,157692700,SPY
2009-10-14,81.14148712158203,109.30999755859375,109.41999816894531,107.41999816894531,108.72000122070312,191421600,SPY
2009-10-15,81.43842315673828,109.70999908447266,109.70999908447266,108.7300033569336,108.77999877929688,173873600,SPY
2009-10-16,80.8297119140625,108.88999938964844,109.2699966430664,108.2300033569336,108.80000305175781,192069400,SPY
2009-10-19,81.49781799316406,109.79000091552734,110.12999725341797,108.7300033569336,109.06999969482422,159530400,SPY
2009-10-20,81.06727600097656,109.20999908447266,109.98999786376953,108.68000030517578,109.94999694824219,180921100,SPY
2009-10-21,80.33980560302734,108.2300033569336,110.30999755859375,108.1500015258789,109.04000091552734,225379300,SPY
2009-10-22,81.15633392333984,109.33000183105469,109.68000030517578,107.5,108.19000244140625,238444000,SPY
2009-10-23,80.22847747802734,108.08000183105469,109.76000213623047,107.62999725341797,109.69000244140625,240033200,SPY
2009-10-26,79.35995483398438,106.91000366210938,109.30999755859375,106.61000061035156,108.19999694824219,242028200,SPY
2009-10-27,78.9962387084961,106.41999816894531,107.38999938964844,106.16000366210938,107.02999877929688,253266300,SPY
2009-10-28,77.50416564941406,104.41000366210938,106.4800033569336,104.3499984741211,106.1500015258789,248821400,SPY
2009-10-29,79.16695404052734,106.6500015258789,106.86000061035156,104.94000244140625,105.19000244140625,198110600,SPY
2009-10-30,76.87322998046875,103.55999755859375,106.62000274658203,103.44000244140625,106.30000305175781,325608100,SPY
2009-11-02,77.43738555908203,104.31999969482422,105.41000366210938,103.08000183105469,104.12999725341797,254222900,SPY
2009-11-03,77.68235778808594,104.6500015258789,104.80000305175781,103.54000091552734,103.73999786376953,228362600,SPY
2009-11-04,77.88277435302734,104.91999816894531,106.33000183105469,104.6500015258789,105.51000213623047,247996700,SPY
2009-11-05,79.31539154052734,106.8499984741211,106.87999725341797,105.44000244140625,105.66000366210938,180015300,SPY
2009-11-06,79.52328491210938,107.12999725341797,107.4000015258789,106.05000305175781,106.26000213623047,170954100,SPY
2009-11-09,81.33448791503906,109.56999969482422,109.62999725341797,107.87000274658203,107.94999694824219,159495700,SPY
2009-11-10,81.34934997558594,109.58999633789062,109.93000030517578,108.97000122070312,109.30999755859375,171899800,SPY
2009-11-11,81.76506042480469,110.1500015258789,110.81999969482422,109.62000274658203,110.30999755859375,169466200,SPY
2009-11-12,80.93367004394531,109.02999877929688,110.56999969482422,108.75,110.0,157144500,SPY
2009-11-13,81.37162780761719,109.62000274658203,110.08999633789062,108.75,109.30999755859375,150963000,SPY
2009-11-16,82.55191040039062,111.20999908447266,111.69000244140625,110.31999969482422,110.37999725341797,210922200,SPY
2009-11-17,82.64837646484375,111.33999633789062,111.38999938964844,110.5,110.91999816894531,147134100,SPY
2009-11-18,82.59640502929688,111.2699966430664,111.43000030517578,110.56999969482422,111.26000213623047,156486800,SPY
2009-11-19,81.52007293701172,109.81999969482422,111.30999755859375,109.12999725341797,110.51000213623047,208734600,SPY
2009-11-20,81.23062133789062,109.43000030517578,109.76000213623047,109.01000213623047,109.25,134196000,SPY
2009-11-23,82.26237487792969,110.81999969482422,111.73999786376953,110.5999984741211,110.72000122070312,148010200,SPY
2009-11-24,82.38856506347656,110.98999786376953,111.19999694824219,110.01000213623047,111.0,138420100,SPY
2009-11-25,82.6780776977539,111.37999725341797,111.5,110.81999969482422,111.16999816894531,109564800,SPY
2009-11-27,81.33448791503906,109.56999969482422,110.31999969482422,108.29000091552734,108.4000015258789,126001800,SPY
2009-11-30,81.60916900634766,109.94000244140625,110.19999694824219,108.12000274658203,109.4800033569336,160874800,SPY
2009-12-01,82.61869049072266,111.30000305175781,111.66000366210938,110.7300033569336,110.91999816894531,159613700,SPY
2009-12-02,82.58157348632812,111.25,112.01000213623047,110.91999816894531,111.27999877929688,132315100,SPY
2009-12-03,81.935791015625,110.37999725341797,112.18000030517578,110.29000091552734,111.55000305175781,167324900,SPY
2009-12-04,82.4034194946289,111.01000213623047,112.37999725341797,110.04000091552734,111.83999633789062,274907800,SPY
2009-12-07,82.27722930908203,110.83999633789062,111.52999877929688,110.48999786376953,110.91000366210938,127973800,SPY
2009-12-08,81.36419677734375,109.61000061035156,110.7699966430664,109.2699966430664,110.04000091552734,169863700,SPY
2009-12-09,81.6685562133789,110.0199966430664,110.18000030517578,109.0199966430664,109.58000183105469,155063400,SPY
2009-12-10,82.1287841796875,110.63999938964844,111.12000274658203,110.44999694824219,110.69999694824219,138014600,SPY
2009-12-11,82.4776382446289,111.11000061035156,111.36000061035156,110.61000061035156,111.11000061035156,124854000,SPY
2009-12-14,83.04180908203125,111.87000274658203,112.0,111.12999725341797,111.87000274658203,107141500,SPY
2009-12-15,82.65583038330078,111.3499984741211,111.91999816894531,111.0,111.45999908447266,120408800,SPY
2009-12-16,82.78199005126953,111.5199966430664,112.12999725341797,111.2699966430664,111.80000305175781,155358200,SPY
2009-12-17,81.78731536865234,110.18000030517578,110.93000030517578,110.08000183105469,110.72000122070312,183390100,SPY
2009-12-18,82.25003051757812,110.20999908447266,110.30000305175781,109.27999877929688,110.19999694824219,174591200,SPY
2009-12-21,83.08587646484375,111.33000183105469,111.69999694824219,110.76000213623047,110.76000213623047,118039600,SPY
2009-12-22,83.38441467285156,111.7300033569336,111.97000122070312,111.43000030517578,111.56999969482422,91707500,SPY
2009-12-23,83.54856872558594,111.94999694824219,112.11000061035156,111.5,112.0,111783100,SPY
2009-12-24,83.94409942626953,112.4800033569336,112.5999984741211,112.0,112.19000244140625,39677500,SPY
2009-12-28,84.12324523925781,112.72000122070312,112.98999786376953,112.31999969482422,112.9000015258789,87508500,SPY
2009-12-29,84.00382995605469,112.55999755859375,113.02999877929688,112.55000305175781,113.01000213623047,80572500,SPY
2009-12-30,83.97396850585938,112.5199966430664,112.6500015258789,112.16999816894531,112.2300033569336,73138400,SPY
2009-12-31,83.16796875,111.44000244140625,112.80000305175781,111.38999938964844,112.7699966430664,90637900,SPY
2010-01-04,84.5784912109375,113.33000183105469,113.38999938964844,111.51000213623047,112.37000274658203,118944600,SPY
2010-01-05,84.8023681640625,113.62999725341797,113.68000030517578,112.8499984741211,113.26000213623047,111579900,SPY
2010-01-06,84.86210632324219,113.70999908447266,113.98999786376953,113.43000030517578,113.5199966430664,116074400,SPY
2010-01-07,85.22027587890625,114.19000244140625,114.33000183105469,113.18000030517578,113.5,131091100,SPY
2010-01-08,85.50389099121094,114.56999969482422,114.62000274658203,113.66000366210938,113.88999938964844,126402800,SPY
2010-01-11,85.62330627441406,114.7300033569336,115.12999725341797,114.23999786376953,115.08000183105469,106375700,SPY
2010-01-12,84.82476806640625,113.66000366210938,114.20999908447266,113.22000122070312,113.97000122070312,163333500,SPY
2010-01-13,85.54122161865234,114.62000274658203,114.94000244140625,113.37000274658203,113.94999694824219,161822000,SPY
2010-01-14,85.7725601196289,114.93000030517578,115.13999938964844,114.41999816894531,114.48999786376953,115718800,SPY
2010-01-15,84.8098373413086,113.63999938964844,114.83999633789062,113.19999694824219,114.7300033569336,212283100,SPY
2010-01-19,85.86959838867188,115.05999755859375,115.12999725341797,113.58999633789062,113.62000274658203,139172700,SPY
2010-01-20,84.99641418457031,113.88999938964844,114.44999694824219,112.9800033569336,114.27999877929688,216490200,SPY
2010-01-21,83.36199951171875,111.69999694824219,114.2699966430664,111.55999755859375,113.91999816894531,344859600,SPY
2010-01-22,81.50371551513672,109.20999908447266,111.73999786376953,109.08999633789062,111.19999694824219,345942400,SPY
2010-01-25,81.92163848876953,109.7699966430664,110.41000366210938,109.41000366210938,110.20999908447266,186937500,SPY
2010-01-26,81.57833099365234,109.30999755859375,110.47000122070312,109.04000091552734,109.33999633789062,211168800,SPY
2010-01-27,81.9664077758789,109.83000183105469,110.08000183105469,108.33000183105469,109.16999816894531,271863600,SPY
2010-01-28,81.02607727050781,108.56999969482422,110.25,107.91000366210938,110.19000244140625,316104000,SPY
2010-01-29,80.14542388916016,107.38999938964844,109.80000305175781,107.22000122070312,109.04000091552734,310677600,SPY
2010-02-01,81.39173126220703,109.05999755859375,109.06999969482422,107.5,108.1500015258789,187865000,SPY
2010-02-02,82.37686920166016,110.37999725341797,110.58999633789062,108.87999725341797,109.26000213623047,216327900,SPY
2010-02-03,81.9664077758789,109.83000183105469,110.4800033569336,109.51000213623047,109.87999725341797,172730700,SPY
2010-02-04,79.43645477294922,106.44000244140625,109.02999877929688,106.41999816894531,108.9800033569336,356715700,SPY
2010-02-05,79.60065460205078,106.66000366210938,106.87999725341797,104.58000183105469,106.55999755859375,493585800,SPY
2010-02-08,79.0260009765625,105.88999938964844,107.33000183105469,105.80999755859375,106.73999786376953,224166900,SPY
2010-02-09,80.01856231689453,107.22000122070312,108.1500015258789,106.2699966430664,107.12999725341797,337820500,SPY
2010-02-10,79.86185455322266,107.01000213623047,107.5999984741211,106.11000061035156,107.05000305175781,240511500,SPY
2010-02-11,80.69770050048828,108.12999725341797,108.25,106.25,106.87000274658203,223591600,SPY
2010-02-12,80.6305160522461,108.04000091552734,108.0999984741211,106.51000213623047,106.98999786376953,304622100,SPY
2010-02-16,81.89921569824219,109.73999786376953,109.8499984741211,107.81999969482422,108.86000061035156,159317500,SPY
2010-02-17,82.28731536865234,110.26000213623047,110.41000366210938,109.73999786376953,110.2699966430664,168845100,SPY
2010-02-18,82.77240753173828,110.91000366210938,111.13999938964844,110.04000091552734,110.08000183105469,193708600,SPY
2010-02-19,82.94407653808594,111.13999938964844,111.56999969482422,110.36000061035156,110.62000274658203,222684900,SPY
2010-02-22,82.958984375,111.16000366210938,111.58000183105469,110.83000183105469,111.55000305175781,132346900,SPY
2010-02-23,81.95149230957031,109.80999755859375,111.19999694824219,109.5199966430664,110.86000061035156,207497000,SPY
2010-02-24,82.70524597167969,110.81999969482422,111.0,109.86000061035156,110.13999938964844,176350700,SPY
2010-02-25,82.59332275390625,110.66999816894531,110.75,108.94000244140625,109.23999786376953,259634700,SPY
2010-02-26,82.64553833007812,110.73999786376953,111.12000274658203,110.11000061035156,110.7699966430664,173589300,SPY
2010-03-01,83.50379180908203,111.88999938964844,112.0,111.16999816894531,111.19999694824219,147709700,SPY
2010-03-02,83.73516845703125,112.19999694824219,112.73999786376953,112.0,112.37000274658203,160992400,SPY
2010-03-03,83.80979919433594,112.30000305175781,112.97000122070312,112.0199966430664,112.48999786376953,150785000,SPY
2010-03-04,84.06352233886719,112.63999938964844,112.80000305175781,112.02999877929688,112.44999694824219,135770400,SPY
2010-03-05,85.26507568359375,114.25,114.33999633789062,113.0999984741211,113.37000274658203,176118800,SPY
2010-03-08,85.28001403808594,114.2699966430664,114.5199966430664,114.06999969482422,114.26000213623047,114631200,SPY
2010-03-09,85.42181396484375,114.45999908447266,114.98999786376953,113.87000274658203,113.93000030517578,154556700,SPY
2010-03-10,85.80242156982422,114.97000122070312,115.27999877929688,114.41000366210938,114.51000213623047,186088800,SPY
2010-03-11,86.16069030761719,115.44999694824219,115.4800033569336,114.3499984741211,114.69999694824219,160791100,SPY
2010-03-12,86.16808319091797,115.45999908447266,115.97000122070312,115.13999938964844,115.94999694824219,162074800,SPY
2010-03-15,86.19050598144531,115.48999786376953,115.56999969482422,114.5999984741211,115.26000213623047,146816800,SPY
2010-03-16,86.87708282470703,116.41000366210938,116.5199966430664,115.48999786376953,115.80999755859375,168673000,SPY
2010-03-17,87.39203643798828,117.0999984741211,117.4800033569336,116.41999816894531,116.76000213623047,177468100,SPY
2010-03-18,87.34728240966797,117.04000091552734,117.2699966430664,116.56999969482422,117.11000061035156,196509100,SPY
2010-03-19,86.90513610839844,115.97000122070312,117.29000091552734,115.5199966430664,115.97000122070312,226641100,SPY
2010-03-22,87.3697509765625,116.58999633789062,116.80000305175781,115.23999786376953,115.30999755859375,184477800,SPY
2010-03-23,87.98420715332031,117.41000366210938,117.51000213623047,116.37999725341797,116.76000213623047,182941600,SPY
2010-03-24,87.55708312988281,116.83999633789062,117.43000030517578,115.58000183105469,116.97000122070312,196072600,SPY
2010-03-25,87.41471099853516,116.6500015258789,118.16999816894531,116.51000213623047,117.62999725341797,223396300,SPY
2010-03-26,87.36227416992188,116.58000183105469,117.41999816894531,116.12000274658203,116.87000274658203,205808500,SPY
2010-03-29,87.9167709350586,117.31999969482422,117.52999877929688,116.69000244140625,117.16999816894531,134513500,SPY
2010-03-30,87.97669219970703,117.4000015258789,117.83000183105469,116.91000366210938,117.45999908447266,145772500,SPY
2010-03-31,87.6769790649414,117.0,117.5199966430664,116.61000061035156,116.94999694824219,161078700,SPY
2010-04-01,88.27650451660156,117.80000305175781,118.25,117.0999984741211,117.80000305175781,161215200,SPY
2010-04-05,88.99588775634766,118.76000213623047,118.83999633789062,117.91999816894531,118.25,105847600,SPY
2010-04-06,89.20569610595703,119.04000091552734,119.25,118.29000091552734,118.41999816894531,110384200,SPY
2010-04-07,88.69618225097656,118.36000061035156,119.36000061035156,117.80999755859375,118.80000305175781,184576300,SPY
2010-04-08,89.00338745117188,118.7699966430664,118.97000122070312,117.5999984741211,117.94999694824219,158704000,SPY
2010-04-09,89.58789825439453,119.55000305175781,119.5999984741211,118.80000305175781,119.0199966430664,133006500,SPY
2010-04-12,89.73027038574219,119.73999786376953,120.05000305175781,119.55999755859375,119.69999694824219,110279000,SPY
2010-04-13,89.7977294921875,119.83000183105469,120.04000091552734,119.0,119.62000274658203,125043600,SPY
2010-04-14,90.81688690185547,121.19000244140625,121.19000244140625,120.08000183105469,120.2699966430664,161609000,SPY
2010-04-15,90.89179992675781,121.29000091552734,121.56999969482422,120.94999694824219,120.98999786376953,144615300,SPY
2010-04-16,89.44551086425781,119.36000061035156,121.29000091552734,118.75,120.86000061035156,366786700,SPY
2010-04-19,89.78271484375,119.80999755859375,119.93000030517578,118.47000122070312,119.01000213623047,217947800,SPY
2010-04-20,90.58454132080078,120.87999725341797,120.9800033569336,119.87000274658203,120.55999755859375,157708000,SPY
2010-04-21,90.4197006225586,120.66000366210938,121.2300033569336,119.98999786376953,120.94999694824219,192910100,SPY
2010-04-22,90.68949127197266,121.0199966430664,121.16999816894531,119.12000274658203,119.80999755859375,115360300,SPY
2010-04-23,91.281494140625,121.80999755859375,121.86000061035156,120.62999725341797,120.94000244140625,177335500,SPY
2010-04-26,90.93675994873047,121.3499984741211,122.12000274658203,121.2300033569336,121.8499984741211,143457300,SPY
2010-04-27,88.78609466552734,118.4800033569336,121.33999633789062,118.25,120.6500015258789,355853300,SPY
2010-04-28,89.46053314208984,119.37999725341797,119.68000030517578,118.2699966430664,119.05000305175781,300674100,SPY
2010-04-29,90.56954956054688,120.86000061035156,121.11000061035156,120.06999969482422,120.0999984741211,193775000,SPY
2010-04-30,89.03333282470703,118.80999755859375,121.01000213623047,118.77999877929688,120.87999725341797,270000900,SPY
2010-05-03,90.1873779296875,120.3499984741211,120.68000030517578,119.19999694824219,119.37999725341797,182747900,SPY
2010-05-04,88.06665802001953,117.5199966430664,119.02999877929688,116.91999816894531,119.01000213623047,360353400,SPY
2010-05-05,87.5420913696289,116.81999969482422,117.80000305175781,115.97000122070312,116.55999755859375,328973200,SPY
2010-05-06,84.6345443725586,112.94000244140625,117.0,105.0,116.26000213623047,647356600,SPY
2010-05-07,83.37555694580078,111.26000213623047,113.7699966430664,109.41000366210938,112.63999938964844,637558800,SPY
2010-05-10,87.04751586914062,116.16000366210938,116.6500015258789,114.91000366210938,115.80999755859375,396159600,SPY
2010-05-11,86.80020904541016,115.83000183105469,117.36000061035156,114.91000366210938,115.06999969482422,317849800,SPY
2010-05-12,88.01419067382812,117.44999694824219,117.62000274658203,116.08999633789062,116.29000091552734,235607100,SPY
2010-05-13,86.92012786865234,115.98999786376953,117.68000030517578,115.88999938964844,117.12999725341797,234452500,SPY
2010-05-14,85.34642028808594,113.88999938964844,115.33000183105469,112.87000274658203,115.12000274658203,345601400,SPY
2010-05-17,85.3913803100586,113.94999694824219,114.5199966430664,111.7699966430664,114.19999694824219,325739800,SPY
2010-05-18,84.22985076904297,112.4000015258789,115.22000122070312,112.02999877929688,114.87999725341797,360556800,SPY
2010-05-19,83.75028991699219,111.76000213623047,112.7699966430664,110.36000061035156,111.7699966430664,394742700,SPY
2010-05-20,80.587890625,107.54000091552734,109.88999938964844,107.47000122070312,109.37999725341797,530418300,SPY
2010-05-21,81.764404296875,109.11000061035156,109.37999725341797,105.36000061035156,105.91000366210938,500909400,SPY
2010-05-24,80.71529388427734,107.70999908447266,109.38999938964844,107.61000061035156,108.5199966430664,269823000,SPY
2010-05-25,80.79771423339844,107.81999969482422,107.87000274658203,104.37999725341797,105.11000061035156,396505200,SPY
2010-05-26,80.31065368652344,107.16999816894531,109.47000122070312,106.8499984741211,108.4800033569336,349719300,SPY
2010-05-27,83.00090026855469,110.76000213623047,110.80000305175781,108.77999877929688,109.19000244140625,300870500,SPY
2010-05-28,81.95923614501953,109.37000274658203,110.72000122070312,108.8499984741211,110.63999938964844,297933500,SPY
2010-06-01,80.5804214477539,107.52999877929688,109.94999694824219,107.37000274658203,108.3499984741211,277909400,SPY
2010-06-02,82.67864990234375,110.33000183105469,110.33999633789062,107.51000213623047,108.08000183105469,240243700,SPY
2010-06-03,82.96340942382812,110.70999908447266,111.05999755859375,109.58000183105469,110.6500015258789,226618300,SPY
2010-06-04,80.04833221435547,106.81999969482422,109.33000183105469,106.45999908447266,108.61000061035156,398475600,SPY
2010-06-07,79.05168914794922,105.48999786376953,107.61000061035156,105.41000366210938,107.19999694824219,264609100,SPY
2010-06-08,79.8984603881836,106.62000274658203,106.83000183105469,104.6500015258789,105.56999969482422,357774300,SPY
2010-06-09,79.4713363647461,106.05000305175781,108.27999877929688,105.5999984741211,107.23999786376953,268023300,SPY
2010-06-10,81.79438781738281,109.1500015258789,109.27999877929688,106.04000091552734,107.86000061035156,317890600,SPY
2010-06-11,82.19153594970703,109.68000030517578,109.75,108.12000274658203,108.19000244140625,214128200,SPY
2010-06-14,82.06417083740234,109.51000213623047,111.12000274658203,109.4000015258789,110.5199966430664,207196100,SPY
2010-06-15,83.93011474609375,112.0,112.0999984741211,110.08999633789062,110.27999877929688,238268700,SPY
2010-06-16,83.90013885498047,111.95999908447266,112.41999816894531,111.19999694824219,111.41999816894531,216374000,SPY
2010-06-17,84.0350570678711,112.13999938964844,112.33000183105469,111.05000305175781,112.27999877929688,263185800,SPY
2010-06-18,84.12610626220703,111.7300033569336,112.12999725341797,111.37000274658203,111.83000183105469,174006600,SPY
2010-06-21,83.88520812988281,111.41000366210938,113.19999694824219,110.79000091552734,113.12000274658203,213140700,SPY
2010-06-22,82.49978637695312,109.56999969482422,111.9000015258789,109.41000366210938,111.41000366210938,239355400,SPY
2010-06-23,82.2437973022461,109.2300033569336,110.02999877929688,108.4800033569336,109.63999938964844,254639900,SPY
2010-06-24,80.8809585571289,107.41999816894531,108.83000183105469,107.13999938964844,108.69000244140625,268523600,SPY
2010-06-25,81.21976470947266,107.87000274658203,108.41999816894531,106.7699966430664,107.73999786376953,238726500,SPY
2010-06-28,80.96378326416016,107.52999877929688,108.31999969482422,107.13999938964844,108.02999877929688,169218600,SPY
2010-06-29,78.46402740478516,104.20999908447266,107.51000213623047,103.55000305175781,106.0199966430664,373649500,SPY
2010-06-30,77.71859741210938,103.22000122070312,104.87999725341797,102.87999725341797,103.91999816894531,284101700,SPY
2010-07-01,77.37224578857422,102.76000213623047,103.48999786376953,101.12999725341797,103.1500015258789,382924800,SPY
2010-07-02,76.95060729980469,102.19999694824219,103.41999816894531,101.62000274658203,103.11000061035156,233385200,SPY
2010-07-06,77.45507049560547,102.87000274658203,104.37000274658203,101.87999725341797,103.63999938964844,256935300,SPY
2010-07-07,79.89458465576172,106.11000061035156,106.23999786376953,103.0199966430664,103.12999725341797,253769400,SPY
2010-07-08,80.6851806640625,107.16000366210938,107.27999877929688,105.91000366210938,107.0,210842100,SPY
2010-07-09,81.28753662109375,107.95999908447266,107.97000122070312,106.93000030517578,107.12999725341797,144999900,SPY
2010-07-12,81.3402099609375,108.02999877929688,108.23999786376953,107.1500015258789,107.5999984741211,131283600,SPY
2010-07-13,82.5675277709961,109.66000366210938,110.08999633789062,108.93000030517578,109.1500015258789,213025900,SPY
2010-07-14,82.55998229980469,109.6500015258789,110.08000183105469,108.86000061035156,109.30999755859375,184426800,SPY
2010-07-15,82.58257293701172,109.68000030517578,110.05999755859375,108.16999816894531,109.61000061035156,232337900,SPY
2010-07-16,80.3087158203125,106.66000366210938,109.20999908447266,106.44999694824219,109.08999633789062,282693400,SPY
2010-07-19,80.78306579589844,107.29000091552734,107.62999725341797,106.22000122070312,107.05000305175781,186709000,SPY
2010-07-20,81.67906188964844,108.4800033569336,108.55999755859375,105.81999969482422,105.87000274658203,258162400,SPY
2010-07-21,80.61742401123047,107.06999969482422,109.06999969482422,106.62999725341797,109.04000091552734,264527000,SPY
2010-07-22,82.4169692993164,109.45999908447266,109.94000244140625,108.33000183105469,108.33999633789062,274781300,SPY
2010-07-23,83.13226318359375,110.41000366210938,110.56999969482422,108.93000030517578,109.23999786376953,222020800,SPY
2010-07-26,83.99813079833984,111.55999755859375,111.66999816894531,110.29000091552734,110.5999984741211,184445700,SPY
2010-07-27,83.99060821533203,111.55000305175781,112.29000091552734,111.11000061035156,112.16999816894531,204855600,SPY
2010-07-28,83.4485092163086,110.83000183105469,111.66000366210938,110.45999908447266,111.31999969482422,163056200,SPY
2010-07-29,83.04190063476562,110.29000091552734,111.81999969482422,109.41000366210938,111.5199966430664,220149100,SPY
2010-07-30,83.02682495117188,110.2699966430664,110.86000061035156,108.9800033569336,109.16999816894531,220070600,SPY
2010-08-02,84.90165710449219,112.76000213623047,112.94000244140625,111.54000091552734,111.98999786376953,188263200,SPY
2010-08-03,84.49504852294922,112.22000122070312,112.7699966430664,111.8499984741211,112.4800033569336,146657300,SPY
2010-08-04,85.0597915649414,112.97000122070312,113.11000061035156,112.16000366210938,112.52999877929688,158171700,SPY
2010-08-05,84.96944427490234,112.8499984741211,112.91000366210938,112.08000183105469,112.25,140473800,SPY
2010-08-06,84.62307739257812,112.38999938964844,112.56999969482422,110.91999816894531,111.73999786376953,239728300,SPY
2010-08-09,85.07483673095703,112.98999786376953,113.18000030517578,112.31999969482422,112.91999816894531,120800400,SPY
2010-08-10,84.61553955078125,112.37999725341797,112.9800033569336,111.37000274658203,112.02999877929688,242916300,SPY
2010-08-11,82.29650115966797,109.30000305175781,110.69000244140625,109.12000274658203,110.6500015258789,273406900,SPY
2010-08-12,81.7919921875,108.62999725341797,109.0199966430664,107.5999984741211,107.6500015258789,239542600,SPY
2010-08-13,81.55109405517578,108.30999755859375,108.95999908447266,108.18000030517578,108.29000091552734,158698500,SPY
2010-08-16,81.513427734375,108.26000213623047,108.61000061035156,107.18000030517578,107.56999969482422,147895300,SPY
2010-08-17,82.51481628417969,109.58999633789062,110.38999938964844,108.87999725341797,109.19000244140625,172270300,SPY
2010-08-18,82.66539764404297,109.79000091552734,110.37999725341797,108.91000366210938,109.54000091552734,182922100,SPY
2010-08-19,81.22728729248047,107.87999725341797,109.48999786376953,107.43000030517578,109.22000122070312,265847600,SPY
2010-08-20,80.96378326416016,107.52999877929688,107.94000244140625,106.75,107.55999755859375,209714200,SPY
2010-08-23,80.65506744384766,107.12000274658203,108.56999969482422,107.06999969482422,108.04000091552734,163490300,SPY
2010-08-24,79.45789337158203,105.52999877929688,106.38999938964844,104.97000122070312,105.94999694824219,280677800,SPY
2010-08-25,79.7666015625,105.94000244140625,106.33999633789062,104.29000091552734,104.94999694824219,272234800,SPY
2010-08-26,79.23200988769531,105.2300033569336,106.58000183105469,104.87999725341797,106.44000244140625,224439500,SPY
2010-08-27,80.45930480957031,106.86000061035156,106.97000122070312,104.30999755859375,105.88999938964844,272649000,SPY
2010-08-30,79.2922592163086,105.30999755859375,106.91000366210938,105.30000305175781,106.58000183105469,167238600,SPY
2010-08-31,79.2922592163086,105.30999755859375,105.9800033569336,104.48999786376953,104.91999816894531,273933100,SPY
2010-09-01,81.66398620605469,108.45999908447266,108.61000061035156,106.66000366210938,106.7300033569336,256828100,SPY
2010-09-02,82.42449188232422,109.47000122070312,109.48999786376953,108.48999786376953,108.72000122070312,156112200,SPY
2010-09-03,83.49365997314453,110.88999938964844,110.98999786376953,109.94999694824219,110.54000091552734,212197300,SPY
2010-09-07,82.552490234375,109.63999938964844,110.51000213623047,109.55000305175781,110.37000274658203,141973700,SPY
2010-09-08,83.13226318359375,110.41000366210938,110.8499984741211,109.80999755859375,109.86000061035156,149924400,SPY
2010-09-09,83.51626586914062,110.91999816894531,111.68000030517578,110.62000274658203,111.6500015258789,147017900,SPY
2010-09-10,83.93787384033203,111.4800033569336,111.61000061035156,110.87000274658203,111.12000274658203,127819000,SPY
2010-09-13,84.87154388427734,112.72000122070312,112.94999694824219,112.12999725341797,112.58000183105469,178503500,SPY
2010-09-14,84.81884002685547,112.6500015258789,113.29000091552734,112.08000183105469,112.5,209823600,SPY
2010-09-15,85.14261627197266,113.08000183105469,113.20999908447266,111.9800033569336,112.31999969482422,168608400,SPY
2010-09-16,85.12004089355469,113.05000305175781,113.12000274658203,112.3499984741211,112.7300033569336,199962900,SPY
2010-09-17,85.15180969238281,112.48999786376953,113.1500015258789,112.18000030517578,113.04000091552734,195836900,SPY
2010-09-20,86.45378875732422,114.20999908447266,114.45999908447266,112.5199966430664,112.87999725341797,214555200,SPY
2010-09-21,86.27969360351562,113.9800033569336,114.83999633789062,113.51000213623047,114.30000305175781,268389100,SPY
2010-09-22,85.85579681396484,113.41999816894531,114.44000244140625,113.0999984741211,113.80000305175781,191322400,SPY
2010-09-23,85.15938568115234,112.5,113.66999816894531,112.18000030517578,112.48999786376953,202354300,SPY
2010-09-24,86.91553497314453,114.81999969482422,114.9000015258789,113.6500015258789,113.75,209671800,SPY
2010-09-27,86.49921417236328,114.2699966430664,114.98999786376953,114.16000366210938,114.86000061035156,128761800,SPY
2010-09-28,86.80201721191406,114.66999816894531,115.04000091552734,113.18000030517578,114.41999816894531,209207500,SPY
2010-09-29,86.65059661865234,114.47000122070312,114.91000366210938,114.0199966430664,114.37999725341797,179665800,SPY
2010-09-30,86.39323425292969,114.12999725341797,115.79000091552734,113.58999633789062,115.05000305175781,287106700,SPY
2010-10-01,86.75659942626953,114.61000061035156,115.12000274658203,113.93000030517578,114.98999786376953,174638700,SPY
2010-10-04,86.10558319091797,113.75,114.8499984741211,113.18000030517578,114.37000274658203,166153200,SPY
2010-10-05,87.83901977539062,116.04000091552734,116.31999969482422,114.66999816894531,114.80000305175781,229634100,SPY
2010-10-06,87.83148193359375,116.02999877929688,116.33000183105469,115.55999755859375,116.0199966430664,148626600,SPY
2010-10-07,87.72551727294922,115.88999938964844,116.52999877929688,115.19000244140625,116.5,164860000,SPY
2010-10-08,88.21754455566406,116.54000091552734,116.86000061035156,115.61000061035156,116.05000305175781,177760100,SPY
2010-10-11,88.30081176757812,116.6500015258789,116.97000122070312,116.25,116.72000122070312,103098300,SPY
2010-10-12,88.5733413696289,117.01000213623047,117.3499984741211,115.6500015258789,116.2699966430664,182210000,SPY
2010-10-13,89.26213836669922,117.91999816894531,118.55000305175781,117.37999725341797,117.66000366210938,194347200,SPY
2010-10-14,88.91394805908203,117.45999908447266,118.01000213623047,116.72000122070312,117.80999755859375,217764300,SPY
2010-10-15,89.09564208984375,117.69999694824219,118.3499984741211,116.76000213623047,118.27999877929688,243705000,SPY
2010-10-18,89.53466796875,118.27999877929688,118.66999816894531,117.30999755859375,117.73999786376953,141204800,SPY
2010-10-19,88.36138153076172,116.7300033569336,117.8499984741211,116.0199966430664,117.19000244140625,280604700,SPY
2010-10-20,89.22431945800781,117.87000274658203,118.44000244140625,116.87000274658203,116.94000244140625,200051800,SPY
2010-10-21,89.42110443115234,118.12999725341797,119.08999633789062,117.20999908447266,118.4000015258789,221585500,SPY
2010-10-22,89.587646484375,118.3499984741211,118.52999877929688,118.0,118.30999755859375,108212400,SPY
2010-10-25,89.85259246826172,118.69999694824219,119.76000213623047,118.61000061035156,119.13999938964844,151145700,SPY
2010-10-26,89.86774444580078,118.72000122070312,118.83999633789062,117.87000274658203,118.0999984741211,158982900,SPY
2010-10-27,89.61038208007812,118.37999725341797,118.51000213623047,117.26000213623047,117.88999938964844,190024000,SPY
2010-10-28,89.6255111694336,118.4000015258789,119.11000061035156,117.83000183105469,119.05999755859375,168576000,SPY
2010-10-29,89.69367218017578,118.48999786376953,118.72000122070312,118.06999969482422,118.27999877929688,144305500,SPY
2010-11-01,89.723876953125,118.52999877929688,119.75,117.8499984741211,119.06999969482422,174074800,SPY
2010-11-02,90.43547058105469,119.47000122070312,119.75,119.0999984741211,119.41999816894531,158345900,SPY
2010-11-03,90.79882049560547,119.94999694824219,120.0199966430664,118.44999694824219,119.68000030517578,226702800,SPY
2010-11-04,92.54743194580078,122.26000213623047,122.31999969482422,119.97000122070312,121.27999877929688,215039400,SPY
2010-11-05,92.89563751220703,122.72000122070312,122.91999816894531,122.18000030517578,122.33999633789062,180654100,SPY
2010-11-08,92.72151184082031,122.48999786376953,122.69000244140625,121.94000244140625,122.33999633789062,156107100,SPY
2010-11-09,92.05538940429688,121.61000061035156,122.94999694824219,121.12000274658203,122.81999969482422,186621600,SPY
2010-11-10,92.42630004882812,122.0999984741211,122.16000366210938,120.66000366210938,121.58000183105469,221387400,SPY
2010-11-11,92.078125,121.63999938964844,121.81999969482422,120.68000030517578,121.05000305175781,158017600,SPY
2010-11-12,90.9880599975586,120.19999694824219,121.3499984741211,119.6500015258789,120.81999969482422,239068800,SPY
2010-11-15,90.85938262939453,120.02999877929688,121.05000305175781,119.9800033569336,120.58000183105469,163940800,SPY
2010-11-16,89.44385528564453,118.16000366210938,119.48999786376953,117.58999633789062,119.29000091552734,299566200,SPY
2010-11-17,89.48929595947266,118.22000122070312,118.70999908447266,117.86000061035156,118.20999908447266,172308900,SPY
2010-11-18,90.8064193725586,119.95999908447266,120.38999938964844,119.3499984741211,119.36000061035156,197723700,SPY
2010-11-19,91.05620574951172,120.29000091552734,120.33999633789062,119.25,119.9000015258789,156852900,SPY
2010-11-22,90.98046875,120.19000244140625,120.23999786376953,118.7699966430664,119.69000244140625,181361000,SPY
2010-11-23,89.6633529663086,118.44999694824219,119.0199966430664,117.98999786376953,118.7699966430664,222309000,SPY
2010-11-24,90.9880599975586,120.19999694824219,120.2300033569336,119.18000030517578,119.19999694824219,140046100,SPY
2010-11-26,89.92829132080078,118.80000305175781,119.80999755859375,118.80000305175781,119.16000366210938,76007800,SPY
2010-11-29,90.20079040527344,119.16000366210938,119.4800033569336,117.73999786376953,118.5,223642300,SPY
2010-11-30,89.69367218017578,118.48999786376953,119.16999816894531,117.80999755859375,117.9800033569336,233930700,SPY
2010-12-01,91.60122680664062,121.01000213623047,121.23999786376953,120.19000244140625,120.19999694824219,221037200,SPY
2010-12-02,92.7745132446289,122.55999755859375,122.6500015258789,121.12999725341797,121.19999694824219,191213600,SPY
2010-12-03,93.02429962158203,122.88999938964844,123.02999877929688,122.11000061035156,122.13999938964844,151288900,SPY
2010-12-06,92.92591094970703,122.76000213623047,123.04000091552734,122.5,122.62999725341797,103050500,SPY
2010-12-07,92.9789047241211,122.83000183105469,124.01000213623047,122.76000213623047,123.94000244140625,206581000,SPY
2010-12-08,93.31954193115234,123.27999877929688,123.37999725341797,122.41000366210938,122.9800033569336,138019200,SPY
2010-12-09,93.68289184570312,123.76000213623047,124.0199966430664,123.1500015258789,123.97000122070312,123705100,SPY
2010-12-10,94.2279052734375,124.4800033569336,124.5999984741211,123.7300033569336,124.13999938964844,117571700,SPY
2010-12-13,94.28843688964844,124.55999755859375,125.19999694824219,124.5199966430664,125.05000305175781,133812700,SPY
2010-12-14,94.3717269897461,124.66999816894531,125.2300033569336,124.29000091552734,124.75,147249600,SPY
2010-12-15,93.94024658203125,124.0999984741211,124.93000030517578,123.88999938964844,124.44000244140625,160823100,SPY
2010-12-16,94.48528289794922,124.81999969482422,124.91000366210938,123.75,124.18000030517578,185035200,SPY
2010-12-17,94.58646392822266,124.30000305175781,124.45999908447266,123.81999969482422,124.08000183105469,141075300,SPY
2010-12-20,94.81476593017578,124.5999984741211,124.9000015258789,123.9800033569336,124.63999938964844,119085500,SPY
2010-12-21,95.41590118408203,125.38999938964844,125.47000122070312,124.87000274658203,124.98999786376953,94965500,SPY
2010-12-22,95.71273040771484,125.77999877929688,125.81999969482422,125.41000366210938,125.4800033569336,78878100,SPY
2010-12-23,95.57569885253906,125.5999984741211,125.77999877929688,125.29000091552734,125.63999938964844,70053700,SPY
2010-12-27,95.61377716064453,125.6500015258789,125.7699966430664,125.04000091552734,125.12999725341797,58126000,SPY
2010-12-28,95.75074005126953,125.83000183105469,125.94999694824219,125.5,125.9000015258789,55309100,SPY
2010-12-29,95.8192367553711,125.91999816894531,126.19999694824219,125.9000015258789,125.9800033569336,58033100,SPY
2010-12-30,95.66700744628906,125.72000122070312,126.12999725341797,125.52999877929688,125.80000305175781,76616900,SPY
2010-12-31,95.6898193359375,125.75,125.87000274658203,125.33000183105469,125.52999877929688,91218900,SPY
2011-01-03,96.67911529541016,127.05000305175781,127.5999984741211,125.69999694824219,126.70999908447266,138725200,SPY
2011-01-04,96.62583923339844,126.9800033569336,127.37000274658203,126.19000244140625,127.33000183105469,137409700,SPY
2011-01-05,97.1280746459961,127.63999938964844,127.72000122070312,126.45999908447266,126.58000183105469,133975300,SPY
2011-01-06,96.93782806396484,127.38999938964844,127.83000183105469,127.01000213623047,127.69000244140625,122519000,SPY
2011-01-07,96.74757385253906,127.13999938964844,127.7699966430664,126.1500015258789,127.55999755859375,156034600,SPY
2011-01-10,96.62583923339844,126.9800033569336,127.16000366210938,126.19999694824219,126.58000183105469,122401700,SPY
2011-01-11,96.96825408935547,127.43000030517578,127.73999786376953,126.94999694824219,127.44000244140625,110287000,SPY
2011-01-12,97.84337615966797,128.5800018310547,128.72000122070312,127.45999908447266,128.2100067138672,107929200,SPY
2011-01-13,97.68355560302734,128.3699951171875,128.69000244140625,128.0500030517578,128.6300048828125,129048400,SPY
2011-01-14,98.3912353515625,129.3000030517578,129.3300018310547,128.10000610351562,128.19000244140625,117677900,SPY
2011-01-18,98.55864715576172,129.52000427246094,129.63999938964844,129.02999877929688,129.17999267578125,114401300,SPY
2011-01-19,97.59223175048828,128.25,129.5399932861328,127.91000366210938,129.41000366210938,151958400,SPY
2011-01-20,97.46289825439453,128.0800018310547,128.39999389648438,127.12999725341797,127.95999908447266,175745700,SPY
2011-01-21,97.68355560302734,128.3699951171875,129.1699981689453,128.22999572753906,128.8800048828125,151462900,SPY
2011-01-24,98.23908233642578,129.10000610351562,129.25,128.25999450683594,128.2899932861328,113715500,SPY
2011-01-25,98.29232025146484,129.1699981689453,129.27999877929688,128.11000061035156,128.75999450683594,167552200,SPY
2011-01-26,98.67280578613281,129.6699981689453,130.0500030517578,129.22999572753906,129.49000549316406,141281500,SPY
2011-01-27,98.91631317138672,129.99000549316406,130.2100067138672,129.47000122070312,129.6999969482422,123302700,SPY
2011-01-28,97.18895721435547,127.72000122070312,130.35000610351562,127.51000213623047,130.13999938964844,295637300,SPY
2011-01-31,97.9194564819336,128.67999267578125,128.77999877929688,127.75,128.07000732421875,149249200,SPY
2011-02-01,99.48698425292969,130.74000549316406,130.97000122070312,129.3800048828125,129.4600067138672,167194300,SPY
2011-02-02,99.2967758178711,130.49000549316406,130.83999633789062,130.3300018310547,130.39999389648438,118323600,SPY
2011-02-03,99.51747131347656,130.77999877929688,130.97999572753906,129.57000732421875,130.25999450683594,145886700,SPY
2011-02-04,99.79901885986328,131.14999389648438,131.1999969482422,130.22999572753906,130.8300018310547,134634800,SPY
2011-02-07,100.42298889160156,131.97000122070312,132.39999389648438,131.42999267578125,131.44000244140625,112439100,SPY
2011-02-08,100.87954711914062,132.57000732421875,132.63999938964844,131.72999572753906,132.08999633789062,99072800,SPY
2011-02-09,100.65130615234375,132.27000427246094,132.6300048828125,131.61000061035156,132.2100067138672,146436700,SPY
2011-02-10,100.6893310546875,132.32000732421875,132.47000122070312,131.3000030517578,131.60000610351562,162708500,SPY
2011-02-11,101.29047393798828,133.11000061035156,133.27999877929688,131.77000427246094,131.8000030517578,137710300,SPY
2011-02-14,101.53401184082031,133.42999267578125,133.5399932861328,132.8800048828125,133.02999877929688,101690700,SPY
2011-02-15,101.2143783569336,133.00999450683594,133.22000122070312,132.32000732421875,133.02000427246094,119575400,SPY
2011-02-16,101.85357666015625,133.85000610351562,134.00999450683594,133.19000244140625,133.4600067138672,130183500,SPY
2011-02-17,102.157958984375,134.25,134.42999267578125,133.33999633789062,133.4600067138672,109810500,SPY
2011-02-18,102.37107849121094,134.52999877929688,134.69000244140625,134.05999755859375,134.3699951171875,130002400,SPY
2011-02-22,100.31644439697266,131.8300018310547,134.55999755859375,131.47000122070312,133.1199951171875,233116400,SPY
2011-02-23,99.70008850097656,131.02000427246094,132.07000732421875,130.2100067138672,131.75,227584000,SPY
2011-02-24,99.63158416748047,130.92999267578125,131.44000244140625,129.6999969482422,130.8800048828125,260431400,SPY
2011-02-25,100.69693756103516,132.3300018310547,132.41000366210938,131.39999389648438,131.47999572753906,141686900,SPY
2011-02-28,101.32091522216797,133.14999389648438,133.32000732421875,132.3800048828125,132.82000732421875,141585500,SPY
2011-03-01,99.63158416748047,130.92999267578125,133.69000244140625,130.88999938964844,133.57000732421875,258565500,SPY
2011-03-02,99.84468841552734,131.2100067138672,131.82000732421875,130.35000610351562,130.75,200277400,SPY
2011-03-03,101.56442260742188,133.47000122070312,133.6199951171875,132.38999938964844,132.39999389648438,176480100,SPY
2011-03-04,100.803466796875,132.47000122070312,133.6300048828125,131.60000610351562,133.3699951171875,277202300,SPY
2011-03-07,100.01206970214844,131.42999267578125,133.16000366210938,130.74000549316406,132.86000061035156,216790400,SPY
2011-03-08,100.8871841430664,132.5800018310547,133.0,131.07000732421875,131.63999938964844,174615000,SPY
2011-03-09,100.7425765991211,132.38999938964844,132.8000030517578,131.60000610351562,132.32000732421875,153806000,SPY
2011-03-10,98.87824249267578,129.94000244140625,131.17999267578125,129.80999755859375,131.0,301291800,SPY
2011-03-11,99.56312561035156,130.83999633789062,131.30999755859375,129.49000549316406,129.52000427246094,225621800,SPY
2011-03-14,98.96196746826172,130.0500030517578,130.47999572753906,129.05999755859375,129.99000549316406,234974100,SPY
2011-03-15,97.82810974121094,128.55999755859375,129.3300018310547,126.5,126.58999633789062,359585400,SPY
2011-03-16,96.01708221435547,126.18000030517578,128.57000732421875,125.27999877929688,128.14999389648438,468670300,SPY
2011-03-17,97.28788757324219,127.8499984741211,128.38999938964844,127.0999984741211,128.0,254303700,SPY
2011-03-18,97.64167785644531,127.76000213623047,128.8800048828125,127.51000213623047,128.83999633789062,230435400,SPY
2011-03-21,99.15498352050781,129.74000549316406,130.00999450683594,129.1999969482422,129.35000610351562,153992600,SPY
2011-03-22,98.81101989746094,129.2899932861328,129.88999938964844,129.1699981689453,129.72000122070312,129538600,SPY
2011-03-23,99.09384155273438,129.66000366210938,130.0,128.32000732421875,128.92999267578125,148603100,SPY
2011-03-24,100.04149627685547,130.89999389648438,131.08999633789062,129.6699981689453,130.39999389648438,159129800,SPY
2011-03-25,100.3471908569336,131.3000030517578,131.8699951171875,130.88999938964844,131.24000549316406,155642800,SPY
2011-03-28,100.10261535644531,130.97999572753906,131.9199981689453,130.94000244140625,131.5800018310547,109762400,SPY
2011-03-29,100.77519226074219,131.86000061035156,131.89999389648438,130.44000244140625,130.8699951171875,129798800,SPY
2011-03-30,101.47066497802734,132.77000427246094,133.16000366210938,132.36000061035156,132.5500030517578,135835000,SPY
2011-03-31,101.3331069946289,132.58999633789062,132.9600067138672,132.4499969482422,132.60000610351562,132537100,SPY
2011-04-01,101.76107025146484,133.14999389648438,133.77000427246094,132.8300018310547,133.41000366210938,153850100,SPY
2011-04-04,101.84513854980469,133.25999450683594,133.6699981689453,132.8800048828125,133.42999267578125,100768900,SPY
2011-04-05,101.8298568725586,133.24000549316406,133.8300018310547,132.94000244140625,133.0,120791500,SPY
2011-04-06,102.15084075927734,133.66000366210938,134.0,133.1199951171875,133.8800048828125,120411600,SPY
2011-04-07,101.89099884033203,133.32000732421875,133.97999572753906,132.66000366210938,133.4199981689453,170731500,SPY
2011-04-08,101.53945922851562,132.86000061035156,133.99000549316406,132.30999755859375,133.91000366210938,147945400,SPY
2011-04-11,101.23373413085938,132.4600067138672,133.4499969482422,132.13999938964844,133.0,121385400,SPY
2011-04-12,100.47715759277344,131.47000122070312,131.97999572753906,130.99000549316406,131.72000122070312,161187400,SPY
2011-04-13,100.46949005126953,131.4600067138672,132.17999267578125,130.9600067138672,132.0800018310547,162059000,SPY
2011-04-14,100.54590606689453,131.55999755859375,131.75999450683594,130.27000427246094,130.6999969482422,161220400,SPY
2011-04-15,100.9127426147461,132.0399932861328,132.3699951171875,131.41000366210938,131.8000030517578,170006700,SPY
2011-04-18,99.78165435791016,130.55999755859375,132.02999877929688,129.50999450683594,130.58999633789062,210759300,SPY
2011-04-19,100.35482788085938,131.30999755859375,131.35000610351562,130.44000244140625,130.75999450683594,124258800,SPY
2011-04-20,101.72285461425781,133.10000610351562,133.38999938964844,132.7899932861328,132.8800048828125,156133800,SPY
2011-04-21,102.24258422851562,133.77999877929688,133.83999633789062,133.10000610351562,133.7899932861328,135935400,SPY
2011-04-25,102.13556671142578,133.63999938964844,133.86000061035156,133.1999969482422,133.67999267578125,65757100,SPY
2011-04-26,103.01446533203125,134.7899932861328,135.05999755859375,133.91000366210938,134.0500030517578,146600000,SPY
2011-04-27,103.68696594238281,135.6699981689453,135.8699951171875,134.5,135.0500030517578,143031000,SPY
2011-04-28,104.02330017089844,136.11000061035156,136.2899932861328,135.41000366210938,135.42999267578125,124791100,SPY
2011-04-29,104.26782989501953,136.42999267578125,136.57000732421875,135.97999572753906,136.16000366210938,115094100,SPY
2011-05-02,104.10734558105469,136.22000122070312,137.17999267578125,135.9499969482422,137.07000732421875,126278700,SPY
2011-05-03,103.73281860351562,135.72999572753906,136.19000244140625,135.0399932861328,135.9600067138672,138375000,SPY
2011-05-04,103.04501342773438,134.8300018310547,135.72999572753906,134.22999572753906,135.6699981689453,182678500,SPY
2011-05-05,102.11261749267578,133.61000061035156,134.9499969482422,133.02000427246094,134.0800018310547,226900000,SPY
2011-05-06,102.56354522705078,134.1999969482422,135.6300048828125,133.67999267578125,134.94000244140625,222787200,SPY
2011-05-09,102.96092987060547,134.72000122070312,135.11000061035156,133.97999572753906,134.19000244140625,114104500,SPY
2011-05-10,103.83984375,135.8699951171875,136.11000061035156,135.0,135.1699981689453,114806900,SPY
2011-05-11,102.74700164794922,134.44000244140625,135.69000244140625,133.82000732421875,135.6699981689453,193564200,SPY
2011-05-12,103.236083984375,135.0800018310547,135.36000061035156,133.38999938964844,134.0800018310547,171550700,SPY
2011-05-13,102.44125366210938,134.0399932861328,135.33999633789062,133.55999755859375,135.14999389648438,157444900,SPY
2011-05-16,101.79164123535156,133.19000244140625,134.61000061035156,132.97000122070312,133.55999755859375,141675400,SPY
2011-05-17,101.77637481689453,133.1699981689453,133.35000610351562,132.1199951171875,132.69000244140625,192686200,SPY
2011-05-18,102.68582153320312,134.36000061035156,134.5,132.9499969482422,133.24000549316406,135217900,SPY
2011-05-19,102.93038177490234,134.67999267578125,135.02999877929688,133.94000244140625,134.8000030517578,119489500,SPY
2011-05-20,102.11261749267578,133.61000061035156,134.67999267578125,133.36000061035156,134.3300018310547,182594900,SPY
2011-05-23,100.92803955078125,132.05999755859375,132.72000122070312,131.58999633789062,131.97999572753906,168700000,SPY
2011-05-24,100.84400177001953,131.9499969482422,132.72999572753906,131.6999969482422,132.44000244140625,147199600,SPY
2011-05-25,101.18021392822266,132.38999938964844,132.94000244140625,131.3800048828125,131.4199981689453,151050100,SPY
2011-05-26,101.64642333984375,133.0,133.24000549316406,131.77999877929688,132.02999877929688,164850000,SPY
2011-05-27,102.03619384765625,133.50999450683594,133.8699951171875,132.9600067138672,133.3699951171875,120921900,SPY
2011-05-31,103.0985107421875,134.89999389648438,134.9199981689453,133.83999633789062,134.77000427246094,164731200,SPY
2011-06-01,100.78282928466797,131.8699951171875,134.9199981689453,131.75999450683594,134.50999450683594,233094300,SPY
2011-06-02,100.67583465576172,131.72999572753906,132.24000549316406,130.9600067138672,131.9600067138672,200466800,SPY
2011-06-03,99.67464447021484,130.4199981689453,131.4199981689453,130.0800018310547,130.14999389648438,234690200,SPY
2011-06-06,98.6199722290039,129.0399932861328,130.36000061035156,128.8699951171875,130.08999633789062,179951200,SPY
2011-06-07,98.5588150024414,128.9600067138672,130.07000732421875,128.85000610351562,129.6999969482422,161660500,SPY
2011-06-08,98.14612579345703,128.4199981689453,129.19000244140625,128.17999267578125,128.75999450683594,198696400,SPY
2011-06-09,98.89511108398438,129.39999389648438,129.92999267578125,128.4600067138672,128.77000427246094,160964400,SPY
2011-06-10,97.51944732666016,127.5999984741211,128.92999267578125,127.26000213623047,128.85000610351562,238629400,SPY
2011-06-13,97.59586334228516,127.69999694824219,128.24000549316406,127.05000305175781,127.88999938964844,207599800,SPY
2011-06-14,98.8339614868164,129.32000732421875,129.77000427246094,128.82000732421875,128.8699951171875,160570400,SPY
2011-06-15,97.07616424560547,127.0199966430664,129.3000030517578,126.68000030517578,128.24000549316406,300958000,SPY
2011-06-16,97.2901611328125,127.30000305175781,127.97000122070312,126.31999969482422,127.05999755859375,308032800,SPY
2011-06-17,97.5804672241211,127.05000305175781,127.94000244140625,126.62000274658203,127.93000030517578,233284900,SPY
2011-06-20,98.07971954345703,127.69999694824219,127.97000122070312,126.58000183105469,126.62000274658203,159479000,SPY
2011-06-21,99.42376708984375,129.4499969482422,129.6999969482422,127.75,128.36000061035156,193157300,SPY
2011-06-22,98.82469940185547,128.6699981689453,129.80999755859375,128.58999633789062,129.0500030517578,176703000,SPY
2011-06-23,98.54053497314453,128.3000030517578,128.63999938964844,126.19000244140625,127.16000366210938,334286500,SPY
2011-06-24,97.39614868164062,126.80999755859375,128.3699951171875,126.62000274658203,128.27000427246094,226129300,SPY
2011-06-27,98.26404571533203,127.94000244140625,128.42999267578125,126.63999938964844,126.88999938964844,168904700,SPY
2011-06-28,99.54667663574219,129.61000061035156,129.6300048828125,128.27000427246094,128.4499969482422,165556300,SPY
2011-06-29,100.39922332763672,130.72000122070312,130.92999267578125,129.6300048828125,130.1999969482422,244295500,SPY
2011-06-30,101.35928344726562,131.97000122070312,132.17999267578125,130.7100067138672,131.13999938964844,223322700,SPY
2011-07-01,102.85696411132812,133.9199981689453,134.10000610351562,131.77999877929688,132.08999633789062,202385700,SPY
2011-07-05,102.77249145507812,133.80999755859375,134.0800018310547,133.38999938964844,133.77999877929688,165936000,SPY
2011-07-06,102.89537048339844,133.97000122070312,134.13999938964844,133.11000061035156,133.49000549316406,143331600,SPY
2011-07-07,103.96296691894531,135.36000061035156,135.6999969482422,134.8800048828125,135.16000366210938,170464200,SPY
2011-07-08,103.22562408447266,134.39999389648438,135.36000061035156,133.38999938964844,133.8300018310547,194100500,SPY
2011-07-11,101.35928344726562,131.97000122070312,133.17999267578125,131.66000366210938,132.75,195918600,SPY
2011-07-12,100.92149353027344,131.39999389648438,132.77999877929688,131.36000061035156,131.69000244140625,214675700,SPY
2011-07-13,101.25940704345703,131.83999633789062,133.22000122070312,131.52000427246094,132.08999633789062,204062600,SPY
2011-07-14,100.56049346923828,130.92999267578125,132.77999877929688,130.67999267578125,132.1699981689453,226111800,SPY
2011-07-15,101.1442642211914,131.69000244140625,131.8699951171875,130.77000427246094,131.66000366210938,220012800,SPY
2011-07-18,100.31474304199219,130.61000061035156,131.27999877929688,129.6300048828125,131.0800018310547,196872100,SPY
2011-07-19,101.94300079345703,132.72999572753906,132.88999938964844,131.30999755859375,131.33999633789062,166554900,SPY
2011-07-20,101.88154602050781,132.64999389648438,133.14999389648438,132.4199981689453,133.07000732421875,137145400,SPY
2011-07-21,103.29476928710938,134.49000549316406,134.82000732421875,132.6699981689453,133.39999389648438,245246300,SPY
2011-07-22,103.3638687133789,134.5800018310547,134.72000122070312,133.75999450683594,134.52000427246094,126019400,SPY
2011-07-25,102.787841796875,133.8300018310547,134.49000549316406,133.16000366210938,133.3000030517578,136653800,SPY
2011-07-26,102.4038314819336,133.3300018310547,133.9600067138672,133.02999877929688,133.74000549316406,131278200,SPY
2011-07-27,100.30704498291016,130.60000610351562,132.6300048828125,130.42999267578125,132.58999633789062,249020100,SPY
2011-07-28,100.01518249511719,130.22000122070312,131.77000427246094,130.00999450683594,130.60000610351562,207939900,SPY
2011-07-29,99.33167266845703,129.3300018310547,130.5500030517578,127.97000122070312,128.91000366210938,307038400,SPY
2011-08-01,98.90921783447266,128.77999877929688,130.9600067138672,127.52999877929688,130.83999633789062,325790900,SPY
2011-08-02,96.38232421875,125.48999786376953,128.5,125.48999786376953,127.80999755859375,346653800,SPY
2011-08-03,96.90460205078125,126.16999816894531,126.30999755859375,123.52999877929688,125.66000366210938,370830800,SPY
2011-08-04,92.36544799804688,120.26000213623047,124.62000274658203,120.05999755859375,124.41999816894531,520721800,SPY
2011-08-05,92.2271957397461,120.08000183105469,122.06999969482422,116.86000061035156,121.76000213623047,655619200,SPY
2011-08-08,86.22106170654297,112.26000213623047,120.12000274658203,112.0199966430664,116.91000366210938,702263900,SPY
2011-08-09,90.23028564453125,117.4800033569336,117.63999938964844,110.2699966430664,114.06999969482422,717828700,SPY
2011-08-10,86.24408721923828,112.29000091552734,116.27999877929688,111.94999694824219,115.26000213623047,662607400,SPY
2011-08-11,90.11508178710938,117.33000183105469,118.91999816894531,112.31999969482422,113.26000213623047,487979700,SPY
2011-08-12,90.72180938720703,118.12000274658203,119.20999908447266,117.27999877929688,118.4000015258789,313731600,SPY
2011-08-15,92.6419448852539,120.62000274658203,120.73999786376953,119.0,119.19000244140625,258810600,SPY
2011-08-16,91.85086059570312,119.58999633789062,120.69000244140625,118.30999755859375,119.47000122070312,294095200,SPY
2011-08-17,91.91226196289062,119.66999816894531,121.19999694824219,118.72000122070312,120.25,238201100,SPY
2011-08-18,87.94915771484375,114.51000213623047,119.70999908447266,113.38999938964844,116.5,512956300,SPY
2011-08-19,86.51290893554688,112.63999938964844,115.87999725341797,112.5,112.95999908447266,428281300,SPY
2011-08-22,86.58203125,112.7300033569336,115.2300033569336,112.41000366210938,115.16999816894531,275090600,SPY
2011-08-23,89.4314956665039,116.44000244140625,116.56999969482422,112.58000183105469,113.1500015258789,331136600,SPY
2011-08-24,90.69110107421875,118.08000183105469,118.23999786376953,115.91999816894531,116.19000244140625,246869700,SPY
2011-08-25,89.30859375,116.27999877929688,119.4000015258789,115.87000274658203,118.7300033569336,312365400,SPY
2011-08-26,90.60660552978516,117.97000122070312,118.51000213623047,113.8499984741211,115.69000244140625,314495900,SPY
2011-08-29,93.21028137207031,121.36000061035156,121.43000030517578,118.05999755859375,119.55999755859375,190977200,SPY
2011-08-30,93.45606994628906,121.68000030517578,122.43000030517578,119.26000213623047,120.83000183105469,241315700,SPY
2011-08-31,93.87081146240234,122.22000122070312,123.51000213623047,121.30000305175781,122.45999908447266,301828400,SPY
2011-09-01,92.88771057128906,120.94000244140625,123.4000015258789,120.77999877929688,122.29000091552734,254585900,SPY
2011-09-02,90.51444244384766,117.8499984741211,120.87000274658203,117.43000030517578,118.41999816894531,255517200,SPY
2011-09-06,89.85391235351562,116.98999786376953,117.16000366210938,114.37999725341797,114.38999938964844,285130500,SPY
2011-09-07,92.3884506225586,120.29000091552734,120.33999633789062,118.36000061035156,118.76000213623047,209803200,SPY
2011-09-08,91.42845153808594,119.04000091552734,120.94000244140625,118.7699966430664,119.56999969482422,250568200,SPY
2011-09-09,89.03209686279297,115.91999816894531,119.05999755859375,115.27999877929688,117.68000030517578,380195100,SPY
2011-09-12,89.60814666748047,116.66999816894531,116.76000213623047,114.05000305175781,114.47000122070312,305793500,SPY
2011-09-13,90.42993927001953,117.73999786376953,118.18000030517578,116.22000122070312,117.05000305175781,272514700,SPY
2011-09-14,91.681884765625,119.37000274658203,120.80000305175781,116.72000122070312,118.33999633789062,319389500,SPY
2011-09-15,93.26408386230469,121.43000030517578,121.47000122070312,119.4000015258789,120.6500015258789,326777200,SPY
2011-09-16,93.81607055664062,121.5199966430664,121.97000122070312,120.31999969482422,121.29000091552734,284528300,SPY
2011-09-19,92.88190460205078,120.30999755859375,120.93000030517578,118.72000122070312,119.52999877929688,241517000,SPY
2011-09-20,92.77381134033203,120.16999816894531,121.98999786376953,120.01000213623047,120.81999969482422,218932200,SPY
2011-09-21,90.0408706665039,116.62999725341797,120.5999984741211,116.44000244140625,120.2300033569336,316251300,SPY
2011-09-22,87.13033294677734,112.86000061035156,114.20999908447266,111.30000305175781,113.25,513911300,SPY
2011-09-23,87.65528869628906,113.54000091552734,114.16000366210938,112.0199966430664,112.11000061035156,307242500,SPY
2011-09-26,89.73976135253906,116.23999786376953,116.4000015258789,112.9800033569336,114.61000061035156,260673700,SPY
2011-09-27,90.743408203125,117.54000091552734,119.55999755859375,116.83999633789062,118.52999877929688,311753900,SPY
2011-09-28,88.89054870605469,115.13999938964844,118.48999786376953,114.97000122070312,117.77999877929688,286696800,SPY
2011-09-29,89.59307861328125,116.05000305175781,117.62999725341797,113.93000030517578,117.05000305175781,298108900,SPY
2011-09-30,87.35425567626953,113.1500015258789,115.44999694824219,113.06999969482422,114.44999694824219,288392300,SPY
2011-10-03,84.86831665039062,109.93000030517578,113.94999694824219,109.80999755859375,112.48999786376953,365136800,SPY
2011-10-04,86.72886657714844,112.33999633789062,112.58000183105469,107.43000030517578,108.3499984741211,459177500,SPY
2011-10-05,88.33472442626953,114.41999816894531,114.72000122070312,111.58000183105469,112.62000274658203,284108000,SPY
2011-10-06,89.93278503417969,116.48999786376953,116.66000366210938,113.51000213623047,114.36000061035156,257800800,SPY
2011-10-07,89.3305892944336,115.70999908447266,117.25,115.05999755859375,117.16999816894531,312657900,SPY
2011-10-10,92.3183364868164,119.58000183105469,119.62999725341797,117.66999816894531,117.68000030517578,230666300,SPY
2011-10-11,92.41095733642578,119.69999694824219,120.04000091552734,118.75,118.87000274658203,209088000,SPY
2011-10-12,93.22157287597656,120.75,122.13999938964844,120.33000183105469,120.5999984741211,281544900,SPY
2011-10-13,93.03629302978516,120.51000213623047,120.87000274658203,119.12000274658203,120.04000091552734,212538800,SPY
2011-10-14,94.62665557861328,122.56999969482422,122.5999984741211,121.2300033569336,121.91000366210938,211397600,SPY
2011-10-17,92.82013702392578,120.2300033569336,122.55000305175781,119.93000030517578,121.98999786376953,202311600,SPY
2011-10-18,94.63438415527344,122.58000183105469,123.5,119.19999694824219,120.13999938964844,318857900,SPY
2011-10-19,93.51496124267578,121.12999725341797,123.08000183105469,120.70999908447266,122.37999725341797,226601300,SPY
2011-10-20,93.92411041259766,121.66000366210938,122.0999984741211,119.81999969482422,121.43000030517578,262075600,SPY
2011-10-21,95.70748138427734,123.97000122070312,124.12000274658203,122.72000122070312,123.08999633789062,278999400,SPY
2011-10-24,96.8809585571289,125.48999786376953,125.80000305175781,124.05999755859375,124.16999816894531,203215600,SPY
2011-10-25,94.99723815917969,123.05000305175781,124.94999694824219,122.77999877929688,124.88999938964844,268596800,SPY
2011-10-26,95.96228790283203,124.30000305175781,124.7699966430664,122.20999908447266,124.3499984741211,289053800,SPY
2011-10-27,99.30511474609375,128.6300048828125,129.4199981689453,126.61000061035156,127.62999725341797,393220200,SPY
2011-10-28,99.281982421875,128.60000610351562,128.85000610351562,127.80000305175781,128.0,225906500,SPY
2011-10-31,96.88870239257812,125.5,128.6199951171875,125.31999969482422,127.16000366210938,228146700,SPY
2011-11-01,94.18661499023438,122.0,123.51000213623047,121.5199966430664,122.02999877929688,416565800,SPY
2011-11-02,95.72293853759766,123.98999786376953,124.4000015258789,122.79000091552734,123.83000183105469,244717600,SPY
2011-11-03,97.46770477294922,126.25,126.5,123.5999984741211,125.2699966430664,291174800,SPY
2011-11-04,96.87326049804688,125.4800033569336,125.69999694824219,124.01000213623047,125.2300033569336,249401600,SPY
2011-11-07,97.47542572021484,126.26000213623047,126.38999938964844,124.19999694824219,125.38999938964844,196617200,SPY
2011-11-08,98.72607421875,127.87999725341797,128.02000427246094,125.70999908447266,126.91999816894531,224426300,SPY
2011-11-09,95.0821762084961,123.16000366210938,125.80000305175781,122.86000061035156,124.88999938964844,337982000,SPY
2011-11-10,95.97770690917969,124.31999969482422,124.94000244140625,123.0199966430664,124.79000091552734,231866500,SPY
2011-11-11,97.78421783447266,126.66000366210938,126.98999786376953,125.79000091552734,125.83000183105469,189924400,SPY
2011-11-14,96.85779571533203,125.45999908447266,127.44999694824219,124.91999816894531,126.19000244140625,159258300,SPY
2011-11-15,97.33647155761719,126.08000183105469,126.75,124.72000122070312,125.16999816894531,184709400,SPY
2011-11-16,95.79242706298828,124.08000183105469,126.33999633789062,123.9000015258789,124.80999755859375,235782500,SPY
2011-11-17,94.27156066894531,122.11000061035156,124.16000366210938,121.2300033569336,123.8499984741211,331219600,SPY
2011-11-18,94.17121887207031,121.9800033569336,122.75,121.47000122070312,122.5,215580400,SPY
2011-11-21,92.38011932373047,119.66000366210938,120.3499984741211,118.6500015258789,120.19999694824219,229611600,SPY
2011-11-22,92.01727294921875,119.19000244140625,120.0999984741211,118.5199966430664,119.4000015258789,216494900,SPY
2011-11-23,89.98682403564453,116.55999755859375,119.19000244140625,116.55999755859375,118.06999969482422,224329100,SPY
2011-11-25,89.81697845458984,116.33999633789062,117.69999694824219,116.19999694824219,116.37999725341797,99557000,SPY
2011-11-28,92.41869354248047,119.70999908447266,120.18000030517578,118.81999969482422,119.54000091552734,210686000,SPY
2011-11-29,92.68119049072266,120.05000305175781,121.0,119.61000061035156,120.05000305175781,199241500,SPY
2011-11-30,96.49494934082031,124.98999786376953,125.22000122070312,120.0,123.48999786376953,324439500,SPY
2011-12-01,96.47953796386719,124.97000122070312,125.63999938964844,124.43000030517578,124.8499984741211,176954800,SPY
2011-12-02,96.39457702636719,124.86000061035156,126.5,124.77999877929688,126.12000274658203,221109700,SPY
2011-12-05,97.44453430175781,126.22000122070312,127.18000030517578,125.44000244140625,126.83999633789062,225263900,SPY
2011-12-06,97.47542572021484,126.26000213623047,127.11000061035156,125.76000213623047,126.20999908447266,178842100,SPY
2011-12-07,97.83828735351562,126.7300033569336,127.26000213623047,124.97000122070312,125.83999633789062,237802500,SPY
2011-12-08,95.69204711914062,123.94999694824219,126.18000030517578,123.6500015258789,125.9000015258789,240862800,SPY
2011-12-09,97.31332397460938,126.05000305175781,126.37000274658203,124.4000015258789,124.51000213623047,209111400,SPY
2011-12-12,95.89275360107422,124.20999908447266,124.97000122070312,123.16000366210938,124.94999694824219,215826100,SPY
2011-12-13,94.99723815917969,123.05000305175781,125.56999969482422,122.44999694824219,124.86000061035156,245159800,SPY
2011-12-14,93.98589324951172,121.73999786376953,123.02999877929688,121.47000122070312,122.55999755859375,238618800,SPY
2011-12-15,94.32557678222656,122.18000030517578,123.19999694824219,121.98999786376953,123.02999877929688,199109200,SPY
2011-12-16,94.46539306640625,121.58999633789062,122.94999694824219,121.30000305175781,122.2300033569336,220481400,SPY
2011-12-19,93.45543670654297,120.29000091552734,122.31999969482422,120.02999877929688,122.05999755859375,183903000,SPY
2011-12-20,96.28341674804688,123.93000030517578,124.13999938964844,120.37000274658203,122.18000030517578,225418100,SPY
2011-12-21,96.46987915039062,124.16999816894531,124.36000061035156,122.75,123.93000030517578,194230900,SPY
2011-12-22,97.32450103759766,125.2699966430664,125.4000015258789,124.2300033569336,124.62999725341797,119465400,SPY
2011-12-23,98.19461059570312,126.38999938964844,126.43000030517578,125.41000366210938,125.66999816894531,92187200,SPY
2011-12-27,98.27232360839844,126.48999786376953,126.81999969482422,126.05999755859375,126.16999816894531,86075700,SPY
2011-12-28,96.98265075683594,124.83000183105469,126.52999877929688,124.7300033569336,126.51000213623047,119107100,SPY
2011-12-29,97.98487854003906,126.12000274658203,126.25,124.86000061035156,125.23999786376953,123507200,SPY
2011-12-30,97.50320434570312,125.5,126.33000183105469,125.5,126.0199966430664,95599000,SPY
2012-01-03,99.05702209472656,127.5,128.3800048828125,127.43000030517578,127.76000213623047,193697900,SPY
2012-01-04,99.21238708496094,127.69999694824219,127.80999755859375,126.70999908447266,127.19999694824219,127186500,SPY
2012-01-05,99.47653198242188,128.0399932861328,128.22999572753906,126.43000030517578,127.01000213623047,173895000,SPY
2012-01-06,99.22014617919922,127.70999908447266,128.22000122070312,127.29000091552734,128.1999969482422,148050000,SPY
2012-01-09,99.46100616455078,128.02000427246094,128.17999267578125,127.41000366210938,128.0,99530200,SPY
2012-01-10,100.32337188720703,129.1300048828125,129.64999389648438,128.9499969482422,129.38999938964844,115282000,SPY
2012-01-11,100.37777709960938,129.1999969482422,129.3699951171875,128.52000427246094,128.72999572753906,111540700,SPY
2012-01-12,100.61860656738281,129.50999450683594,129.6999969482422,128.5399932861328,129.57000732421875,118983700,SPY
2012-01-13,100.09809112548828,128.83999633789062,129.0500030517578,127.72000122070312,128.63999938964844,179836200,SPY
2012-01-17,100.48651885986328,129.33999633789062,130.32000732421875,128.89999389648438,130.0800018310547,132209200,SPY
2012-01-18,101.59754180908203,130.77000427246094,130.83999633789062,129.0800018310547,129.30999755859375,163395200,SPY
2012-01-19,102.13361358642578,131.4600067138672,131.57000732421875,130.8000030517578,131.22000122070312,126328900,SPY
2012-01-20,102.5143051147461,131.9499969482422,131.9499969482422,130.9199981689453,131.24000549316406,138230200,SPY
2012-01-23,102.2501449584961,131.61000061035156,132.25,130.97999572753906,131.50999450683594,129295800,SPY
2012-01-24,102.13361358642578,131.4600067138672,131.5,130.60000610351562,130.8000030517578,103083300,SPY
2012-01-25,102.98822021484375,132.55999755859375,132.8699951171875,130.75,131.25999450683594,198613200,SPY
2012-01-26,102.45992279052734,131.8800048828125,133.39999389648438,131.36000061035156,133.14999389648438,184880500,SPY
2012-01-27,102.41329956054688,131.82000732421875,132.0500030517578,131.14999389648438,131.24000549316406,135259100,SPY
2012-01-30,102.06368255615234,131.3699951171875,131.44000244140625,130.05999755859375,130.50999450683594,147311800,SPY
2012-01-31,102.02486419677734,131.32000732421875,132.17999267578125,130.67999267578125,132.02000427246094,157212000,SPY
2012-02-01,102.91829681396484,132.47000122070312,133.13999938964844,132.1300048828125,132.2899932861328,166234500,SPY
2012-02-02,103.08143615722656,132.67999267578125,133.02000427246094,132.2100067138672,132.72999572753906,113090400,SPY
2012-02-03,104.52649688720703,134.5399932861328,134.6199951171875,133.77000427246094,134.0,160598500,SPY
2012-02-06,104.45660400390625,134.4499969482422,134.50999450683594,133.8300018310547,133.97999572753906,107694500,SPY
2012-02-07,104.72074890136719,134.7899932861328,135.02000427246094,133.63999938964844,134.1699981689453,135528100,SPY
2012-02-08,105.0315170288086,135.19000244140625,135.22000122070312,134.30999755859375,134.86000061035156,139361400,SPY
2012-02-09,105.16358947753906,135.36000061035156,135.58999633789062,134.55999755859375,135.41000366210938,148602900,SPY
2012-02-10,104.38664245605469,134.36000061035156,134.47000122070312,133.83999633789062,134.16000366210938,167907500,SPY
2012-02-13,105.16358947753906,135.36000061035156,135.52000427246094,134.74000549316406,135.32000732421875,115841900,SPY
2012-02-14,105.0315170288086,135.19000244140625,135.27000427246094,134.25,135.0,165329500,SPY
2012-02-15,104.54206085205078,134.55999755859375,135.8300018310547,134.2899932861328,135.6300048828125,195195100,SPY
2012-02-16,105.69965362548828,136.0500030517578,136.1699981689453,134.3300018310547,134.57000732421875,186567800,SPY
2012-02-17,105.97931671142578,136.41000366210938,136.6300048828125,135.9600067138672,136.52000427246094,129869400,SPY
2012-02-21,106.02597045898438,136.47000122070312,137.0500030517578,136.0500030517578,136.72999572753906,134042300,SPY
2012-02-22,105.6841049194336,136.02999877929688,136.5500030517578,135.7899932861328,136.25999450683594,124455300,SPY
2012-02-23,106.1502685546875,136.6300048828125,136.72999572753906,135.5,135.9600067138672,137704300,SPY
2012-02-24,106.38336944580078,136.92999267578125,137.1999969482422,136.6300048828125,136.92999267578125,105539100,SPY
2012-02-27,106.56204986572266,137.16000366210938,137.52999877929688,135.8000030517578,136.02000427246094,145728900,SPY
2012-02-28,106.8727798461914,137.55999755859375,137.72000122070312,136.92999267578125,137.1999969482422,129355900,SPY
2012-02-29,106.45323181152344,137.02000427246094,138.19000244140625,136.5399932861328,137.75999450683594,185934700,SPY
2012-03-01,107.00484466552734,137.72999572753906,137.99000549316406,136.92999267578125,137.30999755859375,145023500,SPY
2012-03-02,106.6785659790039,137.30999755859375,137.82000732421875,137.0,137.63999938964844,120638300,SPY
2012-03-05,106.2435073852539,136.75,137.1999969482422,136.27999877929688,137.10000610351562,140765000,SPY
2012-03-06,104.6896743774414,134.75,135.42999267578125,134.36000061035156,135.35000610351562,202129900,SPY
2012-03-07,105.41996765136719,135.69000244140625,135.91000366210938,134.92999267578125,135.05999755859375,143692200,SPY
2012-03-08,106.46884155273438,137.0399932861328,137.32000732421875,136.24000549316406,136.52000427246094,116968900,SPY
2012-03-09,106.88058471679688,137.57000732421875,137.92999267578125,137.1300048828125,137.3000030517578,122836800,SPY
2012-03-12,106.88834381103516,137.5800018310547,137.75999450683594,137.08999633789062,137.5500030517578,104003500,SPY
2012-03-13,108.81507873535156,140.05999755859375,140.1300048828125,138.08999633789062,138.32000732421875,184090500,SPY
2012-03-14,108.69853973388672,139.91000366210938,140.4499969482422,139.47999572753906,140.10000610351562,145163600,SPY
2012-03-15,109.327880859375,140.72000122070312,140.77999877929688,139.75999450683594,140.1199951171875,165118500,SPY
2012-03-16,109.4792251586914,140.3000030517578,140.47999572753906,140.0,140.36000061035156,152893500,SPY
2012-03-19,109.90840148925781,140.85000610351562,141.27999877929688,140.11000061035156,140.2100067138672,125291100,SPY
2012-03-20,109.58849334716797,140.44000244140625,140.61000061035156,139.63999938964844,140.0500030517578,121729700,SPY
2012-03-21,109.40902709960938,140.2100067138672,140.64999389648438,139.9199981689453,140.52000427246094,122388400,SPY
2012-03-22,108.62090301513672,139.1999969482422,139.5500030517578,138.74000549316406,139.17999267578125,135216700,SPY
2012-03-23,108.97205352783203,139.64999389648438,139.80999755859375,138.5500030517578,139.32000732421875,120521000,SPY
2012-03-26,110.50150299072266,141.61000061035156,141.61000061035156,140.60000610351562,140.64999389648438,120164000,SPY
2012-03-27,110.15812683105469,141.1699981689453,141.8300018310547,141.0800018310547,141.74000549316406,119868500,SPY
2012-03-28,109.61188507080078,140.47000122070312,141.32000732421875,139.63999938964844,141.10000610351562,148562100,SPY
2012-03-29,109.4245834350586,140.22999572753906,140.49000549316406,139.08999633789062,139.63999938964844,164963700,SPY
2012-03-30,109.8772201538086,140.80999755859375,141.0500030517578,140.0500030517578,140.9199981689453,135486800,SPY
2012-04-02,110.68093872070312,141.83999633789062,142.2100067138672,140.36000061035156,140.63999938964844,151741100,SPY
2012-04-03,110.22834014892578,141.25999450683594,141.8800048828125,140.42999267578125,141.63999938964844,155806700,SPY
2012-04-04,109.13587951660156,139.86000061035156,140.33999633789062,139.33999633789062,140.22000122070312,146896000,SPY
2012-04-05,109.08128356933594,139.7899932861328,140.1999969482422,139.25999450683594,139.3800048828125,137439400,SPY
2012-04-09,107.85617065429688,138.22000122070312,139.83999633789062,137.83999633789062,138.02999877929688,127555900,SPY
2012-04-10,106.04581451416016,135.89999389648438,138.33999633789062,135.75999450683594,137.9499969482422,235360300,SPY
2012-04-11,106.90419006347656,137.0,137.5399932861328,136.75,137.2899932861328,154133000,SPY
2012-04-12,108.30093383789062,138.7899932861328,138.89999389648438,137.02999877929688,137.1300048828125,154321500,SPY
2012-04-13,107.013427734375,137.13999938964844,138.82000732421875,137.00999450683594,138.47000122070312,169246700,SPY
2012-04-16,106.9432144165039,137.0500030517578,138.0399932861328,136.5800018310547,137.83999633789062,147825300,SPY
2012-04-17,108.52723693847656,139.0800018310547,139.36000061035156,137.6999969482422,137.83999633789062,147877600,SPY
2012-04-18,108.16047668457031,138.61000061035156,139.0800018310547,138.3800048828125,138.4600067138672,123884200,SPY
2012-04-19,107.46603393554688,137.72000122070312,139.14999389648438,137.07000732421875,138.6300048828125,198666700,SPY
2012-04-20,107.6455078125,137.9499969482422,138.8300018310547,137.8699951171875,138.3300018310547,143199600,SPY
2012-04-23,106.74028015136719,136.7899932861328,136.91000366210938,135.94000244140625,136.5399932861328,171844900,SPY
2012-04-24,107.14605712890625,137.30999755859375,137.66000366210938,136.8000030517578,136.91000366210938,137484200,SPY
2012-04-25,108.61312866210938,139.19000244140625,139.25,138.52999877929688,138.64999389648438,150252200,SPY
2012-04-26,109.37004089355469,140.16000366210938,140.32000732421875,138.80999755859375,138.88999938964844,136291600,SPY
2012-04-27,109.5494613647461,140.38999938964844,140.7899932861328,139.8000030517578,140.5800018310547,130725000,SPY
2012-04-30,109.14366149902344,139.8699951171875,140.2100067138672,139.49000549316406,140.11000061035156,115092200,SPY
2012-05-01,109.82257080078125,140.74000549316406,141.66000366210938,139.6300048828125,139.7899932861328,138832200,SPY
2012-05-02,109.49488830566406,140.32000732421875,140.4600067138672,139.4600067138672,139.9199981689453,121081000,SPY
2012-05-03,108.659912109375,139.25,140.4499969482422,138.99000549316406,140.33999633789062,143759700,SPY
2012-05-04,106.90419006347656,137.0,139.3000030517578,136.9199981689453,138.52000427246094,193927300,SPY
2012-05-07,106.98219299316406,137.10000610351562,137.55999755859375,136.4600067138672,136.50999450683594,127765900,SPY
2012-05-08,106.55302429199219,136.5500030517578,136.77000427246094,134.9199981689453,136.27999877929688,213377700,SPY
2012-05-09,105.92098236083984,135.74000549316406,136.61000061035156,134.49000549316406,135.10000610351562,220752500,SPY
2012-05-10,106.13945007324219,136.02000427246094,136.85000610351562,135.7100067138672,136.67999267578125,150600000,SPY
2012-05-11,105.81952667236328,135.61000061035156,136.8699951171875,135.11000061035156,135.1699981689453,153032400,SPY
2012-05-14,104.64901733398438,134.11000061035156,135.61000061035156,133.91000366210938,134.30999755859375,163910000,SPY
2012-05-15,104.04818725585938,133.33999633789062,134.80999755859375,133.1300048828125,134.02000427246094,207629300,SPY
2012-05-16,103.65023040771484,132.8300018310547,134.5500030517578,132.8000030517578,133.94000244140625,207265500,SPY
2012-05-17,102.11298370361328,130.86000061035156,133.02000427246094,130.7899932861328,132.86000061035156,247992900,SPY
2012-05-18,101.2390365600586,129.74000549316406,131.60000610351562,129.5500030517578,131.3699951171875,319615900,SPY
2012-05-21,102.97917175292969,131.97000122070312,132.02000427246094,129.9499969482422,130.16000366210938,177861100,SPY
2012-05-22,103.15864562988281,132.1999969482422,133.22999572753906,131.33999633789062,132.30999755859375,197531200,SPY
2012-05-23,103.21329498291016,132.27000427246094,132.4600067138672,129.99000549316406,131.25,204958400,SPY
2012-05-24,103.41615295410156,132.52999877929688,132.83999633789062,131.4199981689453,132.6300048828125,167357600,SPY
2012-05-25,103.08060455322266,132.10000610351562,132.85000610351562,131.77999877929688,132.47999572753906,135465600,SPY
2012-05-29,104.32910919189453,133.6999969482422,133.92999267578125,131.1699981689453,133.16000366210938,152883500,SPY
2012-05-30,102.8152847290039,131.75999450683594,133.69000244140625,131.49000549316406,132.55999755859375,162370400,SPY
2012-05-31,102.5889892578125,131.47000122070312,132.4499969482422,130.33999633789062,131.7100067138672,196186000,SPY
2012-06-01,100.00614929199219,128.16000366210938,131.5,128.16000366210938,129.41000366210938,253240900,SPY
2012-06-04,99.95931243896484,128.10000610351562,128.74000549316406,127.13999938964844,128.38999938964844,202545800,SPY
2012-06-05,100.7162094116211,129.07000732421875,129.25999450683594,127.77999877929688,127.8499984741211,164149400,SPY
2012-06-06,102.97917175292969,131.97000122070312,132.02999877929688,129.92999267578125,129.97000122070312,184202800,SPY
2012-06-07,103.04159545898438,132.0500030517578,133.52999877929688,131.77999877929688,133.47000122070312,184772700,SPY
2012-06-08,103.86090850830078,133.10000610351562,133.1300048828125,131.2899932861328,131.7100067138672,143915400,SPY
2012-06-11,102.54218292236328,131.41000366210938,134.25,131.27999877929688,134.1699981689453,169756100,SPY
2012-06-12,103.72047424316406,132.9199981689453,133.00999450683594,131.16000366210938,131.7899932861328,181931800,SPY
2012-06-13,103.05722045898438,132.07000732421875,133.36000061035156,131.6199951171875,132.52999877929688,172223900,SPY
2012-06-14,104.14962005615234,133.47000122070312,134.0,131.97999572753906,132.33999633789062,230615500,SPY
2012-06-15,105.21481323242188,134.13999938964844,134.25999450683594,133.10000610351562,133.3800048828125,169444500,SPY
2012-06-18,105.41875457763672,134.39999389648438,134.72999572753906,133.27999877929688,133.5800018310547,131360900,SPY
2012-06-19,106.43840789794922,135.6999969482422,136.25,134.3699951171875,135.0800018310547,137382600,SPY
2012-06-20,106.26588439941406,135.47999572753906,136.10000610351562,134.27000427246094,135.7100067138672,206451800,SPY
2012-06-21,103.88140106201172,132.44000244140625,135.77999877929688,132.3300018310547,135.63999938964844,205272200,SPY
2012-06-22,104.68143463134766,133.4600067138672,133.7100067138672,132.6199951171875,133.1300048828125,130029200,SPY
2012-06-25,103.0029067993164,131.32000732421875,132.10000610351562,130.85000610351562,132.0500030517578,146375700,SPY
2012-06-26,103.52055358886719,131.97999572753906,132.3800048828125,130.92999267578125,131.6999969482422,141634000,SPY
2012-06-27,104.45399475097656,133.1699981689453,133.42999267578125,131.97000122070312,132.4199981689453,108088000,SPY
2012-06-28,104.15592193603516,132.7899932861328,132.99000549316406,131.27999877929688,132.2899932861328,169242100,SPY
2012-06-29,106.75218200683594,136.10000610351562,136.27000427246094,134.85000610351562,135.1999969482422,212250900,SPY
2012-07-02,107.07376098632812,136.50999450683594,136.64999389648438,135.52000427246094,136.47999572753906,129524500,SPY
2012-07-03,107.77964782714844,137.41000366210938,137.50999450683594,136.33999633789062,136.47999572753906,80450000,SPY
2012-07-05,107.29335021972656,136.7899932861328,137.8000030517578,136.2899932861328,136.89999389648438,126177500,SPY
2012-07-06,106.27371215820312,135.49000549316406,135.77000427246094,134.85000610351562,135.47000122070312,151192100,SPY
2012-07-09,106.1404037475586,135.32000732421875,135.57000732421875,134.6999969482422,135.3800048828125,103780500,SPY
2012-07-10,105.21481323242188,134.13999938964844,136.22999572753906,133.67999267578125,136.00999450683594,167884800,SPY
2012-07-11,105.23051452636719,134.16000366210938,134.60000610351562,133.3800048828125,134.2100067138672,141733400,SPY
2012-07-12,104.7206802368164,133.50999450683594,134.22999572753906,132.60000610351562,133.3800048828125,143583200,SPY
2012-07-13,106.4776382446289,135.75,135.88999938964844,133.83999633789062,133.86000061035156,129642600,SPY
2012-07-16,106.2266616821289,135.42999267578125,135.8300018310547,134.89999389648438,135.44000244140625,97525200,SPY
2012-07-17,106.95608520507812,136.36000061035156,136.63999938964844,134.5500030517578,135.97000122070312,138860300,SPY
2012-07-18,107.74832916259766,137.3699951171875,137.63999938964844,135.9600067138672,136.0399932861328,113349700,SPY
2012-07-19,108.03064727783203,137.72999572753906,138.17999267578125,137.2100067138672,137.64999389648438,129847300,SPY
2012-07-20,107.04240417480469,136.47000122070312,137.16000366210938,136.32000732421875,136.9499969482422,142904500,SPY
2012-07-23,105.95997619628906,135.08999633789062,136.3800048828125,133.83999633789062,134.47000122070312,145210900,SPY
2012-07-24,105.05009460449219,133.92999267578125,135.25,133.02999877929688,135.19000244140625,173301200,SPY
2012-07-25,105.07363891601562,133.9600067138672,134.55999755859375,133.25,134.2100067138672,129122300,SPY
2012-07-26,106.80706787109375,136.1699981689453,136.4600067138672,135.25999450683594,135.88999938964844,156526500,SPY
2012-07-27,108.77584075927734,138.67999267578125,139.07000732421875,136.13999938964844,136.88999938964844,236768900,SPY
2012-07-30,108.77584075927734,138.67999267578125,139.33999633789062,138.27000427246094,138.52000427246094,106782000,SPY
2012-07-31,108.01498413085938,137.7100067138672,138.8699951171875,137.7100067138672,138.49000549316406,120575900,SPY
2012-08-01,107.9209213256836,137.58999633789062,138.72999572753906,137.39999389648438,138.6999969482422,138293800,SPY
2012-08-02,107.17572784423828,136.63999938964844,137.57000732421875,135.5800018310547,136.5500030517578,199556600,SPY
2012-08-03,109.3014144897461,139.35000610351562,139.63999938964844,136.67999267578125,138.55999755859375,157825000,SPY
2012-08-06,109.51312255859375,139.6199951171875,140.1699981689453,139.55999755859375,139.72000122070312,86326200,SPY
2012-08-07,110.06221771240234,140.32000732421875,140.9199981689453,140.02999877929688,140.17999267578125,109545100,SPY
2012-08-08,110.19556427001953,140.49000549316406,140.64999389648438,139.80999755859375,139.85000610351562,89754700,SPY
2012-08-09,110.28964233398438,140.61000061035156,140.88999938964844,140.14999389648438,140.2899932861328,90291700,SPY
2012-08-10,110.4700698852539,140.83999633789062,140.88999938964844,139.80999755859375,140.0399932861328,99792700,SPY
2012-08-13,110.41515350341797,140.77000427246094,140.83999633789062,140.0399932861328,140.60000610351562,79426900,SPY
2012-08-14,110.43084716796875,140.7899932861328,141.3800048828125,140.3699951171875,141.2899932861328,102379400,SPY
2012-08-15,110.55633544921875,140.9499969482422,141.19000244140625,140.5500030517578,140.63999938964844,71085900,SPY
2012-08-16,111.37210845947266,141.99000549316406,142.16000366210938,140.8000030517578,141.14999389648438,112014200,SPY
2012-08-17,111.52112579345703,142.17999267578125,142.3000030517578,141.86000061035156,142.22999572753906,90813700,SPY
2012-08-20,111.52896881103516,142.19000244140625,142.22000122070312,141.58999633789062,141.97999572753906,78255700,SPY
2012-08-21,111.1916732788086,141.75999450683594,143.08999633789062,141.4499969482422,142.5399932861328,105581100,SPY
2012-08-22,111.23871612548828,141.82000732421875,142.0500030517578,141.07000732421875,141.39999389648438,133243500,SPY
2012-08-23,110.328857421875,140.66000366210938,141.47999572753906,140.44000244140625,141.47000122070312,111466400,SPY
2012-08-24,110.99556732177734,141.50999450683594,141.8300018310547,140.22000122070312,140.30999755859375,99481200,SPY
2012-08-27,111.01912689208984,141.5399932861328,142.0800018310547,141.33999633789062,141.88999938964844,68785900,SPY
2012-08-28,110.9093246459961,141.39999389648438,141.83999633789062,140.97000122070312,141.17999267578125,75689600,SPY
2012-08-29,110.99556732177734,141.50999450683594,141.88999938964844,141.1199951171875,141.52000427246094,65421300,SPY
2012-08-30,110.19556427001953,140.49000549316406,140.94000244140625,140.19000244140625,140.89999389648438,96589900,SPY
2012-08-31,110.72105407714844,141.16000366210938,141.82000732421875,140.36000061035156,141.2899932861328,151970400,SPY
2012-09-04,110.61910247802734,141.02999877929688,141.4600067138672,140.1300048828125,141.0399932861328,120226200,SPY
2012-09-05,110.52496337890625,140.91000366210938,141.47000122070312,140.6300048828125,141.08999633789062,100660300,SPY
2012-09-06,112.76824951171875,143.77000427246094,143.77999877929688,141.75,141.75999450683594,158272500,SPY
2012-09-07,113.20748138427734,144.3300018310547,144.38999938964844,143.8800048828125,144.00999450683594,107272100,SPY
2012-09-10,112.56432342529297,143.50999450683594,144.44000244140625,143.4600067138672,144.19000244140625,86458500,SPY
2012-09-11,112.87805938720703,143.91000366210938,144.3699951171875,143.55999755859375,143.60000610351562,88760000,SPY
2012-09-12,113.25455474853516,144.38999938964844,144.5500030517578,143.89999389648438,144.38999938964844,87640900,SPY
2012-09-13,114.98018646240234,146.58999633789062,147.0399932861328,143.99000549316406,144.3699951171875,225470200,SPY
2012-09-14,115.48999786376953,147.24000549316406,148.11000061035156,146.75999450683594,146.8800048828125,169777000,SPY
2012-09-17,115.09782409667969,146.74000549316406,147.19000244140625,146.3699951171875,146.94000244140625,119427800,SPY
2012-09-18,115.00373840332031,146.6199951171875,146.80999755859375,146.25,146.49000549316406,98326600,SPY
2012-09-19,115.06645965576172,146.6999969482422,147.1699981689453,146.41000366210938,146.7899932861328,128318300,SPY
2012-09-20,115.07430267333984,146.7100067138672,146.7899932861328,145.6300048828125,146.02999877929688,154009800,SPY
2012-09-21,115.02619934082031,145.8699951171875,146.6699981689453,145.80999755859375,146.63999938964844,108737500,SPY
2012-09-24,114.85267639160156,145.64999389648438,145.97999572753906,145.0399932861328,145.14999389648438,95682000,SPY
2012-09-25,113.63044738769531,144.10000610351562,146.24000549316406,144.05999755859375,145.9600067138672,133165200,SPY
2012-09-26,112.99172973632812,143.2899932861328,144.11000061035156,142.9499969482422,144.07000732421875,146502200,SPY
2012-09-27,114.05624389648438,144.63999938964844,144.97000122070312,143.50999450683594,143.88999938964844,111830300,SPY
2012-09-28,113.52791595458984,143.97000122070312,144.55999755859375,143.4600067138672,144.08999633789062,150696100,SPY
2012-10-01,113.82758331298828,144.35000610351562,145.69000244140625,144.00999450683594,144.52000427246094,135911200,SPY
2012-10-02,113.94587707519531,144.5,145.14999389648438,143.8300018310547,144.9199981689453,113422200,SPY
2012-10-03,114.41108703613281,145.08999633789062,145.42999267578125,144.1300048828125,144.88999938964844,121283100,SPY
2012-10-04,115.23126220703125,146.1300048828125,146.33999633789062,145.44000244140625,145.63999938964844,124311600,SPY
2012-10-05,115.2391357421875,146.13999938964844,147.16000366210938,145.6999969482422,146.91000366210938,124842100,SPY
2012-10-08,114.8448257446289,145.63999938964844,146.1199951171875,145.30999755859375,145.60000610351562,78415400,SPY
2012-10-09,113.7093276977539,144.1999969482422,145.64999389648438,144.14999389648438,145.52999877929688,148872900,SPY
2012-10-10,112.98381042480469,143.27999877929688,144.32000732421875,143.08999633789062,144.17999267578125,124247500,SPY
2012-10-11,113.04689025878906,143.36000061035156,144.49000549316406,143.3300018310547,144.27999877929688,123601500,SPY
2012-10-12,112.67632293701172,142.88999938964844,143.9499969482422,142.5800018310547,143.4600067138672,124181900,SPY
2012-10-15,113.61470031738281,144.0800018310547,144.22999572753906,142.77000427246094,143.22999572753906,107689100,SPY
2012-10-16,114.76595306396484,145.5399932861328,145.63999938964844,144.66000366210938,144.75999450683594,108815500,SPY
2012-10-17,115.28643035888672,146.1999969482422,146.32000732421875,145.4199981689453,145.63999938964844,128834100,SPY
2012-10-18,114.9867935180664,145.82000732421875,146.52000427246094,145.3300018310547,145.82000732421875,148108500,SPY
2012-10-19,113.07061004638672,143.38999938964844,145.55999755859375,143.0500030517578,145.5500030517578,185645200,SPY
2012-10-22,113.08637237548828,143.41000366210938,143.6699981689453,142.27999877929688,143.14999389648438,125578600,SPY
2012-10-23,111.51712799072266,141.4199981689453,142.05999755859375,140.8300018310547,141.86000061035156,192056300,SPY
2012-10-24,111.20169830322266,141.02000427246094,142.10000610351562,140.8000030517578,141.92999267578125,120179400,SPY
2012-10-25,111.52501678466797,141.42999267578125,142.27999877929688,140.57000732421875,142.02000427246094,134457400,SPY
2012-10-26,111.46195220947266,141.35000610351562,141.83999633789062,140.38999938964844,141.3000030517578,146023500,SPY
2012-10-31,111.46195220947266,141.35000610351562,142.02999877929688,140.67999267578125,141.85000610351562,103438500,SPY
2012-11-01,112.6290054321289,142.8300018310547,143.00999450683594,141.52000427246094,141.64999389648438,100995600,SPY
2012-11-02,111.62753295898438,141.55999755859375,143.72000122070312,141.41000366210938,143.67999267578125,137702200,SPY
2012-11-05,111.85623931884766,141.85000610351562,142.1699981689453,140.92999267578125,141.35000610351562,98378500,SPY
2012-11-06,112.7315444946289,142.9600067138672,143.52000427246094,142.1300048828125,142.27999877929688,107068100,SPY
2012-11-07,110.17660522460938,139.72000122070312,141.67999267578125,139.05999755859375,141.66000366210938,264304500,SPY
2012-11-08,108.851806640625,138.0399932861328,140.41000366210938,137.92999267578125,139.6999969482422,181517300,SPY
2012-11-09,108.94646453857422,138.16000366210938,139.44000244140625,137.5500030517578,137.6199951171875,201055300,SPY
2012-11-12,109.03319549560547,138.27000427246094,138.80999755859375,137.9600067138672,138.58999633789062,97677500,SPY
2012-11-13,108.6546630859375,137.7899932861328,139.25,137.36000061035156,137.5399932861328,123018300,SPY
2012-11-14,107.18797302246094,135.92999267578125,138.42999267578125,135.6199951171875,138.2100067138672,191505000,SPY
2012-11-15,107.00658416748047,135.6999969482422,136.49000549316406,135.17999267578125,135.97999572753906,178128400,SPY
2012-11-16,107.5349349975586,136.3699951171875,136.63999938964844,134.6999969482422,135.89999389648438,239483900,SPY
2012-11-19,109.71137237548828,139.1300048828125,139.14999389648438,136.41000366210938,137.89999389648438,151495800,SPY
2012-11-20,109.7586898803711,139.19000244140625,139.4199981689453,138.0800018310547,138.91000366210938,119807400,SPY
2012-11-21,109.96369934082031,139.4499969482422,139.57000732421875,139.02999877929688,139.30999755859375,81710800,SPY
2012-11-23,111.46195220947266,141.35000610351562,141.39999389648438,140.0399932861328,140.1300048828125,65409200,SPY
2012-11-26,111.225341796875,141.0500030517578,141.36000061035156,140.19000244140625,140.64999389648438,100124400,SPY
2012-11-27,110.65762329101562,140.3300018310547,141.38999938964844,140.24000549316406,140.91000366210938,128646200,SPY
2012-11-28,111.54867553710938,141.4600067138672,141.5399932861328,139.0,139.75999450683594,177086500,SPY
2012-11-29,112.06913757324219,142.1199951171875,142.50999450683594,141.3699951171875,141.99000549316406,151085900,SPY
2012-11-30,112.0927963256836,142.14999389648438,142.4199981689453,141.66000366210938,142.13999938964844,136568300,SPY
2012-12-03,111.5407485961914,141.4499969482422,142.9199981689453,141.33999633789062,142.8000030517578,124656300,SPY
2012-12-04,111.38308715820312,141.25,141.8699951171875,140.8699951171875,141.44000244140625,127512200,SPY
2012-12-05,111.58018493652344,141.5,142.16000366210938,140.3699951171875,141.3699951171875,147300500,SPY
2012-12-06,111.95869445800781,141.97999572753906,142.0399932861328,141.16000366210938,141.3699951171875,103220600,SPY
2012-12-07,112.29776000976562,142.41000366210938,142.69000244140625,141.6699981689453,142.52999877929688,108726400,SPY
2012-12-10,112.34510040283203,142.47000122070312,142.80999755859375,142.14999389648438,142.2100067138672,98840700,SPY
2012-12-11,113.10997009277344,143.44000244140625,144.11000061035156,142.99000549316406,143.05999755859375,152570400,SPY
2012-12-12,113.16522216796875,143.50999450683594,144.5500030517578,143.30999755859375,144.0,145880100,SPY
2012-12-13,112.4712905883789,142.6300048828125,143.8300018310547,142.27000427246094,143.4199981689453,135715000,SPY
2012-12-14,112.05331420898438,142.10000610351562,142.5800018310547,141.8800048828125,142.32000732421875,137701700,SPY
2012-12-17,113.37022399902344,143.77000427246094,143.85000610351562,142.42999267578125,142.47000122070312,143238200,SPY
2012-12-18,114.63190460205078,145.3699951171875,145.5,143.7899932861328,144.0,177762800,SPY
2012-12-19,113.78025817871094,144.2899932861328,145.5800018310547,144.24000549316406,145.52999877929688,150895400,SPY
2012-12-20,114.4347915649414,145.1199951171875,145.13999938964844,143.97999572753906,144.3800048828125,168487000,SPY
2012-12-21,113.39598846435547,142.7899932861328,144.08999633789062,141.94000244140625,142.1699981689453,245883800,SPY
2012-12-24,113.04661560058594,142.35000610351562,142.55999755859375,142.19000244140625,142.47999572753906,53874600,SPY
2012-12-26,112.57010650634766,141.75,142.7100067138672,141.35000610351562,142.63999938964844,106947700,SPY
2012-12-27,112.41924285888672,141.55999755859375,142.0800018310547,139.9199981689453,141.7899932861328,167920600,SPY
2012-12-28,111.20417785644531,140.02999877929688,141.4199981689453,139.8699951171875,140.63999938964844,148806700,SPY
2012-12-31,113.09422302246094,142.41000366210938,142.55999755859375,139.5399932861328,139.66000366210938,243935200,SPY
2013-01-02,115.99291229248047,146.05999755859375,146.14999389648438,144.72999572753906,145.11000061035156,192059000,SPY
2013-01-03,115.73084259033203,145.72999572753906,146.3699951171875,145.33999633789062,145.99000549316406,144761800,SPY
2013-01-04,116.2391128540039,146.3699951171875,146.61000061035156,145.6699981689453,145.97000122070312,116817700,SPY
2013-01-07,115.92143249511719,145.97000122070312,146.11000061035156,145.42999267578125,145.85000610351562,110002500,SPY
2013-01-08,115.587890625,145.5500030517578,145.91000366210938,144.97999572753906,145.7100067138672,121265100,SPY
2013-01-09,115.88169860839844,145.9199981689453,146.32000732421875,145.63999938964844,145.8699951171875,90745600,SPY
2013-01-10,116.80293273925781,147.0800018310547,147.08999633789062,145.97000122070312,146.72999572753906,130735400,SPY
2013-01-11,116.79498291015625,147.07000732421875,147.14999389648438,146.61000061035156,147.0399932861328,113917300,SPY
2013-01-14,116.71558380126953,146.97000122070312,147.07000732421875,146.42999267578125,146.88999938964844,89567200,SPY
2013-01-15,116.79498291015625,147.07000732421875,147.2100067138672,146.1999969482422,146.2899932861328,93172600,SPY
2013-01-16,116.77904510498047,147.0500030517578,147.27999877929688,146.61000061035156,146.77000427246094,104849500,SPY
2013-01-17,117.53356170654297,148.0,148.4199981689453,147.14999389648438,147.6999969482422,133833500,SPY
2013-01-18,117.79560852050781,148.3300018310547,148.49000549316406,147.42999267578125,147.97000122070312,169906000,SPY
2013-01-22,118.43092346191406,149.1300048828125,149.1300048828125,147.97999572753906,148.3300018310547,111797300,SPY
2013-01-23,118.62154388427734,149.3699951171875,149.5,148.86000061035156,149.1300048828125,104596100,SPY
2013-01-24,118.65328216552734,149.41000366210938,150.13999938964844,149.00999450683594,149.14999389648438,146426400,SPY
2013-01-25,119.32035064697266,150.25,150.25,149.3699951171875,149.8800048828125,147211600,SPY
2013-01-28,119.17742156982422,150.07000732421875,150.3300018310547,149.50999450683594,150.2899932861328,113357700,SPY
2013-01-29,119.64602661132812,150.66000366210938,150.85000610351562,149.6699981689453,149.77000427246094,105694400,SPY
2013-01-30,119.17742156982422,150.07000732421875,150.94000244140625,149.92999267578125,150.63999938964844,137447700,SPY
2013-01-31,118.88360595703125,149.6999969482422,150.3800048828125,149.60000610351562,149.88999938964844,108975800,SPY
2013-02-01,120.1065673828125,151.24000549316406,151.4199981689453,150.38999938964844,150.64999389648438,131173000,SPY
2013-02-04,118.75651550292969,149.5399932861328,151.27000427246094,149.42999267578125,150.32000732421875,159073600,SPY
2013-02-05,119.95567321777344,151.0500030517578,151.47999572753906,150.2899932861328,150.35000610351562,113912400,SPY
2013-02-06,120.04301452636719,151.16000366210938,151.25999450683594,150.41000366210938,150.52000427246094,138762800,SPY
2013-02-07,119.88422393798828,150.9600067138672,151.35000610351562,149.86000061035156,151.2100067138672,162490000,SPY
2013-02-08,120.55126190185547,151.8000030517578,151.88999938964844,151.22000122070312,151.22000122070312,103133700,SPY
2013-02-11,120.5274658203125,151.77000427246094,151.89999389648438,151.38999938964844,151.74000549316406,73775000,SPY
2013-02-12,120.72601318359375,152.02000427246094,152.3000030517578,151.61000061035156,151.77999877929688,65392700,SPY
2013-02-13,120.82925415039062,152.14999389648438,152.61000061035156,151.72000122070312,152.3300018310547,82322600,SPY
2013-02-14,120.94041442871094,152.2899932861328,152.47000122070312,151.52000427246094,151.69000244140625,80834300,SPY
2013-02-15,120.7974624633789,152.11000061035156,152.58999633789062,151.5500030517578,152.42999267578125,215226500,SPY
2013-02-19,121.70279693603516,153.25,153.27999877929688,152.16000366210938,152.3699951171875,95105400,SPY
2013-02-20,120.18596649169922,151.33999633789062,153.19000244140625,151.25999450683594,153.13999938964844,160574800,SPY
2013-02-21,119.45537567138672,150.4199981689453,151.4199981689453,149.94000244140625,150.9600067138672,183257000,SPY
2013-02-22,120.6227798461914,151.88999938964844,151.88999938964844,150.49000549316406,151.14999389648438,106356600,SPY
2013-02-25,118.32765197753906,149.0,152.86000061035156,149.0,152.6300048828125,245824800,SPY
2013-02-26,119.13774871826172,150.02000427246094,150.1999969482422,148.72999572753906,149.72000122070312,186596200,SPY
2013-02-27,120.63862609863281,151.91000366210938,152.3300018310547,149.75999450683594,149.88999938964844,150781900,SPY
2013-02-28,120.40046691894531,151.61000061035156,152.8699951171875,151.41000366210938,151.89999389648438,126866000,SPY
2013-03-01,120.7974624633789,152.11000061035156,152.33999633789062,150.41000366210938,151.08999633789062,170634800,SPY
2013-03-04,121.44072723388672,152.9199981689453,152.9199981689453,151.52000427246094,151.75999450683594,99010200,SPY
2013-03-05,122.52872467041016,154.2899932861328,154.6999969482422,153.63999938964844,153.66000366210938,121431900,SPY
2013-03-06,122.69548797607422,154.5,154.9199981689453,154.16000366210938,154.83999633789062,94469900,SPY
2013-03-07,122.91780853271484,154.77999877929688,154.97999572753906,154.52000427246094,154.6999969482422,86101400,SPY
2013-03-08,123.44197082519531,155.44000244140625,155.64999389648438,154.66000366210938,155.4600067138672,123477800,SPY
2013-03-11,123.91053009033203,156.02999877929688,156.0399932861328,155.1300048828125,155.32000732421875,83746800,SPY
2013-03-12,123.63253784179688,155.67999267578125,156.10000610351562,155.2100067138672,155.9199981689453,105755800,SPY
2013-03-13,123.80729675292969,155.89999389648438,156.1199951171875,155.22999572753906,155.75999450683594,92550900,SPY
2013-03-14,124.46644592285156,156.72999572753906,156.8000030517578,155.91000366210938,156.30999755859375,126329900,SPY
2013-03-15,124.30213928222656,155.8300018310547,156.0399932861328,155.30999755859375,155.85000610351562,138601100,SPY
2013-03-18,123.61608123779297,154.97000122070312,155.63999938964844,154.1999969482422,154.33999633789062,126704300,SPY
2013-03-19,123.32892608642578,154.61000061035156,155.50999450683594,153.58999633789062,155.3000030517578,167567300,SPY
2013-03-20,124.1904296875,155.69000244140625,155.9499969482422,155.25999450683594,155.52000427246094,113759300,SPY
2013-03-21,123.12952423095703,154.36000061035156,155.63999938964844,154.10000610351562,154.75999450683594,128605000,SPY
2013-03-22,124.11865234375,155.60000610351562,155.60000610351562,154.72999572753906,154.85000610351562,111163600,SPY
2013-03-25,123.60016632080078,154.9499969482422,156.27000427246094,154.35000610351562,156.00999450683594,151322300,SPY
2013-03-26,124.58924865722656,156.19000244140625,156.22999572753906,155.4199981689453,155.58999633789062,86856600,SPY
2013-03-27,124.58924865722656,156.19000244140625,156.24000549316406,155.0,155.25999450683594,99950600,SPY
2013-03-28,124.97212982177734,156.6699981689453,156.85000610351562,155.75,156.08999633789062,102932800,SPY
2013-04-01,124.47761535644531,156.0500030517578,156.91000366210938,155.6699981689453,156.58999633789062,99194100,SPY
2013-04-02,125.09178924560547,156.82000732421875,157.2100067138672,156.3699951171875,156.61000061035156,101504300,SPY
2013-04-03,123.82347106933594,155.22999572753906,157.02999877929688,154.82000732421875,156.91000366210938,154167400,SPY
2013-04-04,124.32601165771484,155.86000061035156,156.1699981689453,155.08999633789062,155.42999267578125,131885000,SPY
2013-04-05,123.76764678955078,155.16000366210938,155.35000610351562,153.77000427246094,153.9499969482422,159666000,SPY
2013-04-08,124.605224609375,156.2100067138672,156.22000122070312,154.75,155.27000427246094,86571200,SPY
2013-04-09,125.0359115600586,156.75,157.32000732421875,155.97999572753906,156.5,101922200,SPY
2013-04-10,126.56749725341797,158.6699981689453,158.8699951171875,157.1300048828125,157.1699981689453,135711100,SPY
2013-04-11,126.98230743408203,159.19000244140625,159.7100067138672,158.5399932861328,158.6999969482422,110142500,SPY
2013-04-12,126.67115783691406,158.8000030517578,159.0399932861328,157.9199981689453,158.67999267578125,116359900,SPY
2013-04-15,123.73573303222656,155.1199951171875,158.1300048828125,155.10000610351562,158.0,217259000,SPY
2013-04-16,125.56244659423828,157.41000366210938,157.49000549316406,155.91000366210938,156.2899932861328,147507800,SPY
2013-04-17,123.72771453857422,155.11000061035156,156.32000732421875,154.27999877929688,156.2899932861328,226834800,SPY
2013-04-18,122.9539794921875,154.13999938964844,155.41000366210938,153.5500030517578,155.3699951171875,167583200,SPY
2013-04-19,124.02291107177734,155.47999572753906,155.5500030517578,154.1199951171875,154.5,149687600,SPY
2013-04-22,124.57329559326172,156.1699981689453,156.5399932861328,154.75,155.77999877929688,106553500,SPY
2013-04-23,125.85758972167969,157.77999877929688,157.92999267578125,156.1699981689453,156.9499969482422,166141300,SPY
2013-04-24,125.93732452392578,157.8800048828125,158.3000030517578,157.5399932861328,157.8300018310547,96781200,SPY
2013-04-25,126.44784545898438,158.52000427246094,159.27000427246094,158.10000610351562,158.33999633789062,131060600,SPY
2013-04-26,126.22447204589844,158.24000549316406,158.60000610351562,157.72999572753906,158.3300018310547,95918800,SPY
2013-04-29,127.06999969482422,159.3000030517578,159.64999389648438,158.4199981689453,158.6699981689453,88572800,SPY
2013-04-30,127.37312316894531,159.67999267578125,159.72000122070312,158.61000061035156,159.27000427246094,116010700,SPY
2013-05-01,126.25638580322266,158.27999877929688,159.41000366210938,158.10000610351562,159.3300018310547,138874200,SPY
2013-05-02,127.42898559570312,159.75,159.88999938964844,158.52999877929688,158.67999267578125,96407600,SPY
2013-05-03,128.7212677001953,161.3699951171875,161.8800048828125,159.77999877929688,161.13999938964844,144202300,SPY
2013-05-06,129.0482940673828,161.77999877929688,162.00999450683594,161.4199981689453,161.49000549316406,66882100,SPY
2013-05-07,129.702392578125,162.60000610351562,162.64999389648438,161.6699981689453,162.1300048828125,90359200,SPY
2013-05-08,130.29266357421875,163.33999633789062,163.38999938964844,162.3300018310547,162.4199981689453,97419200,SPY
2013-05-09,129.9257049560547,162.8800048828125,163.6999969482422,162.47000122070312,163.27000427246094,106738600,SPY
2013-05-10,130.34852600097656,163.41000366210938,163.5500030517578,162.50999450683594,162.99000549316406,103203000,SPY
2013-05-13,130.4521942138672,163.5399932861328,163.80999755859375,162.82000732421875,163.1999969482422,81843200,SPY
2013-05-14,131.8002471923828,165.22999572753906,165.35000610351562,163.6699981689453,163.6699981689453,119000900,SPY
2013-05-15,132.51025390625,166.1199951171875,166.4499969482422,164.91000366210938,164.9600067138672,120718500,SPY
2013-05-16,131.88800048828125,165.33999633789062,166.36000061035156,165.08999633789062,165.77999877929688,109913600,SPY
2013-05-17,133.16429138183594,166.94000244140625,167.0399932861328,165.72999572753906,165.9499969482422,129801000,SPY
2013-05-20,133.15638732910156,166.92999267578125,167.5800018310547,166.61000061035156,166.77999877929688,85071200,SPY
2013-05-21,133.3477783203125,167.1699981689453,167.8000030517578,166.5,167.0800018310547,95804200,SPY
2013-05-22,132.35862731933594,165.92999267578125,169.07000732421875,165.1699981689453,167.33999633789062,244031800,SPY
2013-05-23,131.9757537841797,165.4499969482422,165.91000366210938,163.94000244140625,164.16000366210938,211064400,SPY
2013-05-24,131.86407470703125,165.30999755859375,165.3800048828125,163.97999572753906,164.47000122070312,151573900,SPY
2013-05-28,132.65379333496094,166.3000030517578,167.77999877929688,165.80999755859375,167.0399932861328,143679800,SPY
2013-05-29,131.7922821044922,165.22000122070312,165.8000030517578,164.33999633789062,165.4199981689453,160363400,SPY
2013-05-30,132.2788848876953,165.8300018310547,166.58999633789062,165.22000122070312,165.35000610351562,107793800,SPY
2013-05-31,130.38038635253906,163.4499969482422,166.30999755859375,163.1300048828125,165.3699951171875,176850100,SPY
2013-06-03,131.09837341308594,164.35000610351562,164.4600067138672,162.66000366210938,163.8300018310547,168390700,SPY
2013-06-04,130.46815490722656,163.55999755859375,165.10000610351562,162.72999572753906,164.44000244140625,157631500,SPY
2013-06-05,128.6414794921875,161.27000427246094,163.4199981689453,161.1300048828125,163.08999633789062,211737800,SPY
2013-06-06,129.80606079101562,162.72999572753906,162.74000549316406,160.25,161.1999969482422,200225500,SPY
2013-06-07,131.45724487304688,164.8000030517578,164.9499969482422,163.13999938964844,163.85000610351562,188337800,SPY
2013-06-10,131.45724487304688,164.8000030517578,165.39999389648438,164.3699951171875,165.30999755859375,105667100,SPY
2013-06-11,130.10125732421875,163.10000610351562,164.5399932861328,162.74000549316406,163.3000030517578,159505400,SPY
2013-06-12,129.02430725097656,161.75,164.38999938964844,161.60000610351562,164.22000122070312,177361500,SPY
2013-06-13,130.98658752441406,164.2100067138672,164.5,161.3000030517578,161.66000366210938,163587800,SPY
2013-06-14,130.16502380371094,163.17999267578125,164.6699981689453,162.91000366210938,164.02999877929688,141197500,SPY
2013-06-17,131.170166015625,164.44000244140625,165.22000122070312,163.22000122070312,164.2899932861328,136295600,SPY
2013-06-18,132.20712280273438,165.74000549316406,165.99000549316406,164.52000427246094,164.52999877929688,114695600,SPY
2013-06-19,130.38038635253906,163.4499969482422,165.88999938964844,163.3800048828125,165.60000610351562,206149500,SPY
2013-06-20,127.14981842041016,159.39999389648438,163.47000122070312,158.97999572753906,161.86000061035156,321255900,SPY
2013-06-21,127.55797576904297,159.07000732421875,159.75999450683594,157.47000122070312,159.63999938964844,271956800,SPY
2013-06-24,125.94617462158203,157.05999755859375,158.42999267578125,155.72999572753906,157.41000366210938,222329000,SPY
2013-06-25,127.15705871582031,158.57000732421875,160.10000610351562,157.4199981689453,158.47999572753906,162262200,SPY
2013-06-26,128.41603088378906,160.13999938964844,160.5,159.25,159.8699951171875,134848000,SPY
2013-06-27,129.16976928710938,161.0800018310547,161.82000732421875,160.9499969482422,161.10000610351562,129483700,SPY
2013-06-28,128.6405487060547,160.4199981689453,161.39999389648438,159.86000061035156,160.6300048828125,160402900,SPY
2013-07-01,129.3943328857422,161.36000061035156,162.47999572753906,161.0800018310547,161.25999450683594,131954800,SPY
2013-07-02,129.2740936279297,161.2100067138672,162.3000030517578,160.5,161.1199951171875,154863700,SPY
2013-07-03,129.33018493652344,161.27999877929688,161.77000427246094,160.22000122070312,160.47999572753906,75216400,SPY
2013-07-05,130.72543334960938,163.02000427246094,163.0800018310547,161.3000030517578,162.47000122070312,122416900,SPY
2013-07-08,131.47128295898438,163.9499969482422,164.38999938964844,163.0800018310547,163.86000061035156,108092500,SPY
2013-07-09,132.41744995117188,165.1300048828125,165.3300018310547,164.27000427246094,164.97999572753906,119298000,SPY
2013-07-10,132.465576171875,165.19000244140625,165.75,164.6300048828125,164.97000122070312,121410100,SPY
2013-07-11,134.2698974609375,167.44000244140625,167.61000061035156,165.17999267578125,167.11000061035156,135592200,SPY
2013-07-12,134.32603454589844,167.50999450683594,167.92999267578125,167.1300048828125,167.38999938964844,104212700,SPY
2013-07-15,134.83924865722656,168.14999389648438,168.38999938964844,167.67999267578125,167.97000122070312,69450600,SPY
2013-07-16,134.33404541015625,167.52000427246094,168.36000061035156,167.07000732421875,168.25999450683594,88702100,SPY
2013-07-17,134.67884826660156,167.9499969482422,168.47999572753906,167.72999572753906,168.16000366210938,92873900,SPY
2013-07-18,135.4165802001953,168.8699951171875,169.27000427246094,168.1999969482422,168.30999755859375,103620100,SPY
2013-07-19,135.6571502685547,169.1699981689453,169.22999572753906,168.30999755859375,168.52000427246094,103831700,SPY
2013-07-22,135.92178344726562,169.5,169.74000549316406,169.00999450683594,169.41000366210938,79428600,SPY
2013-07-23,135.63307189941406,169.13999938964844,169.8300018310547,169.0500030517578,169.8000030517578,80829700,SPY
2013-07-24,135.1359405517578,168.52000427246094,169.86000061035156,168.17999267578125,169.7899932861328,112914000,SPY
2013-07-25,135.46470642089844,168.92999267578125,169.0800018310547,167.94000244140625,168.22000122070312,111088600,SPY
2013-07-26,135.6090087890625,169.11000061035156,169.16000366210938,167.52000427246094,168.22000122070312,107814600,SPY
2013-07-29,135.1920928955078,168.58999633789062,169.05999755859375,168.11000061035156,168.67999267578125,79695000,SPY
2013-07-30,135.1920928955078,168.58999633789062,169.27999877929688,168.19000244140625,169.10000610351562,85209600,SPY
2013-07-31,135.2882843017578,168.7100067138672,169.85000610351562,168.49000549316406,168.94000244140625,142388700,SPY
2013-08-01,136.85195922851562,170.66000366210938,170.80999755859375,169.89999389648438,169.99000549316406,110438400,SPY
2013-08-02,137.08453369140625,170.9499969482422,170.97000122070312,170.0500030517578,170.27999877929688,91116700,SPY
2013-08-05,136.88401794433594,170.6999969482422,170.9600067138672,170.35000610351562,170.57000732421875,54072700,SPY
2013-08-06,136.10618591308594,169.72999572753906,170.74000549316406,169.35000610351562,170.3699951171875,87495000,SPY
2013-08-07,135.6651611328125,169.17999267578125,169.42999267578125,168.5500030517578,169.19000244140625,84854700,SPY
2013-08-08,136.1623077392578,169.8000030517578,170.17999267578125,168.92999267578125,169.97999572753906,102181300,SPY
2013-08-09,135.76943969726562,169.30999755859375,170.10000610351562,168.72000122070312,169.5800018310547,91757700,SPY
2013-08-12,135.6090087890625,169.11000061035156,169.30999755859375,168.3800048828125,168.4600067138672,68593300,SPY
2013-08-13,136.00999450683594,169.61000061035156,169.89999389648438,168.41000366210938,169.41000366210938,80806000,SPY
2013-08-14,135.31236267089844,168.74000549316406,169.8000030517578,168.6999969482422,169.52999877929688,79829200,SPY
2013-08-15,133.41983032226562,166.3800048828125,167.42999267578125,166.08999633789062,167.41000366210938,152931800,SPY
2013-08-16,132.97885131835938,165.8300018310547,166.6300048828125,165.5,166.05999755859375,130868200,SPY
2013-08-19,132.1288299560547,164.77000427246094,166.2100067138672,164.75999450683594,165.63999938964844,96437600,SPY
2013-08-20,132.77830505371094,165.5800018310547,166.1999969482422,164.86000061035156,165.0399932861328,89294400,SPY
2013-08-21,131.96043395996094,164.55999755859375,166.02999877929688,164.19000244140625,165.1199951171875,159530500,SPY
2013-08-22,133.1632537841797,166.05999755859375,166.3000030517578,164.88999938964844,164.89999389648438,101471400,SPY
2013-08-23,133.61227416992188,166.6199951171875,166.8300018310547,165.77000427246094,166.5500030517578,90888900,SPY
2013-08-26,133.1150665283203,166.0,167.3000030517578,165.88999938964844,166.7899932861328,89702100,SPY
2013-08-27,130.97406005859375,163.3300018310547,166.0,163.2100067138672,164.36000061035156,158619400,SPY
2013-08-28,131.43914794921875,163.91000366210938,164.49000549316406,163.0500030517578,163.25999450683594,108113000,SPY
2013-08-29,131.64768981933594,164.1699981689453,165.0399932861328,163.39999389648438,163.5500030517578,119200500,SPY
2013-08-30,131.23068237304688,163.64999389648438,164.52999877929688,163.1699981689453,164.50999450683594,134928900,SPY
2013-09-03,131.8240509033203,164.38999938964844,165.5800018310547,163.6999969482422,165.22999572753906,142375100,SPY
2013-09-04,132.91468811035156,165.75,166.02999877929688,164.1300048828125,164.42999267578125,97389400,SPY
2013-09-05,133.0830535888672,165.9600067138672,166.39999389648438,165.72999572753906,165.85000610351562,63090500,SPY
2013-09-06,133.147216796875,166.0399932861328,166.97999572753906,164.47999572753906,166.50999450683594,159756500,SPY
2013-09-09,134.4222412109375,167.6300048828125,167.72999572753906,166.4499969482422,166.4499969482422,87559300,SPY
2013-09-10,135.4165802001953,168.8699951171875,168.89999389648438,168.25999450683594,168.63999938964844,105847200,SPY
2013-09-11,135.8415985107422,169.39999389648438,169.39999389648438,168.35000610351562,168.63999938964844,94545900,SPY
2013-09-12,135.48074340820312,168.9499969482422,169.55999755859375,168.72000122070312,169.33999633789062,83209000,SPY
2013-09-13,135.78543090820312,169.3300018310547,169.4600067138672,168.74000549316406,169.1300048828125,72727800,SPY
2013-09-16,136.5713348388672,170.30999755859375,171.24000549316406,170.0399932861328,171.16000366210938,106299200,SPY
2013-09-17,137.1807403564453,171.07000732421875,171.11000061035156,170.4600067138672,170.4600067138672,82523300,SPY
2013-09-18,138.76852416992188,173.0500030517578,173.52000427246094,170.5800018310547,171.00999450683594,203460600,SPY
2013-09-19,138.5360107421875,172.75999450683594,173.60000610351562,172.58999633789062,173.52000427246094,146616900,SPY
2013-09-20,137.56741333007812,170.72000122070312,172.3300018310547,170.5800018310547,172.3300018310547,132867100,SPY
2013-09-23,136.9307861328125,169.92999267578125,170.64999389648438,169.38999938964844,170.49000549316406,104616500,SPY
2013-09-24,136.60845947265625,169.52999877929688,170.52999877929688,169.2100067138672,169.89999389648438,106333100,SPY
2013-09-25,136.21363830566406,169.0399932861328,169.97999572753906,168.88999938964844,169.63999938964844,117306500,SPY
2013-09-26,136.73744201660156,169.69000244140625,170.1699981689453,169.0500030517578,169.32000732421875,77146900,SPY
2013-09-27,136.10890197753906,168.91000366210938,169.13999938964844,168.47000122070312,168.83999633789062,99141800,SPY
2013-09-30,135.38363647460938,168.00999450683594,168.5399932861328,167.14999389648438,167.47999572753906,143937000,SPY
2013-10-01,136.45533752441406,169.33999633789062,169.5,167.97000122070312,168.13999938964844,127160000,SPY
2013-10-02,136.32643127441406,169.17999267578125,169.33999633789062,167.8300018310547,168.35000610351562,113350000,SPY
2013-10-03,135.0694122314453,167.6199951171875,168.94000244140625,166.83999633789062,168.7899932861328,176698000,SPY
2013-10-04,136.0927734375,168.88999938964844,169.05999755859375,167.52999877929688,167.75,96878000,SPY
2013-10-07,134.91632080078125,167.42999267578125,168.4499969482422,167.25,167.4199981689453,96295000,SPY
2013-10-08,133.344970703125,165.47999572753906,167.6199951171875,165.36000061035156,167.39999389648438,178015000,SPY
2013-10-09,133.44168090820312,165.60000610351562,166.1999969482422,164.52999877929688,165.8000030517578,168973000,SPY
2013-10-10,136.31837463378906,169.1699981689453,169.25999450683594,167.22999572753906,167.2899932861328,195955000,SPY
2013-10-11,137.1967315673828,170.25999450683594,170.32000732421875,168.77000427246094,168.91000366210938,105040000,SPY
2013-10-14,137.7446746826172,170.94000244140625,171.0800018310547,169.0800018310547,169.2100067138672,112106000,SPY
2013-10-15,136.74551391601562,169.6999969482422,171.14999389648438,169.47000122070312,170.50999450683594,155485000,SPY
2013-10-16,138.65521240234375,172.07000732421875,172.16000366210938,170.63999938964844,170.72000122070312,161676000,SPY
2013-10-17,139.58193969726562,173.22000122070312,173.32000732421875,171.33999633789062,171.3699951171875,129389000,SPY
2013-10-18,140.52468872070312,174.38999938964844,174.50999450683594,173.50999450683594,173.86000061035156,138316000,SPY
2013-10-21,140.53277587890625,174.39999389648438,174.75,174.00999450683594,174.4499969482422,104104000,SPY
2013-10-22,141.34664916992188,175.41000366210938,175.92999267578125,174.42999267578125,174.91000366210938,126663000,SPY
2013-10-23,140.66973876953125,174.57000732421875,174.88999938964844,173.9600067138672,174.80999755859375,105484000,SPY
2013-10-24,141.13710021972656,175.14999389648438,175.3699951171875,174.50999450683594,174.9199981689453,70350000,SPY
2013-10-25,141.7818145751953,175.9499969482422,176.0,175.1699981689453,175.50999450683594,93625000,SPY
2013-10-28,142.00735473632812,176.22999572753906,176.47000122070312,175.6999969482422,175.88999938964844,84979000,SPY
2013-10-29,142.7648162841797,177.1699981689453,177.24000549316406,176.3800048828125,176.6300048828125,87401000,SPY
2013-10-30,142.05567932128906,176.2899932861328,177.50999450683594,175.66000366210938,177.3800048828125,140002000,SPY
2013-10-31,141.65289306640625,175.7899932861328,176.88999938964844,175.52999877929688,176.14999389648438,133795000,SPY
2013-11-01,141.99127197265625,176.2100067138672,176.61000061035156,175.22000122070312,176.02000427246094,142805000,SPY
2013-11-04,142.49087524414062,176.8300018310547,176.89999389648438,175.97999572753906,176.69000244140625,85677000,SPY
2013-11-05,142.0395965576172,176.27000427246094,176.75,175.57000732421875,176.13999938964844,85825000,SPY
2013-11-06,142.7648162841797,177.1699981689453,177.5,176.5399932861328,177.02999877929688,87348000,SPY
2013-11-07,140.95974731445312,174.92999267578125,177.63999938964844,174.75999450683594,177.5,157000000,SPY
2013-11-08,142.86155700683594,177.2899932861328,177.30999755859375,174.85000610351562,174.8699951171875,136713000,SPY
2013-11-11,142.88572692871094,177.32000732421875,177.52999877929688,176.91000366210938,177.1199951171875,62614000,SPY
2013-11-12,142.59568786621094,176.9600067138672,177.36000061035156,176.3699951171875,176.94000244140625,83990000,SPY
2013-11-13,143.73988342285156,178.3800048828125,178.42999267578125,176.08999633789062,176.08999633789062,103844000,SPY
2013-11-14,144.45703125,179.27000427246094,179.4199981689453,178.25,178.5399932861328,103435000,SPY
2013-11-15,145.08555603027344,180.0500030517578,180.1199951171875,179.3300018310547,179.55999755859375,102818000,SPY
2013-11-18,144.57791137695312,179.4199981689453,180.5,179.02000427246094,180.35000610351562,104796000,SPY
2013-11-19,144.26368713378906,179.02999877929688,179.8699951171875,178.72000122070312,179.3300018310547,93891000,SPY
2013-11-20,143.8124542236328,178.47000122070312,179.92999267578125,177.97999572753906,179.38999938964844,124909000,SPY
2013-11-21,144.97279357910156,179.91000366210938,180.0500030517578,178.86000061035156,178.97000122070312,92841000,SPY
2013-11-22,145.69798278808594,180.80999755859375,180.8300018310547,179.77000427246094,179.97999572753906,81296000,SPY
2013-11-25,145.55299377441406,180.6300048828125,181.1699981689453,180.3699951171875,181.1300048828125,79486000,SPY
2013-11-26,145.59317016601562,180.67999267578125,181.22000122070312,180.41000366210938,180.72000122070312,86994000,SPY
2013-11-27,145.94773864746094,181.1199951171875,181.24000549316406,180.64999389648438,180.8699951171875,58800000,SPY
2013-11-29,145.8511199951172,181.0,181.75,180.8000030517578,181.32000732421875,55870900,SPY
2013-12-02,145.47242736816406,180.52999877929688,181.42999267578125,180.25,181.08999633789062,99726000,SPY
2013-12-03,144.84384155273438,179.75,180.38999938964844,179.1699981689453,179.94000244140625,116563000,SPY
2013-12-04,144.82769775390625,179.72999572753906,180.47999572753906,178.35000610351562,179.10000610351562,123033000,SPY
2013-12-05,144.19110107421875,178.94000244140625,179.74000549316406,178.77000427246094,179.41000366210938,106934000,SPY
2013-12-06,145.80270385742188,180.94000244140625,181.11000061035156,180.14999389648438,180.6699981689453,127728000,SPY
2013-12-09,146.1734161376953,181.39999389648438,181.6699981689453,181.16000366210938,181.47000122070312,70124000,SPY
2013-12-10,145.64962768554688,180.75,181.36000061035156,180.63999938964844,180.97999572753906,80976000,SPY
2013-12-11,144.0138397216797,178.72000122070312,180.85000610351562,178.5,180.82000732421875,130591000,SPY
2013-12-12,143.5384521484375,178.1300048828125,178.86000061035156,177.75999450683594,178.63999938964844,115565000,SPY
2013-12-13,143.5222930908203,178.11000061035156,178.66000366210938,177.77000427246094,178.5,107808000,SPY
2013-12-16,144.41671752929688,179.22000122070312,179.80999755859375,178.89999389648438,178.9499969482422,96195000,SPY
2013-12-17,143.9574432373047,178.64999389648438,179.41000366210938,178.25,179.3800048828125,89886000,SPY
2013-12-18,146.4151611328125,181.6999969482422,181.72999572753906,177.32000732421875,178.9199981689453,234906000,SPY
2013-12-19,146.2459716796875,181.49000549316406,181.6999969482422,180.7100067138672,181.17999267578125,136531200,SPY
2013-12-20,147.0966033935547,181.55999755859375,181.99000549316406,180.57000732421875,180.69000244140625,197087000,SPY
2013-12-23,147.88250732421875,182.52999877929688,182.63999938964844,182.07000732421875,182.4499969482422,85598000,SPY
2013-12-24,148.2065887451172,182.92999267578125,183.00999450683594,182.52999877929688,182.5399932861328,45368800,SPY
2013-12-26,148.96002197265625,183.86000061035156,183.9600067138672,183.32000732421875,183.33999633789062,63365000,SPY
2013-12-27,148.95191955566406,183.85000610351562,184.17999267578125,183.66000366210938,184.10000610351562,61814000,SPY
2013-12-30,148.92764282226562,183.82000732421875,184.02000427246094,183.5800018310547,183.8699951171875,56857000,SPY
2013-12-31,149.63247680664062,184.69000244140625,184.69000244140625,183.92999267578125,184.07000732421875,86119900,SPY
2014-01-02,148.19851684570312,182.9199981689453,184.07000732421875,182.47999572753906,183.97999572753906,119636900,SPY
2014-01-03,148.1741485595703,182.88999938964844,183.60000610351562,182.6300048828125,183.22999572753906,81390600,SPY
2014-01-06,147.7447967529297,182.36000061035156,183.55999755859375,182.0800018310547,183.49000549316406,108028200,SPY
2014-01-07,148.6521453857422,183.47999572753906,183.7899932861328,182.9499969482422,183.08999633789062,86144200,SPY
2014-01-08,148.68455505371094,183.52000427246094,183.8300018310547,182.88999938964844,183.4499969482422,96582300,SPY
2014-01-09,148.7818603515625,183.63999938964844,184.1300048828125,182.8000030517578,184.11000061035156,90683400,SPY
2014-01-10,149.18690490722656,184.13999938964844,184.22000122070312,183.00999450683594,183.9499969482422,102026400,SPY
2014-01-13,147.20191955566406,181.69000244140625,184.17999267578125,181.33999633789062,183.6699981689453,149892000,SPY
2014-01-14,148.8061065673828,183.6699981689453,183.77000427246094,181.9499969482422,182.2899932861328,105016100,SPY
2014-01-15,149.60816955566406,184.66000366210938,184.94000244140625,183.7100067138672,184.10000610351562,98525800,SPY
2014-01-16,149.41375732421875,184.4199981689453,184.66000366210938,183.8300018310547,184.27999877929688,72290600,SPY
2014-01-17,148.7818603515625,183.63999938964844,184.4499969482422,183.32000732421875,184.10000610351562,107848700,SPY
2014-01-21,149.21929931640625,184.17999267578125,184.77000427246094,183.0500030517578,184.6999969482422,88621200,SPY
2014-01-22,149.31655883789062,184.3000030517578,184.57000732421875,183.91000366210938,184.49000549316406,61270900,SPY
2014-01-23,148.09315490722656,182.7899932861328,183.39999389648438,181.82000732421875,183.3699951171875,132496900,SPY
2014-01-24,144.9334259033203,178.88999938964844,181.66000366210938,178.8300018310547,181.60000610351562,208677100,SPY
2014-01-27,144.220458984375,178.00999450683594,179.52000427246094,177.1199951171875,179.05999755859375,180843100,SPY
2014-01-28,145.07925415039062,179.07000732421875,179.3000030517578,178.1199951171875,178.13999938964844,110463200,SPY
2014-01-29,143.68577575683594,177.35000610351562,178.5500030517578,176.8800048828125,177.5800018310547,216597300,SPY
2014-01-30,145.2088623046875,179.22999572753906,179.80999755859375,178.25999450683594,178.8300018310547,118938100,SPY
2014-01-31,144.35816955566406,178.17999267578125,179.2899932861328,176.9199981689453,177.00999450683594,194677900,SPY
2014-02-03,141.10939025878906,174.1699981689453,178.3699951171875,173.8300018310547,177.97000122070312,254837100,SPY
2014-02-04,142.09780883789062,175.38999938964844,175.83999633789062,174.11000061035156,174.9499969482422,165012400,SPY
2014-02-05,141.91957092285156,175.1699981689453,175.55999755859375,173.7100067138672,174.77999877929688,164230500,SPY
2014-02-06,143.79107666015625,177.47999572753906,177.47999572753906,175.22000122070312,175.5800018310547,132877600,SPY
2014-02-07,145.573486328125,179.67999267578125,179.8699951171875,177.72999572753906,178.30999755859375,170787200,SPY
2014-02-10,145.84083557128906,180.00999450683594,180.07000732421875,179.2100067138672,179.6999969482422,92218800,SPY
2014-02-11,147.43692016601562,181.97999572753906,182.44000244140625,180.0399932861328,180.16000366210938,117814100,SPY
2014-02-12,147.50979614257812,182.07000732421875,182.8300018310547,181.7100067138672,182.25,94717700,SPY
2014-02-13,148.2713623046875,183.00999450683594,183.1999969482422,180.8300018310547,180.83999633789062,100542200,SPY
2014-02-14,149.08966064453125,184.02000427246094,184.36000061035156,182.6699981689453,182.83999633789062,96498400,SPY
2014-02-18,149.26788330078125,184.24000549316406,184.49000549316406,183.64999389648438,184.17999267578125,80460900,SPY
2014-02-19,148.27951049804688,183.02000427246094,184.9499969482422,182.8699951171875,183.75999450683594,126524300,SPY
2014-02-20,149.15452575683594,184.10000610351562,184.52000427246094,182.60000610351562,183.27000427246094,104998100,SPY
2014-02-21,148.98434448242188,183.88999938964844,184.88999938964844,183.8000030517578,184.4499969482422,118116400,SPY
2014-02-24,149.8107452392578,184.91000366210938,186.14999389648438,184.1999969482422,184.27999877929688,114063900,SPY
2014-02-25,149.7540283203125,184.83999633789062,185.58999633789062,184.22999572753906,185.05999755859375,117085000,SPY
2014-02-26,149.76211547851562,184.85000610351562,185.60000610351562,184.3300018310547,185.11000061035156,98677200,SPY
2014-02-27,150.54798889160156,185.82000732421875,185.8699951171875,184.3699951171875,184.5800018310547,93880800,SPY
2014-02-28,150.9287872314453,186.2899932861328,187.14999389648438,185.0500030517578,185.7899932861328,150842000,SPY
2014-03-03,149.86744689941406,184.97999572753906,185.4499969482422,183.75,184.64999389648438,167748500,SPY
2014-03-04,151.97390747070312,187.5800018310547,187.97999572753906,186.75,186.7899932861328,167545900,SPY
2014-03-05,152.11166381835938,187.75,188.07000732421875,187.4499969482422,187.74000549316406,88376900,SPY
2014-03-06,152.46002197265625,188.17999267578125,188.61000061035156,187.77999877929688,188.2100067138672,82516500,SPY
2014-03-07,152.52487182617188,188.25999450683594,188.9600067138672,187.42999267578125,188.9600067138672,114513500,SPY
2014-03-10,152.44383239746094,188.16000366210938,188.22999572753906,187.0800018310547,187.97000122070312,74939200,SPY
2014-03-11,151.6903533935547,187.22999572753906,188.7100067138672,186.8000030517578,188.44000244140625,99009100,SPY
2014-03-12,151.73086547851562,187.27999877929688,187.35000610351562,185.89999389648438,186.32000732421875,104824400,SPY
2014-03-13,150.0294952392578,185.17999267578125,187.99000549316406,184.66000366210938,187.83999633789062,155014300,SPY
2014-03-14,149.60816955566406,184.66000366210938,185.8000030517578,184.44000244140625,184.85000610351562,153919600,SPY
2014-03-17,150.96121215820312,186.3300018310547,186.77000427246094,185.50999450683594,185.58999633789062,98359500,SPY
2014-03-18,152.03875732421875,187.66000366210938,187.91000366210938,186.50999450683594,186.7100067138672,101804600,SPY
2014-03-19,151.2285614013672,186.66000366210938,187.94000244140625,185.47000122070312,187.67999267578125,176267300,SPY
2014-03-20,152.11166381835938,187.75,187.88999938964844,185.9199981689453,186.25,117241000,SPY
2014-03-21,151.5216827392578,186.1999969482422,189.02000427246094,186.02999877929688,187.7100067138672,163128000,SPY
2014-03-24,150.89505004882812,185.42999267578125,187.07000732421875,184.6199951171875,186.83999633789062,121411000,SPY
2014-03-25,151.61117553710938,186.30999755859375,186.94000244140625,185.27000427246094,186.3699951171875,103852000,SPY
2014-03-26,150.52073669433594,184.97000122070312,187.33999633789062,184.9199981689453,187.0399932861328,119843000,SPY
2014-03-27,150.203369140625,184.5800018310547,185.33999633789062,183.89999389648438,184.75,142383000,SPY
2014-03-28,150.9439239501953,185.49000549316406,186.4199981689453,185.0,185.11000061035156,101642000,SPY
2014-03-31,152.18081665039062,187.00999450683594,187.3000030517578,185.52000427246094,186.6699981689453,99745000,SPY
2014-04-01,153.18988037109375,188.25,188.36000061035156,187.0,187.6199951171875,89193000,SPY
2014-04-02,153.7025909423828,188.8800048828125,189.1300048828125,188.13999938964844,188.49000549316406,78774000,SPY
2014-04-03,153.49913024902344,188.6300048828125,189.22000122070312,188.0500030517578,189.1699981689453,77435000,SPY
2014-04-04,151.68438720703125,186.39999389648438,189.6999969482422,186.10000610351562,189.66000366210938,169381000,SPY
2014-04-07,150.00808715820312,184.33999633789062,186.25999450683594,183.9600067138672,185.9499969482422,140803000,SPY
2014-04-08,150.62657165527344,185.10000610351562,185.39999389648438,183.58999633789062,184.25999450683594,112660000,SPY
2014-04-09,152.24591064453125,187.08999633789062,187.14999389648438,185.05999755859375,185.60000610351562,100254000,SPY
2014-04-10,149.0478973388672,183.16000366210938,187.1699981689453,182.92999267578125,187.0800018310547,172959000,SPY
2014-04-11,147.7051239013672,181.50999450683594,183.4199981689453,181.30999755859375,182.13999938964844,167251000,SPY
2014-04-14,148.8688507080078,182.94000244140625,183.3699951171875,181.44000244140625,182.92999267578125,132382000,SPY
2014-04-15,149.89418029785156,184.1999969482422,184.3300018310547,181.50999450683594,183.32000732421875,157093000,SPY
2014-04-16,151.4647216796875,186.1300048828125,186.13999938964844,184.64999389648438,185.47000122070312,105197000,SPY
2014-04-17,151.67630004882812,186.38999938964844,186.91000366210938,185.55999755859375,185.8800048828125,105255000,SPY
2014-04-21,152.2052764892578,187.0399932861328,187.10000610351562,186.2100067138672,186.44000244140625,68329000,SPY
2014-04-22,152.8969268798828,187.88999938964844,188.39999389648438,187.1300048828125,187.22999572753906,85790000,SPY
2014-04-23,152.5388641357422,187.4499969482422,187.9199981689453,187.3000030517578,187.82000732421875,73869000,SPY
2014-04-24,152.84811401367188,187.8300018310547,188.38999938964844,186.92999267578125,188.3699951171875,88170000,SPY
2014-04-25,151.5949249267578,186.2899932861328,187.3300018310547,185.8699951171875,187.22000122070312,100380000,SPY
2014-04-28,152.07504272460938,186.8800048828125,187.69000244140625,184.9600067138672,187.0500030517578,135121000,SPY
2014-04-29,152.7830047607422,187.75,188.0399932861328,187.0800018310547,187.47999572753906,84098000,SPY
2014-04-30,153.23870849609375,188.30999755859375,188.5,187.17999267578125,187.44000244140625,101508000,SPY
2014-05-01,153.25503540039062,188.3300018310547,188.83999633789062,187.72999572753906,188.22000122070312,93019000,SPY
2014-05-02,153.03521728515625,188.05999755859375,189.13999938964844,187.77999877929688,188.30999755859375,98122000,SPY
2014-05-05,153.32821655273438,188.4199981689453,188.5500030517578,186.6199951171875,187.13999938964844,75883000,SPY
2014-05-06,151.99363708496094,186.77999877929688,188.1300048828125,186.74000549316406,188.0,85454000,SPY
2014-05-07,152.8887481689453,187.8800048828125,187.97000122070312,186.00999450683594,187.41000366210938,106500000,SPY
2014-05-08,152.72601318359375,187.67999267578125,189.0500030517578,187.0800018310547,187.7100067138672,93618000,SPY
2014-05-09,152.95388793945312,187.9600067138672,188.0399932861328,186.8300018310547,187.7100067138672,83679000,SPY
2014-05-12,154.4430694580078,189.7899932861328,189.8800048828125,188.0,188.8000030517578,86940000,SPY
2014-05-13,154.58139038085938,189.9600067138672,190.4199981689453,189.77000427246094,190.0399932861328,66454000,SPY
2014-05-14,153.8489990234375,189.05999755859375,189.8800048828125,188.7899932861328,189.7899932861328,72367000,SPY
2014-05-15,152.4981689453125,187.39999389648438,188.72000122070312,186.47999572753906,188.67999267578125,154956000,SPY
2014-05-16,153.02716064453125,188.0500030517578,188.1300048828125,186.72000122070312,187.50999450683594,97458000,SPY
2014-05-19,153.588623046875,188.74000549316406,188.88999938964844,187.52000427246094,187.69000244140625,63839000,SPY
2014-05-20,152.62020874023438,187.5500030517578,188.6699981689453,187.07000732421875,188.64999389648438,111644000,SPY
2014-05-21,153.90599060058594,189.1300048828125,189.22000122070312,188.05999755859375,188.08999633789062,89093000,SPY
2014-05-22,154.28033447265625,189.58999633789062,189.97999572753906,188.86000061035156,189.17999267578125,61549000,SPY
2014-05-23,154.8987579345703,190.35000610351562,190.47999572753906,189.58999633789062,189.75999450683594,61092800,SPY
2014-05-27,155.85084533691406,191.52000427246094,191.5800018310547,190.9499969482422,191.05999755859375,72010000,SPY
2014-05-28,155.7369384765625,191.3800048828125,191.82000732421875,191.05999755859375,191.52000427246094,66723000,SPY
2014-05-29,156.54254150390625,192.3699951171875,192.39999389648438,191.3300018310547,191.82000732421875,64377000,SPY
2014-05-30,156.79483032226562,192.67999267578125,192.8000030517578,192.02999877929688,192.19000244140625,76316000,SPY
2014-06-02,156.9738006591797,192.89999389648438,192.99000549316406,191.97000122070312,192.9499969482422,64656000,SPY
2014-06-03,156.8924560546875,192.8000030517578,192.89999389648438,192.25,192.42999267578125,65047000,SPY
2014-06-04,157.20986938476562,193.19000244140625,193.3000030517578,192.27000427246094,192.47000122070312,55529000,SPY
2014-06-05,158.23516845703125,194.4499969482422,194.64999389648438,192.6999969482422,193.41000366210938,92103000,SPY
2014-06-06,158.99203491210938,195.3800048828125,195.42999267578125,194.77999877929688,194.8699951171875,78696000,SPY
2014-06-09,159.15472412109375,195.5800018310547,196.0500030517578,195.1699981689453,195.35000610351562,65119000,SPY
2014-06-10,159.17100524902344,195.60000610351562,195.63999938964844,194.9199981689453,195.33999633789062,57129000,SPY
2014-06-11,158.61761474609375,194.9199981689453,195.1199951171875,194.47999572753906,194.89999389648438,68772000,SPY
2014-06-12,157.49464416503906,193.5399932861328,194.8000030517578,193.11000061035156,194.69000244140625,106350000,SPY
2014-06-13,157.97476196289062,194.1300048828125,194.32000732421875,193.3000030517578,193.9199981689453,82017000,SPY
2014-06-16,158.10494995117188,194.2899932861328,194.6999969482422,193.66000366210938,193.88999938964844,87424000,SPY
2014-06-17,158.54441833496094,194.8300018310547,194.97000122070312,193.80999755859375,194.02000427246094,84834000,SPY
2014-06-18,159.7080841064453,196.25999450683594,196.3699951171875,194.39999389648438,194.8300018310547,105267000,SPY
2014-06-19,159.88710021972656,196.47999572753906,196.60000610351562,195.8000030517578,196.42999267578125,85929000,SPY
2014-06-20,160.21170043945312,195.94000244140625,196.10000610351562,195.6999969482422,196.02999877929688,100587000,SPY
2014-06-23,160.16265869140625,195.8800048828125,196.0500030517578,195.52000427246094,195.99000549316406,70611000,SPY
2014-06-24,159.1977996826172,194.6999969482422,196.5,194.47999572753906,195.52999877929688,96237000,SPY
2014-06-25,159.91738891601562,195.5800018310547,195.77999877929688,194.25,194.2899932861328,82782000,SPY
2014-06-26,159.8029022216797,195.44000244140625,195.6300048828125,194.1300048828125,195.61000061035156,84312000,SPY
2014-06-27,160.1136016845703,195.82000732421875,195.8800048828125,194.88999938964844,194.97999572753906,71445100,SPY
2014-06-30,160.0318145751953,195.72000122070312,196.1699981689453,195.52999877929688,195.6999969482422,70201200,SPY
2014-07-01,161.10299682617188,197.02999877929688,197.6300048828125,196.1300048828125,196.1999969482422,90470000,SPY
2014-07-02,161.2664794921875,197.22999572753906,197.47999572753906,196.9600067138672,197.0500030517578,52475000,SPY
2014-07-03,162.05966186523438,198.1999969482422,198.2899932861328,197.63999938964844,197.7899932861328,52938800,SPY
2014-07-07,161.49545288085938,197.50999450683594,197.97999572753906,197.22000122070312,197.82000732421875,61696000,SPY
2014-07-08,160.45703125,196.24000549316406,197.22000122070312,195.75999450683594,197.14999389648438,108143000,SPY
2014-07-09,161.176513671875,197.1199951171875,197.3000030517578,196.30999755859375,196.72999572753906,72992000,SPY
2014-07-10,160.53878784179688,196.33999633789062,196.86000061035156,195.05999755859375,195.22000122070312,99040000,SPY
2014-07-11,160.75953674316406,196.61000061035156,196.75,195.77999877929688,196.22000122070312,64243000,SPY
2014-07-14,161.5690155029297,197.60000610351562,197.86000061035156,197.44000244140625,197.61000061035156,58658000,SPY
2014-07-15,161.2664794921875,197.22999572753906,198.10000610351562,196.36000061035156,197.72000122070312,111307000,SPY
2014-07-16,161.86338806152344,197.9600067138672,198.25999450683594,197.4199981689453,198.11000061035156,79986400,SPY
2014-07-17,160.0236053466797,195.7100067138672,198.10000610351562,195.42999267578125,197.35000610351562,145398000,SPY
2014-07-18,161.6590118408203,197.7100067138672,197.91000366210938,196.24000549316406,196.35000610351562,124330000,SPY
2014-07-21,161.35641479492188,197.33999633789062,197.5,196.42999267578125,197.08999633789062,67592000,SPY
2014-07-22,162.05966186523438,198.1999969482422,198.55999755859375,197.8699951171875,198.00999450683594,67678000,SPY
2014-07-23,162.4194793701172,198.63999938964844,198.85000610351562,198.10000610351562,198.5,65612000,SPY
2014-07-24,162.42755126953125,198.64999389648438,199.05999755859375,198.4499969482422,198.8300018310547,56888000,SPY
2014-07-25,161.6671600341797,197.72000122070312,198.25999450683594,197.3300018310547,198.08999633789062,76837000,SPY
2014-07-28,161.73252868652344,197.8000030517578,198.08999633789062,196.6199951171875,197.75999450683594,69259000,SPY
2014-07-29,161.03756713867188,196.9499969482422,198.4499969482422,196.9199981689453,198.1699981689453,80466000,SPY
2014-07-30,161.06207275390625,196.97999572753906,197.91000366210938,196.16000366210938,197.64999389648438,104222000,SPY
2014-07-31,157.88134765625,193.08999633789062,195.77999877929688,192.97000122070312,195.61000061035156,183479000,SPY
2014-08-01,157.3989715576172,192.5,193.75999450683594,191.57000732421875,192.55999755859375,189261000,SPY
2014-08-04,158.53549194335938,193.88999938964844,194.3000030517578,192.0500030517578,192.8699951171875,91340000,SPY
2014-08-05,156.99826049804688,192.00999450683594,193.60000610351562,191.30999755859375,193.10000610351562,152690000,SPY
2014-08-06,157.04737854003906,192.07000732421875,192.88999938964844,191.0800018310547,191.11000061035156,94818000,SPY
2014-08-07,156.1969757080078,191.02999877929688,193.1300048828125,190.5500030517578,192.94000244140625,135733000,SPY
2014-08-08,158.00405883789062,193.24000549316406,193.3699951171875,190.9499969482422,191.4600067138672,117014000,SPY
2014-08-11,158.46189880371094,193.8000030517578,194.66000366210938,193.7100067138672,193.97000122070312,74544000,SPY
2014-08-12,158.24114990234375,193.52999877929688,194.14999389648438,192.94000244140625,193.61000061035156,73632000,SPY
2014-08-13,159.31227111816406,194.83999633789062,195.05999755859375,193.9600067138672,194.2899932861328,69047000,SPY
2014-08-14,160.0644989013672,195.75999450683594,195.75999450683594,194.97999572753906,195.16000366210938,57371000,SPY
2014-08-15,160.0318145751953,195.72000122070312,196.64999389648438,194.30999755859375,196.47000122070312,139951000,SPY
2014-08-18,161.3727569580078,197.36000061035156,197.4499969482422,196.69000244140625,196.8000030517578,75424000,SPY
2014-08-19,162.2149658203125,198.38999938964844,198.5399932861328,197.44000244140625,197.83999633789062,59135000,SPY
2014-08-20,162.64830017089844,198.9199981689453,199.16000366210938,198.0800018310547,198.1199951171875,72763000,SPY
2014-08-21,163.12254333496094,199.5,199.75999450683594,198.92999267578125,199.08999633789062,67791000,SPY
2014-08-22,162.86907958984375,199.19000244140625,199.69000244140625,198.74000549316406,199.33999633789062,76107000,SPY
2014-08-25,163.69488525390625,200.1999969482422,200.58999633789062,199.14999389648438,200.13999938964844,63855000,SPY
2014-08-26,163.80120849609375,200.3300018310547,200.82000732421875,200.27999877929688,200.3300018310547,47298000,SPY
2014-08-27,163.73582458496094,200.25,200.57000732421875,199.94000244140625,200.42999267578125,47874000,SPY
2014-08-28,163.64590454101562,200.13999938964844,200.27000427246094,199.38999938964844,199.58999633789062,58330000,SPY
2014-08-29,164.11195373535156,200.7100067138672,200.72999572753906,199.82000732421875,200.4499969482422,65907000,SPY
2014-09-02,164.03018188476562,200.61000061035156,201.0,199.86000061035156,200.97000122070312,72426000,SPY
2014-09-03,163.94024658203125,200.5,201.41000366210938,200.22000122070312,201.3800048828125,57462000,SPY
2014-09-04,163.70306396484375,200.2100067138672,201.5800018310547,199.66000366210938,200.83999633789062,85236000,SPY
2014-09-05,164.43902587890625,201.11000061035156,201.19000244140625,199.41000366210938,200.1699981689453,102177000,SPY
2014-09-08,164.0138397216797,200.58999633789062,201.2100067138672,200.0,200.9199981689453,64146000,SPY
2014-09-09,162.9754180908203,199.32000732421875,200.5500030517578,198.91000366210938,200.41000366210938,88591000,SPY
2014-09-10,163.58863830566406,200.07000732421875,200.1999969482422,198.77000427246094,199.42999267578125,67251000,SPY
2014-09-11,163.7766876220703,200.3000030517578,200.3300018310547,199.1199951171875,199.27000427246094,66774400,SPY
2014-09-12,162.820068359375,199.1300048828125,200.1199951171875,198.55999755859375,200.10000610351562,117409300,SPY
2014-09-15,162.69737243652344,198.97999572753906,199.32000732421875,198.3800048828125,199.16000366210938,76401000,SPY
2014-09-16,163.92384338378906,200.47999572753906,200.83999633789062,198.5,198.61000061035156,116201000,SPY
2014-09-17,164.14463806152344,200.75,201.67999267578125,199.75,200.77000427246094,151266000,SPY
2014-09-18,165.01951599121094,201.82000732421875,201.85000610351562,201.10000610351562,201.36000061035156,94990000,SPY
2014-09-19,164.87086486816406,200.6999969482422,201.89999389648438,200.2899932861328,201.52000427246094,121649000,SPY
2014-09-22,163.59754943847656,199.14999389648438,200.3800048828125,198.72999572753906,200.35000610351562,125553000,SPY
2014-09-23,162.66102600097656,198.00999450683594,199.25999450683594,197.9499969482422,198.42999267578125,111393000,SPY
2014-09-24,163.93438720703125,199.55999755859375,199.69000244140625,197.52000427246094,198.0399932861328,107276000,SPY
2014-09-25,161.28921508789062,196.33999633789062,199.0500030517578,196.27000427246094,199.0399932861328,150300000,SPY
2014-09-26,162.57073974609375,197.89999389648438,198.38999938964844,196.4199981689453,196.6999969482422,103547000,SPY
2014-09-29,162.27496337890625,197.5399932861328,197.88999938964844,196.0500030517578,196.1999969482422,95112000,SPY
2014-09-30,161.8478546142578,197.02000427246094,198.3000030517578,196.61000061035156,197.69000244140625,131302000,SPY
2014-10-01,159.65444946289062,194.35000610351562,196.77000427246094,193.91000366210938,196.6999969482422,177798000,SPY
2014-10-02,159.67913818359375,194.3800048828125,195.05999755859375,192.35000610351562,194.17999267578125,157285000,SPY
2014-10-03,161.43710327148438,196.52000427246094,196.94000244140625,195.0800018310547,195.67999267578125,121569000,SPY
2014-10-06,161.24810791015625,196.2899932861328,197.60000610351562,195.5800018310547,197.33999633789062,104778000,SPY
2014-10-07,158.75906372070312,193.25999450683594,195.72000122070312,193.22000122070312,195.27999877929688,147913000,SPY
2014-10-08,161.53565979003906,196.63999938964844,196.9199981689453,192.36000061035156,193.3699951171875,186461000,SPY
2014-10-09,158.3319091796875,192.74000549316406,196.60000610351562,192.5800018310547,196.3300018310547,210705000,SPY
2014-10-10,156.524658203125,190.5399932861328,193.64999389648438,190.49000549316406,192.69000244140625,221909000,SPY
2014-10-13,153.9534149169922,187.41000366210938,191.14999389648438,187.3000030517578,190.4600067138672,230939000,SPY
2014-10-14,154.1916961669922,187.6999969482422,189.82000732421875,187.0399932861328,188.4199981689453,215847000,SPY
2014-10-15,153.14834594726562,186.42999267578125,187.69000244140625,181.9199981689453,185.16000366210938,380715000,SPY
2014-10-16,153.0169219970703,186.27000427246094,187.5800018310547,182.88999938964844,183.05999755859375,270391000,SPY
2014-10-17,154.8241729736328,188.47000122070312,189.75,187.6199951171875,188.4199981689453,214625000,SPY
2014-10-20,156.3274688720703,190.3000030517578,190.4499969482422,188.07000732421875,188.1300048828125,130011000,SPY
2014-10-21,159.42445373535156,194.07000732421875,194.1999969482422,191.47999572753906,191.67999267578125,154949000,SPY
2014-10-22,158.29083251953125,192.69000244140625,194.91000366210938,192.61000061035156,194.41000366210938,151822000,SPY
2014-10-23,160.1309051513672,194.92999267578125,196.1999969482422,194.25999450683594,194.6199951171875,154944000,SPY
2014-10-24,161.3631134033203,196.42999267578125,196.49000549316406,194.49000549316406,195.25,117927000,SPY
2014-10-27,161.1413116455078,196.16000366210938,196.4499969482422,195.02999877929688,195.72999572753906,82954000,SPY
2014-10-28,162.9897003173828,198.41000366210938,198.4199981689453,196.72999572753906,196.82000732421875,106736000,SPY
2014-10-29,162.7432403564453,198.11000061035156,199.1199951171875,196.8000030517578,198.5500030517578,142557000,SPY
2014-10-30,163.7864990234375,199.3800048828125,199.9499969482422,197.39999389648438,197.5800018310547,113330000,SPY
2014-10-31,165.65948486328125,201.66000366210938,201.82000732421875,200.77000427246094,201.77999877929688,146903000,SPY
2014-11-03,165.74986267089844,201.77000427246094,202.4499969482422,201.30999755859375,201.9199981689453,93600000,SPY
2014-11-04,165.17481994628906,201.07000732421875,201.60000610351562,200.05999755859375,201.22999572753906,93343000,SPY
2014-11-05,166.21804809570312,202.33999633789062,202.58999633789062,201.4499969482422,202.5399932861328,91709000,SPY
2014-11-06,166.8834686279297,203.14999389648438,203.25999450683594,201.63999938964844,202.38999938964844,107089000,SPY
2014-11-07,167.03956604003906,203.33999633789062,203.60000610351562,202.61000061035156,203.1699981689453,89540000,SPY
2014-11-10,167.5653076171875,203.97999572753906,204.0399932861328,203.1300048828125,203.3800048828125,66319000,SPY
2014-11-11,167.7295684814453,204.17999267578125,204.30999755859375,203.64999389648438,204.05999755859375,54499400,SPY
2014-11-12,167.548828125,203.9600067138672,204.24000549316406,203.30999755859375,203.35000610351562,90120300,SPY
2014-11-13,167.73779296875,204.19000244140625,204.8300018310547,203.2100067138672,204.16000366210938,85357900,SPY
2014-11-14,167.77890014648438,204.24000549316406,204.49000549316406,203.72000122070312,204.10000610351562,80417500,SPY
2014-11-17,167.88565063476562,204.3699951171875,204.5800018310547,203.64999389648438,203.85000610351562,80441000,SPY
2014-11-18,168.85501098632812,205.5500030517578,205.9199981689453,204.44000244140625,204.44000244140625,76068100,SPY
2014-11-19,168.58395385742188,205.22000122070312,205.5500030517578,204.3000030517578,205.30999755859375,82373000,SPY
2014-11-20,168.87965393066406,205.5800018310547,205.7100067138672,204.17999267578125,204.25999450683594,72840300,SPY
2014-11-21,169.78335571289062,206.67999267578125,207.83999633789062,205.97999572753906,207.63999938964844,142327300,SPY
2014-11-24,170.25970458984375,207.25999450683594,207.38999938964844,206.91000366210938,207.1699981689453,65880800,SPY
2014-11-25,170.13656616210938,207.11000061035156,207.7899932861328,206.8000030517578,207.5399932861328,79108300,SPY
2014-11-26,170.57196044921875,207.63999938964844,207.75999450683594,207.02999877929688,207.2899932861328,62167800,SPY
2014-11-28,170.21047973632812,207.1999969482422,207.8699951171875,206.91000366210938,207.49000549316406,57890100,SPY
2014-12-01,169.0275421142578,205.75999450683594,206.5399932861328,205.3800048828125,206.39999389648438,103968400,SPY
2014-12-02,170.1201171875,207.08999633789062,207.33999633789062,205.77999877929688,205.80999755859375,74507200,SPY
2014-12-03,170.7772674560547,207.88999938964844,208.14999389648438,207.10000610351562,207.3000030517578,68952000,SPY
2014-12-04,170.5883331298828,207.66000366210938,208.27000427246094,206.6999969482422,207.5399932861328,91316600,SPY
2014-12-05,170.86766052246094,208.0,208.47000122070312,207.5500030517578,207.8699951171875,91025500,SPY
2014-12-08,169.72579956054688,206.61000061035156,208.1199951171875,205.92999267578125,207.52000427246094,108588200,SPY
2014-12-09,169.6107940673828,206.47000122070312,206.60000610351562,203.91000366210938,204.3699951171875,125180100,SPY
2014-12-10,166.89169311523438,203.16000366210938,205.97999572753906,202.92999267578125,205.91000366210938,159856400,SPY
2014-12-11,167.73779296875,204.19000244140625,206.19000244140625,203.7100067138672,203.8800048828125,159012800,SPY
2014-12-12,165.02691650390625,200.88999938964844,203.82000732421875,200.85000610351562,202.63999938964844,202330200,SPY
2014-12-15,163.8932647705078,199.50999450683594,202.52999877929688,198.77999877929688,201.97999572753906,189965800,SPY
2014-12-16,162.5789031982422,197.91000366210938,202.39999389648438,197.86000061035156,198.5800018310547,259543800,SPY
2014-12-17,165.7662811279297,201.7899932861328,202.33999633789062,198.2899932861328,198.44000244140625,253910100,SPY
2014-12-18,169.86546325683594,206.77999877929688,212.97000122070312,203.9199981689453,204.74000549316406,257633900,SPY
2014-12-19,170.58816528320312,206.52000427246094,207.3300018310547,205.61000061035156,206.42999267578125,245084600,SPY
2014-12-22,171.3729248046875,207.47000122070312,207.47000122070312,206.4600067138672,206.75,148318900,SPY
2014-12-23,171.6041717529297,207.75,208.22999572753906,207.39999389648438,208.1699981689453,122167900,SPY
2014-12-24,171.62074279785156,207.77000427246094,208.33999633789062,207.72000122070312,208.02000427246094,42963400,SPY
2014-12-26,172.17417907714844,208.44000244140625,208.85000610351562,208.25,208.30999755859375,57326700,SPY
2014-12-29,172.4053955078125,208.72000122070312,208.97000122070312,208.13999938964844,208.22000122070312,79643900,SPY
2014-12-30,171.48031616210938,207.60000610351562,208.3699951171875,207.50999450683594,208.2100067138672,73540800,SPY
2014-12-31,169.77870178222656,205.5399932861328,208.19000244140625,205.38999938964844,207.99000549316406,130333800,SPY
2015-01-02,169.6878662109375,205.42999267578125,206.8800048828125,204.17999267578125,206.3800048828125,121465900,SPY
2015-01-05,166.6233367919922,201.72000122070312,204.3699951171875,201.35000610351562,204.1699981689453,169632600,SPY
2015-01-06,165.05392456054688,199.82000732421875,202.72000122070312,198.86000061035156,202.08999633789062,209151400,SPY
2015-01-07,167.11070251464844,202.30999755859375,202.72000122070312,200.8800048828125,201.4199981689453,125346700,SPY
2015-01-08,170.07606506347656,205.89999389648438,206.16000366210938,203.99000549316406,204.00999450683594,147217800,SPY
2015-01-09,168.71311950683594,204.25,206.4199981689453,203.50999450683594,206.39999389648438,158567300,SPY
2015-01-12,167.39149475097656,202.64999389648438,204.60000610351562,201.9199981689453,204.41000366210938,144396100,SPY
2015-01-13,166.9207305908203,202.0800018310547,205.47999572753906,200.50999450683594,204.1199951171875,214553300,SPY
2015-01-14,165.9130096435547,200.86000061035156,201.10000610351562,198.57000732421875,199.64999389648438,192991100,SPY
2015-01-15,164.39308166503906,199.02000427246094,202.00999450683594,198.8800048828125,201.6300048828125,176613900,SPY
2015-01-16,166.54904174804688,201.6300048828125,201.82000732421875,198.5500030517578,198.77000427246094,211879600,SPY
2015-01-20,166.9041748046875,202.05999755859375,202.72000122070312,200.1699981689453,202.39999389648438,130991100,SPY
2015-01-21,167.74673461914062,203.0800018310547,203.66000366210938,200.94000244140625,201.5,122942700,SPY
2015-01-22,170.24127197265625,206.10000610351562,206.25999450683594,202.3300018310547,203.99000549316406,174356000,SPY
2015-01-23,169.30784606933594,204.97000122070312,206.10000610351562,204.80999755859375,205.7899932861328,117516800,SPY
2015-01-26,169.7043914794922,205.4499969482422,205.55999755859375,203.85000610351562,204.7100067138672,92009700,SPY
2015-01-27,167.46588134765625,202.74000549316406,204.1199951171875,201.74000549316406,202.97000122070312,134044600,SPY
2015-01-28,165.31825256347656,200.13999938964844,204.2899932861328,199.91000366210938,204.1699981689453,168514300,SPY
2015-01-29,166.84637451171875,201.99000549316406,202.3000030517578,198.67999267578125,200.3800048828125,173585400,SPY
2015-01-30,164.74826049804688,199.4499969482422,202.1699981689453,199.1300048828125,200.57000732421875,197729700,SPY
2015-02-02,166.78855895996094,201.9199981689453,202.02999877929688,197.86000061035156,200.0500030517578,163107000,SPY
2015-02-03,169.20050048828125,204.83999633789062,204.85000610351562,202.5500030517578,203.0,124212900,SPY
2015-02-04,168.55624389648438,204.05999755859375,205.3800048828125,203.50999450683594,203.9199981689453,134306700,SPY
2015-02-05,170.2577667236328,206.1199951171875,206.3000030517578,204.77000427246094,204.86000061035156,97953200,SPY
2015-02-06,169.78695678710938,205.5500030517578,207.24000549316406,204.9199981689453,206.55999755859375,125672000,SPY
2015-02-09,169.02700805664062,204.6300048828125,205.63999938964844,204.13999938964844,204.77000427246094,87219000,SPY
2015-02-10,170.82777404785156,206.80999755859375,207.1199951171875,204.67999267578125,205.8800048828125,96164200,SPY
2015-02-11,170.92689514160156,206.92999267578125,207.4499969482422,205.8300018310547,206.61000061035156,91087800,SPY
2015-02-12,172.5706024169922,208.9199981689453,208.99000549316406,206.97000122070312,207.88999938964844,97545900,SPY
2015-02-13,173.28097534179688,209.77999877929688,209.83999633789062,208.75999450683594,209.07000732421875,93670400,SPY
2015-02-17,173.55355834960938,210.11000061035156,210.32000732421875,209.10000610351562,209.39999389648438,76968200,SPY
2015-02-18,173.57008361816406,210.1300048828125,210.22000122070312,209.33999633789062,209.66000366210938,80652900,SPY
2015-02-19,173.44622802734375,209.97999572753906,210.4199981689453,209.24000549316406,209.41000366210938,91462500,SPY
2015-02-20,174.48696899414062,211.24000549316406,211.3300018310547,208.72999572753906,209.47999572753906,140896400,SPY
2015-02-23,174.4622039794922,211.2100067138672,211.2100067138672,210.47999572753906,210.94000244140625,74411100,SPY
2015-02-24,174.95782470703125,211.80999755859375,212.0500030517578,210.75999450683594,211.1199951171875,72472300,SPY
2015-02-25,174.8091583251953,211.6300048828125,212.24000549316406,211.22000122070312,211.66000366210938,73061700,SPY
2015-02-26,174.6026611328125,211.3800048828125,211.7100067138672,210.64999389648438,211.52000427246094,72697900,SPY
2015-02-27,174.00790405273438,210.66000366210938,211.5800018310547,210.60000610351562,211.25999450683594,108076000,SPY
2015-03-02,175.10653686523438,211.99000549316406,212.05999755859375,210.72000122070312,210.77999877929688,87491400,SPY
2015-03-03,174.38783264160156,211.1199951171875,212.0500030517578,210.0800018310547,211.47000122070312,110325800,SPY
2015-03-04,173.65272521972656,210.22999572753906,210.49000549316406,209.05999755859375,210.39999389648438,114497200,SPY
2015-03-05,173.84271240234375,210.4600067138672,210.8000030517578,209.85000610351562,210.6199951171875,76873000,SPY
2015-03-06,171.397705078125,207.5,209.94000244140625,207.10000610351562,209.4199981689453,188128000,SPY
2015-03-09,172.1081085205078,208.36000061035156,208.7899932861328,207.5500030517578,207.74000549316406,89818900,SPY
2015-03-10,169.3161163330078,204.97999572753906,206.80999755859375,204.92999267578125,206.7100067138672,157121300,SPY
2015-03-11,168.91964721679688,204.5,205.5,204.39999389648438,205.2899932861328,110145700,SPY
2015-03-12,171.06729125976562,207.10000610351562,207.17999267578125,205.1999969482422,205.25999450683594,93993500,SPY
2015-03-13,170.01824951171875,205.8300018310547,207.92999267578125,204.5800018310547,206.77000427246094,162410900,SPY
2015-03-16,172.2897186279297,208.5800018310547,208.69000244140625,205.86000061035156,206.7100067138672,136099200,SPY
2015-03-17,171.77764892578125,207.9600067138672,208.4199981689453,206.97999572753906,207.69000244140625,94510400,SPY
2015-03-18,173.84271240234375,210.4600067138672,211.27000427246094,206.6199951171875,207.38999938964844,228808500,SPY
2015-03-19,173.0497283935547,209.5,210.47000122070312,209.02999877929688,209.9600067138672,117917300,SPY
2015-03-20,174.57720947265625,210.41000366210938,211.02000427246094,209.49000549316406,209.7100067138672,177715100,SPY
2015-03-23,174.23696899414062,210.0,211.11000061035156,210.0,210.4199981689453,71784500,SPY
2015-03-24,173.25799560546875,208.82000732421875,210.39999389648438,208.74000549316406,209.85000610351562,77805300,SPY
2015-03-25,170.71913146972656,205.75999450683594,209.35000610351562,205.7100067138672,209.07000732421875,159521700,SPY
2015-03-26,170.31260681152344,205.27000427246094,206.3699951171875,204.1199951171875,204.9600067138672,153067200,SPY
2015-03-27,170.70252990722656,205.74000549316406,205.9499969482422,204.89999389648438,205.1300048828125,118939000,SPY
2015-03-30,172.78506469726562,208.25,208.61000061035156,206.9600067138672,206.97999572753906,96180400,SPY
2015-03-31,171.27500915527344,206.42999267578125,208.10000610351562,206.36000061035156,207.25999450683594,126768700,SPY
2015-04-01,170.6693115234375,205.6999969482422,206.4199981689453,204.50999450683594,206.38999938964844,137303600,SPY
2015-04-02,171.28330993652344,206.44000244140625,206.97999572753906,205.39999389648438,205.6199951171875,86900900,SPY
2015-04-06,172.43658447265625,207.8300018310547,208.4499969482422,205.2100067138672,205.3699951171875,114368200,SPY
2015-04-07,171.980224609375,207.27999877929688,208.75999450683594,207.24000549316406,207.86000061035156,81236300,SPY
2015-04-08,172.56105041503906,207.97999572753906,208.50999450683594,207.0800018310547,207.5500030517578,89351900,SPY
2015-04-09,173.32435607910156,208.89999389648438,209.17999267578125,207.19000244140625,207.77999877929688,85548900,SPY
2015-04-10,174.27020263671875,210.0399932861328,210.08999633789062,208.9600067138672,209.1999969482422,72722900,SPY
2015-04-13,173.48199462890625,209.08999633789062,210.6300048828125,209.02999877929688,209.8699951171875,74436600,SPY
2015-04-14,173.8138427734375,209.49000549316406,209.7100067138672,208.10000610351562,208.85000610351562,75099900,SPY
2015-04-15,174.5937957763672,210.42999267578125,211.0399932861328,209.9499969482422,210.0500030517578,99529300,SPY
2015-04-16,174.54405212402344,210.3699951171875,210.97999572753906,209.7899932861328,210.02999877929688,68934900,SPY
2015-04-17,172.53611755371094,207.9499969482422,209.22999572753906,207.00999450683594,208.94000244140625,191113200,SPY
2015-04-20,174.112548828125,209.85000610351562,210.25,208.9600067138672,209.05999755859375,92189500,SPY
2015-04-21,173.9051055908203,209.60000610351562,210.86000061035156,209.24000549316406,210.6699981689453,72559800,SPY
2015-04-22,174.7597198486328,210.6300048828125,210.85000610351562,208.89999389648438,210.00999450683594,78264600,SPY
2015-04-23,175.1995086669922,211.16000366210938,211.94000244140625,210.00999450683594,210.14999389648438,102585900,SPY
2015-04-24,175.60601806640625,211.64999389648438,211.97000122070312,211.11000061035156,211.66000366210938,61327400,SPY
2015-04-27,174.8759002685547,210.77000427246094,212.47999572753906,210.5399932861328,212.3300018310547,79358100,SPY
2015-04-28,175.43179321289062,211.44000244140625,211.5,209.3300018310547,210.74000549316406,86863500,SPY
2015-04-29,174.7099609375,210.57000732421875,211.2899932861328,209.60000610351562,210.3699951171875,125684900,SPY
2015-04-30,172.95928955078125,208.4600067138672,210.35000610351562,207.6199951171875,209.8800048828125,161304900,SPY
2015-05-01,174.8343963623047,210.72000122070312,210.77000427246094,209.27999877929688,209.39999389648438,103399700,SPY
2015-05-04,175.33226013183594,211.32000732421875,212.02000427246094,211.10000610351562,211.22999572753906,70927200,SPY
2015-05-05,173.32435607910156,208.89999389648438,211.4600067138672,208.72999572753906,211.02999877929688,113326200,SPY
2015-05-06,172.61082458496094,208.0399932861328,209.92999267578125,206.75999450683594,209.55999755859375,135060200,SPY
2015-05-07,173.29946899414062,208.8699951171875,209.3800048828125,207.52000427246094,207.9199981689453,88244900,SPY
2015-05-08,175.5811309814453,211.6199951171875,211.86000061035156,210.77999877929688,210.8800048828125,155877300,SPY
2015-05-11,174.74313354492188,210.61000061035156,211.88999938964844,210.52000427246094,211.57000732421875,75708100,SPY
2015-05-12,174.22044372558594,209.97999572753906,210.6300048828125,208.6199951171875,209.61000061035156,119727600,SPY
2015-05-13,174.25360107421875,210.02000427246094,211.22000122070312,209.74000549316406,210.47000122070312,94667900,SPY
2015-05-14,176.07066345214844,212.2100067138672,212.32000732421875,210.91000366210938,211.24000549316406,95934000,SPY
2015-05-15,176.261474609375,212.44000244140625,212.61000061035156,211.86000061035156,212.44000244140625,76510100,SPY
2015-05-18,176.80914306640625,213.10000610351562,213.39999389648438,212.16000366210938,212.24000549316406,74549700,SPY
2015-05-19,176.75099182128906,213.02999877929688,213.57000732421875,212.69000244140625,213.24000549316406,72114600,SPY
2015-05-20,176.6265411376953,212.8800048828125,213.77999877929688,212.5,213.14999389648438,76857500,SPY
2015-05-21,177.1409912109375,213.5,213.75,212.50999450683594,212.7100067138672,64764600,SPY
2015-05-22,176.71783447265625,212.99000549316406,213.5399932861328,212.91000366210938,213.0399932861328,57433500,SPY
2015-05-26,174.8177947998047,210.6999969482422,212.91000366210938,210.1999969482422,212.39999389648438,124308600,SPY
2015-05-27,176.47723388671875,212.6999969482422,212.97999572753906,210.75999450683594,211.25,93214000,SPY
2015-05-28,176.27809143066406,212.4600067138672,212.58999633789062,211.6300048828125,212.3300018310547,74974600,SPY
2015-05-29,175.18289184570312,211.13999938964844,212.42999267578125,210.82000732421875,212.3800048828125,124919600,SPY
2015-06-01,175.53968811035156,211.57000732421875,212.33999633789062,210.6199951171875,211.94000244140625,93338800,SPY
2015-06-02,175.36538696289062,211.36000061035156,212.19000244140625,210.27000427246094,211.02000427246094,91531000,SPY
2015-06-03,175.83001708984375,211.9199981689453,212.6699981689453,211.3300018310547,212.0,87820900,SPY
2015-06-04,174.3448486328125,210.1300048828125,211.86000061035156,209.75,211.07000732421875,151882800,SPY
2015-06-05,174.04620361328125,209.77000427246094,210.5800018310547,208.97999572753906,209.9499969482422,121704700,SPY
2015-06-08,172.975830078125,208.47999572753906,209.82000732421875,208.38999938964844,209.63999938964844,89063300,SPY
2015-06-09,172.95098876953125,208.4499969482422,209.10000610351562,207.69000244140625,208.4499969482422,105034700,SPY
2015-06-10,175.02523803710938,210.9499969482422,211.41000366210938,209.3000030517578,209.3699951171875,134551300,SPY
2015-06-11,175.58944702148438,211.6300048828125,212.08999633789062,211.1999969482422,211.47999572753906,73876400,SPY
2015-06-12,174.24534606933594,210.00999450683594,211.47999572753906,209.67999267578125,210.63999938964844,135382400,SPY
2015-06-15,173.4985809326172,209.11000061035156,209.4499969482422,207.7899932861328,208.63999938964844,124384200,SPY
2015-06-16,174.4444122314453,210.25,210.35000610351562,208.72000122070312,208.92999267578125,85308200,SPY
2015-06-17,174.7265167236328,210.58999633789062,211.32000732421875,209.36000061035156,210.58999633789062,126708600,SPY
2015-06-18,176.54359436035156,212.77999877929688,213.33999633789062,210.6300048828125,211.30999755859375,165867900,SPY
2015-06-19,175.75991821289062,210.80999755859375,211.5500030517578,210.36000061035156,211.4600067138672,130478700,SPY
2015-06-22,176.6603240966797,211.88999938964844,212.58999633789062,211.63999938964844,211.91000366210938,70696000,SPY
2015-06-23,176.7853546142578,212.0399932861328,212.44000244140625,211.57000732421875,212.13999938964844,68476800,SPY
2015-06-24,175.50148010253906,210.5,212.1699981689453,210.47000122070312,211.72000122070312,92307300,SPY
2015-06-25,174.9678192138672,209.86000061035156,211.25,209.77000427246094,211.10000610351562,97107400,SPY
2015-06-26,174.9345245361328,209.82000732421875,210.5800018310547,209.16000366210938,210.2899932861328,104174800,SPY
2015-06-29,171.26602172851562,205.4199981689453,209.8300018310547,205.3300018310547,208.0500030517578,202621300,SPY
2015-06-30,171.6245574951172,205.85000610351562,207.32000732421875,205.27999877929688,207.25999450683594,182925100,SPY
2015-07-01,173.000244140625,207.5,208.02999877929688,206.55999755859375,207.72999572753906,135979900,SPY
2015-07-02,172.84178161621094,207.30999755859375,208.27000427246094,206.80999755859375,208.07000732421875,104373700,SPY
2015-07-06,172.3498992919922,206.72000122070312,207.64999389648438,205.52999877929688,205.77000427246094,117975400,SPY
2015-07-07,173.4337158203125,208.02000427246094,208.1699981689453,204.11000061035156,206.9600067138672,173820200,SPY
2015-07-08,170.5240478515625,204.52999877929688,206.75999450683594,204.25,206.4199981689453,164020100,SPY
2015-07-09,170.8324737548828,204.89999389648438,207.35000610351562,204.77000427246094,207.0399932861328,144113100,SPY
2015-07-10,172.9835968017578,207.47999572753906,207.97999572753906,204.9499969482422,207.2899932861328,129456900,SPY
2015-07-13,174.89279174804688,209.77000427246094,209.89999389648438,208.94000244140625,208.99000549316406,106069400,SPY
2015-07-14,175.65147399902344,210.67999267578125,211.0500030517578,209.64999389648438,209.72000122070312,81709600,SPY
2015-07-15,175.59312438964844,210.61000061035156,211.27999877929688,210.0399932861328,210.72999572753906,97914100,SPY
2015-07-16,177.0021514892578,212.3000030517578,212.3000030517578,211.5800018310547,211.8699951171875,106683300,SPY
2015-07-17,177.15219116210938,212.47999572753906,212.5500030517578,211.8000030517578,212.2899932861328,89030000,SPY
2015-07-20,177.24395751953125,212.58999633789062,213.17999267578125,212.2100067138672,212.75,70446800,SPY
2015-07-21,176.54359436035156,211.75,212.74000549316406,211.38999938964844,212.42999267578125,77965000,SPY
2015-07-22,176.22682189941406,211.3699951171875,211.77000427246094,210.88999938964844,210.92999267578125,88667900,SPY
2015-07-23,175.23458862304688,210.17999267578125,211.64999389648438,209.75,211.52999877929688,90509100,SPY
2015-07-24,173.41709899902344,208.0,210.3699951171875,207.60000610351562,210.3000030517578,117755000,SPY
2015-07-27,172.40826416015625,206.7899932861328,207.5500030517578,206.25999450683594,206.94000244140625,132361100,SPY
2015-07-28,174.5259246826172,209.3300018310547,209.5,206.8000030517578,207.7899932861328,123544800,SPY
2015-07-29,175.72653198242188,210.77000427246094,211.0399932861328,209.30999755859375,209.47999572753906,105791300,SPY
2015-07-30,175.76820373535156,210.82000732421875,211.02000427246094,209.4199981689453,210.16000366210938,91304400,SPY
2015-07-31,175.50148010253906,210.5,211.4499969482422,210.16000366210938,211.4199981689453,103266900,SPY
2015-08-03,174.90951538085938,209.7899932861328,210.52999877929688,208.64999389648438,210.4600067138672,113965700,SPY
2015-08-04,174.56761169433594,209.3800048828125,210.25,208.8000030517578,209.6999969482422,81820800,SPY
2015-08-05,175.14292907714844,210.07000732421875,211.30999755859375,209.72999572753906,210.4499969482422,85786800,SPY
2015-08-06,173.70889282226562,208.35000610351562,210.4199981689453,207.64999389648438,210.2899932861328,116030800,SPY
2015-08-07,173.37535095214844,207.9499969482422,208.33999633789062,206.8699951171875,208.16000366210938,117858000,SPY
2015-08-10,175.55982971191406,210.57000732421875,210.6699981689453,209.27999877929688,209.27999877929688,80270700,SPY
2015-08-11,173.9756622314453,208.6699981689453,209.47000122070312,207.75999450683594,208.97000122070312,126081400,SPY
2015-08-12,174.18414306640625,208.9199981689453,209.13999938964844,205.36000061035156,207.11000061035156,172123700,SPY
2015-08-13,173.96739196777344,208.66000366210938,209.5500030517578,208.00999450683594,208.72999572753906,89383300,SPY
2015-08-14,174.60098266601562,209.4199981689453,209.50999450683594,208.25999450683594,208.42999267578125,72786500,SPY
2015-08-17,175.57643127441406,210.58999633789062,210.58999633789062,208.16000366210938,208.7100067138672,79072600,SPY
2015-08-18,175.0679168701172,209.97999572753906,210.67999267578125,209.6999969482422,210.25999450683594,71692700,SPY
2015-08-19,173.6838836669922,208.32000732421875,210.00999450683594,207.35000610351562,209.08999633789062,172946000,SPY
2015-08-20,170.0572052001953,203.97000122070312,208.2899932861328,203.89999389648438,206.50999450683594,194327900,SPY
2015-08-21,164.93801879882812,197.8300018310547,203.94000244140625,197.52000427246094,201.72999572753906,346588500,SPY
2015-08-24,157.99293518066406,189.5,197.47999572753906,182.39999389648438,187.49000549316406,507244300,SPY
2015-08-25,156.1337432861328,187.27000427246094,195.4499969482422,186.9199981689453,195.42999267578125,369833100,SPY
2015-08-26,162.1282958984375,194.4600067138672,194.7899932861328,188.3699951171875,192.0800018310547,339257000,SPY
2015-08-27,166.1385955810547,199.27000427246094,199.4199981689453,195.2100067138672,197.02000427246094,274143900,SPY
2015-08-28,166.1468963623047,199.27999877929688,199.83999633789062,197.9199981689453,198.5,160414400,SPY
2015-08-31,164.8045654296875,197.6699981689453,199.1300048828125,197.00999450683594,198.11000061035156,163298800,SPY
2015-09-01,159.885498046875,191.77000427246094,194.77000427246094,190.72999572753906,193.1199951171875,256000400,SPY
2015-09-02,162.92037963867188,195.41000366210938,195.4600067138672,192.4199981689453,194.6199951171875,160269300,SPY
2015-09-03,163.0370635986328,195.5500030517578,198.0500030517578,194.9600067138672,196.25999450683594,152087800,SPY
2015-09-04,160.56915283203125,192.58999633789062,193.86000061035156,191.61000061035156,192.85000610351562,207081000,SPY
2015-09-08,164.60443115234375,197.42999267578125,197.61000061035156,195.1699981689453,195.94000244140625,116025700,SPY
2015-09-09,162.40342712402344,194.7899932861328,199.47000122070312,194.35000610351562,199.32000732421875,149347700,SPY
2015-09-10,163.28720092773438,195.85000610351562,197.22000122070312,194.25,194.55999755859375,158611100,SPY
2015-09-11,164.0291748046875,196.74000549316406,196.82000732421875,194.52999877929688,195.3800048828125,119691200,SPY
2015-09-14,163.4206085205078,196.00999450683594,197.00999450683594,195.42999267578125,196.9499969482422,79452000,SPY
2015-09-15,165.46324157714844,198.4600067138672,198.99000549316406,195.9600067138672,196.61000061035156,113806200,SPY
2015-09-16,166.89727783203125,200.17999267578125,200.41000366210938,198.41000366210938,198.82000732421875,99581600,SPY
2015-09-17,166.5220489501953,199.72999572753906,202.88999938964844,199.27999877929688,200.02000427246094,276046600,SPY
2015-09-18,163.80084228515625,195.4499969482422,198.67999267578125,194.9600067138672,195.7100067138672,223657500,SPY
2015-09-21,164.64732360839844,196.4600067138672,197.67999267578125,195.2100067138672,196.44000244140625,105726200,SPY
2015-09-22,162.51025390625,193.91000366210938,194.4600067138672,192.55999755859375,193.8800048828125,153890900,SPY
2015-09-23,162.2504425048828,193.60000610351562,194.6699981689453,192.91000366210938,194.11000061035156,92790600,SPY
2015-09-24,161.66378784179688,192.89999389648438,193.4499969482422,190.55999755859375,192.14999389648438,159378800,SPY
2015-09-25,161.6218719482422,192.85000610351562,195.0,191.80999755859375,194.63999938964844,155054800,SPY
2015-09-28,157.5655975341797,188.00999450683594,191.91000366210938,187.63999938964844,191.77999877929688,178515900,SPY
2015-09-29,157.65777587890625,188.1199951171875,189.74000549316406,186.92999267578125,188.27000427246094,159045600,SPY
2015-09-30,160.59942626953125,191.6300048828125,191.8300018310547,189.44000244140625,190.3699951171875,163452000,SPY
2015-10-01,161.0184783935547,192.1300048828125,192.49000549316406,189.82000732421875,192.0800018310547,131079000,SPY
2015-10-02,163.42373657226562,195.0,195.02999877929688,189.1199951171875,189.77000427246094,211003300,SPY
2015-10-05,166.33181762695312,198.47000122070312,198.74000549316406,196.3300018310547,196.4600067138672,126320800,SPY
2015-10-06,165.7619171142578,197.7899932861328,198.97999572753906,197.0,198.30999755859375,110274500,SPY
2015-10-07,167.1195831298828,199.41000366210938,199.8300018310547,197.47999572753906,198.89999389648438,124307300,SPY
2015-10-08,168.62814331054688,201.2100067138672,201.5500030517578,198.58999633789062,198.9499969482422,153055200,SPY
2015-10-09,168.728759765625,201.3300018310547,201.89999389648438,200.5800018310547,201.3800048828125,107069200,SPY
2015-10-12,168.88800048828125,201.52000427246094,201.75999450683594,200.91000366210938,201.4199981689453,56395600,SPY
2015-10-13,167.8236083984375,200.25,202.16000366210938,200.0500030517578,200.64999389648438,88038700,SPY
2015-10-14,167.01901245117188,199.2899932861328,200.8699951171875,198.94000244140625,200.17999267578125,99106200,SPY
2015-10-15,169.5835723876953,202.35000610351562,202.36000061035156,199.63999938964844,200.0800018310547,134142200,SPY
2015-10-16,170.35455322265625,203.27000427246094,203.2899932861328,201.9199981689453,202.8300018310547,114580100,SPY
2015-10-19,170.43836975097656,203.3699951171875,203.3699951171875,202.1300048828125,202.5,76523900,SPY
2015-10-20,170.22048950195312,203.11000061035156,203.83999633789062,202.5500030517578,202.85000610351562,78448500,SPY
2015-10-21,169.16448974609375,201.85000610351562,203.7899932861328,201.64999389648438,203.61000061035156,102038000,SPY
2015-10-22,172.02235412597656,205.25999450683594,205.50999450683594,201.85000610351562,202.97999572753906,174911700,SPY
2015-10-23,173.90798950195312,207.50999450683594,207.9499969482422,206.3000030517578,207.25,144442300,SPY
2015-10-26,173.48057556152344,207.0,207.3699951171875,206.55999755859375,207.3000030517578,69033000,SPY
2015-10-27,173.1453399658203,206.60000610351562,207.0,205.7899932861328,206.1999969482422,77905800,SPY
2015-10-28,175.11480712890625,208.9499969482422,208.97999572753906,206.2100067138672,207.0,135906700,SPY
2015-10-29,175.0142364501953,208.8300018310547,209.27000427246094,208.2100067138672,208.35000610351562,90525500,SPY
2015-10-30,174.2599639892578,207.92999267578125,209.44000244140625,207.74000549316406,209.05999755859375,131076900,SPY
2015-11-02,176.32164001464844,210.38999938964844,210.6199951171875,208.1699981689453,208.32000732421875,86270800,SPY
2015-11-03,176.8328399658203,211.0,211.66000366210938,209.6999969482422,209.97000122070312,95246100,SPY
2015-11-04,176.29649353027344,210.36000061035156,211.5,209.72000122070312,211.35000610351562,96224500,SPY
2015-11-05,176.12051391601562,210.14999389648438,210.97999572753906,209.08999633789062,210.42999267578125,78408700,SPY
2015-11-06,176.0283203125,210.0399932861328,210.32000732421875,208.4600067138672,209.74000549316406,110471500,SPY
2015-11-09,174.38571166992188,208.0800018310547,209.49000549316406,206.9499969482422,209.30999755859375,131008700,SPY
2015-11-10,174.78793334960938,208.55999755859375,208.60000610351562,207.19000244140625,207.50999450683594,75874600,SPY
2015-11-11,174.10073852539062,207.74000549316406,208.94000244140625,207.66000366210938,208.8800048828125,67846000,SPY
2015-11-12,171.6703643798828,204.83999633789062,207.05999755859375,204.82000732421875,206.5,121315200,SPY
2015-11-13,169.74278259277344,202.5399932861328,204.6699981689453,202.44000244140625,204.35000610351562,153577100,SPY
2015-11-16,172.3240203857422,205.6199951171875,205.69000244140625,202.17999267578125,202.32000732421875,117645200,SPY
2015-11-17,172.1983184814453,205.47000122070312,207.0399932861328,204.8800048828125,205.99000549316406,121123700,SPY
2015-11-18,174.93043518066406,208.72999572753906,208.89999389648438,205.99000549316406,206.0399932861328,121342500,SPY
2015-11-19,174.77960205078125,208.5500030517578,209.0500030517578,208.1999969482422,208.58999633789062,88220500,SPY
2015-11-20,175.4165802001953,209.30999755859375,210.1199951171875,208.86000061035156,209.4499969482422,94011500,SPY
2015-11-23,175.2154083251953,209.07000732421875,209.97999572753906,208.52000427246094,209.3800048828125,64931200,SPY
2015-11-24,175.45005798339844,209.35000610351562,209.8300018310547,207.41000366210938,207.8699951171875,98874400,SPY
2015-11-25,175.42489624023438,209.32000732421875,209.74000549316406,209.00999450683594,209.5,51980100,SPY
2015-11-27,175.62608337402344,209.55999755859375,209.8000030517578,208.86000061035156,209.42999267578125,37317800,SPY
2015-11-30,174.89695739746094,208.69000244140625,209.88999938964844,208.55999755859375,209.75,112822700,SPY
2015-12-01,176.564697265625,210.67999267578125,210.82000732421875,209.11000061035156,209.44000244140625,97858400,SPY
2015-12-02,174.76284790039062,208.52999877929688,211.0,208.22999572753906,210.6199951171875,108441300,SPY
2015-12-03,172.31568908691406,205.61000061035156,209.14999389648438,204.75,208.8300018310547,166224200,SPY
2015-12-04,175.67630004882812,209.6199951171875,209.97000122070312,205.61000061035156,205.61000061035156,192913900,SPY
2015-12-07,174.61196899414062,208.35000610351562,209.72999572753906,207.1999969482422,209.22999572753906,102027100,SPY
2015-12-08,173.4386749267578,206.9499969482422,208.2899932861328,205.77999877929688,206.49000549316406,103372400,SPY
2015-12-09,172.0894012451172,205.33999633789062,208.67999267578125,204.17999267578125,206.19000244140625,162401500,SPY
2015-12-10,172.5335693359375,205.8699951171875,207.42999267578125,205.13999938964844,205.4199981689453,116128900,SPY
2015-12-11,169.1896514892578,201.8800048828125,204.13999938964844,201.50999450683594,203.35000610351562,211173300,SPY
2015-12-14,170.04449462890625,202.89999389648438,203.0500030517578,199.9499969482422,202.07000732421875,182385200,SPY
2015-12-15,171.82955932617188,205.02999877929688,206.11000061035156,202.8699951171875,204.6999969482422,154069600,SPY
2015-12-16,174.3438262939453,208.02999877929688,208.38999938964844,204.8000030517578,206.3699951171875,197017000,SPY
2015-12-17,171.68710327148438,204.86000061035156,208.47999572753906,204.83999633789062,208.39999389648438,173092500,SPY
2015-12-18,168.6284637451172,200.02000427246094,202.92999267578125,199.8300018310547,202.77000427246094,251393500,SPY
2015-12-21,170.01954650878906,201.6699981689453,201.8800048828125,200.08999633789062,201.41000366210938,99094300,SPY
2015-12-22,171.5623321533203,203.5,203.85000610351562,201.5500030517578,202.72000122070312,111026200,SPY
2015-12-23,173.6868896484375,206.02000427246094,206.07000732421875,204.5800018310547,204.69000244140625,110987200,SPY
2015-12-24,173.40016174316406,205.67999267578125,206.3300018310547,205.4199981689453,205.72000122070312,48539600,SPY
2015-12-28,173.00396728515625,205.2100067138672,205.25999450683594,203.94000244140625,204.86000061035156,65899900,SPY
2015-12-29,174.8502655029297,207.39999389648438,207.7899932861328,206.47000122070312,206.50999450683594,92640700,SPY
2015-12-30,173.61097717285156,205.92999267578125,207.2100067138672,205.75999450683594,207.11000061035156,63317700,SPY
2015-12-31,171.874267578125,203.8699951171875,205.88999938964844,203.8699951171875,205.1300048828125,114877900,SPY
2016-01-04,169.47158813476562,201.02000427246094,201.02999877929688,198.58999633789062,200.49000549316406,222353500,SPY
2016-01-05,169.75819396972656,201.36000061035156,201.89999389648438,200.0500030517578,201.39999389648438,110845800,SPY
2016-01-06,167.61685180664062,198.82000732421875,200.05999755859375,197.60000610351562,198.33999633789062,152112600,SPY
2016-01-07,163.59544372558594,194.0500030517578,197.44000244140625,193.58999633789062,195.3300018310547,213436100,SPY
2016-01-08,161.7997283935547,191.9199981689453,195.85000610351562,191.5800018310547,195.19000244140625,209817200,SPY
2016-01-11,161.9599151611328,192.11000061035156,193.41000366210938,189.82000732421875,193.00999450683594,187941300,SPY
2016-01-12,163.26663208007812,193.66000366210938,194.5500030517578,191.13999938964844,193.82000732421875,172330500,SPY
2016-01-13,159.1947021484375,188.8300018310547,194.86000061035156,188.3800048828125,194.4499969482422,221168900,SPY
2016-01-14,161.80810546875,191.92999267578125,193.25999450683594,187.66000366210938,189.5500030517578,240795600,SPY
2016-01-15,158.33477783203125,187.80999755859375,188.75999450683594,185.52000427246094,186.77000427246094,324846400,SPY
2016-01-19,158.5455322265625,188.05999755859375,190.11000061035156,186.1999969482422,189.9600067138672,195244400,SPY
2016-01-20,156.5137176513672,185.64999389648438,187.5,181.02000427246094,185.02999877929688,286547800,SPY
2016-01-21,157.3905487060547,186.69000244140625,188.8699951171875,184.63999938964844,186.2100067138672,195772900,SPY
2016-01-22,160.6194305419922,190.52000427246094,190.75999450683594,188.8800048828125,189.77999877929688,168319600,SPY
2016-01-25,158.19146728515625,187.63999938964844,190.14999389648438,187.41000366210938,189.9199981689453,130371700,SPY
2016-01-26,160.34963989257812,190.1999969482422,190.52999877929688,188.02000427246094,188.4199981689453,141036800,SPY
2016-01-27,158.60447692871094,188.1300048828125,191.55999755859375,187.05999755859375,189.5800018310547,185681700,SPY
2016-01-28,159.43072509765625,189.11000061035156,190.1999969482422,187.16000366210938,189.9600067138672,143798800,SPY
2016-01-29,163.3172607421875,193.72000122070312,193.8800048828125,189.8800048828125,190.02000427246094,210529300,SPY
2016-02-01,163.25819396972656,193.64999389648438,194.5800018310547,191.83999633789062,192.52999877929688,136061600,SPY
2016-02-02,160.31591796875,190.16000366210938,191.97000122070312,189.5399932861328,191.9600067138672,182564900,SPY
2016-02-03,161.2770538330078,191.3000030517578,191.77999877929688,187.10000610351562,191.41000366210938,205054900,SPY
2016-02-04,161.52996826171875,191.60000610351562,192.75,189.9600067138672,190.7100067138672,139531800,SPY
2016-02-05,158.45272827148438,187.9499969482422,191.6699981689453,187.1999969482422,190.99000549316406,180788300,SPY
2016-02-08,156.31983947753906,185.4199981689453,186.1199951171875,182.8000030517578,185.77000427246094,191526700,SPY
2016-02-09,156.32827758789062,185.42999267578125,186.94000244140625,183.1999969482422,183.36000061035156,184513100,SPY
2016-02-10,156.19338989257812,185.27000427246094,188.33999633789062,185.1199951171875,186.41000366210938,148214100,SPY
2016-02-11,154.16165161132812,182.86000061035156,184.10000610351562,181.08999633789062,182.33999633789062,219058900,SPY
2016-02-12,157.3399200439453,186.6300048828125,186.64999389648438,183.9600067138672,184.9600067138672,127632400,SPY
2016-02-16,159.99559020996094,189.77999877929688,189.80999755859375,187.6300048828125,188.77000427246094,120250700,SPY
2016-02-17,162.60906982421875,192.8800048828125,193.32000732421875,191.00999450683594,191.16000366210938,136009500,SPY
2016-02-18,161.9430389404297,192.08999633789062,193.27000427246094,191.72000122070312,193.1999969482422,102343000,SPY
2016-02-19,161.86715698242188,192.0,192.17999267578125,190.4499969482422,191.1699981689453,114793000,SPY
2016-02-22,164.2108612060547,194.77999877929688,194.9499969482422,193.7899932861328,193.8699951171875,103640300,SPY
2016-02-23,162.1369171142578,192.32000732421875,194.32000732421875,192.17999267578125,194.0,111455300,SPY
2016-02-24,162.87889099121094,193.1999969482422,193.52999877929688,189.32000732421875,190.6300048828125,150812200,SPY
2016-02-25,164.8516082763672,195.5399932861328,195.5500030517578,192.8300018310547,193.72999572753906,110728300,SPY
2016-02-26,164.4722442626953,195.08999633789062,196.67999267578125,194.89999389648438,196.57000732421875,129833700,SPY
2016-02-29,163.1823272705078,193.55999755859375,196.22999572753906,193.3300018310547,195.11000061035156,125918100,SPY
2016-03-01,167.018310546875,198.11000061035156,198.2100067138672,194.4499969482422,195.00999450683594,141799700,SPY
2016-03-02,167.76853942871094,199.0,199.05999755859375,197.25,197.74000549316406,102415000,SPY
2016-03-03,168.42620849609375,199.77999877929688,199.8000030517578,198.11000061035156,198.7899932861328,95172200,SPY
2016-03-04,168.97410583496094,200.42999267578125,201.35000610351562,199.02999877929688,200.00999450683594,129293600,SPY
2016-03-07,169.1090087890625,200.58999633789062,201.07000732421875,199.25,199.33999633789062,100219000,SPY
2016-03-08,167.26275634765625,198.39999389648438,199.9199981689453,198.2100067138672,199.32000732421875,123974900,SPY
2016-03-09,168.08897399902344,199.3800048828125,199.7899932861328,198.42999267578125,199.36000061035156,94801200,SPY
2016-03-10,168.2238311767578,199.5399932861328,201.07000732421875,197.3800048828125,199.9600067138672,156838700,SPY
2016-03-11,170.9384765625,202.75999450683594,202.80999755859375,199.52000427246094,201.25999450683594,137964500,SPY
2016-03-14,170.71926879882812,202.5,203.0399932861328,201.77000427246094,202.16000366210938,73612000,SPY
2016-03-15,170.44105529785156,202.1699981689453,202.52999877929688,201.0500030517578,201.36000061035156,93169100,SPY
2016-03-16,171.42745971679688,203.33999633789062,203.82000732421875,201.5500030517578,201.60000610351562,129303200,SPY
2016-03-17,172.51499938964844,204.6300048828125,205.22999572753906,202.77000427246094,203.24000549316406,134278500,SPY
2016-03-18,173.19293212890625,204.3800048828125,204.77999877929688,203.8000030517578,204.1699981689453,138372400,SPY
2016-03-21,173.43870544433594,204.6699981689453,204.94000244140625,203.8000030517578,204.07000732421875,72926700,SPY
2016-03-22,173.345458984375,204.55999755859375,205.22999572753906,203.57000732421875,203.75999450683594,97471900,SPY
2016-03-23,172.20143127441406,203.2100067138672,204.3300018310547,203.00999450683594,204.11000061035156,81052500,SPY
2016-03-24,172.1251983642578,203.1199951171875,203.16000366210938,201.74000549316406,202.0,84360900,SPY
2016-03-28,172.22686767578125,203.24000549316406,203.86000061035156,202.7100067138672,203.61000061035156,62408200,SPY
2016-03-29,173.82003784179688,205.1199951171875,205.25,202.39999389648438,202.75999450683594,92922900,SPY
2016-03-30,174.5827178955078,206.02000427246094,206.8699951171875,205.58999633789062,206.3000030517578,86365300,SPY
2016-03-31,174.158935546875,205.52000427246094,206.41000366210938,205.3300018310547,205.91000366210938,94584100,SPY
2016-04-01,175.34530639648438,206.9199981689453,207.13999938964844,203.97999572753906,204.35000610351562,114423500,SPY
2016-04-04,174.77755737304688,206.25,207.07000732421875,205.88999938964844,206.8300018310547,63497000,SPY
2016-04-05,173.03189086914062,204.19000244140625,206.25999450683594,203.88999938964844,204.6699981689453,99662200,SPY
2016-04-06,174.92160034179688,206.4199981689453,206.49000549316406,203.97999572753906,204.19000244140625,91839800,SPY
2016-04-07,172.8285675048828,203.9499969482422,205.55999755859375,203.08999633789062,205.13999938964844,113859000,SPY
2016-04-08,173.29458618164062,204.5,205.85000610351562,203.8699951171875,205.33999633789062,95040600,SPY
2016-04-11,172.8878631591797,204.02000427246094,206.07000732421875,203.91000366210938,205.25,83757500,SPY
2016-04-12,174.49789428710938,205.9199981689453,206.25,203.6999969482422,204.22000122070312,115350600,SPY
2016-04-13,176.26052856445312,208.0,208.10000610351562,206.83999633789062,207.0,96336400,SPY
2016-04-14,176.26901245117188,208.00999450683594,208.60000610351562,207.60000610351562,208.07000732421875,65212900,SPY
2016-04-15,176.07412719726562,207.77999877929688,208.1699981689453,207.39999389648438,208.00999450683594,75761600,SPY
2016-04-18,177.31134033203125,209.24000549316406,209.27999877929688,207.0,207.77999877929688,82531000,SPY
2016-04-19,177.87057495117188,209.89999389648438,210.1999969482422,208.94000244140625,209.74000549316406,88316100,SPY
2016-04-20,178.04010009765625,210.10000610351562,210.9199981689453,209.38999938964844,209.9499969482422,81100300,SPY
2016-04-21,177.08250427246094,208.97000122070312,210.25,208.64999389648438,210.1199951171875,85695000,SPY
2016-04-22,177.08250427246094,208.97000122070312,209.2899932861328,207.91000366210938,208.5500030517578,99251700,SPY
2016-04-25,176.77743530273438,208.61000061035156,208.66000366210938,207.5399932861328,208.25999450683594,66166500,SPY
2016-04-26,177.0401153564453,208.9199981689453,209.52000427246094,208.36000061035156,209.0399932861328,75864200,SPY
2016-04-27,177.4044952392578,209.35000610351562,209.80999755859375,208.0500030517578,208.47000122070312,77329400,SPY
2016-04-28,175.79443359375,207.4499969482422,209.75999450683594,206.9600067138672,208.4600067138672,97216200,SPY
2016-04-29,174.8453826904297,206.3300018310547,207.1300048828125,205.02999877929688,206.72000122070312,142424100,SPY
2016-05-02,176.23513793945312,207.97000122070312,208.17999267578125,206.41000366210938,206.9199981689453,62188000,SPY
2016-05-03,174.7013397216797,206.16000366210938,206.8000030517578,205.27999877929688,206.52000427246094,106422100,SPY
2016-05-04,173.72682189941406,205.00999450683594,205.85000610351562,204.4199981689453,204.99000549316406,92243800,SPY
2016-05-05,173.69287109375,204.97000122070312,205.97999572753906,204.47000122070312,205.55999755859375,67619200,SPY
2016-05-06,174.32843017578125,205.72000122070312,205.77000427246094,203.8800048828125,204.05999755859375,89315000,SPY
2016-05-09,174.47250366210938,205.88999938964844,206.39999389648438,205.36000061035156,205.57000732421875,74374900,SPY
2016-05-10,176.641845703125,208.4499969482422,208.47000122070312,206.63999938964844,206.72000122070312,77472200,SPY
2016-05-11,174.98944091796875,206.5,208.5399932861328,206.5,207.91000366210938,81727000,SPY
2016-05-12,175.04022216796875,206.55999755859375,207.49000549316406,205.3699951171875,207.2899932861328,89586300,SPY
2016-05-13,173.514892578125,204.75999450683594,206.86000061035156,204.3800048828125,206.2100067138672,96474600,SPY
2016-05-16,175.22671508789062,206.77999877929688,207.33999633789062,204.88999938964844,204.9600067138672,77486800,SPY
2016-05-17,173.5911865234375,204.85000610351562,206.8000030517578,204.22999572753906,206.4600067138672,114924900,SPY
2016-05-18,173.64205932617188,204.91000366210938,206.3000030517578,203.6300048828125,204.44000244140625,120062100,SPY
2016-05-19,173.04037475585938,204.1999969482422,204.5399932861328,202.77999877929688,204.05999755859375,115430500,SPY
2016-05-20,174.1334991455078,205.49000549316406,206.10000610351562,204.86000061035156,204.9199981689453,104990400,SPY
2016-05-23,173.89627075195312,205.2100067138672,205.83999633789062,204.99000549316406,205.50999450683594,58682600,SPY
2016-05-24,176.15036010742188,207.8699951171875,208.24000549316406,206.13999938964844,206.1699981689453,93537800,SPY
2016-05-25,177.34521484375,209.27999877929688,209.77000427246094,207.8699951171875,208.6699981689453,76621400,SPY
2016-05-26,177.39602661132812,209.33999633789062,209.7100067138672,208.97000122070312,209.44000244140625,55280700,SPY
2016-05-27,178.1587677001953,210.24000549316406,210.25,209.47000122070312,209.52999877929688,64211200,SPY
2016-05-31,177.81971740722656,209.83999633789062,210.69000244140625,209.17999267578125,210.55999755859375,109879400,SPY
2016-06-01,178.1841278076172,210.27000427246094,210.47999572753906,208.88999938964844,209.1199951171875,69936200,SPY
2016-06-02,178.7264404296875,210.91000366210938,210.92999267578125,209.24000549316406,209.8000030517578,63044700,SPY
2016-06-03,178.19261169433594,210.27999877929688,210.69000244140625,208.86000061035156,210.25,101757100,SPY
2016-06-06,179.09933471679688,211.35000610351562,211.77000427246094,210.50999450683594,210.6999969482422,64887000,SPY
2016-06-07,179.37896728515625,211.67999267578125,212.33999633789062,211.5,211.52999877929688,60974800,SPY
2016-06-08,179.96372985839844,212.3699951171875,212.52000427246094,211.69000244140625,211.83999633789062,66170900,SPY
2016-06-09,179.71795654296875,212.0800018310547,212.22000122070312,211.19000244140625,211.50999450683594,73786900,SPY
2016-06-10,178.0146942138672,210.07000732421875,210.86000061035156,209.42999267578125,210.4600067138672,113829200,SPY
2016-06-13,176.641845703125,208.4499969482422,210.3699951171875,208.35000610351562,209.36000061035156,117751200,SPY
2016-06-14,176.29441833496094,208.0399932861328,208.74000549316406,206.9199981689453,208.0,125059300,SPY
2016-06-15,176.04864501953125,207.75,209.36000061035156,207.52999877929688,208.0399932861328,109124500,SPY
2016-06-16,176.5740966796875,208.3699951171875,208.57000732421875,205.58999633789062,207.75,149533100,SPY
2016-06-17,175.91644287109375,206.52000427246094,207.1999969482422,205.75,207.1699981689453,117055700,SPY
2016-06-20,177.0493621826172,207.85000610351562,209.61000061035156,207.75,208.82000732421875,82789600,SPY
2016-06-21,177.55198669433594,208.44000244140625,208.9199981689453,207.77999877929688,208.3000030517578,72461700,SPY
2016-06-22,177.2623291015625,208.10000610351562,209.5,207.92999267578125,208.64999389648438,95560500,SPY
2016-06-23,179.57077026367188,210.80999755859375,210.8699951171875,209.27000427246094,209.80999755859375,102731400,SPY
2016-06-24,173.1225128173828,203.24000549316406,210.85000610351562,202.72000122070312,203.6300048828125,333444400,SPY
2016-06-27,170.0219268798828,199.60000610351562,201.60000610351562,198.64999389648438,201.58999633789062,230775800,SPY
2016-06-28,173.0884552001953,203.1999969482422,203.22999572753906,201.1199951171875,201.47999572753906,159382400,SPY
2016-06-29,176.03575134277344,206.66000366210938,206.92999267578125,204.72000122070312,204.83999633789062,137328600,SPY
2016-06-30,178.4378204345703,209.47999572753906,209.5399932861328,206.55999755859375,207.2100067138672,165021900,SPY
2016-07-01,178.81265258789062,209.9199981689453,210.49000549316406,209.2899932861328,209.47999572753906,106055300,SPY
2016-07-05,177.52638244628906,208.41000366210938,209.0800018310547,207.7100067138672,208.9499969482422,109803700,SPY
2016-07-06,178.5911865234375,209.66000366210938,209.8000030517578,207.05999755859375,207.8300018310547,96021500,SPY
2016-07-07,178.48040771484375,209.52999877929688,210.64999389648438,208.6300048828125,209.8699951171875,85593800,SPY
2016-07-08,181.1381378173828,212.64999389648438,212.94000244140625,210.77999877929688,211.0500030517578,133971000,SPY
2016-07-11,181.77694702148438,213.39999389648438,214.07000732421875,212.9499969482422,213.19000244140625,73633900,SPY
2016-07-12,183.09727478027344,214.9499969482422,215.3000030517578,213.42999267578125,214.52999877929688,101275600,SPY
2016-07-13,183.07168579101562,214.9199981689453,215.4499969482422,214.35000610351562,215.44000244140625,87324100,SPY
2016-07-14,184.09381103515625,216.1199951171875,216.6699981689453,215.66000366210938,216.39999389648438,91230900,SPY
2016-07-15,183.84683227539062,215.8300018310547,217.00999450683594,215.30999755859375,216.77999877929688,107155400,SPY
2016-07-18,184.3408966064453,216.41000366210938,216.60000610351562,215.6699981689453,215.97000122070312,58725900,SPY
2016-07-19,184.15353393554688,216.19000244140625,216.22999572753906,215.6300048828125,215.9199981689453,54345700,SPY
2016-07-20,184.9201202392578,217.08999633789062,217.3699951171875,216.19000244140625,216.19000244140625,58159500,SPY
2016-07-21,184.22164916992188,216.27000427246094,217.22000122070312,215.75,216.9600067138672,67777300,SPY
2016-07-22,185.04791259765625,217.24000549316406,217.3000030517578,216.10000610351562,216.41000366210938,62787500,SPY
2016-07-25,184.54531860351562,216.64999389648438,217.05999755859375,215.97000122070312,217.0,55873100,SPY
2016-07-26,184.63047790527344,216.75,217.1699981689453,215.75999450683594,216.52999877929688,70080500,SPY
2016-07-27,184.43460083007812,216.52000427246094,217.27000427246094,215.6199951171875,217.19000244140625,84083900,SPY
2016-07-28,184.6475067138672,216.77000427246094,217.11000061035156,215.75,216.2899932861328,65035700,SPY
2016-07-29,184.94570922851562,217.1199951171875,217.5399932861328,216.1300048828125,216.4600067138672,79519400,SPY
2016-08-01,184.79232788085938,216.94000244140625,217.64999389648438,216.41000366210938,217.19000244140625,73311400,SPY
2016-08-02,183.60829162597656,215.5500030517578,216.8300018310547,214.57000732421875,216.64999389648438,92295500,SPY
2016-08-03,184.14495849609375,216.17999267578125,216.25,215.1300048828125,215.47999572753906,53993600,SPY
2016-08-04,184.3408966064453,216.41000366210938,216.77999877929688,214.25,216.30999755859375,46585500,SPY
2016-08-05,185.84861755371094,218.17999267578125,218.22999572753906,216.41000366210938,216.41000366210938,71892200,SPY
2016-08-08,185.7379150390625,218.0500030517578,218.52000427246094,217.74000549316406,218.39999389648438,39906500,SPY
2016-08-09,185.84861755371094,218.17999267578125,218.75999450683594,217.8000030517578,218.1300048828125,51251700,SPY
2016-08-10,185.38868713378906,217.63999938964844,218.39999389648438,217.22999572753906,218.30999755859375,57941100,SPY
2016-08-11,186.2489776611328,218.64999389648438,218.94000244140625,217.9499969482422,218.25999450683594,72504300,SPY
2016-08-12,186.08714294433594,218.4600067138672,218.7100067138672,217.99000549316406,218.2899932861328,61313500,SPY
2016-08-15,186.62371826171875,219.08999633789062,219.5,218.8800048828125,218.88999938964844,49813500,SPY
2016-08-16,185.66123962402344,217.9600067138672,218.67999267578125,217.9600067138672,218.60000610351562,53213600,SPY
2016-08-17,186.01046752929688,218.3699951171875,218.52999877929688,217.02000427246094,218.0,75134300,SPY
2016-08-18,186.42782592773438,218.86000061035156,218.89999389648438,218.2100067138672,218.33999633789062,52989300,SPY
2016-08-19,186.1552734375,218.5399932861328,218.75,217.74000549316406,218.30999755859375,75443000,SPY
2016-08-22,186.1466827392578,218.52999877929688,218.8000030517578,217.8300018310547,218.25999450683594,61368800,SPY
2016-08-23,186.5215606689453,218.97000122070312,219.60000610351562,218.89999389648438,219.25,53399200,SPY
2016-08-24,185.56748962402344,217.85000610351562,218.91000366210938,217.36000061035156,218.8000030517578,71728900,SPY
2016-08-25,185.43975830078125,217.6999969482422,218.19000244140625,217.22000122070312,217.39999389648438,69224800,SPY
2016-08-26,185.0904998779297,217.2899932861328,219.1199951171875,216.25,217.9199981689453,122506300,SPY
2016-08-29,186.00193786621094,218.36000061035156,218.6699981689453,217.39999389648438,217.44000244140625,70502200,SPY
2016-08-30,185.6952667236328,218.0,218.58999633789062,217.35000610351562,218.25999450683594,58114500,SPY
2016-08-31,185.1671600341797,217.3800048828125,217.75,216.47000122070312,217.61000061035156,85269500,SPY
2016-09-01,185.17568969726562,217.38999938964844,217.72999572753906,216.02999877929688,217.3699951171875,97844200,SPY
2016-09-02,186.01046752929688,218.3699951171875,218.8699951171875,217.6999969482422,218.38999938964844,79293900,SPY
2016-09-06,186.57266235351562,219.02999877929688,219.1199951171875,217.86000061035156,218.6999969482422,56702100,SPY
2016-09-07,186.5556182861328,219.00999450683594,219.22000122070312,218.3000030517578,218.83999633789062,76554900,SPY
2016-09-08,186.1297149658203,218.50999450683594,218.94000244140625,218.14999389648438,218.6199951171875,74102900,SPY
2016-09-09,181.67469787597656,213.27999877929688,217.02999877929688,213.25,216.97000122070312,221589100,SPY
2016-09-12,184.28128051757812,216.33999633789062,216.80999755859375,212.30999755859375,212.38999938964844,168110900,SPY
2016-09-13,181.63211059570312,213.22999572753906,215.14999389648438,212.5,214.83999633789062,182828800,SPY
2016-09-14,181.5640106201172,213.14999389648438,214.6999969482422,212.5,213.2899932861328,134185500,SPY
2016-09-15,183.3783721923828,215.27999877929688,215.72999572753906,212.75,212.9600067138672,134427900,SPY
2016-09-16,182.6694793701172,213.3699951171875,213.69000244140625,212.57000732421875,213.47999572753906,155236400,SPY
2016-09-19,182.70370483398438,213.41000366210938,214.8800048828125,213.02999877929688,214.1300048828125,80250500,SPY
2016-09-20,182.7122802734375,213.4199981689453,214.58999633789062,213.3800048828125,214.41000366210938,69665300,SPY
2016-09-21,184.76693725585938,215.82000732421875,216.02999877929688,213.44000244140625,214.24000549316406,110284400,SPY
2016-09-22,185.9312286376953,217.17999267578125,217.52999877929688,216.7100067138672,217.0,76678700,SPY
2016-09-23,184.9125518798828,215.99000549316406,216.8800048828125,215.8800048828125,216.72000122070312,73630900,SPY
2016-09-26,183.41427612304688,214.24000549316406,215.22999572753906,214.00999450683594,215.02000427246094,89827300,SPY
2016-09-27,184.55291748046875,215.57000732421875,215.67999267578125,213.6199951171875,214.0500030517578,78494800,SPY
2016-09-28,185.46893310546875,216.63999938964844,216.82000732421875,214.7100067138672,215.8300018310547,87411000,SPY
2016-09-29,183.79100036621094,214.67999267578125,216.8699951171875,214.0399932861328,216.39999389648438,128070600,SPY
2016-09-30,185.1779327392578,216.3000030517578,217.1199951171875,215.36000061035156,215.64999389648438,117202900,SPY
2016-10-03,184.73268127441406,215.77999877929688,216.0399932861328,215.0399932861328,215.82000732421875,83512100,SPY
2016-10-04,183.79100036621094,214.67999267578125,216.1699981689453,213.99000549316406,215.91000366210938,119948100,SPY
2016-10-05,184.6043243408203,215.6300048828125,216.1300048828125,215.3300018310547,215.41000366210938,72816000,SPY
2016-10-06,184.73268127441406,215.77999877929688,216.0399932861328,214.74000549316406,215.3699951171875,62927400,SPY
2016-10-07,184.09918212890625,215.0399932861328,216.3000030517578,214.19000244140625,216.10000610351562,89788300,SPY
2016-10-10,185.05804443359375,216.16000366210938,216.6999969482422,215.99000549316406,216.16000366210938,51855000,SPY
2016-10-11,182.72084045410156,213.42999267578125,215.74000549316406,212.5800018310547,215.66000366210938,130367400,SPY
2016-10-12,182.96054077148438,213.7100067138672,214.32000732421875,213.00999450683594,213.58999633789062,73866100,SPY
2016-10-13,182.36135864257812,213.00999450683594,213.58999633789062,211.2100067138672,212.16000366210938,101357000,SPY
2016-10-14,182.45541381835938,213.1199951171875,214.69000244140625,213.02999877929688,214.14999389648438,93346200,SPY
2016-10-17,181.82196044921875,212.3800048828125,213.38999938964844,212.1699981689453,213.08999633789062,58275700,SPY
2016-10-18,182.96054077148438,213.7100067138672,214.30999755859375,213.27000427246094,214.24000549316406,76869700,SPY
2016-10-19,183.44854736328125,214.27999877929688,214.63999938964844,213.60000610351562,214.02000427246094,66519200,SPY
2016-10-20,183.1060791015625,213.8800048828125,214.52999877929688,213.11000061035156,213.8699951171875,73639800,SPY
2016-10-21,183.19175720214844,213.97999572753906,214.0800018310547,212.75999450683594,213.8800048828125,89089100,SPY
2016-10-24,183.9707489013672,214.88999938964844,215.32000732421875,214.47999572753906,215.0,60146600,SPY
2016-10-25,183.35435485839844,214.1699981689453,214.97999572753906,213.97999572753906,214.67999267578125,66542300,SPY
2016-10-26,182.98623657226562,213.74000549316406,214.4199981689453,212.92999267578125,213.2100067138672,75705500,SPY
2016-10-27,182.49826049804688,213.1699981689453,214.6199951171875,213.0800018310547,214.5800018310547,77220200,SPY
2016-10-28,181.9589080810547,212.5399932861328,213.92999267578125,211.7100067138672,213.13999938964844,140623200,SPY
2016-10-31,181.9674835205078,212.5500030517578,213.19000244140625,212.36000061035156,212.92999267578125,61272500,SPY
2016-11-01,180.6490020751953,211.00999450683594,212.99000549316406,209.60000610351562,212.92999267578125,122781800,SPY
2016-11-02,179.56175231933594,209.74000549316406,211.10000610351562,209.22999572753906,210.64999389648438,103330800,SPY
2016-11-03,178.7399444580078,208.77999877929688,210.24000549316406,208.4600067138672,209.99000549316406,88939300,SPY
2016-11-04,178.54299926757812,208.5500030517578,209.88999938964844,208.3800048828125,208.91000366210938,109122100,SPY
2016-11-07,182.48118591308594,213.14999389648438,213.19000244140625,208.5500030517578,208.5500030517578,109794900,SPY
2016-11-08,183.3030548095703,214.11000061035156,214.77000427246094,212.3800048828125,212.69000244140625,106772100,SPY
2016-11-09,185.24639892578125,216.3800048828125,217.10000610351562,212.33999633789062,212.3699951171875,258429000,SPY
2016-11-10,185.70863342285156,216.9199981689453,218.30999755859375,215.22000122070312,217.3000030517578,172113300,SPY
2016-11-11,185.28062438964844,216.4199981689453,216.6999969482422,215.32000732421875,216.0800018310547,100552700,SPY
2016-11-14,185.4262237548828,216.58999633789062,217.27000427246094,215.72000122070312,217.02999877929688,94580000,SPY
2016-11-15,186.8730010986328,218.27999877929688,218.27999877929688,216.8000030517578,217.0399932861328,91652600,SPY
2016-11-16,186.52200317382812,217.8699951171875,218.13999938964844,217.4199981689453,217.55999755859375,65617700,SPY
2016-11-17,187.4808807373047,218.99000549316406,219.05999755859375,217.9199981689453,218.0500030517578,69797200,SPY
2016-11-18,187.06138610839844,218.5,219.27000427246094,218.2899932861328,219.07000732421875,86265800,SPY
2016-11-21,188.4739227294922,220.14999389648438,220.17999267578125,219.0,219.1699981689453,72402600,SPY
2016-11-22,188.84205627441406,220.5800018310547,220.7899932861328,219.72999572753906,220.50999450683594,67429000,SPY
2016-11-23,188.94480895996094,220.6999969482422,220.75999450683594,219.75,219.97999572753906,56620200,SPY
2016-11-25,189.6468505859375,221.52000427246094,221.55999755859375,221.00999450683594,221.10000610351562,37872300,SPY
2016-11-28,188.75645446777344,220.47999572753906,221.47999572753906,220.36000061035156,221.16000366210938,76572500,SPY
2016-11-29,189.12460327148438,220.91000366210938,221.44000244140625,220.1699981689453,220.52000427246094,69886700,SPY
2016-11-30,188.67088317871094,220.3800048828125,221.82000732421875,220.30999755859375,221.6300048828125,113291800,SPY
2016-12-01,187.9774169921875,219.57000732421875,220.72999572753906,219.14999389648438,220.72999572753906,79040500,SPY
2016-12-02,188.0715789794922,219.67999267578125,220.25,219.25999450683594,219.6699981689453,74840300,SPY
2016-12-05,189.20169067382812,221.0,221.39999389648438,220.4199981689453,220.64999389648438,67837800,SPY
2016-12-06,189.8009490966797,221.6999969482422,221.74000549316406,220.66000366210938,221.22000122070312,59877400,SPY
2016-12-07,192.28366088867188,224.60000610351562,224.6699981689453,221.3800048828125,221.52000427246094,110738100,SPY
2016-12-08,192.75457763671875,225.14999389648438,225.6999969482422,224.25999450683594,224.57000732421875,99714400,SPY
2016-12-09,193.91891479492188,226.50999450683594,226.52999877929688,225.3699951171875,225.41000366210938,88005800,SPY
2016-12-12,193.69625854492188,226.25,226.9600067138672,225.75999450683594,226.39999389648438,102016100,SPY
2016-12-13,194.98902893066406,227.75999450683594,228.33999633789062,227.0,227.02000427246094,110477500,SPY
2016-12-14,193.3794708251953,225.8800048828125,228.22999572753906,225.3699951171875,227.41000366210938,142501800,SPY
2016-12-15,194.1756591796875,226.80999755859375,227.80999755859375,225.88999938964844,226.16000366210938,124972600,SPY
2016-12-16,193.7959442138672,225.0399932861328,226.0800018310547,224.6699981689453,226.00999450683594,156420200,SPY
2016-12-19,194.2178497314453,225.52999877929688,226.02000427246094,225.0800018310547,225.25,90341100,SPY
2016-12-20,194.9670867919922,226.39999389648438,226.57000732421875,225.8800048828125,226.14999389648438,89838800,SPY
2016-12-21,194.424560546875,225.77000427246094,226.4499969482422,225.77000427246094,226.25,67909000,SPY
2016-12-22,194.0887451171875,225.3800048828125,225.74000549316406,224.9199981689453,225.60000610351562,56219100,SPY
2016-12-23,194.37289428710938,225.7100067138672,225.72000122070312,225.2100067138672,225.42999267578125,36697800,SPY
2016-12-27,194.85511779785156,226.27000427246094,226.72999572753906,226.0,226.02000427246094,42672500,SPY
2016-12-28,193.2447967529297,224.39999389648438,226.58999633789062,224.27000427246094,226.57000732421875,64095000,SPY
2016-12-29,193.20176696777344,224.35000610351562,224.88999938964844,223.83999633789062,224.47999572753906,48696100,SPY
2016-12-30,192.49557495117188,223.52999877929688,224.8300018310547,222.72999572753906,224.72999572753906,108998300,SPY
2017-01-03,193.96815490722656,225.24000549316406,225.8300018310547,223.8800048828125,225.0399932861328,91366500,SPY
2017-01-04,195.12210083007812,226.5800018310547,226.75,225.61000061035156,225.6199951171875,78744400,SPY
2017-01-05,194.9670867919922,226.39999389648438,226.5800018310547,225.47999572753906,226.27000427246094,78379000,SPY
2017-01-06,195.6645965576172,227.2100067138672,227.75,225.89999389648438,226.52999877929688,71559900,SPY
2017-01-09,195.018798828125,226.4600067138672,227.07000732421875,226.4199981689453,226.91000366210938,46939700,SPY
2017-01-10,195.018798828125,226.4600067138672,227.4499969482422,226.00999450683594,226.47999572753906,63771900,SPY
2017-01-11,195.56993103027344,227.10000610351562,227.10000610351562,225.58999633789062,226.36000061035156,74650000,SPY
2017-01-12,195.07908630371094,226.52999877929688,226.75,224.9600067138672,226.5,72113200,SPY
2017-01-13,195.52691650390625,227.0500030517578,227.39999389648438,226.69000244140625,226.72999572753906,62717900,SPY
2017-01-17,194.8379364013672,226.25,226.77999877929688,225.8000030517578,226.30999755859375,61240800,SPY
2017-01-18,195.2685089111328,226.75,226.8000030517578,225.89999389648438,226.5399932861328,54793300,SPY
2017-01-19,194.5451202392578,225.91000366210938,227.0,225.41000366210938,226.83999633789062,66608800,SPY
2017-01-20,195.25987243652344,226.74000549316406,227.30999755859375,225.97000122070312,226.6999969482422,129168600,SPY
2017-01-23,194.75177001953125,226.14999389648438,226.80999755859375,225.27000427246094,226.74000549316406,75061600,SPY
2017-01-24,196.00048828125,227.60000610351562,228.0800018310547,226.27000427246094,226.39999389648438,95555300,SPY
2017-01-25,197.69700622558594,229.57000732421875,229.57000732421875,228.50999450683594,228.6999969482422,84437700,SPY
2017-01-26,197.49032592773438,229.3300018310547,229.7100067138672,229.00999450683594,229.39999389648438,59970700,SPY
2017-01-27,197.1802520751953,228.97000122070312,229.58999633789062,228.75999450683594,229.4199981689453,59711100,SPY
2017-01-30,195.95742797851562,227.5500030517578,228.1999969482422,226.41000366210938,228.1699981689453,79737300,SPY
2017-01-31,195.94020080566406,227.52999877929688,227.60000610351562,226.32000732421875,226.97999572753906,75880800,SPY
2017-02-01,196.0177001953125,227.6199951171875,228.58999633789062,226.94000244140625,227.52999877929688,79117700,SPY
2017-02-02,196.14691162109375,227.77000427246094,228.10000610351562,226.82000732421875,227.6199951171875,69657600,SPY
2017-02-03,197.49891662597656,229.33999633789062,229.5500030517578,228.4600067138672,228.82000732421875,80563200,SPY
2017-02-06,197.14584350585938,228.92999267578125,229.3300018310547,228.5399932861328,228.8699951171875,57790100,SPY
2017-02-07,197.15447998046875,228.94000244140625,229.66000366210938,228.72000122070312,229.3800048828125,57931200,SPY
2017-02-08,197.41282653808594,229.24000549316406,229.38999938964844,228.30999755859375,228.94000244140625,51566200,SPY
2017-02-09,198.583984375,230.60000610351562,230.9499969482422,229.24000549316406,229.24000549316406,65955200,SPY
2017-02-10,199.3675994873047,231.50999450683594,231.77000427246094,230.6199951171875,231.0,66015900,SPY
2017-02-13,200.45274353027344,232.77000427246094,233.07000732421875,232.0500030517578,232.0800018310547,55182100,SPY
2017-02-14,201.25357055664062,233.6999969482422,233.7100067138672,232.16000366210938,232.55999755859375,71109000,SPY
2017-02-15,202.3041534423828,234.9199981689453,235.13999938964844,233.38999938964844,233.4499969482422,86785800,SPY
2017-02-16,202.1320037841797,234.72000122070312,235.16000366210938,233.85000610351562,234.9499969482422,84722400,SPY
2017-02-17,202.45057678222656,235.08999633789062,235.08999633789062,233.92999267578125,233.9499969482422,77204100,SPY
2017-02-21,203.65625,236.49000549316406,236.69000244140625,235.50999450683594,235.52000427246094,88946100,SPY
2017-02-22,203.47537231445312,236.27999877929688,236.5399932861328,235.8300018310547,236.02000427246094,62115200,SPY
2017-02-23,203.61314392089844,236.44000244140625,236.89999389648438,235.55999755859375,236.8800048828125,74615900,SPY
2017-02-24,203.87155151367188,236.74000549316406,236.7899932861328,235.41000366210938,235.4600067138672,82381600,SPY
2017-02-27,204.19007873535156,237.11000061035156,237.30999755859375,236.35000610351562,236.63999938964844,56515400,SPY
2017-02-28,203.63900756835938,236.47000122070312,236.9499969482422,236.02000427246094,236.6699981689453,96961900,SPY
2017-03-01,206.4894256591797,239.77999877929688,240.32000732421875,238.3699951171875,238.38999938964844,149158200,SPY
2017-03-02,205.1890869140625,238.27000427246094,239.57000732421875,238.2100067138672,239.55999755859375,70246000,SPY
2017-03-03,205.31825256347656,238.4199981689453,238.61000061035156,237.72999572753906,238.1699981689453,81974300,SPY
2017-03-06,204.7068634033203,237.7100067138672,238.1199951171875,237.00999450683594,237.5,55391500,SPY
2017-03-07,204.0954132080078,237.0,237.77000427246094,236.75999450683594,237.36000061035156,65103700,SPY
2017-03-08,203.716552734375,236.55999755859375,237.63999938964844,236.39999389648438,237.33999633789062,78168800,SPY
2017-03-09,203.97483825683594,236.86000061035156,237.24000549316406,235.74000549316406,236.6999969482422,90683900,SPY
2017-03-10,204.68959045410156,237.69000244140625,238.02000427246094,236.58999633789062,237.97000122070312,81991700,SPY
2017-03-13,204.79296875,237.80999755859375,237.86000061035156,237.24000549316406,237.6199951171875,57256800,SPY
2017-03-14,204.00926208496094,236.89999389648438,237.24000549316406,236.19000244140625,237.17999267578125,59880800,SPY
2017-03-15,205.7747039794922,238.9499969482422,239.44000244140625,237.2899932861328,237.55999755859375,96081800,SPY
2017-03-16,205.36996459960938,238.47999572753906,239.1999969482422,238.10000610351562,239.11000061035156,78344000,SPY
2017-03-17,205.00927734375,237.02999877929688,237.97000122070312,237.02999877929688,237.75,89002100,SPY
2017-03-20,204.78439331054688,236.77000427246094,237.36000061035156,236.32000732421875,237.02999877929688,52537000,SPY
2017-03-21,202.1550750732422,233.72999572753906,237.61000061035156,233.5800018310547,237.47000122070312,131809300,SPY
2017-03-22,202.6307830810547,234.27999877929688,234.61000061035156,233.0500030517578,233.77000427246094,97569200,SPY
2017-03-23,202.41452026367188,234.02999877929688,235.33999633789062,233.60000610351562,234.27999877929688,100410300,SPY
2017-03-24,202.26751708984375,233.86000061035156,235.0399932861328,232.9600067138672,234.3800048828125,112504900,SPY
2017-03-27,202.05992126464844,233.6199951171875,233.9199981689453,231.61000061035156,231.92999267578125,87454500,SPY
2017-03-28,203.5303497314453,235.32000732421875,235.80999755859375,233.13999938964844,233.27000427246094,93483900,SPY
2017-03-29,203.7205352783203,235.5399932861328,235.80999755859375,234.72999572753906,234.99000549316406,61950400,SPY
2017-03-30,204.3691864013672,236.2899932861328,236.52000427246094,235.27000427246094,235.47000122070312,56737900,SPY
2017-03-31,203.89358520507812,235.74000549316406,236.50999450683594,235.67999267578125,235.89999389648438,73733100,SPY
2017-04-03,203.53895568847656,235.3300018310547,236.02999877929688,233.91000366210938,235.8000030517578,85546500,SPY
2017-04-04,203.66860961914062,235.47999572753906,235.5800018310547,234.55999755859375,235.0,56466200,SPY
2017-04-05,203.06320190429688,234.77999877929688,237.38999938964844,234.5399932861328,236.25999450683594,108800600,SPY
2017-04-06,203.63404846191406,235.44000244140625,236.0399932861328,234.42999267578125,234.94000244140625,69135800,SPY
2017-04-07,203.42649841308594,235.1999969482422,236.0,234.63999938964844,235.14999389648438,74412300,SPY
2017-04-10,203.54750061035156,235.33999633789062,236.25999450683594,234.72999572753906,235.36000061035156,67615300,SPY
2017-04-11,203.305419921875,235.05999755859375,235.17999267578125,233.33999633789062,234.89999389648438,88045300,SPY
2017-04-12,202.41452026367188,234.02999877929688,234.9600067138672,233.77000427246094,234.74000549316406,81864400,SPY
2017-04-13,201.09983825683594,232.50999450683594,234.49000549316406,232.50999450683594,233.63999938964844,92880400,SPY
2017-04-17,202.88157653808594,234.57000732421875,234.57000732421875,232.8800048828125,233.11000061035156,68405400,SPY
2017-04-18,202.2761688232422,233.8699951171875,234.49000549316406,233.0800018310547,233.72000122070312,83225800,SPY
2017-04-19,201.90428161621094,233.44000244140625,234.9499969482422,233.17999267578125,234.52000427246094,68699900,SPY
2017-04-20,203.54750061035156,235.33999633789062,235.85000610351562,233.77999877929688,234.14999389648438,92572200,SPY
2017-04-21,202.89891052246094,234.58999633789062,235.30999755859375,234.1300048828125,235.25,110389800,SPY
2017-04-24,205.13034057617188,237.1699981689453,237.41000366210938,234.55999755859375,237.17999267578125,119209900,SPY
2017-04-25,206.3239288330078,238.5500030517578,238.9499969482422,237.80999755859375,237.91000366210938,76698300,SPY
2017-04-26,206.19415283203125,238.39999389648438,239.52999877929688,238.35000610351562,238.50999450683594,84702500,SPY
2017-04-27,206.36717224121094,238.60000610351562,238.9499969482422,237.97999572753906,238.77000427246094,57410300,SPY
2017-04-28,205.9174346923828,238.0800018310547,238.92999267578125,237.92999267578125,238.89999389648438,63532800,SPY
2017-05-01,206.43637084960938,238.67999267578125,239.1699981689453,238.1999969482422,238.67999267578125,66882500,SPY
2017-05-02,206.51425170898438,238.77000427246094,238.97999572753906,238.3000030517578,238.83999633789062,57375700,SPY
2017-05-03,206.26336669921875,238.47999572753906,238.8800048828125,237.6999969482422,238.77000427246094,73137700,SPY
2017-05-04,206.50555419921875,238.75999450683594,238.9199981689453,237.77999877929688,238.8300018310547,61462700,SPY
2017-05-05,207.31857299804688,239.6999969482422,239.72000122070312,238.67999267578125,239.19000244140625,62001300,SPY
2017-05-08,207.28399658203125,239.66000366210938,239.9199981689453,239.1699981689453,239.75,48385700,SPY
2017-05-09,207.09365844726562,239.44000244140625,240.19000244140625,239.0399932861328,239.9600067138672,51363200,SPY
2017-05-10,207.46566772460938,239.8699951171875,239.8699951171875,239.14999389648438,239.38999938964844,54293800,SPY
2017-05-11,207.04183959960938,239.3800048828125,239.57000732421875,238.1300048828125,239.35000610351562,62358300,SPY
2017-05-12,206.69580078125,238.97999572753906,239.42999267578125,238.6699981689453,239.08999633789062,53912700,SPY
2017-05-15,207.83749389648438,240.3000030517578,240.44000244140625,239.4499969482422,239.47000122070312,61918900,SPY
2017-05-16,207.64723205566406,240.0800018310547,240.6699981689453,239.6300048828125,240.63999938964844,51241800,SPY
2017-05-17,203.9627227783203,235.82000732421875,240.0800018310547,235.75,240.0800018310547,172174100,SPY
2017-05-18,204.78439331054688,236.77000427246094,237.75,235.42999267578125,235.72999572753906,107047700,SPY
2017-05-19,206.1162872314453,238.30999755859375,239.0800018310547,237.27000427246094,237.3300018310547,115011400,SPY
2017-05-22,207.1628875732422,239.52000427246094,239.7100067138672,238.82000732421875,238.89999389648438,61010600,SPY
2017-05-23,207.6212921142578,240.0500030517578,240.24000549316406,239.50999450683594,239.9499969482422,48341700,SPY
2017-05-24,208.10562133789062,240.61000061035156,240.72999572753906,239.92999267578125,240.32000732421875,46927700,SPY
2017-05-25,209.10025024414062,241.75999450683594,242.0800018310547,240.9600067138672,241.1999969482422,64071700,SPY
2017-05-26,209.05706787109375,241.7100067138672,241.89999389648438,241.4499969482422,241.5399932861328,46629900,SPY
2017-05-30,208.8754119873047,241.5,241.7899932861328,241.16000366210938,241.33999633789062,35201900,SPY
2017-05-31,208.82347106933594,241.44000244140625,241.8800048828125,240.63999938964844,241.83999633789062,91796000,SPY
2017-06-01,210.4841766357422,243.36000061035156,243.3800048828125,241.63999938964844,241.97000122070312,68962000,SPY
2017-06-02,211.18470764160156,244.1699981689453,244.35000610351562,243.0800018310547,243.4199981689453,88666100,SPY
2017-06-05,211.02906799316406,243.99000549316406,244.3000030517578,243.75999450683594,243.97000122070312,44698800,SPY
2017-06-06,210.35440063476562,243.2100067138672,243.97999572753906,243.1199951171875,243.33999633789062,50375400,SPY
2017-06-07,210.74363708496094,243.66000366210938,243.9199981689453,242.8300018310547,243.60000610351562,54144300,SPY
2017-06-08,210.847412109375,243.77999877929688,244.3300018310547,243.1699981689453,243.77000427246094,65950700,SPY
2017-06-09,210.52737426757812,243.41000366210938,245.00999450683594,241.9499969482422,244.08999633789062,132256400,SPY
2017-06-12,210.4841766357422,243.36000061035156,243.4199981689453,242.3800048828125,243.1300048828125,86108100,SPY
2017-06-13,211.5133819580078,244.5500030517578,244.61000061035156,243.5800018310547,243.97999572753906,60067000,SPY
2017-06-14,211.24522399902344,244.24000549316406,244.8699951171875,243.2899932861328,244.86000061035156,78602300,SPY
2017-06-15,210.83872985839844,243.77000427246094,243.91000366210938,242.36000061035156,242.67999267578125,66464900,SPY
2017-06-16,210.88479614257812,242.63999938964844,242.8300018310547,241.6300048828125,242.77000427246094,84553100,SPY
2017-06-19,212.64047241210938,244.66000366210938,244.72999572753906,243.47999572753906,243.58999633789062,65123800,SPY
2017-06-20,211.2063751220703,243.00999450683594,244.25999450683594,242.99000549316406,244.25,56906400,SPY
2017-06-21,211.15423583984375,242.9499969482422,243.58999633789062,242.41000366210938,243.4600067138672,55977600,SPY
2017-06-22,211.05865478515625,242.83999633789062,243.52999877929688,242.63999938964844,242.9600067138672,44148100,SPY
2017-06-23,211.3107147216797,243.1300048828125,243.50999450683594,242.47000122070312,242.91000366210938,66986800,SPY
2017-06-26,211.44973754882812,243.2899932861328,244.3800048828125,243.0500030517578,243.89999389648438,56700500,SPY
2017-06-27,209.7462615966797,241.3300018310547,243.3800048828125,241.30999755859375,243.0399932861328,82247700,SPY
2017-06-28,211.62356567382812,243.49000549316406,243.72000122070312,242.22999572753906,242.5,70042600,SPY
2017-06-29,209.763671875,241.35000610351562,243.72000122070312,239.9600067138672,243.66000366210938,106949700,SPY
2017-06-30,210.1547393798828,241.8000030517578,242.7100067138672,241.5800018310547,242.27999877929688,86820700,SPY
2017-07-03,210.5111083984375,242.2100067138672,243.3800048828125,242.2100067138672,242.8800048828125,39153800,SPY
2017-07-05,210.99781799316406,242.77000427246094,243.00999450683594,241.6999969482422,242.6300048828125,54427600,SPY
2017-07-06,209.06834411621094,240.5500030517578,242.02999877929688,240.33999633789062,241.88999938964844,65400800,SPY
2017-07-07,210.42417907714844,242.11000061035156,242.27999877929688,240.55999755859375,241.2100067138672,57972300,SPY
2017-07-10,210.65013122558594,242.3699951171875,242.8000030517578,241.75999450683594,242.11000061035156,36663300,SPY
2017-07-11,210.49371337890625,242.19000244140625,242.5500030517578,240.85000610351562,242.3699951171875,50354600,SPY
2017-07-12,212.07550048828125,244.00999450683594,244.1999969482422,243.3000030517578,243.3000030517578,59610400,SPY
2017-07-13,212.4318389892578,244.4199981689453,244.5500030517578,243.75999450683594,244.02000427246094,39471600,SPY
2017-07-14,213.4226837158203,245.55999755859375,245.97000122070312,244.30999755859375,244.4199981689453,60262700,SPY
2017-07-17,213.3966064453125,245.52999877929688,245.91000366210938,245.3300018310547,245.47000122070312,33531900,SPY
2017-07-18,213.50955200195312,245.66000366210938,245.72000122070312,244.6699981689453,245.05999755859375,42742500,SPY
2017-07-19,214.66551208496094,246.99000549316406,247.0,246.00999450683594,246.02000427246094,51034300,SPY
2017-07-20,214.7611541748047,247.10000610351562,247.4199981689453,246.47000122070312,247.27999877929688,47135200,SPY
2017-07-21,214.5699462890625,246.8800048828125,246.91000366210938,246.17999267578125,246.44000244140625,82340800,SPY
2017-07-24,214.5177459716797,246.82000732421875,246.97999572753906,246.27999877929688,246.7899932861328,46622300,SPY
2017-07-25,215.03919982910156,247.4199981689453,247.8000030517578,247.16000366210938,247.67999267578125,54915600,SPY
2017-07-26,215.04794311523438,247.42999267578125,247.7899932861328,247.1300048828125,247.75,47575400,SPY
2017-07-27,214.8480224609375,247.1999969482422,248.0,245.67999267578125,247.9600067138672,70766600,SPY
2017-07-28,214.59600830078125,246.91000366210938,247.05999755859375,246.1300048828125,246.64999389648438,50088400,SPY
2017-07-31,214.4742889404297,246.77000427246094,247.47999572753906,246.52999877929688,247.3699951171875,65838700,SPY
2017-08-01,214.95233154296875,247.32000732421875,247.5,246.72000122070312,247.4600067138672,55050400,SPY
2017-08-02,215.0565948486328,247.44000244140625,247.60000610351562,246.3699951171875,247.47000122070312,47211200,SPY
2017-08-03,214.6394805908203,246.9600067138672,247.33999633789062,246.63999938964844,247.30999755859375,40856000,SPY
2017-08-04,215.03050231933594,247.41000366210938,247.7899932861328,246.97000122070312,247.52000427246094,60191800,SPY
2017-08-07,215.4303436279297,247.8699951171875,247.8699951171875,247.3699951171875,247.49000549316406,31995000,SPY
2017-08-08,214.90013122558594,247.25999450683594,248.91000366210938,246.8300018310547,247.50999450683594,61719400,SPY
2017-08-09,214.89151000976562,247.25,247.30999755859375,246.05999755859375,246.47000122070312,62632600,SPY
2017-08-10,211.85826110839844,243.75999450683594,246.44000244140625,243.6999969482422,246.2899932861328,120479500,SPY
2017-08-11,212.17105102539062,244.1199951171875,244.8000030517578,243.75,244.02000427246094,74869900,SPY
2017-08-14,214.27435302734375,246.5399932861328,246.7899932861328,245.5500030517578,245.58999633789062,73291900,SPY
2017-08-15,214.24832153320312,246.50999450683594,247.0,246.16000366210938,246.97999572753906,55242700,SPY
2017-08-16,214.62205505371094,246.94000244140625,247.57000732421875,246.4499969482422,247.11000061035156,56715500,SPY
2017-08-17,211.27593994140625,243.08999633789062,246.60000610351562,243.08999633789062,246.24000549316406,128490400,SPY
2017-08-18,210.9456329345703,242.7100067138672,244.19000244140625,242.1999969482422,242.89999389648438,136748000,SPY
2017-08-21,211.1107940673828,242.89999389648438,243.1999969482422,241.8300018310547,242.63999938964844,65469700,SPY
2017-08-22,213.3184356689453,245.44000244140625,245.6199951171875,243.5500030517578,243.57000732421875,63140100,SPY
2017-08-23,212.55352783203125,244.55999755859375,245.0500030517578,244.16000366210938,244.3300018310547,50203800,SPY
2017-08-24,212.05816650390625,243.99000549316406,245.17999267578125,243.75,245.0,50741700,SPY
2017-08-25,212.55352783203125,244.55999755859375,245.61000061035156,244.38999938964844,244.89999389648438,64445900,SPY
2017-08-28,212.56224060058594,244.57000732421875,245.1999969482422,244.08999633789062,245.1699981689453,40565600,SPY
2017-08-29,212.8056182861328,244.85000610351562,245.14999389648438,242.92999267578125,243.05999755859375,51135700,SPY
2017-08-30,213.81378173828125,246.00999450683594,246.32000732421875,244.6199951171875,244.8300018310547,62030800,SPY
2017-08-31,215.10006713867188,247.49000549316406,247.77000427246094,246.0500030517578,246.72000122070312,103803900,SPY
2017-09-01,215.40423583984375,247.83999633789062,248.3300018310547,247.6699981689453,247.9199981689453,62007000,SPY
2017-09-05,213.8572235107422,246.05999755859375,247.52000427246094,244.9499969482422,247.25999450683594,91398800,SPY
2017-09-06,214.58726501464844,246.89999389648438,247.27999877929688,246.22999572753906,246.83999633789062,57916900,SPY
2017-09-07,214.5612030029297,246.8699951171875,247.27000427246094,246.39999389648438,247.25,58034700,SPY
2017-09-08,214.30918884277344,246.5800018310547,247.11000061035156,246.3000030517578,246.5399932861328,63832800,SPY
2017-09-11,216.59495544433594,249.2100067138672,249.3000030517578,248.02000427246094,248.0399932861328,71364800,SPY
2017-09-12,217.32504272460938,250.0500030517578,250.08999633789062,249.4199981689453,249.6300048828125,56896000,SPY
2017-09-13,217.4293212890625,250.1699981689453,250.2100067138672,249.58999633789062,249.72000122070312,59228000,SPY
2017-09-14,217.35977172851562,250.08999633789062,250.32000732421875,249.60000610351562,249.8000030517578,95446300,SPY
2017-09-15,217.65240478515625,249.19000244140625,249.2899932861328,248.57000732421875,248.69000244140625,95432400,SPY
2017-09-18,218.11529541015625,249.72000122070312,250.1199951171875,249.27999877929688,249.61000061035156,46235200,SPY
2017-09-19,218.33372497558594,249.97000122070312,250.07000732421875,249.60000610351562,250.0,47108100,SPY
2017-09-20,218.4122772216797,250.05999755859375,250.19000244140625,248.9199981689453,250.07000732421875,59574100,SPY
2017-09-21,217.82708740234375,249.38999938964844,249.97999572753906,249.19000244140625,249.8800048828125,48211400,SPY
2017-09-22,217.87078857421875,249.44000244140625,249.6300048828125,249.02000427246094,249.0500030517578,51214000,SPY
2017-09-25,217.42530822753906,248.92999267578125,249.5500030517578,248.0800018310547,249.14999389648438,57064400,SPY
2017-09-26,217.5563507080078,249.0800018310547,249.6999969482422,248.80999755859375,249.4199981689453,54082000,SPY
2017-09-27,218.40362548828125,250.0500030517578,250.49000549316406,248.8699951171875,249.8800048828125,81001400,SPY
2017-09-28,218.66558837890625,250.35000610351562,250.44000244140625,249.6300048828125,249.72999572753906,44778800,SPY
2017-09-29,219.43418884277344,251.22999572753906,251.32000732421875,250.1300048828125,250.33999633789062,85578000,SPY
2017-10-02,220.3862762451172,252.32000732421875,252.32000732421875,251.2899932861328,251.49000549316406,59023000,SPY
2017-10-03,220.85792541503906,252.86000061035156,252.88999938964844,252.22999572753906,252.32000732421875,66810200,SPY
2017-10-04,221.12002563476562,253.16000366210938,253.44000244140625,252.55999755859375,252.69000244140625,55953600,SPY
2017-10-05,222.43014526367188,254.66000366210938,254.67999267578125,253.1999969482422,253.5399932861328,63522800,SPY
2017-10-06,222.1768035888672,254.3699951171875,254.6999969482422,253.85000610351562,254.14999389648438,80646000,SPY
2017-10-09,221.80999755859375,253.9499969482422,254.6999969482422,253.64999389648438,254.6300048828125,35803100,SPY
2017-10-10,222.39520263671875,254.6199951171875,255.0500030517578,253.97999572753906,254.60000610351562,43057400,SPY
2017-10-11,222.74453735351562,255.02000427246094,255.02000427246094,254.32000732421875,254.50999450683594,47674300,SPY
2017-10-12,222.41268920898438,254.63999938964844,255.05999755859375,254.3699951171875,254.66000366210938,47065100,SPY
2017-10-13,222.68344116210938,254.9499969482422,255.27000427246094,254.63999938964844,255.13999938964844,54800400,SPY
2017-10-16,222.98037719726562,255.2899932861328,255.50999450683594,254.82000732421875,255.2100067138672,38221700,SPY
2017-10-17,223.1376190185547,255.47000122070312,255.52000427246094,254.97999572753906,255.22999572753906,31561000,SPY
2017-10-18,223.3560028076172,255.72000122070312,255.9499969482422,255.5,255.89999389648438,40888300,SPY
2017-10-19,223.41712951660156,255.7899932861328,255.8300018310547,254.35000610351562,254.8300018310547,61903800,SPY
2017-10-20,224.57005310058594,257.1099853515625,257.1400146484375,255.77000427246094,256.70001220703125,89176400,SPY
2017-10-23,223.6966094970703,256.1099853515625,257.510009765625,256.0199890136719,257.4800109863281,63915300,SPY
2017-10-24,224.08966064453125,256.55999755859375,256.8299865722656,256.1499938964844,256.6000061035156,66935900,SPY
2017-10-25,222.98037719726562,255.2899932861328,256.30999755859375,254.0,256.17999267578125,103715300,SPY
2017-10-26,223.26861572265625,255.6199951171875,256.29998779296875,255.47999572753906,255.99000549316406,69798000,SPY
2017-10-27,225.09408569335938,257.7099914550781,257.8900146484375,255.6300048828125,256.4700012207031,85562500,SPY
2017-10-30,224.25559997558594,256.75,257.6000061035156,256.4100036621094,256.4700012207031,54285700,SPY
2017-10-31,224.60496520996094,257.1499938964844,257.44000244140625,256.80999755859375,257.17999267578125,60304800,SPY
2017-11-01,224.9019775390625,257.489990234375,258.42999267578125,257.07000732421875,258.0400085449219,54202700,SPY
2017-11-02,224.9893035888672,257.5899963378906,257.75,256.19000244140625,257.4100036621094,56449500,SPY
2017-11-03,225.740478515625,258.45001220703125,258.5,257.29998779296875,257.7699890136719,59589700,SPY
2017-11-06,226.08984375,258.8500061035156,259.0,258.2200012207031,258.29998779296875,49652600,SPY
2017-11-07,225.93264770507812,258.6700134277344,259.3500061035156,258.0899963378906,258.9700012207031,57502200,SPY
2017-11-08,226.31690979003906,259.1099853515625,259.2200012207031,258.1499938964844,258.4700012207031,50469600,SPY
2017-11-09,225.49591064453125,258.1700134277344,258.3900146484375,256.3599853515625,257.7300109863281,95085500,SPY
2017-11-10,225.426025390625,258.0899963378906,258.2900085449219,257.3699951171875,257.7300109863281,59984700,SPY
2017-11-13,225.6356201171875,258.3299865722656,258.5899963378906,257.2699890136719,257.30999755859375,50228600,SPY
2017-11-14,225.11158752441406,257.7300109863281,257.8500061035156,256.5199890136719,257.4100036621094,61315200,SPY
2017-11-15,223.98483276367188,256.44000244140625,257.2200012207031,255.6300048828125,256.6199951171875,80811500,SPY
2017-11-16,225.88893127441406,258.6199951171875,259.0400085449219,257.4700012207031,257.5199890136719,67777000,SPY
2017-11-17,225.2251434326172,257.8599853515625,258.5899963378906,257.7699890136719,258.2200012207031,75756800,SPY
2017-11-20,225.60943603515625,258.29998779296875,258.5199890136719,257.8599853515625,258.1400146484375,48075500,SPY
2017-11-21,227.0855255126953,259.989990234375,260.20001220703125,258.260009765625,259.17999267578125,69176800,SPY
2017-11-22,226.88462829589844,259.760009765625,260.1499938964844,259.57000732421875,260.0,45033400,SPY
2017-11-24,227.4087677001953,260.3599853515625,260.4800109863281,260.1600036621094,260.32000732421875,27856500,SPY
2017-11-27,227.29519653320312,260.2300109863281,260.75,260.0,260.4100036621094,52274900,SPY
2017-11-28,229.60105895996094,262.8699951171875,262.8999938964844,260.6499938964844,260.760009765625,98971700,SPY
2017-11-29,229.4613494873047,262.7099914550781,263.6300048828125,262.20001220703125,263.0199890136719,77512100,SPY
2017-11-30,231.4702606201172,265.010009765625,266.04998779296875,263.6700134277344,263.760009765625,127894400,SPY
2017-12-01,230.9898223876953,264.4599914550781,265.30999755859375,260.760009765625,264.760009765625,164390900,SPY
2017-12-04,230.71035766601562,264.1400146484375,266.79998779296875,264.0799865722656,266.30999755859375,94040600,SPY
2017-12-05,229.88058471679688,263.19000244140625,265.1499938964844,263.0400085449219,263.19000244140625,77994500,SPY
2017-12-06,229.9242401123047,263.239990234375,263.7300109863281,262.7099914550781,263.29998779296875,75898600,SPY
2017-12-07,230.64926147460938,264.07000732421875,264.42999267578125,262.94000244140625,264.07000732421875,77218600,SPY
2017-12-08,231.90701293945312,265.510009765625,265.5199890136719,264.0299987792969,265.1600036621094,76563900,SPY
2017-12-11,232.60572814941406,266.30999755859375,266.3800048828125,265.4800109863281,266.30999755859375,83077500,SPY
2017-12-12,233.0161895751953,266.7799987792969,267.32000732421875,266.3500061035156,267.2099914550781,85195800,SPY
2017-12-13,232.98997497558594,266.75,267.55999755859375,266.6499938964844,267.05999755859375,102905400,SPY
2017-12-14,232.0380096435547,265.6600036621094,267.2200012207031,265.6000061035156,267.0899963378906,100666700,SPY
2017-12-15,233.97024536132812,266.510009765625,267.0400085449219,265.3900146484375,265.45001220703125,144610300,SPY
2017-12-18,235.4539337158203,268.20001220703125,268.6000061035156,267.9800109863281,268.1000061035156,83653600,SPY
2017-12-19,234.54959106445312,267.1700134277344,268.5299987792969,267.0899963378906,268.4800109863281,82382900,SPY
2017-12-20,234.42674255371094,267.0299987792969,268.3299865722656,266.69000244140625,268.2699890136719,76751500,SPY
2017-12-21,234.9095916748047,267.5799865722656,268.3900146484375,267.29998779296875,267.739990234375,67032300,SPY
2017-12-22,234.84814453125,267.510009765625,267.6400146484375,266.8999938964844,267.6000061035156,78720900,SPY
2017-12-26,234.5671844482422,267.19000244140625,267.44000244140625,266.8900146484375,267.04998779296875,45244400,SPY
2017-12-27,234.68130493164062,267.32000732421875,267.7300109863281,267.010009765625,267.3800048828125,57751000,SPY
2017-12-28,235.16421508789062,267.8699951171875,267.9200134277344,267.45001220703125,267.8900146484375,45116100,SPY
2017-12-29,234.2775115966797,266.8599853515625,268.54998779296875,266.6400146484375,268.5299987792969,96007400,SPY
2018-01-02,235.95431518554688,268.7699890136719,268.80999755859375,267.3999938964844,267.8399963378906,86655700,SPY
2018-01-03,237.44674682617188,270.4700012207031,270.6400146484375,268.9599914550781,268.9599914550781,90070400,SPY
2018-01-04,238.4475555419922,271.6099853515625,272.1600036621094,270.5400085449219,271.20001220703125,80636400,SPY
2018-01-05,240.03656005859375,273.4200134277344,273.55999755859375,271.95001220703125,272.510009765625,83524000,SPY
2018-01-08,240.47544860839844,273.9200134277344,274.1000061035156,272.9800109863281,273.30999755859375,57319200,SPY
2018-01-09,241.0198211669922,274.5400085449219,275.25,274.0799865722656,274.3999938964844,57254000,SPY
2018-01-10,240.65115356445312,274.1199951171875,274.4200134277344,272.9200134277344,273.67999267578125,69574300,SPY
2018-01-11,242.4069061279297,276.1199951171875,276.1199951171875,274.55999755859375,274.75,62361500,SPY
2018-01-12,243.98712158203125,277.9200134277344,278.1099853515625,276.0799865722656,276.4200134277344,90816100,SPY
2018-01-16,243.1531219482422,276.9700012207031,280.0899963378906,276.17999267578125,279.3500061035156,106555100,SPY
2018-01-17,245.4707794189453,279.6099853515625,280.04998779296875,276.9700012207031,278.0299987792969,113258800,SPY
2018-01-18,245.0581512451172,279.1400146484375,279.9599914550781,278.5799865722656,279.4800109863281,100728000,SPY
2018-01-19,246.173095703125,280.4100036621094,280.4100036621094,279.1400146484375,279.79998779296875,140920100,SPY
2018-01-22,248.1746826171875,282.69000244140625,282.69000244140625,280.1099853515625,280.1700134277344,91322400,SPY
2018-01-23,248.7015838623047,283.2900085449219,283.6199951171875,282.3699951171875,282.739990234375,97084700,SPY
2018-01-24,248.6049041748047,283.17999267578125,284.70001220703125,281.8399963378906,284.0199890136719,134816100,SPY
2018-01-25,248.71022033691406,283.29998779296875,284.2699890136719,282.3999938964844,284.1600036621094,84587300,SPY
2018-01-26,251.58984375,286.5799865722656,286.6300048828125,283.9599914550781,284.25,107743100,SPY
2018-01-29,249.92176818847656,284.67999267578125,286.42999267578125,284.5,285.92999267578125,90118300,SPY
2018-01-30,247.35824584960938,281.760009765625,284.739990234375,281.2200012207031,282.6000061035156,131796400,SPY
2018-01-31,247.48121643066406,281.8999938964844,283.29998779296875,280.67999267578125,282.7300109863281,108364800,SPY
2018-02-01,247.20030212402344,281.5799865722656,283.05999755859375,280.67999267578125,281.07000732421875,90102500,SPY
2018-02-02,241.81866455078125,275.45001220703125,280.2300109863281,275.4100036621094,280.0799865722656,173174800,SPY
2018-02-05,231.7052459716797,263.92999267578125,275.8500061035156,263.30999755859375,273.45001220703125,294681800,SPY
2018-02-06,236.27037048339844,269.1300048828125,269.70001220703125,258.70001220703125,259.94000244140625,355026800,SPY
2018-02-07,234.98870849609375,267.6700134277344,272.3599853515625,267.5799865722656,268.5,167376100,SPY
2018-02-08,226.1744384765625,257.6300048828125,268.1700134277344,257.5899963378906,268.010009765625,246449500,SPY
2018-02-09,229.57191467285156,261.5,263.6099853515625,252.9199981689453,260.79998779296875,283565300,SPY
2018-02-12,232.94302368164062,265.3399963378906,267.010009765625,261.6600036621094,263.8299865722656,143736000,SPY
2018-02-13,233.52255249023438,266.0,266.6199951171875,263.30999755859375,263.9700012207031,81223600,SPY
2018-02-14,236.67416381835938,269.5899963378906,270.0,264.29998779296875,264.30999755859375,120735700,SPY
2018-02-15,239.69418334960938,273.0299987792969,273.0400085449219,268.7699890136719,271.57000732421875,111200300,SPY
2018-02-16,239.764404296875,273.1099853515625,275.32000732421875,272.2699890136719,272.32000732421875,160420100,SPY
2018-02-20,238.26318359375,271.3999938964844,273.6700134277344,270.5,272.0299987792969,86369700,SPY
2018-02-21,237.07798767089844,270.04998779296875,274.7200012207031,269.94000244140625,271.8999938964844,98883700,SPY
2018-02-22,237.3853302001953,270.3999938964844,273.04998779296875,269.6400146484375,271.1000061035156,110511300,SPY
2018-02-23,241.16905212402344,274.7099914550781,274.7099914550781,271.25,271.7900085449219,92766400,SPY
2018-02-26,243.96957397460938,277.8999938964844,278.010009765625,275.260009765625,275.92999267578125,86491400,SPY
2018-02-27,240.92323303222656,274.42999267578125,278.9200134277344,274.3599853515625,278.1099853515625,99099200,SPY
2018-02-28,238.482666015625,271.6499938964844,276.19000244140625,271.2900085449219,275.67999267578125,121907800,SPY
2018-03-01,235.01495361328125,267.70001220703125,273.1700134277344,266.0,271.4100036621094,176855100,SPY
2018-03-02,236.22640991210938,269.0799865722656,269.7200012207031,264.82000732421875,265.79998779296875,139083200,SPY
2018-03-05,238.95672607421875,272.19000244140625,272.8900146484375,267.6099853515625,267.7300109863281,97307400,SPY
2018-03-06,239.56243896484375,272.8800048828125,273.3900146484375,271.17999267578125,273.29998779296875,79213200,SPY
2018-03-07,239.47467041015625,272.7799987792969,273.17999267578125,270.20001220703125,270.4200134277344,87063500,SPY
2018-03-08,240.63351440429688,274.1000061035156,274.239990234375,272.4200134277344,273.54998779296875,66901200,SPY
2018-03-09,244.82119750976562,278.8699951171875,278.8699951171875,275.3399963378906,275.70001220703125,113625300,SPY
2018-03-12,244.51390075683594,278.5199890136719,279.9100036621094,278.0799865722656,279.20001220703125,71924800,SPY
2018-03-13,242.93362426757812,276.7200012207031,280.4100036621094,276.0299987792969,279.8399963378906,91968900,SPY
2018-03-14,241.68702697753906,275.29998779296875,278.0199890136719,274.6700134277344,277.80999755859375,105895100,SPY
2018-03-15,241.42364501953125,275.0,276.6099853515625,274.42999267578125,275.8800048828125,83433000,SPY
2018-03-16,241.6854248046875,274.20001220703125,275.3900146484375,274.1400146484375,274.5,100343700,SPY
2018-03-19,238.4153289794922,270.489990234375,274.3999938964844,268.6199951171875,273.3500061035156,109208400,SPY
2018-03-20,238.82081604003906,270.95001220703125,271.6700134277344,270.17999267578125,270.94000244140625,59757300,SPY
2018-03-21,238.3625030517578,270.42999267578125,273.2699890136719,270.19000244140625,270.8999938964844,78709600,SPY
2018-03-22,232.4041290283203,263.6700134277344,268.8699951171875,263.3599853515625,267.9100036621094,148785900,SPY
2018-03-23,227.450439453125,258.04998779296875,264.5400085449219,257.8299865722656,264.1700134277344,183534800,SPY
2018-03-26,233.6732940673828,265.1099853515625,265.42999267578125,259.4100036621094,262.1300048828125,141956100,SPY
2018-03-27,229.6981201171875,260.6000061035156,266.7699890136719,258.8399963378906,266.1700134277344,129941400,SPY
2018-03-28,229.0194091796875,259.8299865722656,262.6400146484375,258.5799865722656,260.75,146452300,SPY
2018-03-29,231.94577026367188,263.1499938964844,265.260009765625,259.8399963378906,261.1199951171875,111601600,SPY
2018-04-02,226.93923950195312,257.4700012207031,263.1300048828125,254.6699981689453,262.54998779296875,186286300,SPY
2018-04-03,229.8479461669922,260.7699890136719,261.30999755859375,256.8399963378906,258.8699951171875,119956900,SPY
2018-04-04,232.30706787109375,263.55999755859375,264.3599853515625,256.6000061035156,256.75,123715300,SPY
2018-04-05,234.14051818847656,265.6400146484375,266.6400146484375,264.32000732421875,265.54998779296875,82652600,SPY
2018-04-06,228.9224395751953,259.7200012207031,265.1099853515625,258.0,263.4200134277344,179521200,SPY
2018-04-09,230.05064392089844,261.0,264.8399963378906,259.94000244140625,261.3699951171875,105442900,SPY
2018-04-10,233.7085418701172,265.1499938964844,266.0400085449219,262.9800109863281,264.2699890136719,103529000,SPY
2018-04-11,232.4834442138672,263.760009765625,265.6400146484375,263.3900146484375,263.4700012207031,91140200,SPY
2018-04-12,234.39610290527344,265.92999267578125,267.0,265.05999755859375,265.260009765625,68890500,SPY
2018-04-13,233.7085418701172,265.1499938964844,267.5400085449219,264.010009765625,267.4100036621094,85079200,SPY
2018-04-16,235.6300811767578,267.3299865722656,268.20001220703125,266.07000732421875,267.0,63405300,SPY
2018-04-17,238.1509552001953,270.19000244140625,270.8699951171875,268.75,269.3299865722656,64682000,SPY
2018-04-18,238.3272247314453,270.3900146484375,271.29998779296875,269.8699951171875,270.69000244140625,57303900,SPY
2018-04-19,237.00509643554688,268.8900146484375,269.8800048828125,267.7200012207031,269.6499938964844,77655900,SPY
2018-04-20,234.9954833984375,266.6099853515625,269.05999755859375,265.6099853515625,268.80999755859375,99953100,SPY
2018-04-23,234.96022033691406,266.57000732421875,267.8900146484375,265.3500061035156,267.260009765625,65558000,SPY
2018-04-24,231.79588317871094,262.9800109863281,267.9800109863281,261.2799987792969,267.7300109863281,112885500,SPY
2018-04-25,232.36883544921875,263.6300048828125,264.1300048828125,260.8500061035156,262.9100036621094,103840900,SPY
2018-04-26,234.73098754882812,266.30999755859375,267.25,264.2900085449219,264.7900085449219,67731900,SPY
2018-04-27,234.95140075683594,266.55999755859375,267.3399963378906,265.5,267.0,57053600,SPY
2018-04-30,233.14447021484375,264.510009765625,267.8900146484375,264.42999267578125,267.260009765625,82182300,SPY
2018-05-01,233.55874633789062,264.9800109863281,265.1000061035156,262.1099853515625,263.8699951171875,74203400,SPY
2018-05-02,231.98980712890625,263.20001220703125,265.67999267578125,262.760009765625,264.760009765625,86368900,SPY
2018-05-03,231.47857666015625,262.6199951171875,263.3599853515625,259.04998779296875,262.260009765625,136311500,SPY
2018-05-04,234.475341796875,266.0199890136719,266.7900085449219,261.1499938964844,261.5199890136719,91222100,SPY
2018-05-07,235.26870727539062,266.9200134277344,268.0199890136719,266.1099853515625,266.8900146484375,55304900,SPY
2018-05-08,235.26870727539062,266.9200134277344,267.3299865722656,265.1499938964844,266.5,67499200,SPY
2018-05-09,237.5427703857422,269.5,269.8699951171875,267.0899963378906,267.67999267578125,59666100,SPY
2018-05-10,239.7639617919922,272.0199890136719,272.3900146484375,270.2200012207031,270.3399963378906,72063900,SPY
2018-05-11,240.4954376220703,272.8500061035156,273.1499938964844,271.5799865722656,272.1600036621094,59871500,SPY
2018-05-14,240.610107421875,272.9800109863281,274.0799865722656,272.3599853515625,273.3399963378906,54790600,SPY
2018-05-15,238.95306396484375,271.1000061035156,271.6099853515625,270.0299987792969,271.5899963378906,87036100,SPY
2018-05-16,239.95787048339844,272.239990234375,272.760009765625,271.1099853515625,271.1400146484375,53942600,SPY
2018-05-17,239.75518798828125,272.010009765625,273.2300109863281,271.1300048828125,271.94000244140625,56536400,SPY
2018-05-18,239.15576171875,271.3299865722656,272.0299987792969,270.92999267578125,271.6199951171875,64368000,SPY
2018-05-21,240.953857421875,273.3699951171875,273.9800109863281,272.57000732421875,273.010009765625,58025900,SPY
2018-05-22,240.28395080566406,272.6099853515625,274.25,272.239990234375,273.9599914550781,52966400,SPY
2018-05-23,240.94500732421875,273.3599853515625,273.3900146484375,270.989990234375,271.1700134277344,64694200,SPY
2018-05-24,240.45140075683594,272.79998779296875,273.2200012207031,270.7799987792969,272.9100036621094,76043800,SPY
2018-05-25,239.8784942626953,272.1499938964844,272.8599853515625,271.5799865722656,272.1499938964844,56374800,SPY
2018-05-29,237.11962890625,269.0199890136719,271.1700134277344,267.760009765625,270.30999755859375,115908600,SPY
2018-05-30,240.28395080566406,272.6099853515625,273.1099853515625,270.4200134277344,270.5,69678400,SPY
2018-05-31,238.81199645996094,270.94000244140625,272.489990234375,270.260009765625,272.1499938964844,93519900,SPY
2018-06-01,241.1566162109375,273.6000061035156,273.94000244140625,272.3299865722656,272.4100036621094,71258400,SPY
2018-06-04,242.30235290527344,274.8999938964844,275.19000244140625,274.260009765625,274.5299987792969,45385200,SPY
2018-06-05,242.47865295410156,275.1000061035156,275.5299987792969,274.17999267578125,275.04998779296875,51135000,SPY
2018-06-06,244.50599670410156,277.3999938964844,277.5199890136719,275.0899963378906,275.7900085449219,62732200,SPY
2018-06-07,244.4795379638672,277.3699951171875,278.2799987792969,276.3399963378906,277.95001220703125,72969400,SPY
2018-06-08,245.20225524902344,278.19000244140625,278.25,276.6600036621094,276.8500061035156,72139700,SPY
2018-06-11,245.5283660888672,278.55999755859375,279.3699951171875,278.30999755859375,278.44000244140625,58892500,SPY
2018-06-12,245.84571838378906,278.9200134277344,279.3299865722656,278.19000244140625,279.0299987792969,72329000,SPY
2018-06-13,245.06130981445312,278.0299987792969,279.4800109863281,277.79998779296875,279.19000244140625,79070600,SPY
2018-06-14,245.6782684326172,278.7300109863281,279.3299865722656,278.05999755859375,279.010009765625,77097600,SPY
2018-06-15,245.36480712890625,277.1300048828125,277.510009765625,275.3500061035156,276.6000061035156,120041600,SPY
2018-06-18,244.86026000976562,276.55999755859375,276.70001220703125,274.95001220703125,275.489990234375,52917600,SPY
2018-06-19,243.92172241210938,275.5,275.75,273.5299987792969,274.0,97531500,SPY
2018-06-20,244.33778381347656,275.9700012207031,276.7200012207031,275.5899963378906,276.2699890136719,53785500,SPY
2018-06-21,242.80609130859375,274.239990234375,275.9800109863281,273.67999267578125,275.9599914550781,71061400,SPY
2018-06-22,243.248779296875,274.739990234375,275.7900085449219,274.489990234375,275.6600036621094,54898500,SPY
2018-06-25,239.93746948242188,271.0,273.6199951171875,269.1000061035156,273.44000244140625,137854200,SPY
2018-06-26,240.46871948242188,271.6000061035156,272.55999755859375,270.7900085449219,271.6400146484375,68547400,SPY
2018-06-27,238.4766387939453,269.3500061035156,273.8699951171875,269.17999267578125,272.260009765625,105110700,SPY
2018-06-28,239.84011840820312,270.8900146484375,271.75,268.489990234375,269.2900085449219,76650500,SPY
2018-06-29,240.18533325195312,271.2799987792969,273.6600036621094,271.1499938964844,272.1199951171875,97592500,SPY
2018-07-02,240.6988525390625,271.8599853515625,272.0400085449219,269.239990234375,269.510009765625,63554800,SPY
2018-07-03,239.84893798828125,270.8999938964844,272.9800109863281,270.4200134277344,272.8699951171875,42187100,SPY
2018-07-05,241.80557250976562,273.1099853515625,273.17999267578125,270.9599914550781,272.1700134277344,56925900,SPY
2018-07-06,243.85086059570312,275.4200134277344,275.8399963378906,272.7099914550781,273.1400146484375,66493700,SPY
2018-07-09,246.04660034179688,277.8999938964844,277.9599914550781,276.5,276.54998779296875,50550400,SPY
2018-07-10,246.9320068359375,278.8999938964844,279.010009765625,278.0799865722656,278.4100036621094,51966800,SPY
2018-07-11,245.1257781982422,276.8599853515625,278.0400085449219,276.5199890136719,277.1499938964844,77054700,SPY
2018-07-12,247.34805297851562,279.3699951171875,279.42999267578125,277.6000061035156,278.2799987792969,60124700,SPY
2018-07-13,247.5428466796875,279.5899963378906,279.92999267578125,278.6600036621094,279.1700134277344,48216000,SPY
2018-07-16,247.32147216796875,279.3399963378906,279.79998779296875,278.8399963378906,279.6400146484375,48201000,SPY
2018-07-17,248.3219757080078,280.4700012207031,280.9100036621094,278.4100036621094,278.4700012207031,52315500,SPY
2018-07-18,248.8443603515625,281.05999755859375,281.17999267578125,280.05999755859375,280.55999755859375,44593500,SPY
2018-07-19,247.90594482421875,280.0,280.739990234375,279.4599914550781,280.30999755859375,61412100,SPY
2018-07-20,247.62252807617188,279.67999267578125,280.4800109863281,279.5,279.7699890136719,82337700,SPY
2018-07-23,248.08291625976562,280.20001220703125,280.42999267578125,279.05999755859375,279.45001220703125,47047600,SPY
2018-07-24,249.33131408691406,281.6099853515625,282.55999755859375,280.6300048828125,281.7900085449219,68026900,SPY
2018-07-25,251.45631408691406,284.010009765625,284.3699951171875,281.2799987792969,281.3299865722656,78882900,SPY
2018-07-26,250.86297607421875,283.3399963378906,284.1099853515625,283.0899963378906,283.20001220703125,57919500,SPY
2018-07-27,249.16311645507812,281.4200134277344,283.82000732421875,280.3800048828125,283.7099914550781,76768700,SPY
2018-07-30,247.86163330078125,279.95001220703125,281.69000244140625,279.3599853515625,281.510009765625,63742500,SPY
2018-07-31,249.08348083496094,281.3299865722656,282.0199890136719,280.3800048828125,280.80999755859375,68570500,SPY
2018-08-01,248.66734313964844,280.8599853515625,282.1300048828125,280.1300048828125,281.55999755859375,53853300,SPY
2018-08-02,250.02200317382812,282.3900146484375,282.5799865722656,279.1600036621094,279.3900146484375,63426400,SPY
2018-08-03,251.09320068359375,283.6000061035156,283.6600036621094,282.3299865722656,282.5299987792969,53935400,SPY
2018-08-06,252.01402282714844,284.6400146484375,284.989990234375,283.20001220703125,283.6400146484375,39400900,SPY
2018-08-07,252.84625244140625,285.5799865722656,286.010009765625,285.239990234375,285.3900146484375,43196600,SPY
2018-08-08,252.74009704589844,285.4599914550781,285.9100036621094,284.94000244140625,285.3900146484375,42114600,SPY
2018-08-09,252.39476013183594,285.07000732421875,285.9700012207031,284.9200134277344,285.5299987792969,35717000,SPY
2018-08-10,250.7036895751953,283.1600036621094,284.05999755859375,282.3599853515625,283.45001220703125,77076000,SPY
2018-08-13,249.76516723632812,282.1000061035156,284.1600036621094,281.7699890136719,283.4700012207031,65732900,SPY
2018-08-14,251.35890197753906,283.8999938964844,284.1700134277344,282.4800109863281,282.9200134277344,43842000,SPY
2018-08-15,249.4818115234375,281.7799987792969,282.5400085449219,280.1600036621094,282.3800048828125,102925400,SPY
2018-08-16,251.50048828125,284.05999755859375,285.0400085449219,283.3599853515625,283.3999938964844,69967900,SPY
2018-08-17,252.3859100341797,285.05999755859375,285.55999755859375,283.3699951171875,283.8299865722656,65618500,SPY
2018-08-20,252.92596435546875,285.6700134277344,285.9700012207031,285.05999755859375,285.57000732421875,39807500,SPY
2018-08-21,253.51910400390625,286.3399963378906,287.30999755859375,285.7099914550781,286.25,67272000,SPY
2018-08-22,253.3686981201172,286.1700134277344,286.760009765625,285.5799865722656,285.8800048828125,44993300,SPY
2018-08-23,253.03221130371094,285.7900085449219,286.94000244140625,285.42999267578125,285.9700012207031,49204900,SPY
2018-08-24,254.55506896972656,287.510009765625,287.6700134277344,286.3800048828125,286.44000244140625,57487400,SPY
2018-08-27,256.5648498535156,289.7799987792969,289.8999938964844,288.67999267578125,288.8599853515625,57072400,SPY
2018-08-28,256.6888122558594,289.9200134277344,290.4200134277344,289.3999938964844,290.29998779296875,46943500,SPY
2018-08-29,258.0700988769531,291.4800109863281,291.739990234375,289.8900146484375,290.1600036621094,61485500,SPY
2018-08-30,257.0251770019531,290.29998779296875,291.3599853515625,289.6300048828125,290.94000244140625,61229500,SPY
2018-08-31,257.0340270996094,290.30999755859375,290.80999755859375,289.2900085449219,289.8399963378906,66140800,SPY
2018-09-04,256.5914611816406,289.80999755859375,290.2099914550781,288.67999267578125,289.8399963378906,57594400,SPY
2018-09-05,255.90078735351562,289.0299987792969,289.6400146484375,287.8900146484375,289.4100036621094,72452400,SPY
2018-09-06,255.1305389404297,288.1600036621094,289.489990234375,287.0,289.1499938964844,65909900,SPY
2018-09-07,254.63478088378906,287.6000061035156,288.70001220703125,286.7099914550781,286.9800109863281,73524800,SPY
2018-09-10,255.07742309570312,288.1000061035156,289.0400085449219,287.8800048828125,288.739990234375,50210900,SPY
2018-09-11,255.91847229003906,289.04998779296875,289.54998779296875,286.9800109863281,287.3699951171875,50530500,SPY
2018-09-12,255.98052978515625,289.1199951171875,289.79998779296875,288.2300109863281,289.05999755859375,59810800,SPY
2018-09-13,257.49456787109375,290.8299865722656,291.0400085449219,290.0,290.32000732421875,51034200,SPY
2018-09-14,257.5387878417969,290.8800048828125,291.2699890136719,290.0,291.05999755859375,55079900,SPY
2018-09-17,256.17535400390625,289.3399963378906,290.8599853515625,289.0299987792969,290.82000732421875,68244000,SPY
2018-09-18,257.56536865234375,290.9100036621094,291.5799865722656,289.54998779296875,289.5799865722656,61930400,SPY
2018-09-19,257.8398132324219,291.2200012207031,291.69000244140625,290.8299865722656,290.9700012207031,49080600,SPY
2018-09-20,259.9292297363281,293.5799865722656,293.94000244140625,291.239990234375,292.6400146484375,100360600,SPY
2018-09-21,259.6917419433594,291.989990234375,293.2200012207031,291.80999755859375,293.0899963378906,105479700,SPY
2018-09-24,258.8291931152344,291.0199890136719,291.5,290.3699951171875,291.3399963378906,53409600,SPY
2018-09-25,258.5889587402344,290.75,291.6499938964844,290.4800109863281,291.5299987792969,44370000,SPY
2018-09-26,257.81524658203125,289.8800048828125,292.239990234375,289.4100036621094,290.9100036621094,79739700,SPY
2018-09-27,258.53558349609375,290.69000244140625,291.9100036621094,290.1000061035156,290.4100036621094,59249500,SPY
2018-09-28,258.5623474121094,290.7200012207031,291.2799987792969,289.95001220703125,289.989990234375,70091400,SPY
2018-10-01,259.4606018066406,291.7300109863281,292.92999267578125,290.9800109863281,292.1099853515625,62078900,SPY
2018-10-02,259.30938720703125,291.55999755859375,292.3599853515625,291.1400146484375,291.55999755859375,47258200,SPY
2018-10-03,259.4517822265625,291.7200012207031,293.2099914550781,291.32000732421875,292.739990234375,64694600,SPY
2018-10-04,257.42388916015625,289.44000244140625,291.239990234375,287.6600036621094,291.17999267578125,111545900,SPY
2018-10-05,255.9831085205078,287.82000732421875,290.2699890136719,286.2200012207031,289.69000244140625,105951700,SPY
2018-10-08,255.9831085205078,287.82000732421875,288.2200012207031,285.5,287.04998779296875,87742200,SPY
2018-10-09,255.60955810546875,287.3999938964844,288.8599853515625,286.7699890136719,287.3900146484375,74339000,SPY
2018-10-10,247.51611328125,278.29998779296875,286.9100036621094,277.8800048828125,286.8299865722656,214731000,SPY
2018-10-11,242.0642547607422,272.1700134277344,278.8999938964844,270.3599853515625,277.0799865722656,274840500,SPY
2018-10-12,245.4261016845703,275.95001220703125,277.0899963378906,272.3699951171875,276.7699890136719,183186500,SPY
2018-10-15,244.0475311279297,274.3999938964844,277.0400085449219,274.29998779296875,275.54998779296875,102263700,SPY
2018-10-16,249.38381958007812,280.3999938964844,280.82000732421875,276.07000732421875,276.6000061035156,118255800,SPY
2018-10-17,249.4283447265625,280.45001220703125,281.1499938964844,277.55999755859375,280.44000244140625,110626000,SPY
2018-10-18,245.8262939453125,276.3999938964844,280.07000732421875,274.9700012207031,279.3999938964844,134557500,SPY
2018-10-19,245.6929168701172,276.25,279.29998779296875,275.4700012207031,277.1300048828125,139901600,SPY
2018-10-22,244.59005737304688,275.010009765625,277.3599853515625,274.4100036621094,277.0,82415800,SPY
2018-10-23,243.34494018554688,273.6099853515625,274.8699951171875,268.6099853515625,270.95001220703125,146352700,SPY
2018-10-24,235.971923828125,265.32000732421875,273.760009765625,264.70001220703125,273.3299865722656,177806700,SPY
2018-10-25,240.20538330078125,270.0799865722656,271.80999755859375,266.2300109863281,267.3800048828125,138061500,SPY
2018-10-26,235.98077392578125,265.3299865722656,271.0,262.2900085449219,265.9200134277344,201574600,SPY
2018-10-29,234.67335510253906,263.8599853515625,270.25,259.8500061035156,268.79998779296875,160749100,SPY
2018-10-30,238.15089416503906,267.7699890136719,268.1199951171875,263.1199951171875,263.6700134277344,157116000,SPY
2018-10-31,240.6945343017578,270.6300048828125,273.2300109863281,270.1199951171875,270.6499938964844,128296300,SPY
2018-11-01,243.25599670410156,273.510009765625,273.7300109863281,270.3800048828125,271.6000061035156,99495000,SPY
2018-11-02,241.81521606445312,271.8900146484375,275.2300109863281,269.5899963378906,274.75,122634100,SPY
2018-11-05,243.14935302734375,273.3900146484375,274.010009765625,271.3500061035156,272.44000244140625,65622500,SPY
2018-11-06,244.68780517578125,275.1199951171875,275.29998779296875,273.25,273.32000732421875,60085900,SPY
2018-11-07,249.92642211914062,281.010009765625,281.1000061035156,277.0799865722656,277.55999755859375,102752100,SPY
2018-11-08,249.47276306152344,280.5,281.2200012207031,279.2200012207031,280.1099853515625,65584900,SPY
2018-11-09,247.03599548339844,277.760009765625,279.239990234375,276.17999267578125,279.0299987792969,98812600,SPY
2018-11-12,242.41998291015625,272.57000732421875,277.4599914550781,271.989990234375,277.19000244140625,99673600,SPY
2018-11-13,241.96641540527344,272.05999755859375,275.3299865722656,271.25,273.0899963378906,98176600,SPY
2018-11-14,240.31214904785156,270.20001220703125,274.6099853515625,268.45001220703125,274.1600036621094,125335900,SPY
2018-11-15,242.82017517089844,273.0199890136719,273.5400085449219,267.010009765625,268.7799987792969,135101400,SPY
2018-11-16,243.4516143798828,273.7300109863281,274.75,271.2099914550781,271.7900085449219,126668000,SPY
2018-11-19,239.33375549316406,269.1000061035156,273.3800048828125,268.07000732421875,273.04998779296875,103061700,SPY
2018-11-20,234.9046630859375,264.1199951171875,267.0,263.1499938964844,265.3599853515625,136021300,SPY
2018-11-21,235.70506286621094,265.0199890136719,267.1499938964844,265.010009765625,265.8599853515625,75563700,SPY
2018-11-23,234.13088989257812,263.25,264.82000732421875,263.07000732421875,263.17999267578125,42807900,SPY
2018-11-26,237.91073608398438,267.5,267.75,265.3399963378906,265.7799987792969,79981400,SPY
2018-11-27,238.7112579345703,268.3999938964844,268.3999938964844,265.6600036621094,266.3399963378906,75502400,SPY
2018-11-28,244.2076416015625,274.5799865722656,274.5799865722656,268.3299865722656,269.6000061035156,127629600,SPY
2018-11-29,243.67396545410156,273.9800109863281,275.54998779296875,272.42999267578125,273.7099914550781,82346400,SPY
2018-11-30,245.15927124023438,275.6499938964844,276.2799987792969,273.45001220703125,273.80999755859375,98204200,SPY
2018-12-03,248.405517578125,279.29998779296875,280.3999938964844,277.510009765625,280.2799987792969,103176300,SPY
2018-12-04,240.35659790039062,270.25,278.8500061035156,269.8999938964844,278.3699951171875,177986000,SPY
2018-12-06,239.99191284179688,269.8399963378906,269.9700012207031,262.44000244140625,265.9200134277344,204185400,SPY
2018-12-07,234.41551208496094,263.57000732421875,271.2200012207031,262.6300048828125,269.4599914550781,161018900,SPY
2018-12-10,234.8602294921875,264.07000732421875,265.1600036621094,258.6199951171875,263.3699951171875,151445900,SPY
2018-12-11,234.91348266601562,264.1300048828125,267.8699951171875,262.4800109863281,267.6600036621094,121504400,SPY
2018-12-12,236.0964813232422,265.4599914550781,269.0,265.3699951171875,267.4700012207031,97976700,SPY
2018-12-13,236.0164031982422,265.3699951171875,267.489990234375,264.1199951171875,266.5199890136719,96662700,SPY
2018-12-14,231.6583709716797,260.4700012207031,264.0299987792969,259.8500061035156,262.9599914550781,116961100,SPY
2018-12-17,227.11361694335938,255.36000061035156,260.6499938964844,253.52999877929688,259.3999938964844,165492300,SPY
2018-12-18,226.86459350585938,255.0800018310547,257.95001220703125,253.27999877929688,257.20001220703125,134515100,SPY
2018-12-19,223.4671173095703,251.25999450683594,259.3999938964844,249.35000610351562,255.1699981689453,214992800,SPY
2018-12-20,219.82957458496094,247.1699981689453,251.6199951171875,244.64999389648438,249.86000061035156,252053400,SPY
2018-12-21,215.32534790039062,240.6999969482422,249.7100067138672,239.97999572753906,246.74000549316406,255345600,SPY
2018-12-24,209.6358184814453,234.33999633789062,240.83999633789062,234.27000427246094,239.0399932861328,147311600,SPY
2018-12-26,220.22763061523438,246.17999267578125,246.17999267578125,233.75999450683594,235.97000122070312,218485400,SPY
2018-12-27,221.9183807373047,248.07000732421875,248.2899932861328,238.9600067138672,242.57000732421875,186267300,SPY
2018-12-28,221.6321258544922,247.75,251.39999389648438,246.4499969482422,249.5800018310547,153100200,SPY
2018-12-31,223.57339477539062,249.9199981689453,250.19000244140625,247.47000122070312,249.55999755859375,144299400,SPY
2019-01-02,223.80593872070312,250.17999267578125,251.2100067138672,245.9499969482422,245.97999572753906,126925200,SPY
2019-01-03,218.46530151367188,244.2100067138672,248.57000732421875,243.6699981689453,248.22999572753906,144140700,SPY
2019-01-04,225.78298950195312,252.38999938964844,253.11000061035156,247.1699981689453,247.58999633789062,142628800,SPY
2019-01-07,227.56321716308594,254.3800048828125,255.9499969482422,251.69000244140625,252.69000244140625,103139100,SPY
2019-01-08,229.70123291015625,256.7699890136719,257.30999755859375,254.0,256.82000732421875,102512600,SPY
2019-01-09,230.77474975585938,257.9700012207031,258.9100036621094,256.19000244140625,257.55999755859375,95006600,SPY
2019-01-10,231.5887908935547,258.8800048828125,259.1600036621094,255.5,256.260009765625,96823900,SPY
2019-01-11,231.67825317382812,258.9800109863281,259.010009765625,257.0299987792969,257.67999267578125,73858100,SPY
2019-01-14,230.2648162841797,257.3999938964844,258.29998779296875,256.4100036621094,256.8599853515625,70908200,SPY
2019-01-15,232.9038848876953,260.3500061035156,260.70001220703125,257.80999755859375,257.82000732421875,85208300,SPY
2019-01-16,233.4674530029297,260.9800109863281,261.9700012207031,260.6000061035156,260.8299865722656,77636700,SPY
2019-01-17,235.23866271972656,262.9599914550781,263.9200134277344,259.9599914550781,260.010009765625,96118400,SPY
2019-01-18,238.36972045898438,266.4599914550781,266.9800109863281,263.0,264.9800109863281,127900300,SPY
2019-01-22,235.14918518066406,262.8599853515625,265.05999755859375,261.05999755859375,264.82000732421875,115531200,SPY
2019-01-23,235.64126586914062,263.4100036621094,264.7900085449219,260.6600036621094,264.010009765625,86030300,SPY
2019-01-24,235.76649475097656,263.54998779296875,264.20001220703125,262.0799865722656,263.2099914550781,59204100,SPY
2019-01-25,237.7613525390625,265.7799987792969,266.70001220703125,263.6600036621094,265.6099853515625,96883400,SPY
2019-01-28,235.954345703125,263.760009765625,263.8299865722656,261.7900085449219,263.3900146484375,85613700,SPY
2019-01-29,235.64126586914062,263.4100036621094,264.54998779296875,262.4800109863281,263.9200134277344,66136300,SPY
2019-01-30,239.3716278076172,267.5799865722656,268.5199890136719,264.25,265.1000061035156,92473700,SPY
2019-01-31,241.473876953125,269.92999267578125,270.4700012207031,267.2699890136719,267.510009765625,104012100,SPY
2019-02-01,241.59024047851562,270.05999755859375,271.20001220703125,269.17999267578125,270.1499938964844,85782500,SPY
2019-02-04,243.28985595703125,271.9599914550781,272.0299987792969,269.3599853515625,270.1099853515625,60744800,SPY
2019-02-05,244.30972290039062,273.1000061035156,273.44000244140625,271.8800048828125,272.44000244140625,79552800,SPY
2019-02-06,243.98764038085938,272.739990234375,273.3399963378906,271.9200134277344,272.7900085449219,58347800,SPY
2019-02-07,241.66168212890625,270.1400146484375,271.54998779296875,268.2900085449219,270.94000244140625,95482000,SPY
2019-02-08,241.95697021484375,270.4700012207031,270.5799865722656,267.8299865722656,268.75,75788900,SPY
2019-02-11,242.0911102294922,270.6199951171875,271.489990234375,270.0299987792969,271.20001220703125,68021400,SPY
2019-02-12,245.20431518554688,274.1000061035156,274.5199890136719,272.3399963378906,272.4200134277344,72270200,SPY
2019-02-13,246.00045776367188,274.989990234375,275.92999267578125,274.55999755859375,275.0299987792969,65277200,SPY
2019-02-14,245.45481872558594,274.3800048828125,275.6400146484375,272.8699951171875,273.7799987792969,83234400,SPY
2019-02-15,248.1295928955078,277.3699951171875,277.4100036621094,276.1300048828125,276.3599853515625,97088700,SPY
2019-02-19,248.55899047851562,277.8500061035156,278.5799865722656,276.4700012207031,276.4800109863281,59120800,SPY
2019-02-20,249.05999755859375,278.4100036621094,278.9200134277344,277.25,277.80999755859375,76610800,SPY
2019-02-21,248.1743621826172,277.4200134277344,278.1000061035156,276.3500061035156,277.70001220703125,64214700,SPY
2019-02-22,249.71302795410156,279.1400146484375,279.3599853515625,277.3999938964844,278.1099853515625,78114600,SPY
2019-02-25,250.05296325683594,279.5199890136719,281.30999755859375,279.42999267578125,280.7300109863281,69030700,SPY
2019-02-26,249.87405395507812,279.32000732421875,280.29998779296875,278.8999938964844,279.1300048828125,56844100,SPY
2019-02-27,249.76663208007812,279.20001220703125,279.5899963378906,277.4800109863281,278.5199890136719,56921600,SPY
2019-02-28,249.30149841308594,278.67999267578125,279.45001220703125,278.32000732421875,278.9599914550781,69268300,SPY
2019-03-01,250.8580322265625,280.4200134277344,280.8800048828125,278.82000732421875,280.44000244140625,78880500,SPY
2019-03-04,249.9456024169922,279.3999938964844,281.8699951171875,276.8399963378906,281.6000061035156,106494600,SPY
2019-03-05,249.60557556152344,279.0199890136719,279.760009765625,278.4100036621094,279.5400085449219,59114600,SPY
2019-03-06,248.09385681152344,277.3299865722656,279.1600036621094,276.9700012207031,279.1499938964844,75039800,SPY
2019-03-07,246.01837158203125,275.010009765625,276.989990234375,274.07000732421875,276.8299865722656,94885100,SPY
2019-03-08,245.5263671875,274.4599914550781,274.6499938964844,272.4200134277344,272.94000244140625,85795800,SPY
2019-03-11,249.08680725097656,278.44000244140625,278.6199951171875,275.2300109863281,275.260009765625,65098900,SPY
2019-03-12,250.02601623535156,279.489990234375,280.07000732421875,278.8500061035156,279.05999755859375,79667500,SPY
2019-03-13,251.68101501464844,281.3399963378906,282.3800048828125,280.29998779296875,280.4800109863281,80639200,SPY
2019-03-14,251.52008056640625,281.1600036621094,281.8399963378906,280.6700134277344,281.3699951171875,67518400,SPY
2019-03-15,252.76271057128906,281.30999755859375,282.2099914550781,280.3299865722656,280.5400085449219,81309000,SPY
2019-03-18,253.6791229248047,282.3299865722656,282.6600036621094,281.29998779296875,281.54998779296875,62199800,SPY
2019-03-19,253.74208068847656,282.3999938964844,284.3599853515625,281.4100036621094,283.510009765625,90268100,SPY
2019-03-20,252.9783477783203,281.54998779296875,283.5,280.32000732421875,282.1600036621094,84609200,SPY
2019-03-21,255.8356170654297,284.7300109863281,285.17999267578125,280.5899963378906,280.6400146484375,79550400,SPY
2019-03-22,250.91171264648438,279.25,283.79998779296875,279.17999267578125,283.2200012207031,122659300,SPY
2019-03-25,250.72300720214844,279.0400085449219,280.19000244140625,277.6400146484375,278.8699951171875,85575200,SPY
2019-03-26,252.5919952392578,281.1199951171875,282.17999267578125,279.55999755859375,280.989990234375,68125900,SPY
2019-03-27,251.2711639404297,279.6499938964844,281.760009765625,277.92999267578125,281.1099853515625,72224700,SPY
2019-03-28,252.2235870361328,280.7099914550781,281.2099914550781,279.07000732421875,280.3500061035156,56238500,SPY
2019-03-29,253.81405639648438,282.4800109863281,282.8399963378906,281.1400146484375,282.3900146484375,82186800,SPY
2019-04-01,256.823974609375,285.8299865722656,286.1600036621094,284.3999938964844,284.70001220703125,77617900,SPY
2019-04-02,256.9497985839844,285.9700012207031,286.2300109863281,285.0899963378906,286.0400085449219,40070400,SPY
2019-04-03,257.3542175292969,286.4200134277344,287.760009765625,285.75,287.32000732421875,68243200,SPY
2019-04-04,258.03704833984375,287.17999267578125,287.4599914550781,286.010009765625,286.7799987792969,48997500,SPY
2019-04-05,259.28594970703125,288.57000732421875,288.6300048828125,287.6000061035156,287.9200134277344,58621700,SPY
2019-04-08,259.483642578125,288.7900085449219,288.9100036621094,287.3699951171875,288.1000061035156,53566300,SPY
2019-04-09,258.15386962890625,287.30999755859375,288.0799865722656,286.70001220703125,287.7200012207031,66142300,SPY
2019-04-10,259.03436279296875,288.2900085449219,288.3900146484375,287.30999755859375,287.7699890136719,52601500,SPY
2019-04-11,258.9625244140625,288.2099914550781,288.8399963378906,287.5799865722656,288.8299865722656,55093100,SPY
2019-04-12,260.7146301269531,290.1600036621094,290.4700012207031,288.260009765625,290.0,69727800,SPY
2019-04-15,260.54388427734375,289.9700012207031,290.3500061035156,289.0799865722656,290.239990234375,49596700,SPY
2019-04-16,260.7146301269531,290.1600036621094,291.010009765625,289.5,290.95001220703125,52153200,SPY
2019-04-17,260.07666015625,289.45001220703125,291.42999267578125,288.989990234375,291.3999938964844,58268300,SPY
2019-04-18,260.5887451171875,290.0199890136719,290.32000732421875,288.6600036621094,290.1000061035156,68708500,SPY
2019-04-22,260.8134765625,290.2699890136719,290.44000244140625,289.07000732421875,289.1700134277344,40160100,SPY
2019-04-23,263.1585693359375,292.8800048828125,293.1400146484375,290.4200134277344,290.67999267578125,52246600,SPY
2019-04-24,262.5744934082031,292.2300109863281,293.1600036621094,292.07000732421875,292.7900085449219,50392900,SPY
2019-04-25,262.412841796875,292.04998779296875,292.7799987792969,290.7300109863281,292.1199951171875,57770900,SPY
2019-04-26,263.6347961425781,293.4100036621094,293.489990234375,291.239990234375,292.1000061035156,50916400,SPY
2019-04-29,264.0481262207031,293.8699951171875,294.45001220703125,293.4100036621094,293.510009765625,57197700,SPY
2019-04-30,264.1828308105469,294.0199890136719,294.3399963378906,291.9200134277344,293.489990234375,81111700,SPY
2019-05-01,262.1971130371094,291.80999755859375,294.95001220703125,291.79998779296875,294.7200012207031,71671900,SPY
2019-05-02,261.63104248046875,291.17999267578125,292.70001220703125,289.5199890136719,291.67999267578125,65030200,SPY
2019-05-03,264.19189453125,294.0299987792969,294.3399963378906,291.29998779296875,292.82000732421875,56543700,SPY
2019-05-06,263.1046447753906,292.82000732421875,293.30999755859375,288.8999938964844,289.25,107198100,SPY
2019-05-07,258.7109069824219,287.92999267578125,290.80999755859375,285.80999755859375,290.1499938964844,144729900,SPY
2019-05-08,258.3514404296875,287.5299987792969,289.42999267578125,286.8699951171875,287.5299987792969,91568300,SPY
2019-05-09,257.5697021484375,286.6600036621094,287.3299865722656,283.29998779296875,285.2300109863281,103471100,SPY
2019-05-10,258.8635559082031,288.1000061035156,288.94000244140625,282.29998779296875,285.6199951171875,112429300,SPY
2019-05-13,252.35836791992188,280.8599853515625,283.489990234375,279.92999267578125,282.4200134277344,127290500,SPY
2019-05-14,254.6405792236328,283.3999938964844,285.1000061035156,281.8500061035156,281.989990234375,77003200,SPY
2019-05-15,256.1322021484375,285.05999755859375,285.7699890136719,281.3599853515625,281.5899963378906,73956400,SPY
2019-05-16,258.5042419433594,287.70001220703125,289.2099914550781,285.760009765625,285.8399963378906,76749600,SPY
2019-05-17,256.8329772949219,285.8399963378906,288.6000061035156,285.1199951171875,285.1400146484375,100353000,SPY
2019-05-20,255.13482666015625,283.95001220703125,285.9599914550781,283.1199951171875,284.05999755859375,62877600,SPY
2019-05-21,257.4349670410156,286.510009765625,286.92999267578125,285.54998779296875,285.8299865722656,46847100,SPY
2019-05-22,256.6443176269531,285.6300048828125,286.69000244140625,285.1000061035156,285.45001220703125,49482500,SPY
2019-05-23,253.50848388671875,282.1400146484375,283.2099914550781,280.57000732421875,283.1600036621094,98733800,SPY
2019-05-24,254.08352661132812,282.7799987792969,284.20001220703125,282.0899963378906,283.739990234375,55268100,SPY
2019-05-28,251.72042846679688,280.1499938964844,284.1499938964844,280.1300048828125,283.0899963378906,70029400,SPY
2019-05-29,250.03121948242188,278.2699890136719,279.3599853515625,276.7099914550781,278.9100036621094,104972900,SPY
2019-05-30,250.71400451660156,279.0299987792969,280.0400085449219,277.80999755859375,279.1099853515625,62523800,SPY
2019-05-31,247.33563232421875,275.2699890136719,277.1199951171875,275.239990234375,276.20001220703125,86862800,SPY
2019-06-03,246.7067108154297,274.57000732421875,276.54998779296875,273.0899963378906,275.30999755859375,96428000,SPY
2019-06-04,252.06179809570312,280.5299987792969,280.67999267578125,276.6199951171875,277.1199951171875,77231900,SPY
2019-06-05,254.24525451660156,282.9599914550781,282.989990234375,280.32000732421875,282.3299865722656,71169700,SPY
2019-06-06,255.89852905273438,284.79998779296875,285.54998779296875,282.57000732421875,283.2900085449219,69430400,SPY
2019-06-07,258.4593200683594,287.6499938964844,288.8500061035156,285.739990234375,285.92999267578125,74272200,SPY
2019-06-10,259.64532470703125,288.9700012207031,290.82000732421875,288.8699951171875,289.3699951171875,60799100,SPY
2019-06-11,259.5824890136719,288.8999938964844,291.3999938964844,288.17999267578125,290.989990234375,58641300,SPY
2019-06-12,259.124267578125,288.3900146484375,289.260009765625,287.82000732421875,288.6400146484375,47096300,SPY
2019-06-13,260.1934509277344,289.5799865722656,289.9800109863281,288.6199951171875,289.3999938964844,48945200,SPY
2019-06-14,259.9059143066406,289.260009765625,289.92999267578125,288.4100036621094,289.260009765625,52324700,SPY
2019-06-17,260.0047912597656,289.3699951171875,290.2200012207031,289.17999267578125,289.5199890136719,39205700,SPY
2019-06-18,262.72723388671875,292.3999938964844,293.57000732421875,290.989990234375,291.3900146484375,85434800,SPY
2019-06-19,263.3203125,293.05999755859375,293.6499938964844,291.4700012207031,292.54998779296875,78674400,SPY
2019-06-20,265.83612060546875,295.8599853515625,296.30999755859375,293.1300048828125,296.0400085449219,116570000,SPY
2019-06-21,265.44964599609375,294.0,295.5199890136719,293.760009765625,294.1300048828125,83309500,SPY
2019-06-24,265.1246643066406,293.6400146484375,294.5799865722656,293.4700012207031,294.2300109863281,47582700,SPY
2019-06-25,262.5244140625,290.760009765625,293.7300109863281,290.6400146484375,293.70001220703125,82028700,SPY
2019-06-26,262.2625732421875,290.4700012207031,292.30999755859375,290.3500061035156,291.75,51584900,SPY
2019-06-27,263.1925048828125,291.5,292.05999755859375,290.8900146484375,291.30999755859375,40355200,SPY
2019-06-28,264.54681396484375,293.0,293.54998779296875,292.010009765625,292.5799865722656,59350900,SPY
2019-07-01,266.9485168457031,295.6600036621094,296.9200134277344,294.3299865722656,296.67999267578125,78705600,SPY
2019-07-02,267.6436767578125,296.42999267578125,296.489990234375,294.67999267578125,295.6099853515625,61504500,SPY
2019-07-03,269.7835998535156,298.79998779296875,298.82000732421875,297.0199890136719,297.17999267578125,40898900,SPY
2019-07-05,269.47650146484375,298.4599914550781,298.6400146484375,296.010009765625,297.44000244140625,51677300,SPY
2019-07-08,267.995849609375,296.82000732421875,298.260009765625,296.2200012207031,297.010009765625,45841800,SPY
2019-07-09,268.3299865722656,297.19000244140625,297.5199890136719,295.4800109863281,295.5400085449219,41101300,SPY
2019-07-10,269.6120300292969,298.6099853515625,299.6600036621094,297.7799987792969,298.3699951171875,58448500,SPY
2019-07-11,270.2440490722656,299.30999755859375,299.5799865722656,298.20001220703125,299.32000732421875,50826100,SPY
2019-07-12,271.45391845703125,300.6499938964844,300.7300109863281,299.510009765625,299.8500061035156,40326000,SPY
2019-07-15,271.5443115234375,300.75,301.1300048828125,300.19000244140625,301.1300048828125,33900000,SPY
2019-07-16,270.66845703125,299.7799987792969,300.8800048828125,299.44000244140625,300.6499938964844,36650100,SPY
2019-07-17,268.8265075683594,297.739990234375,299.92999267578125,297.739990234375,299.75,36036300,SPY
2019-07-18,269.8106384277344,298.8299865722656,299.25,296.70001220703125,297.19000244140625,51392600,SPY
2019-07-19,268.31195068359375,297.1700134277344,300.07000732421875,296.9800109863281,300.0400085449219,58678600,SPY
2019-07-22,268.9710693359375,297.8999938964844,298.5,297.0400085449219,297.6099853515625,43638100,SPY
2019-07-23,270.89422607421875,300.0299987792969,300.0299987792969,298.2200012207031,299.1400146484375,44564500,SPY
2019-07-24,272.1672058105469,301.44000244140625,301.44000244140625,299.0899963378906,299.19000244140625,47213200,SPY
2019-07-25,270.8670349121094,300.0,301.0,299.1099853515625,300.94000244140625,55394100,SPY
2019-07-26,272.681884765625,302.010009765625,302.2300109863281,300.6199951171875,300.760009765625,45084100,SPY
2019-07-29,272.185302734375,301.4599914550781,302.010009765625,300.8500061035156,301.8800048828125,38126500,SPY
2019-07-30,271.5171203613281,300.7200012207031,301.1700134277344,299.489990234375,299.9100036621094,45849000,SPY
2019-07-31,268.54656982421875,297.42999267578125,301.20001220703125,295.20001220703125,300.989990234375,104245200,SPY
2019-08-01,266.2081604003906,294.8399963378906,300.8699951171875,293.9599914550781,297.6000061035156,142646600,SPY
2019-08-02,264.20367431640625,292.6199951171875,294.1199951171875,290.8999938964844,293.8500061035156,116749700,SPY
2019-08-05,256.25830078125,283.82000732421875,288.2099914550781,281.7200012207031,288.0899963378906,178745400,SPY
2019-08-06,259.85174560546875,287.79998779296875,288.0400085449219,284.2799987792969,285.9100036621094,120711700,SPY
2019-08-07,260.00537109375,287.9700012207031,288.82000732421875,282.0400085449219,284.3999938964844,140572300,SPY
2019-08-08,265.10662841796875,293.6199951171875,293.6199951171875,289.010009765625,289.6199951171875,87713900,SPY
2019-08-09,263.3008728027344,291.6199951171875,293.239990234375,289.6499938964844,292.5799865722656,93730000,SPY
2019-08-12,260.0956115722656,288.07000732421875,291.6099853515625,287.0199890136719,289.9599914550781,65527600,SPY
2019-08-13,264.1405334472656,292.54998779296875,294.1499938964844,287.3599853515625,287.739990234375,94299800,SPY
2019-08-14,256.3305358886719,283.8999938964844,288.739990234375,283.760009765625,288.07000732421875,135622100,SPY
2019-08-15,257.0077209472656,284.6499938964844,285.6400146484375,282.3900146484375,284.8800048828125,99556600,SPY
2019-08-16,260.79986572265625,288.8500061035156,289.3299865722656,284.7099914550781,286.4800109863281,83018300,SPY
2019-08-19,263.9418640136719,292.3299865722656,293.0799865722656,291.44000244140625,292.19000244140625,53571800,SPY
2019-08-20,261.9194030761719,290.0899963378906,292.3599853515625,289.95001220703125,291.7699890136719,51596400,SPY
2019-08-21,264.05023193359375,292.45001220703125,292.8599853515625,291.7200012207031,292.4800109863281,49524700,SPY
2019-08-22,263.968994140625,292.3599853515625,293.92999267578125,290.3999938964844,293.2300109863281,51666400,SPY
2019-08-23,257.1882629394531,284.8500061035156,292.760009765625,283.4700012207031,290.9200134277344,149161500,SPY
2019-08-26,260.0323791503906,288.0,288.0,285.5799865722656,287.2699890136719,72423800,SPY
2019-08-27,259.0121765136719,286.8699951171875,289.95001220703125,286.0299987792969,289.5400085449219,66668900,SPY
2019-08-28,260.83599853515625,288.8900146484375,289.07000732421875,285.25,286.1400146484375,59696700,SPY
2019-08-29,264.1676940917969,292.5799865722656,293.1600036621094,290.6099853515625,291.7200012207031,57899400,SPY
2019-08-30,264.05023193359375,292.45001220703125,294.239990234375,291.4200134277344,294.2200012207031,62901200,SPY
2019-09-03,262.5063171386719,290.739990234375,291.5799865722656,289.2699890136719,290.57000732421875,69101400,SPY
2019-09-04,265.4857482910156,294.0400085449219,294.05999755859375,292.30999755859375,293.1400146484375,46887300,SPY
2019-09-05,268.8988037109375,297.82000732421875,298.8299865722656,294.0,296.7900085449219,83258100,SPY
2019-09-06,269.10638427734375,298.04998779296875,298.760009765625,297.4200134277344,298.1700134277344,49584300,SPY
2019-09-09,269.2418518066406,298.20001220703125,299.239990234375,297.1600036621094,299.1400146484375,51260300,SPY
2019-09-10,269.1786804199219,298.1300048828125,298.20001220703125,295.9700012207031,297.3599853515625,57947100,SPY
2019-09-11,271.0927429199219,300.25,300.3399963378906,297.75,298.4700012207031,68821100,SPY
2019-09-12,272.03179931640625,301.2900085449219,302.4599914550781,300.4100036621094,301.25,72908700,SPY
2019-09-13,271.85125732421875,301.0899963378906,302.1700134277344,300.67999267578125,301.7799987792969,62104800,SPY
2019-09-16,271.0115051269531,300.1600036621094,301.1400146484375,299.45001220703125,299.8399963378906,58191200,SPY
2019-09-17,271.69769287109375,300.9200134277344,301.0199890136719,299.75,299.94000244140625,41475500,SPY
2019-09-18,271.86016845703125,301.1000061035156,301.2200012207031,298.239990234375,300.489990234375,73375800,SPY
2019-09-19,271.8421630859375,301.0799865722656,302.6300048828125,300.7099914550781,301.5299987792969,76560500,SPY
2019-09-20,270.55780029296875,298.2799987792969,300.6700134277344,297.4100036621094,300.3599853515625,89565000,SPY
2019-09-23,270.4942932128906,298.2099914550781,299.0,297.2699890136719,297.54998779296875,43476800,SPY
2019-09-24,268.371826171875,295.8699951171875,299.8399963378906,294.80999755859375,299.4100036621094,94869400,SPY
2019-09-25,269.9591064453125,297.6199951171875,298.1099853515625,294.3299865722656,295.9599914550781,71854000,SPY
2019-09-26,269.39678955078125,297.0,297.8599853515625,295.45001220703125,297.6300048828125,56179700,SPY
2019-09-27,267.9455261230469,295.3999938964844,297.95001220703125,293.69000244140625,297.8299865722656,84746600,SPY
2019-09-30,269.1880798339844,296.7699890136719,297.54998779296875,295.9200134277344,295.9700012207031,51662400,SPY
2019-10-01,265.9862365722656,293.239990234375,298.4599914550781,293.0,297.739990234375,88242400,SPY
2019-10-02,261.2876892089844,288.05999755859375,291.510009765625,286.6400146484375,291.5,122539500,SPY
2019-10-03,263.4283142089844,290.4200134277344,290.45001220703125,284.82000732421875,287.80999755859375,85278800,SPY
2019-10-04,266.99310302734375,294.3500061035156,294.6300048828125,291.0799865722656,291.1400146484375,65091200,SPY
2019-10-07,265.8410339355469,293.0799865722656,295.260009765625,292.7699890136719,293.4700012207031,59610500,SPY
2019-10-08,261.7138977050781,288.5299987792969,291.8500061035156,288.489990234375,291.0400085449219,95708100,SPY
2019-10-09,264.1993713378906,291.2699890136719,292.29998779296875,290.05999755859375,290.75,62359400,SPY
2019-10-10,265.9862365722656,293.239990234375,294.2099914550781,291.0,291.17999267578125,55296300,SPY
2019-10-11,268.74371337890625,296.2799987792969,298.739990234375,296.1400146484375,296.2699890136719,98720400,SPY
2019-10-14,268.4443664550781,295.95001220703125,296.6700134277344,295.57000732421875,295.92999267578125,40394800,SPY
2019-10-15,271.1020202636719,298.8800048828125,299.70001220703125,296.9700012207031,297.1000061035156,46754500,SPY
2019-10-16,270.6665954589844,298.3999938964844,299.1600036621094,297.9200134277344,298.3699951171875,48928200,SPY
2019-10-17,271.4648742675781,299.2799987792969,300.239990234375,298.5199890136719,299.67999267578125,45736600,SPY
2019-10-18,270.2765808105469,297.9700012207031,299.3999938964844,297.0299987792969,298.69000244140625,64304000,SPY
2019-10-21,272.1088562011719,299.989990234375,300.2099914550781,298.94000244140625,299.4200134277344,39048600,SPY
2019-10-22,271.2199401855469,299.010009765625,300.8999938964844,298.9100036621094,300.5799865722656,48594700,SPY
2019-10-23,272.0090637207031,299.8800048828125,299.94000244140625,298.5,298.7300109863281,34352200,SPY
2019-10-24,272.45355224609375,300.3699951171875,301.07000732421875,299.4599914550781,300.9100036621094,35453100,SPY
2019-10-25,273.5692443847656,301.6000061035156,302.20001220703125,299.67999267578125,299.739990234375,45205400,SPY
2019-10-28,275.1112060546875,303.29998779296875,303.8500061035156,302.9100036621094,302.94000244140625,42147000,SPY
2019-10-29,275.0296325683594,303.2099914550781,304.2300109863281,302.8599853515625,303.0,44284900,SPY
2019-10-30,275.87322998046875,304.1400146484375,304.54998779296875,301.989990234375,303.42999267578125,49643900,SPY
2019-10-31,275.138427734375,303.3299865722656,304.1300048828125,301.7300109863281,304.1300048828125,69053800,SPY
2019-11-01,277.687255859375,306.1400146484375,306.19000244140625,304.739990234375,304.9200134277344,71141500,SPY
2019-11-04,278.802978515625,307.3699951171875,308.0,306.9599914550781,307.8500061035156,60606900,SPY
2019-11-05,278.49456787109375,307.0299987792969,307.9200134277344,306.7099914550781,307.5899963378906,42933200,SPY
2019-11-06,278.5580139160156,307.1000061035156,307.3999938964844,306.05999755859375,307.0299987792969,46487100,SPY
2019-11-07,279.53765869140625,308.17999267578125,309.6499938964844,307.6600036621094,308.57000732421875,54272300,SPY
2019-11-08,280.2270812988281,308.94000244140625,309.0,307.0299987792969,307.79998779296875,49032100,SPY
2019-11-11,279.6918640136719,308.3500061035156,308.5400085449219,307.2699890136719,307.4200134277344,35797300,SPY
2019-11-12,280.2815246582031,309.0,309.989990234375,308.1499938964844,308.75,46484600,SPY
2019-11-13,280.3721618652344,309.1000061035156,309.5400085449219,307.6600036621094,307.9100036621094,53917700,SPY
2019-11-14,280.7803039550781,309.54998779296875,309.6400146484375,308.0899963378906,308.7900085449219,51219900,SPY
2019-11-15,282.8121337890625,311.7900085449219,311.8399963378906,310.260009765625,311.0199890136719,62023600,SPY
2019-11-18,283.0207824707031,312.0199890136719,312.2799987792969,311.0299987792969,311.5299987792969,49228000,SPY
2019-11-19,282.9391784667969,311.92999267578125,312.69000244140625,311.2200012207031,312.67999267578125,67804700,SPY
2019-11-20,281.88702392578125,310.7699890136719,311.8500061035156,309.05999755859375,311.2799987792969,79406200,SPY
2019-11-21,281.4335021972656,310.2699890136719,311.010009765625,309.3900146484375,310.8900146484375,54664700,SPY
2019-11-22,282.05938720703125,310.9599914550781,311.239990234375,309.8500061035156,311.0899963378906,44850200,SPY
2019-11-25,284.2453308105469,313.3699951171875,313.3699951171875,311.9800109863281,311.9800109863281,48647200,SPY
2019-11-26,284.88934326171875,314.0799865722656,314.2799987792969,313.05999755859375,313.4100036621094,37569000,SPY
2019-11-27,286.1591796875,315.4800109863281,315.4800109863281,314.3699951171875,314.6099853515625,44444600,SPY
2019-11-29,285.09796142578125,314.30999755859375,315.1300048828125,314.05999755859375,314.8599853515625,36592700,SPY
2019-12-02,282.6761169433594,311.6400146484375,314.6600036621094,311.1700134277344,314.5899963378906,75767800,SPY
2019-12-03,280.7803039550781,309.54998779296875,309.6400146484375,307.1300048828125,308.6499938964844,73941700,SPY
2019-12-04,282.51287841796875,311.4599914550781,312.1199951171875,310.32000732421875,310.70001220703125,49080000,SPY
2019-12-05,283.0207824707031,312.0199890136719,312.25,310.5799865722656,312.2300109863281,40709000,SPY
2019-12-06,285.6059875488281,314.8699951171875,315.30999755859375,314.1099853515625,314.1199951171875,48927000,SPY
2019-12-09,284.7078552246094,313.8800048828125,315.17999267578125,313.79998779296875,314.44000244140625,34838500,SPY
2019-12-10,284.3904113769531,313.5299987792969,314.54998779296875,312.80999755859375,313.82000732421875,52649800,SPY
2019-12-11,285.19781494140625,314.4200134277344,314.70001220703125,313.44000244140625,314.0299987792969,53429100,SPY
2019-12-12,287.6558837890625,317.1300048828125,317.989990234375,314.1700134277344,314.42999267578125,96389600,SPY
2019-12-13,287.8282775878906,317.32000732421875,318.6700134277344,316.0199890136719,316.8699951171875,81503900,SPY
2019-12-16,289.80560302734375,319.5,320.1499938964844,317.25,319.2200012207031,82749700,SPY
2019-12-17,289.8690490722656,319.57000732421875,320.25,319.4800109863281,319.9200134277344,61097700,SPY
2019-12-18,289.8872985839844,319.5899963378906,320.25,319.5299987792969,320.0,48133000,SPY
2019-12-19,291.0754699707031,320.8999938964844,320.9800109863281,319.5199890136719,319.79998779296875,85310500,SPY
2019-12-20,292.3515930175781,320.7300109863281,321.9700012207031,319.3900146484375,320.4599914550781,147142100,SPY
2019-12-23,292.7983093261719,321.2200012207031,321.6499938964844,321.05999755859375,321.5899963378906,52990000,SPY
2019-12-24,292.807373046875,321.2300109863281,321.5199890136719,320.8999938964844,321.4700012207031,20270000,SPY
2019-12-26,294.3661193847656,322.94000244140625,322.95001220703125,321.6400146484375,321.6499938964844,30911200,SPY
2019-12-27,294.2930908203125,322.8599853515625,323.79998779296875,322.2799987792969,323.739990234375,42528800,SPY
2019-12-30,292.6706237792969,321.0799865722656,323.1000061035156,320.54998779296875,322.95001220703125,49729100,SPY
2019-12-31,293.3816833496094,321.8599853515625,322.1300048828125,320.1499938964844,320.5299987792969,57077300,SPY
2020-01-02,296.1253356933594,324.8699951171875,324.8900146484375,322.5299987792969,323.5400085449219,59151200,SPY
2020-01-03,293.8829650878906,322.4100036621094,323.6400146484375,321.1000061035156,321.1600036621094,77709700,SPY
2020-01-06,295.0041198730469,323.6400146484375,323.7300109863281,320.3599853515625,320.489990234375,55653900,SPY
2020-01-07,294.1746520996094,322.7300109863281,323.5400085449219,322.239990234375,323.0199890136719,40496400,SPY
2020-01-08,295.7424621582031,324.45001220703125,325.7799987792969,322.6700134277344,322.94000244140625,68296000,SPY
2020-01-09,297.7477722167969,326.6499938964844,326.7300109863281,325.5199890136719,326.1600036621094,48473300,SPY
2020-01-10,296.8908996582031,325.7099914550781,327.4599914550781,325.20001220703125,327.2900085449219,53029300,SPY
2020-01-13,298.93280029296875,327.95001220703125,327.9599914550781,325.9200134277344,326.3900146484375,47086800,SPY
2020-01-14,298.4769592285156,327.45001220703125,328.6199951171875,326.8399963378906,327.4700012207031,62832800,SPY
2020-01-15,299.15155029296875,328.19000244140625,329.0199890136719,327.260009765625,327.3500061035156,72056600,SPY
2020-01-16,301.639892578125,330.9200134277344,330.9200134277344,329.45001220703125,329.70001220703125,54050300,SPY
2020-01-17,302.578857421875,331.95001220703125,332.17999267578125,330.8500061035156,331.70001220703125,95846000,SPY
2020-01-21,301.9863586425781,331.29998779296875,332.17999267578125,330.82000732421875,330.8999938964844,77742400,SPY
2020-01-22,302.0228271484375,331.3399963378906,332.95001220703125,331.1700134277344,332.239990234375,48914900,SPY
2020-01-23,302.3692321777344,331.7200012207031,332.1700134277344,329.4100036621094,330.6300048828125,51963000,SPY
2020-01-24,299.68017578125,328.7699890136719,332.5299987792969,327.3599853515625,332.44000244140625,87578400,SPY
2020-01-27,294.8764953613281,323.5,325.1199951171875,322.6600036621094,323.0299987792969,84062500,SPY
2020-01-28,297.96661376953125,326.8900146484375,327.8500061035156,323.6000061035156,325.05999755859375,63834000,SPY
2020-01-29,297.7203674316406,326.6199951171875,328.6300048828125,326.3999938964844,328.3800048828125,53888900,SPY
2020-01-30,298.6866760253906,327.67999267578125,327.9100036621094,323.5400085449219,324.3599853515625,75491800,SPY
2020-01-31,293.2632141113281,321.7300109863281,327.1700134277344,320.7300109863281,327.0,113845600,SPY
2020-02-03,295.4416198730469,324.1199951171875,326.1600036621094,323.2200012207031,323.3500061035156,69083000,SPY
2020-02-04,299.9446716308594,329.05999755859375,330.010009765625,327.7200012207031,328.07000732421875,62573200,SPY
2020-02-05,303.4082946777344,332.8599853515625,333.0899963378906,330.6700134277344,332.2699890136719,65951100,SPY
2020-02-06,304.42926025390625,333.9800109863281,334.19000244140625,332.79998779296875,333.9100036621094,50359700,SPY
2020-02-07,302.8067321777344,332.20001220703125,333.989990234375,331.6000061035156,332.82000732421875,64139400,SPY
2020-02-10,305.0672912597656,334.67999267578125,334.75,331.19000244140625,331.2300109863281,42070000,SPY
2020-02-11,305.5959167480469,335.260009765625,337.0199890136719,334.67999267578125,336.1600036621094,54864500,SPY
2020-02-12,307.5648498535156,337.4200134277344,337.6499938964844,336.42999267578125,336.8299865722656,43992700,SPY
2020-02-13,307.2366943359375,337.05999755859375,338.1199951171875,335.55999755859375,335.8599853515625,54501900,SPY
2020-02-14,307.72894287109375,337.6000061035156,337.7300109863281,336.20001220703125,337.510009765625,64582200,SPY
2020-02-18,306.93597412109375,336.7300109863281,337.6700134277344,335.2099914550781,336.510009765625,57226200,SPY
2020-02-19,308.4034118652344,338.3399963378906,339.0799865722656,337.4800109863281,337.7900085449219,48814700,SPY
2020-02-20,307.136474609375,336.95001220703125,338.6400146484375,333.67999267578125,337.739990234375,74163400,SPY
2020-02-21,303.9734802246094,333.4800109863281,335.80999755859375,332.5799865722656,335.4700012207031,113788200,SPY
2020-02-24,293.8920593261719,322.4200134277344,333.55999755859375,321.239990234375,323.1400146484375,161088400,SPY
2020-02-25,284.98651123046875,312.6499938964844,324.6099853515625,311.69000244140625,323.94000244140625,218913200,SPY
2020-02-26,283.9382019042969,311.5,318.1099853515625,310.70001220703125,314.17999267578125,194773800,SPY
2020-02-27,271.18609619140625,297.510009765625,311.55999755859375,297.510009765625,305.4599914550781,284353500,SPY
2020-02-28,270.04669189453125,296.260009765625,297.8900146484375,285.5400085449219,288.70001220703125,384975800,SPY
2020-03-02,281.74151611328125,309.0899963378906,309.1600036621094,294.4599914550781,298.2099914550781,238703600,SPY
2020-03-03,273.674560546875,300.239990234375,313.8399963378906,297.57000732421875,309.5,300139100,SPY
2020-03-04,285.17791748046875,312.8599853515625,313.1000061035156,303.3299865722656,306.1199951171875,176613400,SPY
2020-03-05,275.6980895996094,302.4599914550781,308.4700012207031,300.010009765625,304.9800109863281,186366800,SPY
2020-03-06,271.1405334472656,297.4599914550781,298.7799987792969,290.2300109863281,293.1499938964844,228667200,SPY
2020-03-09,249.96592712402344,274.2300109863281,284.19000244140625,273.45001220703125,275.29998779296875,309417300,SPY
2020-03-10,262.90045166015625,288.4200134277344,288.5199890136719,273.5,284.6400146484375,276444100,SPY
2020-03-11,250.0845184326172,274.3599853515625,281.94000244140625,270.8800048828125,280.70001220703125,255316300,SPY
2020-03-12,226.1570587158203,248.11000061035156,266.6600036621094,247.67999267578125,256.0,392220700,SPY
2020-03-13,245.4904022216797,269.32000732421875,271.4800109863281,248.52000427246094,263.0899963378906,329566100,SPY
2020-03-16,218.62789916992188,239.85000610351562,256.8999938964844,237.36000061035156,241.17999267578125,297240000,SPY
2020-03-17,230.43212890625,252.8000030517578,256.1700134277344,237.07000732421875,245.0399932861328,262070500,SPY
2020-03-18,218.76466369628906,240.0,248.3699951171875,228.02000427246094,236.25,327597100,SPY
2020-03-19,219.2295379638672,240.50999450683594,247.3800048828125,232.22000122070312,239.25,289322000,SPY
2020-03-20,209.781982421875,228.8000030517578,244.47000122070312,228.5,242.52999877929688,347158800,SPY
2020-03-23,204.41824340820312,222.9499969482422,229.67999267578125,218.25999450683594,228.19000244140625,326025200,SPY
2020-03-24,222.939208984375,243.14999389648438,244.10000610351562,233.8000030517578,234.4199981689453,235494500,SPY
2020-03-25,226.27667236328125,246.7899932861328,256.3500061035156,239.75,244.8699951171875,299430300,SPY
2020-03-26,239.4888916015625,261.20001220703125,262.79998779296875,249.0500030517578,249.52000427246094,257632800,SPY
2020-03-27,232.35552978515625,253.4199981689453,260.80999755859375,251.0500030517578,253.27000427246094,224341200,SPY
2020-03-30,239.90150451660156,261.6499938964844,262.42999267578125,253.52999877929688,255.6999969482422,171369500,SPY
2020-03-31,236.32565307617188,257.75,263.3299865722656,256.2200012207031,260.55999755859375,194881100,SPY
2020-04-01,225.6898651123047,246.14999389648438,257.6600036621094,243.89999389648438,247.97999572753906,189554600,SPY
2020-04-02,230.897705078125,251.8300018310547,252.67999267578125,244.58999633789062,245.19000244140625,177660400,SPY
2020-04-03,227.56028747558594,248.19000244140625,253.32000732421875,245.22000122070312,250.75999450683594,135561200,SPY
2020-04-06,242.8446044921875,264.8599853515625,267.0,248.1699981689453,257.8399963378906,188061200,SPY
2020-04-07,243.09219360351562,265.1300048828125,275.0299987792969,264.8900146484375,274.2099914550781,201427200,SPY
2020-04-08,251.2524871826172,274.0299987792969,276.0,265.25,267.9599914550781,153774500,SPY
2020-04-09,255.07589721679688,278.20001220703125,281.20001220703125,275.4700012207031,277.5799865722656,189999200,SPY
2020-04-13,252.7470245361328,275.6600036621094,277.510009765625,271.4100036621094,277.1400146484375,114839100,SPY
2020-04-14,260.201171875,283.7900085449219,284.8999938964844,275.510009765625,280.9800109863281,134143400,SPY
2020-04-15,254.67242431640625,277.760009765625,283.94000244140625,275.4599914550781,277.57000732421875,121775000,SPY
2020-04-16,255.90098571777344,279.1000061035156,280.0299987792969,275.760009765625,279.1499938964844,131798300,SPY
2020-04-17,262.8143005371094,286.6400146484375,287.29998779296875,282.3999938964844,285.3800048828125,146684800,SPY
2020-04-20,258.18402099609375,281.5899963378906,286.7900085449219,281.3500061035156,282.6099853515625,100109300,SPY
2020-04-21,250.3447723388672,273.0400085449219,278.0400085449219,272.0199890136719,276.7300109863281,126385700,SPY
2020-04-22,255.90098571777344,279.1000061035156,281.0,276.9100036621094,278.3500061035156,92951600,SPY
2020-04-23,255.88272094726562,279.0799865722656,283.94000244140625,278.75,280.489990234375,104709700,SPY
2020-04-24,259.4493408203125,282.9700012207031,283.70001220703125,278.5,280.7300109863281,85063200,SPY
2020-04-27,263.1902160644531,287.04998779296875,288.2699890136719,284.6199951171875,285.1199951171875,77896600,SPY
2020-04-28,261.9798889160156,285.7300109863281,291.3999938964844,285.3999938964844,291.0199890136719,105270000,SPY
2020-04-29,268.8382263183594,293.2099914550781,294.8800048828125,290.4100036621094,291.5299987792969,118745600,SPY
2020-04-30,266.3351745605469,290.4800109863281,293.32000732421875,288.5899963378906,291.7099914550781,122901700,SPY
2020-05-01,259.2843017578125,282.7900085449219,290.6600036621094,281.5199890136719,285.30999755859375,125180000,SPY
2020-05-04,259.9994812011719,283.57000732421875,283.8999938964844,279.1300048828125,280.739990234375,80873200,SPY
2020-05-05,262.4016418457031,286.19000244140625,289.25,283.7099914550781,286.6400146484375,79569900,SPY
2020-05-06,260.6229248046875,284.25,288.4599914550781,283.7799987792969,288.0400085449219,73632600,SPY
2020-05-07,263.76788330078125,287.67999267578125,289.7799987792969,287.1300048828125,287.75,75250400,SPY
2020-05-08,268.1322021484375,292.44000244140625,292.95001220703125,289.8599853515625,291.0899963378906,76452400,SPY
2020-05-11,268.18719482421875,292.5,294.0,289.8800048828125,290.3399963378906,79514200,SPY
2020-05-12,262.8417663574219,286.6700134277344,294.239990234375,286.5199890136719,293.7900085449219,95870800,SPY
2020-05-13,258.1932067871094,281.6000061035156,287.19000244140625,278.9599914550781,286.05999755859375,144721100,SPY
2020-05-14,261.2831115722656,284.9700012207031,285.1099853515625,272.989990234375,278.95001220703125,121977900,SPY
2020-05-15,262.48419189453125,286.2799987792969,286.3299865722656,281.3399963378906,282.3699951171875,111146300,SPY
2020-05-18,270.47943115234375,295.0,296.75,292.70001220703125,293.04998779296875,119703800,SPY
2020-05-19,267.7012023925781,291.9700012207031,296.2099914550781,291.95001220703125,294.3500061035156,95189300,SPY
2020-05-20,272.2489929199219,296.92999267578125,297.8699951171875,295.57000732421875,295.82000732421875,85861700,SPY
2020-05-21,270.36944580078125,294.8800048828125,297.6700134277344,293.69000244140625,296.7900085449219,78293900,SPY
2020-05-22,270.8828125,295.44000244140625,295.6300048828125,293.2200012207031,294.57000732421875,63958200,SPY
2020-05-26,274.2202453613281,299.0799865722656,302.19000244140625,295.4599914550781,301.92999267578125,88951400,SPY
2020-05-27,278.30035400390625,303.5299987792969,303.57000732421875,296.8699951171875,302.1199951171875,104817400,SPY
2020-05-28,277.7869567871094,302.9700012207031,306.8399963378906,302.239990234375,304.6499938964844,90405200,SPY
2020-05-29,279.0246887207031,304.32000732421875,304.9599914550781,299.4700012207031,302.4599914550781,119090800,SPY
2020-06-01,280.1524963378906,305.54998779296875,306.2099914550781,303.05999755859375,303.6199951171875,55758300,SPY
2020-06-02,282.47210693359375,308.0799865722656,308.1300048828125,305.1000061035156,306.54998779296875,74267200,SPY
2020-06-03,286.2314453125,312.17999267578125,313.2200012207031,309.94000244140625,310.239990234375,92567600,SPY
2020-06-04,285.4795227050781,311.3599853515625,313.0,309.0799865722656,311.1099853515625,75794400,SPY
2020-06-05,292.7962646484375,319.3399963378906,321.2699890136719,317.1600036621094,317.2300109863281,150524700,SPY
2020-06-08,296.33538818359375,323.20001220703125,323.4100036621094,319.6300048828125,320.2200012207031,73641200,SPY
2020-06-09,294.1257019042969,320.7900085449219,323.2799987792969,319.3599853515625,320.29998779296875,77479200,SPY
2020-06-10,292.4844970703125,319.0,322.3900146484375,318.2200012207031,321.4200134277344,95000800,SPY
2020-06-11,275.62310791015625,300.6099853515625,312.1499938964844,300.010009765625,311.4599914550781,209243600,SPY
2020-06-12,278.9238586425781,304.2099914550781,309.0799865722656,298.6000061035156,308.239990234375,194678900,SPY
2020-06-15,281.52777099609375,307.04998779296875,308.2799987792969,296.739990234375,298.0199890136719,135782700,SPY
2020-06-16,286.946533203125,312.9599914550781,315.6400146484375,307.6700134277344,315.4800109863281,137627500,SPY
2020-06-17,285.75457763671875,311.6600036621094,314.3900146484375,310.8599853515625,314.07000732421875,83398900,SPY
2020-06-18,285.8646240234375,311.7799987792969,312.29998779296875,309.510009765625,310.010009765625,80828700,SPY
2020-06-19,284.23095703125,308.6400146484375,314.3800048828125,306.5299987792969,314.1700134277344,135549600,SPY
2020-06-22,286.05438232421875,310.6199951171875,311.04998779296875,306.75,307.989990234375,74649400,SPY
2020-06-23,287.3712463378906,312.04998779296875,314.5,311.6099853515625,313.489990234375,68471200,SPY
2020-06-24,280.0408020019531,304.0899963378906,310.510009765625,302.1000061035156,309.8399963378906,132813500,SPY
2020-06-25,283.04296875,307.3500061035156,307.6400146484375,301.2799987792969,303.4700012207031,89468000,SPY
2020-06-26,276.3202209472656,300.04998779296875,306.3900146484375,299.4200134277344,306.1600036621094,127961000,SPY
2020-06-29,280.3815612792969,304.4599914550781,304.6099853515625,298.92999267578125,301.4100036621094,79773300,SPY
2020-06-30,283.97308349609375,308.3599853515625,310.20001220703125,303.82000732421875,303.989990234375,113394800,SPY
2020-07-01,285.9622802734375,310.5199890136719,311.8900146484375,309.07000732421875,309.57000732421875,72396500,SPY
2020-07-02,287.5370178222656,312.2300109863281,315.70001220703125,311.510009765625,314.239990234375,69344200,SPY
2020-07-06,291.975830078125,317.04998779296875,317.67999267578125,315.55999755859375,316.3699951171875,61713800,SPY
2020-07-07,288.9643859863281,313.7799987792969,317.5199890136719,313.3699951171875,315.3800048828125,82910000,SPY
2020-07-08,291.1746520996094,316.17999267578125,316.29998779296875,312.70001220703125,314.6099853515625,54638600,SPY
2020-07-09,289.5169982910156,314.3800048828125,317.1000061035156,310.67999267578125,316.8399963378906,83354200,SPY
2020-07-10,292.47308349609375,317.5899963378906,317.8800048828125,312.760009765625,314.30999755859375,57550400,SPY
2020-07-13,289.9405822753906,314.8399963378906,322.7099914550781,314.1300048828125,320.1300048828125,102997500,SPY
2020-07-14,293.697998046875,318.9200134277344,319.760009765625,312.0,313.29998779296875,93657000,SPY
2020-07-15,296.396240234375,321.8500061035156,323.0400085449219,319.2699890136719,322.4100036621094,87196500,SPY
2020-07-16,295.4200134277344,320.7900085449219,321.2799987792969,319.0899963378906,319.7900085449219,54622500,SPY
2020-07-17,296.27642822265625,321.7200012207031,322.57000732421875,319.739990234375,321.8800048828125,62774900,SPY
2020-07-20,298.6709289550781,324.32000732421875,325.1300048828125,320.6199951171875,321.42999267578125,56308800,SPY
2020-07-21,299.3063659667969,325.010009765625,326.92999267578125,323.94000244140625,326.45001220703125,57292200,SPY
2020-07-22,301.01007080078125,326.8599853515625,327.20001220703125,324.5,324.6199951171875,57792900,SPY
2020-07-23,297.41839599609375,322.9599914550781,327.2300109863281,321.4800109863281,326.4700012207031,75738000,SPY
2020-07-24,295.5029296875,320.8800048828125,321.989990234375,319.25,320.95001220703125,73766600,SPY
2020-07-27,297.6579284667969,323.2200012207031,323.4100036621094,320.7699890136719,321.6300048828125,48293000,SPY
2020-07-28,295.7700500488281,321.1700134277344,323.6400146484375,320.8500061035156,322.42999267578125,57495000,SPY
2020-07-29,299.4075927734375,325.1199951171875,325.7300109863281,322.0799865722656,322.1199951171875,48454200,SPY
2020-07-30,298.33935546875,323.9599914550781,324.4100036621094,319.6400146484375,321.8999938964844,61861700,SPY
2020-07-31,300.69683837890625,326.5199890136719,326.6300048828125,321.3299865722656,325.8999938964844,84986800,SPY
2020-08-03,302.7874755859375,328.7900085449219,329.6199951171875,327.7300109863281,328.32000732421875,53077900,SPY
2020-08-04,303.9568786621094,330.05999755859375,330.05999755859375,327.8599853515625,327.8599853515625,41917900,SPY
2020-08-05,305.8448486328125,332.1099853515625,332.3900146484375,331.17999267578125,331.4700012207031,42697700,SPY
2020-08-06,307.88922119140625,334.3299865722656,334.4599914550781,331.1300048828125,331.4800109863281,43679400,SPY
2020-08-07,308.1103210449219,334.57000732421875,334.8800048828125,332.29998779296875,333.2799987792969,57308300,SPY
2020-08-10,309.03118896484375,335.57000732421875,335.7699890136719,332.9599914550781,335.05999755859375,44282100,SPY
2020-08-11,306.4801940917969,332.79998779296875,337.5400085449219,332.010009765625,336.8500061035156,69601100,SPY
2020-08-12,310.7532653808594,337.44000244140625,338.2799987792969,335.4100036621094,335.44000244140625,53774400,SPY
2020-08-13,310.1914367675781,336.8299865722656,338.25,335.8299865722656,336.6099853515625,41816100,SPY
2020-08-14,310.20068359375,336.8399963378906,337.4200134277344,335.6199951171875,336.4100036621094,47260400,SPY
2020-08-17,311.18609619140625,337.9100036621094,338.3399963378906,336.8500061035156,337.94000244140625,35481000,SPY
2020-08-18,311.8584289550781,338.6400146484375,339.1000061035156,336.6099853515625,338.3399963378906,38733900,SPY
2020-08-19,310.5599060058594,337.2300109863281,339.6099853515625,336.6199951171875,339.04998779296875,68054200,SPY
2020-08-20,311.5268249511719,338.2799987792969,338.79998779296875,335.2200012207031,335.3599853515625,42207800,SPY
2020-08-21,312.6319580078125,339.4800109863281,339.7200012207031,337.54998779296875,337.9200134277344,55106600,SPY
2020-08-24,315.7998962402344,342.9200134277344,343.0,339.45001220703125,342.1199951171875,48588700,SPY
2020-08-25,316.9049987792969,344.1199951171875,344.2099914550781,342.2699890136719,343.5299987792969,38463400,SPY
2020-08-26,320.0821228027344,347.57000732421875,347.8599853515625,344.1700134277344,344.760009765625,50790200,SPY
2020-08-27,320.7820129394531,348.3299865722656,349.8999938964844,346.5299987792969,348.510009765625,58034100,SPY
2020-08-28,322.85406494140625,350.5799865722656,350.7200012207031,348.1499938964844,349.44000244140625,48588900,SPY
2020-08-31,321.6845397949219,349.30999755859375,351.29998779296875,349.05999755859375,350.3500061035156,66099200,SPY
2020-09-01,324.71435546875,352.6000061035156,352.7099914550781,349.239990234375,350.2099914550781,54908700,SPY
2020-09-02,329.4110412597656,357.70001220703125,358.75,353.42999267578125,354.6700134277344,69540000,SPY
2020-09-03,318.0745544433594,345.3900146484375,356.3800048828125,342.5899963378906,355.8699951171875,148011100,SPY
2020-09-04,315.47760009765625,342.57000732421875,347.8299865722656,334.8699951171875,346.1300048828125,139156300,SPY
2020-09-08,306.8577880859375,333.2099914550781,342.6400146484375,332.8800048828125,336.7099914550781,114465300,SPY
2020-09-09,312.9173889160156,339.7900085449219,342.4599914550781,336.6099853515625,337.54998779296875,91462300,SPY
2020-09-10,307.4841003417969,333.8900146484375,342.5299987792969,332.8500061035156,341.82000732421875,90569500,SPY
2020-09-11,307.6405029296875,334.05999755859375,336.9700012207031,331.0,335.82000732421875,84680200,SPY
2020-09-14,311.692626953125,338.4599914550781,340.3800048828125,334.2200012207031,337.489990234375,65605700,SPY
2020-09-15,313.26739501953125,340.1700134277344,342.0199890136719,338.4700012207031,341.1199951171875,52920900,SPY
2020-09-16,312.0242004394531,338.82000732421875,343.05999755859375,338.5199890136719,341.510009765625,82096000,SPY
2020-09-17,309.27984619140625,335.8399963378906,337.70001220703125,332.989990234375,333.55999755859375,91523300,SPY
2020-09-18,305.7192077636719,330.6499938964844,335.489990234375,327.9700012207031,335.3699951171875,105877900,SPY
2020-09-21,302.316650390625,326.9700012207031,327.1300048828125,321.7300109863281,325.70001220703125,99450800,SPY
2020-09-22,305.39556884765625,330.29998779296875,330.8999938964844,325.8599853515625,328.57000732421875,63612100,SPY
2020-09-23,298.3131408691406,322.6400146484375,331.20001220703125,322.1000061035156,330.8999938964844,93112200,SPY
2020-09-24,299.1082458496094,323.5,326.79998779296875,319.79998779296875,321.2200012207031,76681300,SPY
2020-09-25,303.9440002441406,328.7300109863281,329.5799865722656,321.6400146484375,322.5799865722656,71069400,SPY
2020-09-28,308.9922180175781,334.19000244140625,334.9599914550781,332.1499938964844,333.2200012207031,64584600,SPY
2020-09-29,307.30950927734375,332.3699951171875,334.7699890136719,331.6199951171875,333.9700012207031,51304000,SPY
2020-09-30,309.6394958496094,334.8900146484375,338.2900085449219,332.8800048828125,333.0899963378906,104081100,SPY
2020-10-01,311.6274719238281,337.0400085449219,338.739990234375,335.010009765625,337.69000244140625,88698700,SPY
2020-10-02,308.6686096191406,333.8399963378906,337.010009765625,331.19000244140625,331.70001220703125,89431100,SPY
2020-10-05,314.1423034667969,339.760009765625,339.9599914550781,336.010009765625,336.05999755859375,45713100,SPY
2020-10-06,309.6764831542969,334.92999267578125,342.1700134277344,334.3800048828125,339.9100036621094,90128900,SPY
2020-10-07,315.06689453125,340.760009765625,341.6300048828125,338.0899963378906,338.1199951171875,56999600,SPY
2020-10-08,317.859130859375,343.7799987792969,343.8500061035156,341.8599853515625,342.8500061035156,45242500,SPY
2020-10-09,320.69769287109375,346.8500061035156,347.3500061035156,344.8900146484375,345.55999755859375,59528600,SPY
2020-10-12,325.8570251464844,352.42999267578125,354.0199890136719,349.05999755859375,349.5899963378906,80388500,SPY
2020-10-13,323.7303466796875,350.1300048828125,352.4700012207031,349.0899963378906,352.2799987792969,73255500,SPY
2020-10-14,321.69622802734375,347.92999267578125,351.92999267578125,347.1400146484375,350.75,57727900,SPY
2020-10-15,321.29876708984375,347.5,348.0199890136719,343.1300048828125,343.7099914550781,60357700,SPY
2020-10-16,321.1044616699219,347.2900085449219,350.75,347.1000061035156,348.9599914550781,89501900,SPY
2020-10-19,316.22265625,342.010009765625,349.3299865722656,341.0400085449219,348.6499938964844,68425600,SPY
2020-10-20,317.4893798828125,343.3800048828125,346.8800048828125,342.6400146484375,343.4599914550781,60051900,SPY
2020-10-21,316.8883361816406,342.7300109863281,345.6700134277344,342.3999938964844,343.3299865722656,63575000,SPY
2020-10-22,318.6265869140625,344.6099853515625,345.239990234375,340.6499938964844,342.9599914550781,55399300,SPY
2020-10-23,319.7083740234375,345.7799987792969,345.989990234375,343.1300048828125,345.92999267578125,49143900,SPY
2020-10-26,313.8002014160156,339.3900146484375,342.9800109863281,335.6199951171875,342.1300048828125,91473000,SPY
2020-10-27,312.7183532714844,338.2200012207031,340.1199951171875,337.989990234375,339.760009765625,65994100,SPY
2020-10-28,302.030029296875,326.6600036621094,338.25,326.1300048828125,332.1000061035156,127094300,SPY
2020-10-29,305.09967041015625,329.9800109863281,333.3999938964844,325.0899963378906,326.9100036621094,90597700,SPY
2020-10-30,301.9189453125,326.5400085449219,329.69000244140625,322.6000061035156,328.2799987792969,120287300,SPY
2020-11-02,305.30316162109375,330.20001220703125,332.3599853515625,327.239990234375,330.20001220703125,86068300,SPY
2020-11-03,310.6935119628906,336.0299987792969,338.25,330.2900085449219,333.69000244140625,93294200,SPY
2020-11-04,317.6372985839844,343.5400085449219,347.94000244140625,339.5899963378906,340.8599853515625,126959700,SPY
2020-11-05,323.83209228515625,350.239990234375,352.19000244140625,348.8599853515625,349.239990234375,82039700,SPY
2020-11-06,323.7581481933594,350.1600036621094,351.510009765625,347.6499938964844,349.92999267578125,74973000,SPY
2020-11-09,327.8263854980469,354.55999755859375,364.3800048828125,354.05999755859375,363.9700012207031,172304200,SPY
2020-11-10,327.3455810546875,354.0400085449219,355.17999267578125,350.510009765625,353.489990234375,85552000,SPY
2020-11-11,329.77728271484375,356.6700134277344,357.55999755859375,355.05999755859375,356.3999938964844,58649000,SPY
2020-11-12,326.578125,353.2099914550781,356.7200012207031,351.260009765625,355.5799865722656,67546200,SPY
2020-11-13,331.0994567871094,358.1000061035156,358.8999938964844,354.7099914550781,355.2699890136719,62892200,SPY
2020-11-16,335.232421875,362.57000732421875,362.7799987792969,359.5899963378906,360.9800109863281,74541100,SPY
2020-11-17,333.429443359375,360.6199951171875,361.9200134277344,358.3399963378906,359.9700012207031,66111000,SPY
2020-11-18,329.4166564941406,356.2799987792969,361.5,356.239990234375,360.9100036621094,70591300,SPY
2020-11-19,330.80364990234375,357.7799987792969,358.17999267578125,354.1499938964844,355.6000061035156,59940900,SPY
2020-11-20,328.53826904296875,355.3299865722656,357.7200012207031,355.25,357.5,70417300,SPY
2020-11-23,330.5077209472656,357.4599914550781,358.82000732421875,354.8699951171875,357.2799987792969,63230600,SPY
2020-11-24,335.8334045410156,363.2200012207031,363.80999755859375,359.2900085449219,360.2099914550781,62415900,SPY
2020-11-25,335.3156433105469,362.6600036621094,363.1600036621094,361.4800109863281,363.1300048828125,45330900,SPY
2020-11-27,336.2494812011719,363.6700134277344,364.17999267578125,362.5799865722656,363.8399963378906,28514100,SPY
2020-11-30,334.7608337402344,362.05999755859375,363.1199951171875,359.1700134277344,362.8299865722656,83872700,SPY
2020-12-01,338.42230224609375,366.0199890136719,367.67999267578125,364.92999267578125,365.57000732421875,74231400,SPY
2020-12-02,339.1342468261719,366.7900085449219,366.9599914550781,364.20001220703125,364.82000732421875,45927000,SPY
2020-12-03,339.0417785644531,366.69000244140625,368.19000244140625,365.5,366.67999267578125,62882000,SPY
2020-12-04,341.9635009765625,369.8500061035156,369.8500061035156,367.2200012207031,367.32000732421875,50749900,SPY
2020-12-07,341.2608642578125,369.0899963378906,369.6199951171875,367.7200012207031,369.0199890136719,48944300,SPY
2020-12-08,342.2594299316406,370.1700134277344,370.7799987792969,367.6700134277344,367.7200012207031,42458900,SPY
2020-12-09,339.18975830078125,366.8500061035156,371.04998779296875,365.95001220703125,370.8800048828125,74098300,SPY
2020-12-10,339.0787048339844,366.7300109863281,367.8599853515625,364.42999267578125,365.3699951171875,57735400,SPY
2020-12-11,338.68115234375,366.29998779296875,366.739990234375,363.260009765625,364.8999938964844,57698600,SPY
2020-12-14,337.164794921875,364.6600036621094,369.79998779296875,364.4700012207031,368.6400146484375,69216200,SPY
2020-12-15,341.72308349609375,369.5899963378906,369.5899963378906,365.9200134277344,367.3999938964844,63865300,SPY
2020-12-16,342.2594299316406,370.1700134277344,371.1600036621094,368.8699951171875,369.82000732421875,58420500,SPY
2020-12-17,344.17327880859375,372.239990234375,372.4599914550781,371.04998779296875,371.94000244140625,64119500,SPY
2020-12-18,342.7990417480469,369.17999267578125,371.1499938964844,367.0199890136719,370.9700012207031,136542300,SPY
2020-12-21,341.5733947753906,367.8599853515625,378.4599914550781,362.0299987792969,364.9700012207031,96386700,SPY
2020-12-22,340.9976501464844,367.239990234375,368.3299865722656,366.0299987792969,368.2099914550781,47949000,SPY
2020-12-23,341.3041687011719,367.57000732421875,369.6199951171875,367.2200012207031,368.2799987792969,46201400,SPY
2020-12-24,342.6319274902344,369.0,369.0299987792969,367.45001220703125,368.0799865722656,26457900,SPY
2020-12-28,345.575439453125,372.1700134277344,372.5899963378906,371.07000732421875,371.739990234375,39000400,SPY
2020-12-29,344.91619873046875,371.4599914550781,374.0,370.8299865722656,373.80999755859375,53680500,SPY
2020-12-30,345.4082336425781,371.989990234375,373.1000061035156,371.57000732421875,372.3399963378906,49455300,SPY
2020-12-31,347.1632080078125,373.8800048828125,374.6600036621094,371.2300109863281,371.7799987792969,78520700,SPY
2021-01-04,342.4369201660156,368.7900085449219,375.45001220703125,364.82000732421875,375.30999755859375,110210800,SPY
2021-01-05,344.79541015625,371.3299865722656,372.5,368.04998779296875,368.1000061035156,66426200,SPY
2021-01-06,346.8568115234375,373.54998779296875,376.9800109863281,369.1199951171875,369.7099914550781,107997700,SPY
2021-01-07,352.0102233886719,379.1000061035156,379.8999938964844,375.9100036621094,376.1000061035156,68766800,SPY
2021-01-08,354.0158386230469,381.260009765625,381.489990234375,377.1000061035156,380.5899963378906,71677200,SPY
2021-01-11,351.6295471191406,378.69000244140625,380.5799865722656,377.7200012207031,377.8500061035156,51034700,SPY
2021-01-12,351.7037353515625,378.7699890136719,379.8599853515625,376.3599853515625,378.8900146484375,52547700,SPY
2021-01-13,352.65087890625,379.7900085449219,380.8599853515625,377.8500061035156,378.69000244140625,45303600,SPY
2021-01-14,351.4159240722656,378.4599914550781,381.1300048828125,378.1000061035156,380.5899963378906,49989100,SPY
2021-01-15,348.8531799316406,375.70001220703125,377.5799865722656,373.70001220703125,376.7200012207031,107160000,SPY
2021-01-19,351.5923767089844,378.6499938964844,379.2300109863281,376.75,378.3399963378906,51233300,SPY
2021-01-20,356.4579772949219,383.8900146484375,384.7900085449219,380.69000244140625,381.1099853515625,61836100,SPY
2021-01-21,356.7828063964844,384.239990234375,384.95001220703125,383.25,384.489990234375,47840100,SPY
2021-01-22,355.52001953125,382.8800048828125,384.1300048828125,381.8399963378906,382.25,52860500,SPY
2021-01-25,356.9221496582031,384.3900146484375,384.7699890136719,378.4599914550781,383.6700134277344,70402000,SPY
2021-01-26,356.3650817871094,383.7900085449219,385.8500061035156,383.5400085449219,385.4100036621094,42665300,SPY
2021-01-27,347.65533447265625,374.4100036621094,380.32000732421875,372.010009765625,380.2200012207031,123351100,SPY
2021-01-28,350.6452331542969,377.6300048828125,381.92999267578125,375.8900146484375,376.3599853515625,94198100,SPY
2021-01-29,343.6254577636719,370.07000732421875,376.6700134277344,368.2699890136719,375.6300048828125,126765100,SPY
2021-02-01,349.3453063964844,376.2300109863281,377.3399963378906,370.3800048828125,373.7200012207031,75817600,SPY
2021-02-02,354.28509521484375,381.54998779296875,383.2200012207031,376.32000732421875,379.6499938964844,64450700,SPY
2021-02-03,354.563720703125,381.8500061035156,383.70001220703125,380.4800109863281,382.44000244140625,52427100,SPY
2021-02-04,358.5936584472656,386.19000244140625,386.239990234375,381.9700012207031,382.9599914550781,47142600,SPY
2021-02-05,360.0048522949219,387.7099914550781,388.4700012207031,386.1400146484375,388.20001220703125,48669800,SPY
2021-02-08,362.6048583984375,390.510009765625,390.55999755859375,388.3500061035156,389.2699890136719,38365200,SPY
2021-02-09,362.3634033203125,390.25,390.8900146484375,389.1700134277344,389.6099853515625,35551100,SPY
2021-02-10,362.20562744140625,390.0799865722656,392.2799987792969,387.5,392.1199951171875,59154400,SPY
2021-02-11,362.79052734375,390.7099914550781,391.69000244140625,388.1000061035156,391.239990234375,42913300,SPY
2021-02-12,364.5826721191406,392.6400146484375,392.8999938964844,389.7699890136719,389.8500061035156,50593300,SPY
2021-02-16,364.26690673828125,392.29998779296875,394.1700134277344,391.5299987792969,393.9599914550781,50972400,SPY
2021-02-17,364.3505554199219,392.3900146484375,392.6600036621094,389.3299865722656,390.4200134277344,52290600,SPY
2021-02-18,362.7997741699219,390.7200012207031,391.5199890136719,387.739990234375,389.5899963378906,59712800,SPY
2021-02-19,362.1591491699219,390.0299987792969,392.3800048828125,389.54998779296875,392.07000732421875,83241000,SPY
2021-02-22,359.3735046386719,387.0299987792969,389.6199951171875,386.739990234375,387.05999755859375,67414200,SPY
2021-02-23,359.8099670410156,387.5,388.95001220703125,380.20001220703125,384.6600036621094,107284100,SPY
2021-02-24,363.7747802734375,391.7699890136719,392.2300109863281,385.2699890136719,386.3299865722656,72433900,SPY
2021-02-25,355.0093688964844,382.3299865722656,391.8800048828125,380.7799987792969,390.4100036621094,146670500,SPY
2021-02-26,353.1801452636719,380.3599853515625,385.5799865722656,378.2300109863281,384.3500061035156,152701600,SPY
2021-03-01,361.7413330078125,389.5799865722656,390.9200134277344,380.57000732421875,385.5899963378906,105348800,SPY
2021-03-02,358.91851806640625,386.5400085449219,390.07000732421875,386.0,389.82000732421875,79595300,SPY
2021-03-03,354.1644287109375,381.4200134277344,386.8299865722656,381.30999755859375,385.7900085449219,119940200,SPY
2021-03-04,349.78173828125,376.70001220703125,384.0,371.8800048828125,381.2200012207031,183433000,SPY
2021-03-05,356.21649169921875,383.6300048828125,384.760009765625,372.6400146484375,380.4599914550781,152039600,SPY
2021-03-08,354.4429931640625,381.7200012207031,387.67999267578125,381.4200134277344,384.6600036621094,123149200,SPY
2021-03-09,359.5035400390625,387.1700134277344,389.9100036621094,385.30999755859375,385.8500061035156,113633600,SPY
2021-03-10,361.7413330078125,389.5799865722656,391.3999938964844,388.1700134277344,389.69000244140625,109899400,SPY
2021-03-11,365.40911865234375,393.5299987792969,395.6499938964844,391.739990234375,392.2300109863281,86245000,SPY
2021-03-12,365.90118408203125,394.05999755859375,394.2099914550781,391.20001220703125,392.07000732421875,64653600,SPY
2021-03-15,368.0832214355469,396.4100036621094,396.69000244140625,392.0299987792969,394.3299865722656,73427200,SPY
2021-03-16,367.61895751953125,395.9100036621094,397.8299865722656,395.0799865722656,397.07000732421875,73722500,SPY
2021-03-17,368.87255859375,397.260009765625,398.1199951171875,393.29998779296875,394.5299987792969,97959300,SPY
2021-03-18,363.5055236816406,391.4800109863281,396.7200012207031,390.75,394.4800109863281,115349100,SPY
2021-03-19,362.83294677734375,389.4800109863281,391.57000732421875,387.1499938964844,389.8800048828125,113624500,SPY
2021-03-22,365.730224609375,392.5899963378906,394.07000732421875,389.9700012207031,390.0299987792969,73778600,SPY
2021-03-23,362.8515930175781,389.5,393.4599914550781,388.6600036621094,391.9100036621094,90686600,SPY
2021-03-24,361.00701904296875,387.5199890136719,392.75,387.4700012207031,391.0,97588600,SPY
2021-03-25,363.0379638671875,389.70001220703125,390.54998779296875,383.8999938964844,385.9800109863281,116128600,SPY
2021-03-26,368.88824462890625,395.9800109863281,396.4100036621094,390.2900085449219,390.92999267578125,114409100,SPY
2021-03-29,368.7019348144531,395.7799987792969,396.75,392.80999755859375,394.3999938964844,108107600,SPY
2021-03-30,367.7237548828125,394.7300109863281,395.45001220703125,393.0199890136719,394.4200134277344,76262200,SPY
2021-03-31,369.2142639160156,396.3299865722656,398.0,395.30999755859375,395.3399963378906,112734200,SPY
2021-04-01,373.2014465332031,400.6099853515625,400.6700134277344,398.17999267578125,398.3999938964844,99682900,SPY
2021-04-05,378.5580749511719,406.3599853515625,406.94000244140625,403.3800048828125,403.4599914550781,91684800,SPY
2021-04-06,378.33447265625,406.1199951171875,407.239990234375,405.3999938964844,405.760009765625,62021000,SPY
2021-04-07,378.77239990234375,406.5899963378906,406.9599914550781,405.45001220703125,405.94000244140625,55836300,SPY
2021-04-08,380.5702819824219,408.5199890136719,408.5799865722656,406.92999267578125,407.92999267578125,57863100,SPY
2021-04-09,383.33709716796875,411.489990234375,411.6700134277344,408.260009765625,408.3900146484375,61104600,SPY
2021-04-12,383.47686767578125,411.6400146484375,411.92999267578125,410.20001220703125,410.8500061035156,56704900,SPY
2021-04-13,384.61334228515625,412.8599853515625,413.5299987792969,411.1199951171875,411.5299987792969,56551000,SPY
2021-04-14,383.2998352050781,411.45001220703125,413.9599914550781,410.8699951171875,412.8299865722656,61659900,SPY
2021-04-15,387.41741943359375,415.8699951171875,416.1600036621094,413.69000244140625,413.739990234375,60229800,SPY
2021-04-16,388.7122802734375,417.260009765625,417.9100036621094,415.7300109863281,417.25,82037300,SPY
2021-04-19,386.80255126953125,415.2099914550781,416.739990234375,413.7900085449219,416.260009765625,78498500,SPY
2021-04-20,383.9705505371094,412.1700134277344,415.0899963378906,410.5899963378906,413.9100036621094,81851800,SPY
2021-04-21,387.6036682128906,416.07000732421875,416.2900085449219,411.3599853515625,411.510009765625,66793000,SPY
2021-04-22,384.063720703125,412.2699890136719,416.7799987792969,411.1300048828125,415.8900146484375,97582800,SPY
2021-04-23,388.22796630859375,416.739990234375,418.25,412.7900085449219,412.8699951171875,73209200,SPY
2021-04-26,389.0383605957031,417.6099853515625,418.2200012207031,416.80999755859375,417.44000244140625,52182400,SPY
2021-04-27,388.9544677734375,417.5199890136719,418.1400146484375,416.29998779296875,417.92999267578125,51303100,SPY
2021-04-28,388.8427734375,417.3999938964844,419.010009765625,416.8999938964844,417.80999755859375,51238900,SPY
2021-04-29,391.32080078125,420.05999755859375,420.7200012207031,416.44000244140625,420.32000732421875,78544300,SPY
2021-04-30,388.74957275390625,417.29998779296875,418.5400085449219,416.3399963378906,417.6300048828125,85527000,SPY
2021-05-03,389.5880432128906,418.20001220703125,419.8399963378906,417.6700134277344,419.42999267578125,68128300,SPY
2021-05-04,387.18450927734375,415.6199951171875,416.6000061035156,411.6700134277344,416.07000732421875,101591200,SPY
2021-05-05,387.3056335449219,415.75,417.6300048828125,415.1499938964844,417.3800048828125,60162200,SPY
2021-05-06,390.3985290527344,419.07000732421875,419.2099914550781,413.67999267578125,415.8299865722656,74321400,SPY
2021-05-07,393.23980712890625,422.1199951171875,422.82000732421875,419.1600036621094,419.8900146484375,67733800,SPY
2021-05-10,389.3457946777344,417.94000244140625,422.739990234375,417.80999755859375,422.5,81852400,SPY
2021-05-11,385.87103271484375,414.2099914550781,415.2699890136719,410.05999755859375,413.1000061035156,116888000,SPY
2021-05-12,377.673095703125,405.4100036621094,412.5899963378906,404.0,411.2300109863281,134811000,SPY
2021-05-13,382.2098388671875,410.2799987792969,412.3500061035156,407.0199890136719,407.07000732421875,106394000,SPY
2021-05-14,388.0787658691406,416.5799865722656,417.489990234375,413.17999267578125,413.2099914550781,82201600,SPY
2021-05-17,387.09130859375,415.5199890136719,416.3900146484375,413.3599853515625,415.3900146484375,65129200,SPY
2021-05-18,383.7563171386719,411.94000244140625,416.05999755859375,411.7699890136719,415.79998779296875,59810200,SPY
2021-05-19,382.750244140625,410.8599853515625,411.04998779296875,405.3299865722656,406.9200134277344,106467100,SPY
2021-05-20,386.86773681640625,415.2799987792969,416.6300048828125,411.6700134277344,411.79998779296875,78022200,SPY
2021-05-21,386.551025390625,414.94000244140625,418.20001220703125,414.45001220703125,416.8699951171875,76578700,SPY
2021-05-24,390.4916076660156,419.1700134277344,420.32000732421875,417.0799865722656,417.3399963378906,51376700,SPY
2021-05-25,389.62530517578125,418.239990234375,420.7099914550781,417.6199951171875,420.3299865722656,57451400,SPY
2021-05-26,390.3985290527344,419.07000732421875,419.6099853515625,417.760009765625,418.8699951171875,43088600,SPY
2021-05-27,390.60345458984375,419.2900085449219,420.7200012207031,418.989990234375,420.1700134277344,56707700,SPY
2021-05-28,391.3022155761719,420.0400085449219,421.25,419.7900085449219,420.9700012207031,58520200,SPY
2021-06-01,390.9573974609375,419.6700134277344,422.7200012207031,419.20001220703125,422.57000732421875,54216600,SPY
2021-06-02,391.5722351074219,420.3299865722656,421.2300109863281,419.2900085449219,420.3699951171875,49097100,SPY
2021-06-03,390.1189880371094,418.7699890136719,419.989990234375,416.2799987792969,417.8500061035156,58138800,SPY
2021-06-04,393.6869812011719,422.6000061035156,422.9200134277344,418.8399963378906,420.75,55938800,SPY
2021-06-07,393.3050537109375,422.19000244140625,422.7799987792969,421.19000244140625,422.5899963378906,51555000,SPY
2021-06-08,393.38885498046875,422.2799987792969,423.2099914550781,420.32000732421875,423.1099853515625,47134300,SPY
2021-06-09,392.80194091796875,421.6499938964844,423.260009765625,421.4100036621094,423.17999267578125,48436300,SPY
2021-06-10,394.6278991699219,423.6099853515625,424.6300048828125,421.54998779296875,422.9599914550781,51020100,SPY
2021-06-11,395.2800598144531,424.30999755859375,424.42999267578125,422.82000732421875,424.20001220703125,45570800,SPY
2021-06-14,396.1650085449219,425.260009765625,425.3699951171875,423.1000061035156,424.42999267578125,42358500,SPY
2021-06-15,395.4383239746094,424.4800109863281,425.4599914550781,423.5400085449219,425.4200134277344,51508500,SPY
2021-06-16,393.2304992675781,422.1099853515625,424.8699951171875,419.9200134277344,424.6300048828125,80386100,SPY
2021-06-17,393.10009765625,421.9700012207031,423.0199890136719,419.32000732421875,421.6700134277344,90949700,SPY
2021-06-18,387.7969665527344,414.9200134277344,417.8299865722656,414.70001220703125,417.0899963378906,118676300,SPY
2021-06-21,393.3486328125,420.8599853515625,421.05999755859375,415.92999267578125,416.79998779296875,72822000,SPY
2021-06-22,395.4515380859375,423.1099853515625,424.0,420.0799865722656,420.8500061035156,57700300,SPY
2021-06-23,394.9750061035156,422.6000061035156,424.04998779296875,422.510009765625,423.19000244140625,49445400,SPY
2021-06-24,397.31158447265625,425.1000061035156,425.54998779296875,424.6199951171875,424.8900146484375,45110300,SPY
2021-06-25,398.7228088378906,426.6099853515625,427.0899963378906,425.54998779296875,425.8999938964844,58129500,SPY
2021-06-28,399.526611328125,427.4700012207031,427.6499938964844,425.8900146484375,427.1700134277344,53159600,SPY
2021-06-29,399.7415771484375,427.70001220703125,428.55999755859375,427.1300048828125,427.8800048828125,35970500,SPY
2021-06-30,400.0780029296875,428.05999755859375,428.7799987792969,427.17999267578125,427.2099914550781,64827900,SPY
2021-07-01,402.2930603027344,430.42999267578125,430.6000061035156,428.79998779296875,428.8699951171875,53441000,SPY
2021-07-02,405.3680725097656,433.7200012207031,434.1000061035156,430.5199890136719,431.6700134277344,57697700,SPY
2021-07-06,404.62969970703125,432.92999267578125,434.010009765625,430.010009765625,433.7799987792969,68710400,SPY
2021-07-07,406.0596618652344,434.4599914550781,434.760009765625,431.510009765625,433.6600036621094,63549500,SPY
2021-07-08,402.7510986328125,430.9200134277344,431.7300109863281,427.5199890136719,428.7799987792969,97595200,SPY
2021-07-09,407.0503234863281,435.5199890136719,435.8399963378906,430.7099914550781,432.5299987792969,76238600,SPY
2021-07-12,408.5083312988281,437.0799865722656,437.3500061035156,434.9700012207031,435.42999267578125,52889600,SPY
2021-07-13,407.11578369140625,435.5899963378906,437.8399963378906,435.30999755859375,436.239990234375,52911300,SPY
2021-07-14,407.7232971191406,436.239990234375,437.9200134277344,434.9100036621094,437.3999938964844,64130400,SPY
2021-07-15,406.3307189941406,434.75,435.5299987792969,432.7200012207031,434.80999755859375,55126400,SPY
2021-07-16,403.1435546875,431.3399963378906,436.05999755859375,430.9200134277344,436.010009765625,75874700,SPY
2021-07-19,397.1899719238281,424.9700012207031,431.4100036621094,421.9700012207031,426.19000244140625,147987000,SPY
2021-07-20,402.8819274902344,431.05999755859375,432.4200134277344,424.8299865722656,425.67999267578125,99608200,SPY
2021-07-21,406.1438293457031,434.54998779296875,434.70001220703125,431.010009765625,432.3399963378906,64724400,SPY
2021-07-22,406.99432373046875,435.4599914550781,435.7200012207031,433.69000244140625,434.739990234375,47878500,SPY
2021-07-23,411.181396484375,439.94000244140625,440.29998779296875,436.7900085449219,437.5199890136719,63766600,SPY
2021-07-26,412.1909484863281,441.0199890136719,441.0299987792969,439.260009765625,439.30999755859375,43719200,SPY
2021-07-27,410.3122863769531,439.010009765625,439.94000244140625,435.989990234375,439.9100036621094,67397100,SPY
2021-07-28,410.14398193359375,438.8299865722656,440.29998779296875,437.30999755859375,439.67999267578125,52472400,SPY
2021-07-29,411.84503173828125,440.6499938964844,441.79998779296875,439.80999755859375,439.82000732421875,47435300,SPY
2021-07-30,409.8450012207031,438.510009765625,440.05999755859375,437.7699890136719,437.9100036621094,68951200,SPY
2021-08-02,408.9850769042969,437.5899963378906,440.92999267578125,437.2099914550781,440.3399963378906,58783300,SPY
2021-08-03,412.31231689453125,441.1499938964844,441.2799987792969,436.1000061035156,438.44000244140625,58053900,SPY
2021-08-04,410.28424072265625,438.9800109863281,441.1199951171875,438.7300109863281,439.7799987792969,46732200,SPY
2021-08-05,412.8824768066406,441.760009765625,441.8500061035156,439.8800048828125,440.2200012207031,38969700,SPY
2021-08-06,413.564697265625,442.489990234375,442.94000244140625,441.79998779296875,442.1000061035156,46930000,SPY
2021-08-09,413.2283020019531,442.1300048828125,442.79998779296875,441.30999755859375,442.4599914550781,41222600,SPY
2021-08-10,413.7423095703125,442.67999267578125,443.44000244140625,441.8800048828125,442.6099853515625,43339300,SPY
2021-08-11,414.77032470703125,443.7799987792969,443.8800048828125,442.6199951171875,443.82000732421875,44034300,SPY
2021-08-12,416.013427734375,445.1099853515625,445.260009765625,442.6600036621094,443.6199951171875,38909400,SPY
2021-08-13,416.77056884765625,445.9200134277344,445.94000244140625,445.07000732421875,445.5899963378906,39470300,SPY
2021-08-16,417.7518615722656,446.9700012207031,447.1099853515625,442.8699951171875,444.5299987792969,73740000,SPY
2021-08-17,415.013427734375,444.0400085449219,444.9599914550781,440.8500061035156,444.239990234375,92673900,SPY
2021-08-18,410.47113037109375,439.17999267578125,444.6300048828125,438.9200134277344,442.9599914550781,89351900,SPY
2021-08-19,411.1066589355469,439.8599853515625,441.1400146484375,436.1199951171875,436.2699890136719,92812200,SPY
2021-08-20,414.37786865234375,443.3599853515625,443.7099914550781,439.7099914550781,440.2300109863281,72008700,SPY
2021-08-23,418.0229797363281,447.260009765625,448.2300109863281,443.44000244140625,445.1600036621094,54973000,SPY
2021-08-24,418.6865234375,447.9700012207031,448.5400085449219,447.4200134277344,447.9700012207031,38744700,SPY
2021-08-25,419.5650939941406,448.9100036621094,449.4599914550781,447.7699890136719,448.1700134277344,40529700,SPY
2021-08-26,417.0883483886719,446.260009765625,448.8599853515625,446.1600036621094,448.6099853515625,57829600,SPY
2021-08-27,420.81744384765625,450.25,450.6499938964844,447.05999755859375,447.1199951171875,77235100,SPY
2021-08-30,422.66802978515625,452.2300109863281,453.07000732421875,450.7099914550781,450.9700012207031,48357400,SPY
2021-08-31,422.0418395996094,451.55999755859375,452.489990234375,450.9200134277344,452.1300048828125,59300200,SPY
2021-09-01,422.2662048339844,451.79998779296875,453.1099853515625,451.54998779296875,452.55999755859375,48721400,SPY
2021-09-02,423.56536865234375,453.19000244140625,454.04998779296875,451.9100036621094,453.32000732421875,42501000,SPY
2021-09-03,423.4625549316406,453.0799865722656,453.6300048828125,451.54998779296875,451.9800109863281,47170500,SPY
2021-09-07,421.9483642578125,451.4599914550781,452.80999755859375,450.739990234375,452.7099914550781,51671500,SPY
2021-09-08,421.434326171875,450.9100036621094,451.6700134277344,448.8599853515625,450.8900146484375,56181900,SPY
2021-09-09,419.6305236816406,448.9800109863281,452.57000732421875,448.7200012207031,450.70001220703125,57970400,SPY
2021-09-10,416.32196044921875,445.44000244140625,451.489990234375,445.30999755859375,451.0400085449219,89948200,SPY
2021-09-13,417.3873596191406,446.5799865722656,448.9200134277344,444.1099853515625,448.6400146484375,83738600,SPY
2021-09-14,415.1349792480469,444.1700134277344,448.3399963378906,443.2200012207031,448.1199951171875,78197100,SPY
2021-09-15,418.6024169921875,447.8800048828125,448.4100036621094,443.44000244140625,444.6199951171875,78792200,SPY
2021-09-16,417.9388122558594,447.1700134277344,448.3599853515625,444.0199890136719,447.32000732421875,77786700,SPY
2021-09-17,413.86767578125,441.3999938964844,445.3699951171875,441.0199890136719,444.9200134277344,118425000,SPY
2021-09-20,406.9667663574219,434.0400085449219,436.55999755859375,428.8599853515625,434.8800048828125,166445500,SPY
2021-09-21,406.5823669433594,433.6300048828125,437.9100036621094,433.07000732421875,436.5299987792969,92526100,SPY
2021-09-22,410.5484924316406,437.8599853515625,440.0299987792969,433.75,436.04998779296875,102350100,SPY
2021-09-23,415.53662109375,443.17999267578125,444.8900146484375,439.6000061035156,439.8500061035156,76396000,SPY
2021-09-24,416.2210998535156,443.9100036621094,444.6700134277344,441.2099914550781,441.44000244140625,62094800,SPY
2021-09-27,415.0303649902344,442.6400146484375,444.04998779296875,441.8999938964844,442.80999755859375,61371100,SPY
2021-09-28,406.666748046875,433.7200012207031,440.0400085449219,432.94000244140625,439.69000244140625,130436300,SPY
2021-09-29,407.3512878417969,434.45001220703125,437.0400085449219,433.8500061035156,435.19000244140625,82329200,SPY
2021-09-30,402.372314453125,429.1400146484375,436.7699890136719,428.7799987792969,436.0199890136719,140506000,SPY
2021-10-01,407.1542053222656,434.239990234375,436.0299987792969,427.2300109863281,430.9800109863281,129240100,SPY
2021-10-04,401.9035949707031,428.6400146484375,433.9599914550781,426.3599853515625,433.0,128570000,SPY
2021-10-05,406.08538818359375,433.1000061035156,435.489990234375,429.3900146484375,430.239990234375,90682500,SPY
2021-10-06,407.7730407714844,434.8999938964844,435.1199951171875,427.5400085449219,429.2699890136719,113032200,SPY
2021-10-07,411.2985534667969,438.6600036621094,441.67999267578125,438.20001220703125,438.3900146484375,72437500,SPY
2021-10-08,410.5484924316406,437.8599853515625,439.8900146484375,437.19000244140625,439.4800109863281,74557400,SPY
2021-10-11,407.5762023925781,434.69000244140625,440.260009765625,434.6199951171875,437.1600036621094,65233300,SPY
2021-10-12,406.5729675292969,433.6199951171875,436.1000061035156,432.7799987792969,435.6700134277344,71181200,SPY
2021-10-13,408.03564453125,435.17999267578125,436.04998779296875,431.5400085449219,434.7099914550781,72974000,SPY
2021-10-14,414.8990173339844,442.5,442.6600036621094,438.5799865722656,439.0799865722656,70236800,SPY
2021-10-15,418.0588684082031,445.8699951171875,446.260009765625,444.0899963378906,444.75,66260200,SPY
2021-10-18,419.2965393066406,447.19000244140625,447.54998779296875,443.2699890136719,443.9700012207031,62213200,SPY
2021-10-19,422.53131103515625,450.6400146484375,450.7099914550781,448.2699890136719,448.9200134277344,46996800,SPY
2021-10-20,424.19097900390625,452.4100036621094,452.7300109863281,451.010009765625,451.1300048828125,49571600,SPY
2021-10-21,425.29730224609375,453.5899963378906,453.8299865722656,451.30999755859375,451.7699890136719,41305400,SPY
2021-10-22,424.8565979003906,453.1199951171875,454.6700134277344,451.04998779296875,453.1300048828125,58845100,SPY
2021-10-25,427.1350402832031,455.54998779296875,455.8999938964844,452.3900146484375,454.2799987792969,45214500,SPY
2021-10-26,427.51947021484375,455.9599914550781,458.489990234375,455.55999755859375,457.20001220703125,56075100,SPY
2021-10-27,425.6255187988281,453.94000244140625,457.1600036621094,453.8599853515625,456.45001220703125,72438000,SPY
2021-10-28,429.73236083984375,458.32000732421875,458.3999938964844,455.45001220703125,455.4599914550781,51437900,SPY
2021-10-29,430.604248046875,459.25,459.55999755859375,455.55999755859375,455.8699951171875,70162400,SPY
2021-11-01,431.3450012207031,460.0400085449219,460.70001220703125,458.20001220703125,460.29998779296875,48433600,SPY
2021-11-02,433.08892822265625,461.8999938964844,462.2300109863281,460.0799865722656,460.2200012207031,48908400,SPY
2021-11-03,435.7330627441406,464.7200012207031,465.1499938964844,460.8299865722656,461.29998779296875,52509800,SPY
2021-11-04,437.7864990234375,466.9100036621094,467.0,464.989990234375,465.3599853515625,52847100,SPY
2021-11-05,439.30548095703125,468.5299987792969,470.6499938964844,466.9200134277344,469.2799987792969,66390600,SPY
2021-11-08,439.6805114746094,468.92999267578125,470.2300109863281,468.20001220703125,469.70001220703125,50405200,SPY
2021-11-09,438.2272033691406,467.3800048828125,469.57000732421875,465.8800048828125,469.32000732421875,51149100,SPY
2021-11-10,434.7016906738281,463.6199951171875,467.3800048828125,462.0400085449219,465.5799865722656,69429700,SPY
2021-11-11,434.84228515625,463.7699890136719,465.2900085449219,463.75,465.2099914550781,34848500,SPY
2021-11-12,438.1240234375,467.2699890136719,467.8599853515625,464.1099853515625,465.1199951171875,53466700,SPY
2021-11-15,438.2740783691406,467.42999267578125,468.80999755859375,466.2300109863281,468.6400146484375,46980500,SPY
2021-11-16,440.00860595703125,469.2799987792969,470.489990234375,467.07000732421875,467.1499938964844,48857500,SPY
2021-11-17,438.9398193359375,468.1400146484375,469.19000244140625,467.4800109863281,469.0,47858300,SPY
2021-11-18,440.4305419921875,469.7300109863281,470.010009765625,466.3399963378906,469.239990234375,50625600,SPY
2021-11-19,439.6430358886719,468.8900146484375,470.94000244140625,468.5,469.6099853515625,57315600,SPY
2021-11-22,438.4053039550781,467.57000732421875,473.5400085449219,467.3500061035156,470.8900146484375,72762000,SPY
2021-11-23,438.9866638183594,468.19000244140625,469.1000061035156,464.45001220703125,467.2200012207031,73206500,SPY
2021-11-24,440.15863037109375,469.44000244140625,469.57000732421875,465.19000244140625,466.05999755859375,61858800,SPY
2021-11-26,430.3417663574219,458.9700012207031,463.8999938964844,457.7699890136719,462.3399963378906,112669600,SPY
2021-11-29,435.62060546875,464.6000061035156,466.55999755859375,461.7300109863281,464.07000732421875,86268800,SPY
2021-11-30,427.1444091796875,455.55999755859375,464.0299987792969,455.29998779296875,462.0,148559600,SPY
2021-12-01,422.4000244140625,450.5,464.6700134277344,450.2900085449219,461.6400146484375,131939200,SPY
2021-12-02,428.8696594238281,457.3999938964844,459.07000732421875,450.30999755859375,450.7300109863281,127637800,SPY
2021-12-03,425.1379699707031,453.4200134277344,460.29998779296875,448.9200134277344,459.1700134277344,137331600,SPY
2021-12-06,430.1730041503906,458.7900085449219,460.7900085449219,453.55999755859375,456.1300048828125,98977500,SPY
2021-12-07,439.071044921875,468.2799987792969,468.8800048828125,458.6499938964844,464.4100036621094,95484700,SPY
2021-12-08,440.2336730957031,469.5199890136719,470.0,466.8299865722656,468.70001220703125,72238800,SPY
2021-12-09,437.261474609375,466.3500061035156,469.6300048828125,466.1400146484375,468.1499938964844,61272600,SPY
2021-12-10,441.3776550292969,470.739990234375,470.8999938964844,466.510009765625,469.2300109863281,77159800,SPY
2021-12-13,437.4677429199219,466.57000732421875,470.55999755859375,466.2699890136719,470.19000244140625,87724700,SPY
2021-12-14,434.4578552246094,463.3599853515625,465.739990234375,460.25,463.0899963378906,97264100,SPY
2021-12-15,441.2463073730469,470.6000061035156,470.8599853515625,460.739990234375,463.4200134277344,116899300,SPY
2021-12-16,437.35516357421875,466.45001220703125,472.8699951171875,464.79998779296875,472.57000732421875,116568600,SPY
2021-12-17,432.7005310058594,459.8699951171875,464.739990234375,458.05999755859375,461.54998779296875,135511600,SPY
2021-12-20,428.0993347167969,454.9800109863281,455.3999938964844,451.1400146484375,454.4800109863281,107134800,SPY
2021-12-21,435.7019958496094,463.05999755859375,463.2099914550781,456.30999755859375,458.6099853515625,69806300,SPY
2021-12-22,440.0584716796875,467.69000244140625,467.80999755859375,462.5799865722656,462.7900085449219,58890200,SPY
2021-12-23,442.7964782714844,470.6000061035156,472.19000244140625,468.6400146484375,468.75,56439700,SPY
2021-12-27,449.0630798339844,477.260009765625,477.30999755859375,472.010009765625,472.05999755859375,56808600,SPY
2021-12-28,448.69610595703125,476.8699951171875,478.80999755859375,476.05999755859375,477.7200012207031,47274600,SPY
2021-12-29,449.2700500488281,477.4800109863281,478.55999755859375,475.9200134277344,476.9800109863281,54503000,SPY
2021-12-30,448.02801513671875,476.1600036621094,479.0,475.6700134277344,477.92999267578125,55329000,SPY
2021-12-31,446.89892578125,474.9599914550781,476.8599853515625,474.6700134277344,475.6400146484375,65237400,SPY
2022-01-03,449.4864196777344,477.7099914550781,477.8500061035156,473.8500061035156,476.29998779296875,72668200,SPY
2022-01-04,449.33587646484375,477.54998779296875,479.9800109863281,475.5799865722656,479.2200012207031,71178700,SPY
2022-01-05,440.7077331542969,468.3800048828125,477.9800109863281,468.2799987792969,477.1600036621094,104538900,SPY
2022-01-06,440.293701171875,467.94000244140625,470.82000732421875,465.42999267578125,467.8900146484375,86858900,SPY
2022-01-07,438.552978515625,466.0899963378906,469.20001220703125,464.6499938964844,467.95001220703125,85111600,SPY
2022-01-10,438.00726318359375,465.510009765625,465.739990234375,456.6000061035156,462.70001220703125,119362000,SPY
2022-01-11,441.9967346191406,469.75,469.8500061035156,462.04998779296875,465.2300109863281,74303100,SPY
2022-01-12,443.191650390625,471.0199890136719,473.20001220703125,468.94000244140625,471.5899963378906,67605400,SPY
2022-01-13,437.0851135253906,464.5299987792969,472.8800048828125,463.44000244140625,472.19000244140625,91173100,SPY
2022-01-14,437.2639465332031,464.7200012207031,465.0899963378906,459.8999938964844,461.19000244140625,95890900,SPY
2022-01-18,429.5201416015625,456.489990234375,459.9599914550781,455.30999755859375,459.739990234375,109709100,SPY
2022-01-19,425.0602111816406,451.75,459.6099853515625,451.4599914550781,458.1300048828125,109357600,SPY
2022-01-20,420.3555908203125,446.75,458.739990234375,444.5,453.75,122379700,SPY
2022-01-21,412.1036682128906,437.9800109863281,448.05999755859375,437.95001220703125,445.55999755859375,202271200,SPY
2022-01-24,413.8537902832031,439.8399963378906,440.3800048828125,420.760009765625,432.0299987792969,251783900,SPY
2022-01-25,408.8011779785156,434.4700012207031,439.7200012207031,427.1499938964844,433.05999755859375,167997300,SPY
2022-01-26,407.7754821777344,433.3800048828125,444.0400085449219,428.8599853515625,440.7200012207031,186391100,SPY
2022-01-27,405.76190185546875,431.239990234375,441.5899963378906,429.45001220703125,438.260009765625,149878300,SPY
2022-01-28,415.83917236328125,441.95001220703125,442.0,427.82000732421875,432.67999267578125,164457400,SPY
2022-01-31,423.32891845703125,449.9100036621094,450.2799987792969,439.80999755859375,441.239990234375,152251400,SPY
2022-02-01,426.1893310546875,452.95001220703125,453.6300048828125,446.94000244140625,450.67999267578125,123155400,SPY
2022-02-02,430.32928466796875,457.3500061035156,458.1199951171875,453.04998779296875,455.5,117361000,SPY
2022-02-03,420.2144775390625,446.6000061035156,452.9700012207031,445.7099914550781,450.95001220703125,118024400,SPY
2022-02-04,422.19036865234375,448.70001220703125,452.7799987792969,443.8299865722656,446.3500061035156,118454400,SPY
2022-02-07,420.8354797363281,447.260009765625,450.989990234375,445.8500061035156,449.510009765625,84472900,SPY
2022-02-08,424.2980651855469,450.94000244140625,451.9200134277344,445.2200012207031,446.7300109863281,81012000,SPY
2022-02-09,430.5081787109375,457.5400085449219,457.8800048828125,455.010009765625,455.2200012207031,92589900,SPY
2022-02-10,422.77374267578125,449.32000732421875,457.7099914550781,447.20001220703125,451.3399963378906,140103700,SPY
2022-02-11,414.437255859375,440.4599914550781,451.6099853515625,438.94000244140625,449.4100036621094,153214600,SPY
2022-02-14,413.0823059082031,439.0199890136719,441.6000061035156,435.3399963378906,439.9200134277344,123006300,SPY
2022-02-15,419.7439880371094,446.1000061035156,446.2799987792969,443.17999267578125,443.7300109863281,88482700,SPY
2022-02-16,420.2144775390625,446.6000061035156,448.05999755859375,441.94000244140625,443.92999267578125,84863600,SPY
2022-02-17,411.2381286621094,437.05999755859375,446.57000732421875,436.4200134277344,443.2200012207031,102259100,SPY
2022-02-18,408.5752868652344,434.2300109863281,438.6600036621094,431.82000732421875,437.3299865722656,132642900,SPY
2022-02-22,404.190673828125,429.57000732421875,435.5,425.8599853515625,431.8900146484375,124391800,SPY
2022-02-23,397.0208435058594,421.95001220703125,433.260009765625,421.3500061035156,432.6600036621094,132578000,SPY
2022-02-24,402.9956359863281,428.29998779296875,428.760009765625,410.6400146484375,411.0199890136719,213942900,SPY
2022-02-25,411.8873596191406,437.75,437.8399963378906,427.8599853515625,429.6099853515625,121804500,SPY
2022-02-28,410.83349609375,436.6300048828125,438.20001220703125,430.70001220703125,432.0299987792969,145615000,SPY
2022-03-01,404.5763854980469,429.9800109863281,437.1700134277344,427.1099853515625,435.0400085449219,137785900,SPY
2022-03-02,412.0190734863281,437.8900146484375,439.7200012207031,431.57000732421875,432.3699951171875,117726500,SPY
2022-03-03,409.9678955078125,435.7099914550781,441.1099853515625,433.79998779296875,440.4700012207031,105501700,SPY
2022-03-04,406.63702392578125,432.1700134277344,433.3699951171875,427.8800048828125,431.75,113978200,SPY
2022-03-07,394.6496887207031,419.42999267578125,432.29998779296875,419.3599853515625,431.54998779296875,137896600,SPY
2022-03-08,391.6576232910156,416.25,427.2099914550781,415.1199951171875,419.6199951171875,164772700,SPY
2022-03-09,402.1582336425781,427.4100036621094,429.510009765625,422.82000732421875,425.1400146484375,116990800,SPY
2022-03-10,400.34228515625,425.4800109863281,426.42999267578125,420.44000244140625,422.5199890136719,93972700,SPY
2022-03-11,395.251953125,420.07000732421875,428.7699890136719,419.5299987792969,428.1199951171875,95636300,SPY
2022-03-14,392.3633117675781,417.0,424.54998779296875,415.7900085449219,420.8900146484375,95729200,SPY
2022-03-15,400.9914855957031,426.1700134277344,426.8399963378906,418.4200134277344,419.7699890136719,106219100,SPY
2022-03-16,409.8831787109375,435.6199951171875,435.67999267578125,424.79998779296875,429.8900146484375,144954800,SPY
2022-03-17,415.0111999511719,441.07000732421875,441.07000732421875,433.19000244140625,433.5899963378906,102676900,SPY
2022-03-18,419.55670166015625,444.5199890136719,444.8599853515625,437.2200012207031,438.0,106345500,SPY
2022-03-21,419.43402099609375,444.3900146484375,446.4599914550781,440.67999267578125,444.3399963378906,88349800,SPY
2022-03-22,424.3420104980469,449.5899963378906,450.5799865722656,445.8599853515625,445.8599853515625,74650400,SPY
2022-03-23,418.8770446777344,443.79998779296875,448.489990234375,443.7099914550781,446.9100036621094,79426100,SPY
2022-03-24,425.1914367675781,450.489990234375,450.5,444.760009765625,445.94000244140625,64736900,SPY
2022-03-25,427.2679138183594,452.69000244140625,452.9800109863281,448.42999267578125,451.1600036621094,77101300,SPY
2022-03-28,430.3070373535156,455.9100036621094,455.9100036621094,450.05999755859375,452.05999755859375,68529800,SPY
2022-03-29,435.63037109375,461.54998779296875,462.07000732421875,457.17999267578125,460.0199890136719,86581500,SPY
2022-03-30,432.9403991699219,458.70001220703125,461.20001220703125,456.4700012207031,460.3399963378906,79666900,SPY
2022-03-31,426.27691650390625,451.6400146484375,458.760009765625,451.1600036621094,457.8900146484375,121699900,SPY
2022-04-01,427.48504638671875,452.9200134277344,453.4599914550781,449.1400146484375,453.30999755859375,89048800,SPY
2022-04-04,431.1470642089844,456.79998779296875,456.9100036621094,452.260009765625,453.1300048828125,59601000,SPY
2022-04-05,425.70111083984375,451.0299987792969,457.8299865722656,449.82000732421875,455.2200012207031,74214500,SPY
2022-04-06,421.4444580078125,446.5199890136719,448.92999267578125,443.4700012207031,446.8900146484375,106898000,SPY
2022-04-07,423.56805419921875,448.7699890136719,450.69000244140625,443.5299987792969,445.5899963378906,78097200,SPY
2022-04-08,422.4355163574219,447.57000732421875,450.6300048828125,445.94000244140625,447.9700012207031,79272700,SPY
2022-04-11,415.2150573730469,439.9200134277344,445.0,439.3900146484375,444.1099853515625,89770500,SPY
2022-04-12,413.67657470703125,438.2900085449219,445.75,436.6499938964844,443.0799865722656,84363600,SPY
2022-04-13,418.4146423339844,443.30999755859375,444.1099853515625,437.8399963378906,438.0299987792969,74070400,SPY
2022-04-14,413.2047119140625,437.7900085449219,444.7300109863281,437.67999267578125,443.54998779296875,97869500,SPY
2022-04-18,413.37451171875,437.9700012207031,439.75,435.6099853515625,436.80999755859375,66002500,SPY
2022-04-19,420.0475158691406,445.0400085449219,445.79998779296875,437.67999267578125,437.8599853515625,77821000,SPY
2022-04-20,419.7360534667969,444.7099914550781,447.57000732421875,443.4800109863281,446.9200134277344,65224400,SPY
2022-04-21,413.4595031738281,438.05999755859375,450.010009765625,437.1000061035156,448.5400085449219,85417300,SPY
2022-04-22,402.1145324707031,426.0400085449219,438.0799865722656,425.44000244140625,436.9100036621094,132471800,SPY
2022-04-25,404.44580078125,428.510009765625,428.69000244140625,418.8399963378906,423.6700134277344,119647700,SPY
2022-04-26,392.73272705078125,416.1000061035156,426.0400085449219,416.07000732421875,425.8299865722656,103996300,SPY
2022-04-27,393.8370056152344,417.2699890136719,422.9200134277344,415.010009765625,417.239990234375,122030000,SPY
2022-04-28,403.7850646972656,427.80999755859375,429.6400146484375,417.6000061035156,422.2900085449219,105449100,SPY
2022-04-29,388.8630065917969,412.0,425.8699951171875,411.2099914550781,423.5899963378906,145491100,SPY
2022-05-02,391.2036437988281,414.4800109863281,415.9200134277344,405.0199890136719,412.07000732421875,158312500,SPY
2022-05-03,392.99700927734375,416.3800048828125,418.92999267578125,413.3599853515625,415.010009765625,100028200,SPY
2022-05-04,404.9649658203125,429.05999755859375,429.6600036621094,413.7099914550781,417.0799865722656,144247900,SPY
2022-05-05,390.5713806152344,413.80999755859375,425.0,409.44000244140625,424.54998779296875,172929100,SPY
2022-05-06,388.2400207519531,411.3399963378906,414.79998779296875,405.7300109863281,411.1000061035156,151770800,SPY
2022-05-09,375.80963134765625,398.1700134277344,406.4100036621094,396.5,405.1000061035156,155586100,SPY
2022-05-10,376.6779479980469,399.0899963378906,406.0799865722656,394.82000732421875,404.489990234375,132497200,SPY
2022-05-11,370.6939697265625,392.75,404.0400085449219,391.9599914550781,398.07000732421875,142361000,SPY
2022-05-12,370.3070373535156,392.3399963378906,395.79998779296875,385.1499938964844,389.3699951171875,125090800,SPY
2022-05-13,379.1602783203125,401.7200012207031,403.17999267578125,395.6099853515625,396.7099914550781,104174400,SPY
2022-05-16,377.6218566894531,400.0899963378906,403.9700012207031,397.6000061035156,399.9800109863281,78622400,SPY
2022-05-17,385.3896179199219,408.32000732421875,408.57000732421875,402.5799865722656,406.5299987792969,83029700,SPY
2022-05-18,369.85394287109375,391.8599853515625,403.79998779296875,390.54998779296875,403.5,117674500,SPY
2022-05-19,367.58880615234375,389.4599914550781,394.1400146484375,387.1099853515625,388.6199951171875,98510700,SPY
2022-05-20,367.74920654296875,389.6300048828125,397.0299987792969,380.5400085449219,393.25,131432200,SPY
2022-05-23,374.6298522949219,396.9200134277344,397.7300109863281,390.3800048828125,392.8299865722656,76414900,SPY
2022-05-24,371.7699279785156,393.8900146484375,395.1499938964844,386.9599914550781,392.55999755859375,91448800,SPY
2022-05-25,375.05450439453125,397.3699951171875,399.45001220703125,391.8900146484375,392.30999755859375,91472900,SPY
2022-05-26,382.5487060546875,405.30999755859375,407.0400085449219,398.45001220703125,398.6700134277344,82168300,SPY
2022-05-27,391.93988037109375,415.260009765625,415.3800048828125,407.70001220703125,407.9100036621094,84768700,SPY
2022-05-31,389.7407531738281,412.92999267578125,416.4599914550781,410.0299987792969,413.54998779296875,95937000,SPY
2022-06-01,386.5883483886719,409.5899963378906,416.239990234375,406.92999267578125,415.1700134277344,86585800,SPY
2022-06-02,393.95025634765625,417.3900146484375,417.44000244140625,407.0400085449219,409.4200134277344,79609600,SPY
2022-06-03,387.4849548339844,410.5400085449219,414.0400085449219,409.510009765625,412.3999938964844,71874300,SPY
2022-06-06,388.664794921875,411.7900085449219,416.6099853515625,410.54998779296875,414.7799987792969,57508900,SPY
2022-06-07,392.3929748535156,415.739990234375,416.2200012207031,407.6099853515625,408.1000061035156,59272400,SPY
2022-06-08,388.12677001953125,411.2200012207031,415.82000732421875,410.3800048828125,413.92999267578125,64350000,SPY
2022-06-09,378.89599609375,401.44000244140625,411.739990234375,401.44000244140625,409.3399963378906,86289800,SPY
2022-06-10,367.90966796875,389.79998779296875,395.7799987792969,389.75,394.8800048828125,132893900,SPY
2022-06-13,353.94085693359375,375.0,381.80999755859375,373.29998779296875,379.8500061035156,170004900,SPY
2022-06-14,352.874267578125,373.8699951171875,377.94000244140625,370.5899963378906,376.8500061035156,104011800,SPY
2022-06-15,357.905029296875,379.20001220703125,383.8999938964844,372.1199951171875,377.3599853515625,125666800,SPY
2022-06-16,346.05975341796875,366.6499938964844,370.94000244140625,364.0799865722656,370.510009765625,134473300,SPY
2022-06-17,346.8057556152344,365.8599853515625,369.3800048828125,362.1700134277344,365.510009765625,111113900,SPY
2022-06-21,355.5361328125,375.07000732421875,376.5299987792969,371.80999755859375,371.8900146484375,76811900,SPY
2022-06-22,354.8915100097656,374.3900146484375,378.7200012207031,370.17999267578125,370.6199951171875,90059400,SPY
2022-06-23,358.370361328125,378.05999755859375,378.8299865722656,372.8900146484375,376.6400146484375,79292100,SPY
2022-06-24,369.7643127441406,390.0799865722656,390.0899963378906,381.3699951171875,381.3999938964844,98050300,SPY
2022-06-27,368.3519592285156,388.5899963378906,391.3599853515625,387.44000244140625,391.04998779296875,66009600,SPY
2022-06-28,360.82550048828125,380.6499938964844,393.1600036621094,380.5299987792969,390.2300109863281,86548900,SPY
2022-06-29,360.5316467285156,380.3399963378906,382.2699890136719,378.4200134277344,381.2300109863281,65676000,SPY
2022-06-30,357.6025390625,377.25,380.6600036621094,372.55999755859375,376.239990234375,112508300,SPY
2022-07-01,361.3847351074219,381.239990234375,381.70001220703125,373.79998779296875,376.55999755859375,74839700,SPY
2022-07-05,362.0672302246094,381.9599914550781,381.9800109863281,372.8999938964844,375.8800048828125,81438000,SPY
2022-07-06,363.29010009765625,383.25,385.8699951171875,379.6000061035156,382.1099853515625,70426200,SPY
2022-07-07,368.73114013671875,388.989990234375,389.8299865722656,383.2699890136719,385.1199951171875,64525900,SPY
2022-07-08,368.4278259277344,388.6700134277344,390.6400146484375,385.6600036621094,387.2699890136719,72397800,SPY
2022-07-11,364.2190246582031,384.2300109863281,386.8699951171875,383.5,385.8500061035156,58366900,SPY
2022-07-12,360.9960632324219,380.8299865722656,386.1600036621094,378.989990234375,383.6499938964844,62219200,SPY
2022-07-13,359.10028076171875,378.8299865722656,381.9200134277344,374.6600036621094,375.1000061035156,84224600,SPY
2022-07-14,358.2281188964844,377.9100036621094,379.04998779296875,371.0400085449219,373.6099853515625,89704800,SPY
2022-07-15,365.0721435546875,385.1300048828125,385.25,380.5400085449219,382.54998779296875,79060400,SPY
2022-07-18,362.0577392578125,381.95001220703125,389.0899963378906,380.6600036621094,388.3800048828125,63203600,SPY
2022-07-19,371.8403015136719,392.2699890136719,392.8699951171875,385.3900146484375,386.0799865722656,78506000,SPY
2022-07-20,374.2100830078125,394.7699890136719,396.260009765625,391.0299987792969,392.4700012207031,71843800,SPY
2022-07-21,378.020751953125,398.7900085449219,398.8399963378906,391.6300048828125,394.1600036621094,64903900,SPY
2022-07-22,374.5133972167969,395.0899963378906,400.17999267578125,392.75,398.9200134277344,72197300,SPY
2022-07-25,374.96844482421875,395.57000732421875,396.4700012207031,393.2099914550781,395.75,53631500,SPY
2022-07-26,370.5321960449219,390.8900146484375,394.05999755859375,389.95001220703125,393.8399963378906,52946400,SPY
2022-07-27,380.153564453125,401.0400085449219,402.8800048828125,394.04998779296875,394.3599853515625,82342100,SPY
2022-07-28,384.92156982421875,406.07000732421875,406.79998779296875,398.1499938964844,401.8900146484375,73966600,SPY
2022-07-29,390.5332336425781,411.989990234375,413.0299987792969,406.7699890136719,407.5799865722656,87003700,SPY
2022-08-01,389.3768005371094,410.7699890136719,413.4100036621094,408.3999938964844,409.1499938964844,69997500,SPY
2022-08-02,386.80792236328125,408.05999755859375,413.0,406.82000732421875,409.1199951171875,63435400,SPY
2022-08-03,392.86517333984375,414.45001220703125,415.67999267578125,410.0,410.29998779296875,67820600,SPY
2022-08-04,392.59979248046875,414.1700134277344,415.0899963378906,412.44000244140625,414.3699951171875,45656600,SPY
2022-08-05,391.9362487792969,413.4700012207031,414.1499938964844,409.6000061035156,409.6600036621094,56814900,SPY
2022-08-08,391.4811706542969,412.989990234375,417.6199951171875,411.8299865722656,415.25,53886100,SPY
2022-08-09,389.92657470703125,411.3500061035156,412.75,410.2200012207031,412.2200012207031,44931800,SPY
2022-08-10,398.1165771484375,419.989990234375,420.1400146484375,416.7200012207031,418.7799987792969,68665700,SPY
2022-08-11,398.1165771484375,419.989990234375,424.95001220703125,419.2099914550781,422.989990234375,59489700,SPY
2022-08-12,404.8563537597656,427.1000061035156,427.2099914550781,421.0299987792969,422.0299987792969,61694500,SPY
2022-08-15,406.524658203125,428.8599853515625,429.4100036621094,424.7099914550781,424.7699890136719,54048300,SPY
2022-08-16,407.3209228515625,429.70001220703125,431.7300109863281,426.8800048828125,427.7300109863281,59289000,SPY
2022-08-17,404.4298095703125,426.6499938964844,429.5,424.5400085449219,425.9100036621094,63563400,SPY
2022-08-18,405.605224609375,427.8900146484375,428.6099853515625,425.5,426.8599853515625,49023200,SPY
2022-08-19,400.1546936035156,422.1400146484375,425.260009765625,421.2200012207031,424.9800109863281,68016900,SPY
2022-08-22,391.82244873046875,413.3500061035156,417.2300109863281,412.3999938964844,417.04998779296875,77695600,SPY
2022-08-23,390.87451171875,412.3500061035156,415.4200134277344,411.7699890136719,412.8999938964844,49105200,SPY
2022-08-24,392.1258239746094,413.6700134277344,415.1099853515625,411.3900146484375,412.1099853515625,49177800,SPY
2022-08-25,397.6616516113281,419.510009765625,419.55999755859375,414.0899963378906,415.239990234375,50942300,SPY
2022-08-26,384.201171875,405.30999755859375,419.9599914550781,405.25,419.3900146484375,103087000,SPY
2022-08-29,381.6607360839844,402.6300048828125,405.8399963378906,401.20001220703125,402.20001220703125,65370800,SPY
2022-08-30,377.4709777832031,398.2099914550781,404.1000061035156,396.0,403.8500061035156,85652400,SPY
2022-08-31,374.59881591796875,395.17999267578125,401.239990234375,395.0400085449219,399.92999267578125,76029700,SPY
2022-09-01,375.774169921875,396.4200134277344,396.7799987792969,390.0400085449219,392.8900146484375,78740100,SPY
2022-09-02,371.8117980957031,392.239990234375,401.55999755859375,390.3299865722656,400.2799987792969,99632100,SPY
2022-09-06,370.4089660644531,390.760009765625,394.1199951171875,388.4200134277344,393.1300048828125,76637400,SPY
2022-09-07,377.0633544921875,397.7799987792969,398.5899963378906,390.20001220703125,390.42999267578125,70964200,SPY
2022-09-08,379.5279235839844,400.3800048828125,400.8599853515625,394.1199951171875,395.3900146484375,80821700,SPY
2022-09-09,385.4240417480469,406.6000061035156,407.510009765625,402.4599914550781,402.739990234375,76706900,SPY
2022-09-12,389.56634521484375,410.9700012207031,411.7300109863281,408.4599914550781,408.7799987792969,69256300,SPY
2022-09-13,372.6270751953125,393.1000061035156,403.1000061035156,391.9200134277344,401.8299865722656,122947100,SPY
2022-09-14,374.0489807128906,394.6000061035156,396.20001220703125,391.1199951171875,394.4700012207031,85023700,SPY
2022-09-15,369.80224609375,390.1199951171875,395.9599914550781,388.7799987792969,392.9599914550781,87633800,SPY
2022-09-16,366.9810791015625,385.55999755859375,386.25,382.1099853515625,384.1400146484375,103084800,SPY
2022-09-19,369.8270263671875,388.54998779296875,388.54998779296875,382.17999267578125,382.260009765625,73278500,SPY
2022-09-20,365.5819091796875,384.0899963378906,386.1199951171875,381.20001220703125,385.05999755859375,77274900,SPY
2022-09-21,359.2048034667969,377.3900146484375,389.30999755859375,377.3800048828125,386.1099853515625,106746600,SPY
2022-09-22,356.1875305175781,374.2200012207031,378.29998779296875,373.44000244140625,376.5799865722656,89472600,SPY
2022-09-23,350.21966552734375,367.95001220703125,370.6199951171875,363.2900085449219,370.5799865722656,122346900,SPY
2022-09-26,346.7550354003906,364.30999755859375,370.2099914550781,363.0299987792969,366.4100036621094,92581200,SPY
2022-09-27,345.8698425292969,363.3800048828125,370.3999938964844,360.8699951171875,368.0199890136719,108294100,SPY
2022-09-28,352.67535400390625,370.5299987792969,372.29998779296875,362.6000061035156,364.3800048828125,110802200,SPY
2022-09-29,345.3083190917969,362.7900085449219,367.1099853515625,359.70001220703125,366.80999755859375,112952300,SPY
2022-09-30,339.9685974121094,357.17999267578125,365.9100036621094,357.0400085449219,361.79998779296875,153711200,SPY
2022-10-03,348.94427490234375,366.6099853515625,368.54998779296875,359.2099914550781,361.0799865722656,89756500,SPY
2022-10-04,359.7568054199219,377.9700012207031,378.0,366.57000732421875,372.3999938964844,103602800,SPY
2022-10-05,358.9192199707031,377.0899963378906,379.4599914550781,370.95001220703125,373.3900146484375,88065700,SPY
2022-10-06,355.2167053222656,373.20001220703125,378.7200012207031,372.67999267578125,375.6199951171875,82333500,SPY
2022-10-07,345.3083190917969,362.7900085449219,373.2900085449219,360.94000244140625,368.9700012207031,107789500,SPY
2022-10-10,342.6718444824219,360.0199890136719,364.2099914550781,357.6700134277344,363.9599914550781,76042800,SPY
2022-10-11,340.501708984375,357.739990234375,363.0299987792969,355.7099914550781,358.239990234375,92482800,SPY
2022-10-12,339.37847900390625,356.55999755859375,359.82000732421875,356.29998779296875,358.1700134277344,76991800,SPY
2022-10-13,348.3350524902344,365.9700012207031,367.510009765625,348.1099853515625,349.2099914550781,147254500,SPY
2022-10-14,340.3969421386719,357.6300048828125,370.260009765625,356.9599914550781,368.54998779296875,123737000,SPY
2022-10-17,349.14410400390625,366.82000732421875,367.9800109863281,357.2799987792969,364.010009765625,93168200,SPY
2022-10-18,353.2464294433594,371.1300048828125,375.45001220703125,367.5199890136719,375.1300048828125,97162900,SPY
2022-10-19,350.7431640625,368.5,371.8500061035156,365.54998779296875,368.989990234375,79746900,SPY
2022-10-20,347.8020935058594,365.4100036621094,372.6700134277344,364.6099853515625,368.0299987792969,88283100,SPY
2022-10-21,356.2541809082031,374.2900085449219,374.79998779296875,363.5400085449219,365.1199951171875,131038400,SPY
2022-10-24,360.61346435546875,378.8699951171875,380.05999755859375,373.1099853515625,375.8900146484375,85436900,SPY
2022-10-25,366.3719177246094,384.9200134277344,385.25,378.6700134277344,378.7900085449219,78846300,SPY
2022-10-26,363.6116638183594,382.0199890136719,387.5799865722656,381.3500061035156,381.6199951171875,104087300,SPY
2022-10-27,361.66998291015625,379.9800109863281,385.0,379.3299865722656,383.07000732421875,81971800,SPY
2022-10-28,370.2742919921875,389.0199890136719,389.5199890136719,379.67999267578125,379.8699951171875,100302000,SPY
2022-10-31,367.5998229980469,386.2099914550781,388.3999938964844,385.260009765625,386.44000244140625,96631300,SPY
2022-11-01,365.99127197265625,384.5199890136719,390.3900146484375,383.2900085449219,390.1400146484375,85407600,SPY
2022-11-02,356.8061828613281,374.8699951171875,388.6300048828125,374.760009765625,383.8999938964844,126990400,SPY
2022-11-03,353.1322326660156,371.010009765625,374.20001220703125,368.7900085449219,371.4700012207031,87100100,SPY
2022-11-04,358.21490478515625,376.3500061035156,378.8699951171875,370.0,377.0,103505200,SPY
2022-11-07,361.6414489746094,379.95001220703125,380.57000732421875,375.5299987792969,377.7099914550781,68286900,SPY
2022-11-08,363.5926818847656,382.0,385.1199951171875,377.7200012207031,381.1099853515625,84641100,SPY
2022-11-09,356.1018981933594,374.1300048828125,381.1400146484375,373.6099853515625,379.92999267578125,78495500,SPY
2022-11-10,375.6711730957031,394.69000244140625,395.0400085449219,385.6400146484375,388.04998779296875,141455800,SPY
2022-11-11,379.30706787109375,398.510009765625,399.3500061035156,393.6099853515625,395.5899963378906,93839900,SPY
2022-11-14,376.0803527832031,395.1199951171875,400.17999267578125,394.8299865722656,396.6600036621094,71903500,SPY
2022-11-15,379.28802490234375,398.489990234375,402.30999755859375,394.489990234375,401.1499938964844,93194500,SPY
2022-11-16,376.39453125,395.45001220703125,397.7799987792969,394.7900085449219,396.7799987792969,68508500,SPY
2022-11-17,375.2428283691406,394.239990234375,394.95001220703125,390.1400146484375,390.4599914550781,74496300,SPY
2022-11-18,376.9465637207031,396.0299987792969,397.80999755859375,393.0400085449219,397.739990234375,92922500,SPY
2022-11-21,375.57598876953125,394.5899963378906,395.82000732421875,392.6600036621094,394.6400146484375,51243200,SPY
2022-11-22,380.630126953125,399.8999938964844,400.07000732421875,395.1499938964844,396.6300048828125,60429000,SPY
2022-11-23,383.0286865234375,402.4200134277344,402.92999267578125,399.30999755859375,399.54998779296875,68261600,SPY
2022-11-25,382.9429626464844,402.3299865722656,402.9100036621094,401.5400085449219,401.8299865722656,30545400,SPY
2022-11-28,376.83233642578125,395.9100036621094,400.80999755859375,395.1099853515625,399.0899963378906,67881600,SPY
2022-11-29,376.18511962890625,395.2300109863281,397.29998779296875,393.29998779296875,396.04998779296875,52310000,SPY
2022-11-30,388.0351867675781,407.67999267578125,407.67999267578125,393.4800109863281,395.489990234375,144566700,SPY
2022-12-01,387.7496643066406,407.3800048828125,410.0,404.75,408.7699890136719,76398200,SPY
2022-12-02,387.30230712890625,406.9100036621094,407.8599853515625,402.1400146484375,402.25,85342700,SPY
2022-12-05,380.3350524902344,399.5899963378906,404.92999267578125,398.1700134277344,403.95001220703125,77289800,SPY
2022-12-06,374.8525695800781,393.8299865722656,399.989990234375,391.6400146484375,399.4200134277344,77972200,SPY
2022-12-07,374.2149353027344,393.1600036621094,395.6400146484375,391.9700012207031,392.94000244140625,65927900,SPY
2022-12-08,377.1464538574219,396.239990234375,397.3599853515625,393.2699890136719,395.1400146484375,60737900,SPY
2022-12-09,374.3290710449219,393.2799987792969,397.6199951171875,393.1499938964844,394.94000244140625,81447700,SPY
2022-12-12,379.7259216308594,398.95001220703125,398.95001220703125,393.4100036621094,394.1099853515625,75405800,SPY
2022-12-13,382.600341796875,401.9700012207031,410.489990234375,399.07000732421875,410.2200012207031,123782500,SPY
2022-12-14,380.1542053222656,399.3999938964844,405.5,396.30999755859375,401.6099853515625,108111300,SPY
2022-12-15,370.85498046875,389.6300048828125,395.25,387.8900146484375,394.29998779296875,117705900,SPY
2022-12-16,366.47662353515625,383.2699890136719,386.5799865722656,381.0400085449219,385.17999267578125,119858000,SPY
2022-12-19,363.36895751953125,380.0199890136719,383.82000732421875,378.2799987792969,383.4700012207031,79878100,SPY
2022-12-20,363.86627197265625,380.5400085449219,382.2300109863281,377.8500061035156,379.2300109863281,74427200,SPY
2022-12-21,369.30694580078125,386.2300109863281,387.4100036621094,382.69000244140625,383.25,78167400,SPY
2022-12-22,364.0383605957031,380.7200012207031,386.2099914550781,374.7699890136719,383.04998779296875,100120900,SPY
2022-12-23,366.13238525390625,382.9100036621094,383.05999755859375,378.0299987792969,379.6499938964844,59857300,SPY
2022-12-27,364.6885986328125,381.3999938964844,383.1499938964844,379.6499938964844,382.7900085449219,51638200,SPY
2022-12-28,360.1562805175781,376.6600036621094,383.3900146484375,376.4200134277344,381.3299865722656,70911500,SPY
2022-12-29,366.63916015625,383.44000244140625,384.3500061035156,379.0799865722656,379.6300048828125,66970900,SPY
2022-12-30,365.67340087890625,382.42999267578125,382.5799865722656,378.42999267578125,380.6400146484375,84022200,SPY
2023-01-03,364.13397216796875,380.82000732421875,386.42999267578125,377.8299865722656,384.3699951171875,74850700,SPY
2023-01-04,366.9451599121094,383.760009765625,385.8800048828125,380.0,383.17999267578125,85934100,SPY
2023-01-05,362.75701904296875,379.3800048828125,381.8399963378906,378.760009765625,381.7200012207031,76970500,SPY
2023-01-06,371.07586669921875,388.0799865722656,389.25,379.4100036621094,382.6099853515625,104189600,SPY
2023-01-09,370.8655090332031,387.8599853515625,393.70001220703125,387.6700134277344,390.3699951171875,73978100,SPY
2023-01-10,373.46630859375,390.5799865722656,390.6499938964844,386.2699890136719,387.25,65358100,SPY
2023-01-11,378.18988037109375,395.5199890136719,395.6000061035156,391.3800048828125,392.2300109863281,68881100,SPY
2023-01-12,379.56671142578125,396.9599914550781,398.489990234375,392.4200134277344,396.6700134277344,90157700,SPY
2023-01-13,381.039306640625,398.5,399.1000061035156,393.3399963378906,393.6199951171875,63903900,SPY
2023-01-17,380.34124755859375,397.7699890136719,400.2300109863281,397.05999755859375,398.4800109863281,62677300,SPY
2023-01-18,374.33642578125,391.489990234375,400.1199951171875,391.2799987792969,399.010009765625,99632300,SPY
2023-01-19,371.6112976074219,388.6400146484375,391.0799865722656,387.260009765625,389.3599853515625,86958900,SPY
2023-01-20,378.5341491699219,395.8800048828125,396.0400085449219,388.3800048828125,390.1000061035156,91806400,SPY
2023-01-23,383.0759582519531,400.6300048828125,402.6499938964844,395.7200012207031,396.7200012207031,84178800,SPY
2023-01-24,382.6647644042969,400.20001220703125,401.1499938964844,397.6400146484375,398.8800048828125,59524900,SPY
2023-01-25,382.8082580566406,400.3500061035156,400.70001220703125,393.55999755859375,395.95001220703125,84800300,SPY
2023-01-26,387.01544189453125,404.75,404.9200134277344,400.0299987792969,403.1300048828125,72287400,SPY
2023-01-27,387.9046630859375,405.67999267578125,408.1600036621094,403.44000244140625,403.6600036621094,68346200,SPY
2023-01-30,383.0377502441406,400.5899963378906,405.1300048828125,400.2799987792969,402.79998779296875,74202000,SPY
2023-01-31,388.66961669921875,406.4800109863281,406.5299987792969,400.7699890136719,401.1300048828125,86811800,SPY
2023-02-01,392.80035400390625,410.79998779296875,413.6700134277344,402.3500061035156,405.2099914550781,101459200,SPY
2023-02-02,398.5183410644531,416.7799987792969,418.30999755859375,412.8800048828125,414.8599853515625,101654500,SPY
2023-02-03,394.2824401855469,412.3500061035156,416.9700012207031,411.0899963378906,411.5899963378906,94736800,SPY
2023-02-06,391.8728332519531,409.8299865722656,411.2900085449219,408.1000061035156,409.7900085449219,60295300,SPY
2023-02-07,396.9979553222656,415.19000244140625,416.489990234375,407.57000732421875,408.8699951171875,90990700,SPY
2023-02-08,392.6568908691406,410.6499938964844,414.5299987792969,409.92999267578125,413.1300048828125,76227500,SPY
2023-02-09,389.2528381347656,407.0899963378906,414.57000732421875,405.80999755859375,414.4100036621094,78694900,SPY
2023-02-10,390.1612854003906,408.0400085449219,408.44000244140625,405.010009765625,405.8599853515625,70769700,SPY
2023-02-13,394.741455078125,412.8299865722656,412.9700012207031,408.239990234375,408.7200012207031,64913500,SPY
2023-02-14,394.55975341796875,412.6400146484375,415.04998779296875,408.510009765625,411.239990234375,88389300,SPY
2023-02-15,395.8409729003906,413.9800109863281,414.05999755859375,409.4700012207031,410.3500061035156,61555700,SPY
2023-02-16,390.39080810546875,408.2799987792969,412.9100036621094,408.1400146484375,408.7900085449219,76431500,SPY
2023-02-17,389.4154357910156,407.260009765625,407.510009765625,404.04998779296875,406.05999755859375,89257800,SPY
2023-02-21,381.6034851074219,399.0899963378906,404.1600036621094,398.82000732421875,403.05999755859375,82655900,SPY
2023-02-22,381.0775451660156,398.5400085449219,401.1300048828125,397.0199890136719,399.5199890136719,83742300,SPY
2023-02-23,383.1046447753906,400.6600036621094,402.20001220703125,396.25,401.55999755859375,96242400,SPY
2023-02-24,379.01220703125,396.3800048828125,397.25,393.6400146484375,395.4200134277344,108194400,SPY
2023-02-27,380.30303955078125,397.7300109863281,401.2900085449219,396.75,399.8699951171875,80444700,SPY
2023-02-28,378.8974609375,396.260009765625,399.2799987792969,396.1499938964844,397.2300109863281,96438600,SPY
2023-03-01,377.444091796875,394.739990234375,396.69000244140625,393.3800048828125,395.4100036621094,99706800,SPY
2023-03-02,380.3795166015625,397.80999755859375,398.69000244140625,392.3299865722656,392.67999267578125,85127800,SPY
2023-03-03,386.47998046875,404.19000244140625,404.45001220703125,399.0299987792969,399.7099914550781,90120000,SPY
2023-03-06,386.7476806640625,404.4700012207031,407.45001220703125,404.010009765625,405.04998779296875,72795900,SPY
2023-03-07,380.8193664550781,398.2699890136719,404.6700134277344,397.6300048828125,404.4200134277344,108310600,SPY
2023-03-08,381.4409484863281,398.9200134277344,399.7099914550781,396.5899963378906,398.3900146484375,74746600,SPY
2023-03-09,374.4033508300781,391.55999755859375,401.4800109863281,390.5299987792969,399.739990234375,111945300,SPY
2023-03-10,369.00091552734375,385.9100036621094,393.1600036621094,384.32000732421875,390.989990234375,189253000,SPY
2023-03-13,368.4750671386719,385.3599853515625,390.3900146484375,380.6499938964844,381.80999755859375,157790000,SPY
2023-03-14,374.56591796875,391.7300109863281,393.45001220703125,387.04998779296875,390.5,149752400,SPY
2023-03-15,372.2232971191406,389.2799987792969,389.489990234375,383.7099914550781,385.8900146484375,172996900,SPY
2023-03-16,378.7540283203125,396.1099853515625,396.4700012207031,386.2900085449219,386.82000732421875,143254200,SPY
2023-03-17,374.32525634765625,389.989990234375,394.3999938964844,388.54998779296875,393.2200012207031,140553400,SPY
2023-03-20,377.9247131347656,393.739990234375,394.1700134277344,390.07000732421875,390.79998779296875,93055800,SPY
2023-03-21,382.8871154785156,398.9100036621094,399.4100036621094,395.5799865722656,397.239990234375,91524200,SPY
2023-03-22,376.3601989746094,392.1099853515625,402.489990234375,392.07000732421875,398.7300109863281,111746600,SPY
2023-03-23,377.37762451171875,393.1700134277344,399.2900085449219,390.3500061035156,395.0899963378906,119351300,SPY
2023-03-24,379.8539733886719,395.75,395.8399963378906,389.3999938964844,391.8399963378906,107682400,SPY
2023-03-27,380.5643310546875,396.489990234375,398.9200134277344,395.55999755859375,398.1199951171875,74010400,SPY
2023-03-28,379.71002197265625,395.6000061035156,396.489990234375,393.69000244140625,395.7699890136719,62871700,SPY
2023-03-29,385.2290344238281,401.3500061035156,401.6000061035156,398.67999267578125,399.92999267578125,77497900,SPY
2023-03-30,387.48468017578125,403.70001220703125,404.3500061035156,401.760009765625,404.0899963378906,69840000,SPY
2023-03-31,392.9461364746094,409.3900146484375,409.70001220703125,404.54998779296875,404.6600036621094,112062600,SPY
2023-04-03,394.4434814453125,410.95001220703125,411.3699951171875,408.44000244140625,408.8500061035156,67391100,SPY
2023-04-04,392.25506591796875,408.6700134277344,411.9200134277344,407.239990234375,411.6199951171875,66601500,SPY
2023-04-05,391.22808837890625,407.6000061035156,408.70001220703125,405.8800048828125,407.9100036621094,65200200,SPY
2023-04-06,392.754150390625,409.19000244140625,409.4800109863281,405.67999267578125,406.7699890136719,63743300,SPY
2023-04-10,393.1572570800781,409.6099853515625,409.69000244140625,405.9700012207031,406.6099853515625,63681000,SPY
2023-04-11,393.26287841796875,409.7200012207031,411.17999267578125,408.9200134277344,410.260009765625,59297900,SPY
2023-04-12,391.6598815917969,408.04998779296875,412.1700134277344,407.44000244140625,411.8699951171875,86420400,SPY
2023-04-13,396.8622741699219,413.4700012207031,413.8399963378906,407.989990234375,409.17999267578125,85814800,SPY
2023-04-14,395.8927917480469,412.4599914550781,415.0899963378906,410.05999755859375,412.80999755859375,78161500,SPY
2023-04-17,397.3133239746094,413.94000244140625,413.9599914550781,411.0899963378906,412.3699951171875,66436400,SPY
2023-04-18,397.57244873046875,414.2099914550781,415.7200012207031,412.7799987792969,415.5799865722656,63560000,SPY
2023-04-19,397.5054016113281,414.1400146484375,415.0799865722656,412.1600036621094,412.2200012207031,55227300,SPY
2023-04-20,395.3360900878906,411.8800048828125,413.70001220703125,410.2699890136719,411.2099914550781,75840400,SPY
2023-04-21,395.6432189941406,412.20001220703125,412.67999267578125,410.1700134277344,412.19000244140625,73457400,SPY
2023-04-24,396.05596923828125,412.6300048828125,413.07000732421875,410.6000061035156,411.989990234375,64332100,SPY
2023-04-25,389.76904296875,406.0799865722656,411.1600036621094,406.0199890136719,410.5799865722656,97766700,SPY
2023-04-26,388.1181640625,404.3599853515625,407.8399963378906,403.7799987792969,406.7200012207031,80447000,SPY
2023-04-27,395.84478759765625,412.4100036621094,412.69000244140625,406.739990234375,407.0,92968400,SPY
2023-04-28,399.223388671875,415.92999267578125,415.94000244140625,411.42999267578125,411.489990234375,89433100,SPY
2023-05-01,398.8202819824219,415.510009765625,417.6199951171875,415.2699890136719,415.4700012207031,62122300,SPY
2023-05-02,394.33782958984375,410.8399963378906,414.82000732421875,407.82000732421875,414.7699890136719,103998500,SPY
2023-05-03,391.63116455078125,408.0199890136719,413.8699951171875,407.7699890136719,411.3599853515625,91531800,SPY
2023-05-04,388.85723876953125,405.1300048828125,407.2699890136719,403.739990234375,406.92999267578125,94901900,SPY
2023-05-05,396.05596923828125,412.6300048828125,413.7200012207031,408.6400146484375,408.9100036621094,87891800,SPY
2023-05-08,396.16156005859375,412.739990234375,413.239990234375,411.2799987792969,412.9700012207031,50046800,SPY
2023-05-09,394.4242858886719,410.92999267578125,412.0899963378906,410.69000244140625,411.1300048828125,49220100,SPY
2023-05-10,396.2671203613281,412.8500061035156,414.5400085449219,408.8699951171875,413.8800048828125,96142900,SPY
2023-05-11,395.5760803222656,412.1300048828125,412.42999267578125,409.9700012207031,411.95001220703125,70157100,SPY
2023-05-12,395.0577697753906,411.5899963378906,413.6400146484375,409.07000732421875,413.4200134277344,70481500,SPY
2023-05-15,396.420654296875,413.010009765625,413.42999267578125,410.2300109863281,412.2200012207031,54289400,SPY
2023-05-16,393.7716064453125,410.25,412.82000732421875,410.239990234375,411.8599853515625,57705500,SPY
2023-05-17,398.5515441894531,415.2300109863281,415.8599853515625,410.6400146484375,412.3500061035156,87287000,SPY
2023-05-18,402.390869140625,419.2300109863281,419.6700134277344,414.6700134277344,414.8999938964844,97177200,SPY
2023-05-19,401.8053283691406,418.6199951171875,420.7200012207031,417.3500061035156,420.1700134277344,103793300,SPY
2023-05-22,401.9685363769531,418.7900085449219,420.3900146484375,417.3500061035156,418.6400146484375,60745400,SPY
2023-05-23,397.45733642578125,414.0899963378906,418.7200012207031,413.67999267578125,417.0799865722656,86383500,SPY
2023-05-24,394.5777893066406,411.0899963378906,412.82000732421875,409.8800048828125,412.4200134277344,89213700,SPY
2023-05-25,397.9948425292969,414.6499938964844,416.1600036621094,412.4100036621094,414.739990234375,90961600,SPY
2023-05-26,403.14910888671875,420.0199890136719,420.7699890136719,415.25,415.3299865722656,93830000,SPY
2023-05-30,403.302734375,420.17999267578125,422.5799865722656,418.739990234375,422.0299987792969,72216000,SPY
2023-05-31,401.0663146972656,417.8500061035156,419.2200012207031,416.2200012207031,418.2799987792969,110811800,SPY
2023-06-01,404.8768005371094,421.82000732421875,422.9200134277344,416.7900085449219,418.0899963378906,88865000,SPY
2023-06-02,410.7318420410156,427.9200134277344,428.739990234375,423.95001220703125,424.5,91426200,SPY
2023-06-05,409.9447937011719,427.1000061035156,429.6199951171875,426.3699951171875,428.2799987792969,65460200,SPY
2023-06-06,410.8373718261719,428.0299987792969,428.5799865722656,425.989990234375,426.6700134277344,64022200,SPY
2023-06-07,409.4168395996094,426.54998779296875,429.6199951171875,426.1099853515625,428.44000244140625,85373300,SPY
2023-06-08,411.8931884765625,429.1300048828125,429.6000061035156,425.82000732421875,426.6199951171875,61952800,SPY
2023-06-09,412.63226318359375,429.8999938964844,431.989990234375,428.8699951171875,429.9599914550781,85742800,SPY
2023-06-12,416.3756103515625,433.79998779296875,433.8800048828125,430.1700134277344,430.9200134277344,76104300,SPY
2023-06-13,419.1207580566406,436.6600036621094,437.3299865722656,434.6300048828125,435.32000732421875,95899700,SPY
2023-06-14,419.61993408203125,437.17999267578125,439.05999755859375,433.5899963378906,437.010009765625,100612100,SPY
2023-06-15,424.8222351074219,442.6000061035156,443.8999938964844,436.2300109863281,436.3299865722656,110303100,SPY
2023-06-16,423.3751525878906,439.4599914550781,443.6099853515625,438.9700012207031,443.0199890136719,114165800,SPY
2023-06-20,421.17864990234375,437.17999267578125,438.3699951171875,435.0299987792969,437.45001220703125,76160400,SPY
2023-06-21,419.02056884765625,434.94000244140625,436.989990234375,434.3299865722656,436.1600036621094,76982300,SPY
2023-06-22,420.5331115722656,436.510009765625,436.6199951171875,433.6000061035156,433.95001220703125,70637200,SPY
2023-06-23,417.3538818359375,433.2099914550781,435.05999755859375,432.4700012207031,432.92999267578125,92074500,SPY
2023-06-26,415.648681640625,431.44000244140625,434.6099853515625,431.19000244140625,432.6199951171875,72823600,SPY
2023-06-27,420.2055969238281,436.1700134277344,436.80999755859375,431.8800048828125,432.3500061035156,72813700,SPY
2023-06-28,420.41748046875,436.3900146484375,437.44000244140625,434.4100036621094,435.04998779296875,75636000,SPY
2023-06-29,422.0745544433594,438.1099853515625,438.2799987792969,435.5400085449219,435.9599914550781,67882300,SPY
2023-06-30,427.0552978515625,443.2799987792969,444.29998779296875,441.1099853515625,441.44000244140625,104964000,SPY
2023-07-03,427.5466613769531,443.7900085449219,444.0799865722656,442.6300048828125,442.9200134277344,32793400,SPY
2023-07-05,426.91082763671875,443.1300048828125,443.8900146484375,441.8999938964844,441.9100036621094,58418400,SPY
2023-07-06,423.56787109375,439.6600036621094,440.1000061035156,437.05999755859375,439.4200134277344,80658300,SPY
2023-07-07,422.4983825683594,438.54998779296875,442.6400146484375,438.29998779296875,438.6300048828125,86134200,SPY
2023-07-10,423.56787109375,439.6600036621094,439.8399963378906,437.5899963378906,438.17999267578125,62443500,SPY
2023-07-11,426.2653503417969,442.4599914550781,442.9700012207031,439.44000244140625,440.45001220703125,64463800,SPY
2023-07-12,429.6950378417969,446.0199890136719,447.4800109863281,444.9100036621094,446.3900146484375,91924500,SPY
2023-07-13,433.1054382324219,449.55999755859375,450.3800048828125,447.45001220703125,447.8999938964844,72425200,SPY
2023-07-14,432.8356628417969,449.2799987792969,451.3599853515625,448.489990234375,450.4800109863281,69815800,SPY
2023-07-17,434.338623046875,450.8399963378906,451.92999267578125,449.0799865722656,449.1300048828125,52680200,SPY
2023-07-18,437.56597900390625,454.19000244140625,454.8599853515625,450.04998779296875,450.5,80668200,SPY
2023-07-19,438.5390625,455.20001220703125,456.42999267578125,454.1099853515625,455.010009765625,65891700,SPY
2023-07-20,435.62957763671875,452.17999267578125,455.1000061035156,451.44000244140625,454.1700134277344,70591600,SPY
2023-07-21,435.62957763671875,452.17999267578125,454.1700134277344,452.1700134277344,453.9599914550781,71275600,SPY
2023-07-24,437.57562255859375,454.20001220703125,455.0400085449219,452.29998779296875,453.3699951171875,54023400,SPY
2023-07-25,438.7702331542969,455.44000244140625,456.739990234375,453.8699951171875,453.9200134277344,55191200,SPY
2023-07-26,438.83770751953125,455.510009765625,456.989990234375,453.3800048828125,454.4700012207031,71052900,SPY
2023-07-27,435.92822265625,452.489990234375,459.44000244140625,451.54998779296875,459.0199890136719,92194400,SPY
2023-07-28,440.19610595703125,456.9200134277344,457.7799987792969,452.489990234375,455.8800048828125,80011800,SPY
2023-07-31,441.0342102050781,457.7900085449219,458.1600036621094,456.04998779296875,457.4100036621094,62040400,SPY
2023-08-01,439.77215576171875,456.4800109863281,457.25,455.489990234375,456.2699890136719,55291500,SPY
2023-08-02,433.6546325683594,450.1300048828125,453.5199890136719,449.3500061035156,453.25,93933400,SPY
2023-08-03,432.4118347167969,448.8399963378906,450.7900085449219,447.3699951171875,448.0400085449219,64276100,SPY
2023-08-04,430.45611572265625,446.80999755859375,452.8999938964844,446.2699890136719,450.7200012207031,100128900,SPY
2023-08-07,434.2134094238281,450.7099914550781,450.8699951171875,447.989990234375,448.7099914550781,58357500,SPY
2023-08-08,432.32513427734375,448.75,450.70001220703125,445.2699890136719,448.0799865722656,71361300,SPY
2023-08-09,429.43487548828125,445.75,449.20001220703125,444.9599914550781,449.0299987792969,78789600,SPY
2023-08-10,429.5890808105469,445.9100036621094,451.70001220703125,444.70001220703125,448.19000244140625,93005500,SPY
2023-08-11,429.3385009765625,445.6499938964844,446.70001220703125,443.3500061035156,443.9700012207031,68690900,SPY
2023-08-14,431.7085876464844,448.1099853515625,448.1099853515625,444.3800048828125,444.70001220703125,47867400,SPY
2023-08-15,426.6795959472656,442.8900146484375,446.6400146484375,442.29998779296875,446.2699890136719,75707500,SPY
2023-08-16,423.548583984375,439.6400146484375,444.17999267578125,439.5299987792969,442.4599914550781,80107200,SPY
2023-08-17,420.3211975097656,436.2900085449219,441.42999267578125,435.75,441.1600036621094,95711300,SPY
2023-08-18,420.5234680175781,436.5,437.57000732421875,433.010009765625,433.3699951171875,98852000,SPY
2023-08-21,423.2595520019531,439.3399963378906,440.1099853515625,435.32000732421875,437.54998779296875,68719000,SPY
2023-08-22,422.1130676269531,438.1499938964844,441.17999267578125,437.57000732421875,441.17999267578125,64994200,SPY
2023-08-23,426.8145446777344,443.0299987792969,443.6700134277344,439.1000061035156,439.25,68441000,SPY
2023-08-24,420.89923095703125,436.8900146484375,445.2200012207031,436.8599853515625,444.69000244140625,88517300,SPY
2023-08-25,423.866455078125,439.9700012207031,441.29998779296875,435.0,438.67999267578125,102325100,SPY
2023-08-28,426.5544128417969,442.760009765625,443.3999938964844,439.9700012207031,442.239990234375,61595400,SPY
2023-08-29,432.7201232910156,449.1600036621094,449.45001220703125,442.4599914550781,442.6499938964844,83081900,SPY
2023-08-30,434.5024719238281,451.010009765625,451.6700134277344,448.7799987792969,449.510009765625,69053900,SPY
2023-08-31,433.8665771484375,450.3500061035156,452.8299865722656,450.1600036621094,451.6499938964844,66084600,SPY
2023-09-01,434.6757507324219,451.19000244140625,453.6700134277344,449.67999267578125,453.1700134277344,58944100,SPY
2023-09-05,432.79718017578125,449.239990234375,451.05999755859375,449.1700134277344,450.7300109863281,55166200,SPY
2023-09-06,429.88775634765625,446.2200012207031,448.510009765625,443.80999755859375,448.3999938964844,70758500,SPY
2023-09-07,428.56787109375,444.8500061035156,445.54998779296875,442.75,443.1099853515625,70355400,SPY
2023-09-08,429.21331787109375,445.5199890136719,447.1099853515625,444.5299987792969,444.8999938964844,61659700,SPY
2023-09-11,432.0361022949219,448.45001220703125,448.7699890136719,446.4700012207031,448.239990234375,60180100,SPY
2023-09-12,429.6661071777344,445.989990234375,448.5299987792969,445.3900146484375,446.95001220703125,67565400,SPY
2023-09-13,430.1671447753906,446.510009765625,447.7099914550781,445.0799865722656,446.2200012207031,60199300,SPY
2023-09-14,433.8761901855469,450.3599853515625,451.0799865722656,447.7200012207031,449.07000732421875,83430800,SPY
2023-09-15,428.6487121582031,443.3699951171875,447.4800109863281,442.9200134277344,447.1400146484375,111848900,SPY
2023-09-18,428.9001159667969,443.6300048828125,444.9700012207031,442.55999755859375,443.04998779296875,55752200,SPY
2023-09-19,428.0106201171875,442.7099914550781,443.2900085449219,439.94000244140625,442.67999267578125,66514600,SPY
2023-09-20,424.0757751464844,438.6400146484375,444.44000244140625,438.42999267578125,444.010009765625,82562600,SPY
2023-09-21,417.0664978027344,431.3900146484375,435.9700012207031,431.2300109863281,435.70001220703125,104095800,SPY
2023-09-22,416.128662109375,430.4200134277344,434.1000061035156,429.989990234375,432.45001220703125,100829700,SPY
2023-09-25,417.87860107421875,432.2300109863281,432.2699890136719,428.7200012207031,429.1700134277344,70874500,SPY
2023-09-26,411.7394714355469,425.8800048828125,429.82000732421875,425.0199890136719,429.0899963378906,96168400,SPY
2023-09-27,411.90380859375,426.04998779296875,427.6700134277344,422.2900085449219,427.0899963378906,104705800,SPY
2023-09-28,414.291748046875,428.5199890136719,430.25,424.8699951171875,425.4800109863281,92258300,SPY
2023-09-29,413.2863464355469,427.4800109863281,431.8500061035156,425.9100036621094,431.6700134277344,115111300,SPY
2023-10-02,413.1219787597656,427.30999755859375,428.6000061035156,424.4599914550781,426.6199951171875,83798600,SPY
2023-10-03,407.5918273925781,421.5899963378906,427.3699951171875,420.17999267578125,425.05999755859375,103760600,SPY
2023-10-04,410.5599365234375,424.6600036621094,425.42999267578125,420.55999755859375,422.07000732421875,87453000,SPY
2023-10-05,410.4052429199219,424.5,425.3699951171875,421.1700134277344,424.3599853515625,70142700,SPY
2023-10-06,415.27789306640625,429.5400085449219,431.1300048828125,420.6000061035156,421.9700012207031,113273300,SPY
2023-10-09,417.9366455078125,432.2900085449219,432.8800048828125,427.010009765625,427.5799865722656,80374400,SPY
2023-10-10,420.1119384765625,434.5400085449219,437.2200012207031,432.5299987792969,432.94000244140625,78607300,SPY
2023-10-11,421.83282470703125,436.32000732421875,436.5799865722656,433.17999267578125,435.6400146484375,62451700,SPY
2023-10-12,419.2611083984375,433.6600036621094,437.3399963378906,431.2300109863281,436.95001220703125,81154200,SPY
2023-10-13,417.1728515625,431.5,436.45001220703125,429.8800048828125,435.2099914550781,95143100,SPY
2023-10-16,421.56207275390625,436.0400085449219,437.1400146484375,433.57000732421875,433.82000732421875,75433200,SPY
2023-10-17,421.5427551269531,436.0199890136719,438.1400146484375,432.45001220703125,432.80999755859375,75324700,SPY
2023-10-18,415.9256591796875,430.2099914550781,435.17999267578125,429.0899963378906,434.19000244140625,93559800,SPY
2023-10-19,412.27117919921875,426.42999267578125,432.82000732421875,425.7300109863281,430.95001220703125,121323000,SPY
2023-10-20,407.20513916015625,421.19000244140625,426.5400085449219,421.0799865722656,425.9800109863281,123919900,SPY
2023-10-23,406.4993591308594,420.4599914550781,424.45001220703125,417.79998779296875,419.6099853515625,92035100,SPY
2023-10-24,409.5641174316406,423.6300048828125,424.82000732421875,420.739990234375,422.6499938964844,78564200,SPY
2023-10-25,403.68603515625,417.54998779296875,421.9200134277344,417.0199890136719,421.8900146484375,94223200,SPY
2023-10-26,398.8520202636719,412.54998779296875,417.3299865722656,411.6000061035156,416.45001220703125,115156800,SPY
2023-10-27,397.0440979003906,410.67999267578125,414.6000061035156,409.2099914550781,414.19000244140625,107367700,SPY
2023-10-30,401.7911071777344,415.5899963378906,416.67999267578125,412.2200012207031,413.55999755859375,86562700,SPY
2023-10-31,404.3144836425781,418.20001220703125,418.5299987792969,414.2099914550781,416.17999267578125,79665200,SPY
2023-11-01,408.6263427734375,422.6600036621094,423.5,418.6499938964844,419.20001220703125,98068100,SPY
2023-11-02,416.4573974609375,430.760009765625,430.9200134277344,426.55999755859375,426.5799865722656,94938900,SPY
2023-11-03,420.25689697265625,434.69000244140625,436.2900085449219,433.010009765625,433.1400146484375,100167800,SPY
2023-11-06,421.22369384765625,435.69000244140625,436.1499938964844,433.67999267578125,435.4700012207031,67831700,SPY
2023-11-07,422.42254638671875,436.92999267578125,437.5899963378906,434.510009765625,435.69000244140625,64256100,SPY
2023-11-08,422.73193359375,437.25,438.0899963378906,434.8699951171875,437.54998779296875,61746000,SPY
2023-11-09,419.43511962890625,433.8399963378906,438.4700012207031,433.3999938964844,438.42999267578125,83174400,SPY
2023-11-10,425.9803161621094,440.6099853515625,440.92999267578125,433.8299865722656,435.9800109863281,89462200,SPY
2023-11-13,425.5743103027344,440.19000244140625,441.3299865722656,438.4200134277344,439.2300109863281,52236100,SPY
2023-11-14,433.8307800292969,448.7300109863281,450.05999755859375,446.0899963378906,446.32000732421875,97176900,SPY
2023-11-15,434.74920654296875,449.67999267578125,451.3800048828125,448.79998779296875,450.1099853515625,77327600,SPY
2023-11-16,435.2809143066406,450.2300109863281,450.55999755859375,448.1199951171875,449.2200012207031,66665800,SPY
2023-11-17,435.8223571777344,450.7900085449219,451.4200134277344,449.2900085449219,450.239990234375,83133200,SPY
2023-11-20,439.1771545410156,454.260009765625,455.1300048828125,450.5199890136719,450.5299987792969,69936200,SPY
2023-11-21,438.219970703125,453.2699890136719,454.1300048828125,451.9599914550781,453.17999267578125,49244600,SPY
2023-11-22,439.911865234375,455.0199890136719,456.3800048828125,453.8900146484375,454.9800109863281,59394900,SPY
2023-11-24,440.1826171875,455.29998779296875,455.5,454.7300109863281,455.07000732421875,29737400,SPY
2023-11-27,439.389892578125,454.4800109863281,455.489990234375,454.0799865722656,454.6499938964844,50506000,SPY
2023-11-28,439.82489013671875,454.92999267578125,456.2699890136719,453.5,454.0799865722656,62115000,SPY
2023-11-29,439.5154724121094,454.6099853515625,458.32000732421875,454.20001220703125,457.1499938964844,63146000,SPY
2023-11-30,441.24603271484375,456.3999938964844,456.760009765625,453.3399963378906,455.4800109863281,79752700,SPY
2023-12-01,443.8564147949219,459.1000061035156,459.6499938964844,455.1600036621094,455.7699890136719,89183400,SPY
2023-12-04,441.52642822265625,456.69000244140625,459.1199951171875,454.3399963378906,455.6000061035156,72430900,SPY
2023-12-05,441.4394836425781,456.6000061035156,457.5899963378906,454.8699951171875,455.260009765625,69793500,SPY
2023-12-06,439.6605529785156,454.760009765625,458.8399963378906,454.30999755859375,458.80999755859375,69124700,SPY
2023-12-07,443.0153503417969,458.2300109863281,458.8999938964844,456.2900085449219,456.9100036621094,66995400,SPY
2023-12-08,444.919921875,460.20001220703125,460.75,457.2099914550781,457.4599914550781,83194400,SPY
2023-12-11,446.6504821777344,461.989990234375,462.1700134277344,459.4700012207031,459.69000244140625,65002200,SPY
2023-12-12,448.69036865234375,464.1000061035156,464.20001220703125,460.6000061035156,461.6300048828125,68327600,SPY
2023-12-13,454.8779296875,470.5,470.760009765625,464.1199951171875,464.489990234375,93278000,SPY
2023-12-14,456.3377380371094,472.010009765625,473.7300109863281,469.25,472.5,119026000,SPY
2023-12-15,455.58636474609375,469.3299865722656,470.70001220703125,467.42999267578125,469.489990234375,141553700,SPY
2023-12-18,458.1491394042969,471.9700012207031,472.9800109863281,469.8900146484375,470.9800109863281,70375300,SPY
2023-12-19,460.93505859375,474.8399963378906,474.9200134277344,472.45001220703125,472.5299987792969,55761800,SPY
2023-12-20,454.5478210449219,468.260009765625,475.8999938964844,467.82000732421875,473.9599914550781,102921000,SPY
2023-12-21,458.85772705078125,472.70001220703125,472.9800109863281,468.8399963378906,471.3299865722656,86667500,SPY
2023-12-22,459.7799072265625,473.6499938964844,475.3800048828125,471.70001220703125,473.8599853515625,67160400,SPY
2023-12-26,461.7213439941406,475.6499938964844,476.5799865722656,473.989990234375,474.07000732421875,55387000,SPY
2023-12-27,462.55615234375,476.510009765625,476.6600036621094,474.8900146484375,475.44000244140625,68000300,SPY
2023-12-28,462.7309265136719,476.69000244140625,477.54998779296875,476.260009765625,476.8800048828125,77158100,SPY
2023-12-29,461.39129638671875,475.30999755859375,477.0299987792969,473.29998779296875,476.489990234375,122283100,SPY
2024-01-02,458.80926513671875,472.6499938964844,473.6700134277344,470.489990234375,472.1600036621094,123623700,SPY
2024-01-03,455.0622253417969,468.7900085449219,471.19000244140625,468.1700134277344,470.42999267578125,103585900,SPY
2024-01-04,453.5964660644531,467.2799987792969,470.9599914550781,467.04998779296875,468.29998779296875,84232200,SPY
2024-01-05,454.2177734375,467.9200134277344,470.44000244140625,466.42999267578125,467.489990234375,86118900,SPY
2024-01-08,460.7021484375,474.6000061035156,474.75,468.29998779296875,468.42999267578125,74879100,SPY
2024-01-09,460.00323486328125,473.8800048828125,474.92999267578125,471.3500061035156,471.8699951171875,65931400,SPY
2024-01-10,462.60467529296875,476.55999755859375,477.45001220703125,473.8699951171875,474.1600036621094,67310600,SPY
2024-01-11,462.4008483886719,476.3500061035156,478.1199951171875,472.260009765625,477.5899963378906,77940700,SPY
2024-01-12,462.72119140625,476.67999267578125,478.6000061035156,475.2300109863281,477.8399963378906,58026400,SPY
2024-01-16,461.0224304199219,474.92999267578125,476.6099853515625,473.05999755859375,475.260009765625,85014900,SPY
2024-01-17,458.45977783203125,472.2900085449219,472.7900085449219,469.8699951171875,471.82000732421875,68843900,SPY
2024-01-18,462.5367431640625,476.489990234375,477.05999755859375,472.4200134277344,474.010009765625,91856200,SPY
2024-01-19,468.3028259277344,482.42999267578125,482.7200012207031,476.5400085449219,477.6499938964844,110834500,SPY
2024-01-22,469.29296875,483.45001220703125,485.2200012207031,482.7799987792969,484.010009765625,75844900,SPY
2024-01-23,470.66162109375,484.8599853515625,485.1099853515625,482.8900146484375,484.010009765625,49945300,SPY
2024-01-24,471.1761169433594,485.3900146484375,488.7699890136719,484.8800048828125,487.80999755859375,81765000,SPY
2024-01-25,473.7388916015625,488.0299987792969,488.30999755859375,485.3900146484375,487.5799865722656,72525000,SPY
2024-01-26,473.13702392578125,487.4100036621094,489.1199951171875,486.5400085449219,487.5899963378906,76641600,SPY
2024-01-29,476.8839416503906,491.2699890136719,491.4200134277344,487.1700134277344,487.7300109863281,61322800,SPY
2024-01-30,476.51507568359375,490.8900146484375,491.6199951171875,490.1099853515625,490.55999755859375,58618400,SPY
2024-01-31,468.7396545410156,482.8800048828125,489.0799865722656,482.8599853515625,488.6199951171875,126011100,SPY
2024-02-01,474.87457275390625,489.20001220703125,489.2300109863281,483.79998779296875,484.6300048828125,91891600,SPY
2024-02-02,479.8738098144531,494.3500061035156,496.04998779296875,489.29998779296875,489.6499938964844,99228200,SPY
2024-02-05,478.12646484375,492.54998779296875,494.3800048828125,490.2300109863281,493.70001220703125,75757100,SPY
2024-02-06,479.51458740234375,493.9800109863281,494.32000732421875,492.04998779296875,493.5199890136719,55918600,SPY
2024-02-07,483.5140075683594,498.1000061035156,498.5299987792969,495.3599853515625,496.2900085449219,70556500,SPY
2024-02-08,483.72747802734375,498.32000732421875,498.7099914550781,497.260009765625,498.1000061035156,52343600,SPY
2024-02-09,486.52313232421875,501.20001220703125,501.6499938964844,498.489990234375,498.8399963378906,63979400,SPY
2024-02-12,486.30963134765625,500.9800109863281,503.5,500.239990234375,501.1700134277344,56502300,SPY
2024-02-13,479.6116943359375,494.0799865722656,497.0899963378906,490.7200012207031,494.5299987792969,113099200,SPY
2024-02-14,483.97021484375,498.57000732421875,499.07000732421875,494.3999938964844,496.7900085449219,68387800,SPY
2024-02-15,487.3094787597656,502.010009765625,502.20001220703125,498.79998779296875,499.2900085449219,61683000,SPY
2024-02-16,484.8826599121094,499.510009765625,502.8699951171875,498.75,501.70001220703125,75532900,SPY
2024-02-20,482.21319580078125,496.760009765625,498.4100036621094,494.45001220703125,497.7200012207031,71736700,SPY
2024-02-21,482.6500244140625,497.2099914550781,497.3699951171875,493.55999755859375,495.4200134277344,59293400,SPY
2024-02-22,492.6387023925781,507.5,508.489990234375,503.0199890136719,504.010009765625,76402500,SPY
2024-02-23,492.9783935546875,507.8500061035156,510.1300048828125,507.1000061035156,509.2699890136719,61321800,SPY
2024-02-26,491.17291259765625,505.989990234375,508.75,505.8599853515625,508.29998779296875,50386700,SPY
2024-02-27,492.0854187011719,506.92999267578125,507.1600036621094,504.75,506.70001220703125,48854500,SPY
2024-02-28,491.43499755859375,506.260009765625,506.8599853515625,504.9599914550781,505.3299865722656,56506600,SPY
2024-02-29,493.20172119140625,508.0799865722656,509.739990234375,505.3500061035156,508.07000732421875,83924800,SPY
2024-03-01,497.8320007324219,512.8499755859375,513.2899780273438,508.55999755859375,508.9800109863281,76844800,SPY
2024-03-04,497.29815673828125,512.2999877929688,514.2000122070312,512.0,512.030029296875,49799300,SPY
2024-03-05,492.32806396484375,507.17999267578125,510.70001220703125,504.9100036621094,510.239990234375,72855600,SPY
2024-03-06,494.8227844238281,509.75,512.0700073242188,508.4200134277344,510.54998779296875,68382400,SPY
2024-03-07,499.734619140625,514.8099975585938,515.8900146484375,509.80999755859375,513.1400146484375,58652100,SPY
2024-03-08,496.7351379394531,511.7200012207031,518.219970703125,511.1300048828125,515.4600219726562,86532500,SPY
2024-03-11,496.3080139160156,511.2799987792969,511.8800048828125,508.5,510.4800109863281,62557200,SPY
2024-03-12,501.64697265625,516.780029296875,517.3800048828125,510.8599853515625,513.4500122070312,73114400,SPY
2024-03-13,500.8605651855469,515.969970703125,517.2899780273438,514.489990234375,517.1099853515625,55104100,SPY
2024-03-14,499.8705749511719,514.9500122070312,517.1300048828125,511.82000732421875,516.969970703125,110171800,SPY
2024-03-15,496.4381408691406,509.8299865722656,511.70001220703125,508.1199951171875,510.2099914550781,107646300,SPY
2024-03-18,499.3885192871094,512.8599853515625,515.47998046875,512.4400024414062,514.0,88893300,SPY
2024-03-19,502.1636962890625,515.7100219726562,516.0,511.1199951171875,512.1500244140625,60755300,SPY
2024-03-20,506.80841064453125,520.47998046875,520.6199951171875,515.0800170898438,515.77001953125,69594600,SPY
2024-03-21,508.4831848144531,522.2000122070312,524.1099853515625,521.9099731445312,523.3900146484375,60256100,SPY
2024-03-22,507.51922607421875,521.2100219726562,522.6099853515625,520.969970703125,522.1099853515625,79070800,SPY
2024-03-25,506.1170959472656,519.77001953125,520.9500122070312,519.6099853515625,519.7999877929688,48512100,SPY
2024-03-26,505.18218994140625,518.8099975585938,521.5800170898438,518.4000244140625,521.22998046875,65463700,SPY
2024-03-27,509.4277648925781,523.1699829101562,523.2100219726562,519.489990234375,521.7100219726562,82999800,SPY
2024-03-28,509.330322265625,523.0700073242188,524.6099853515625,522.780029296875,523.2100219726562,96294900,SPY
2024-04-01,508.4442138671875,522.1599731445312,524.3800048828125,520.969970703125,523.8300170898438,62477500,SPY
2024-04-02,505.2115478515625,518.8400268554688,518.97998046875,516.47998046875,518.239990234375,74230300,SPY
2024-04-03,505.7664489746094,519.4099731445312,520.9500122070312,517.6699829101562,517.719970703125,59155800,SPY
2024-04-04,499.59307861328125,513.0700073242188,523.8699951171875,512.760009765625,523.52001953125,96858100,SPY
2024-04-05,504.81219482421875,518.4299926757812,520.4400024414062,514.010009765625,514.4600219726562,74546500,SPY
2024-04-08,505.0945739746094,518.719970703125,520.1799926757812,517.8900146484375,519.1500244140625,48401800,SPY
2024-04-09,505.6788330078125,519.3200073242188,520.75,514.3499755859375,520.5,68049200,SPY
2024-04-10,500.6155090332031,514.1199951171875,516.1599731445312,512.0900268554688,513.47998046875,82652800,SPY
2024-04-11,504.39349365234375,518.0,519.47998046875,512.0800170898438,515.6799926757812,70099000,SPY
2024-04-12,497.4313659667969,510.8500061035156,515.8200073242188,509.0799865722656,514.3699951171875,92561100,SPY
2024-04-15,491.199462890625,504.45001220703125,515.2999877929688,503.5799865722656,515.1300048828125,92101400,SPY
2024-04-16,490.3035888671875,503.5299987792969,506.5,502.2099914550781,504.94000244140625,73484000,SPY
2024-04-17,487.40191650390625,500.54998779296875,506.2200012207031,499.1199951171875,506.04998779296875,75910300,SPY
2024-04-18,486.39892578125,499.5199890136719,504.1300048828125,498.55999755859375,501.9800109863281,74548100,SPY
2024-04-19,482.1534729003906,495.1600036621094,500.4599914550781,493.8599853515625,499.44000244140625,102212600,SPY
2024-04-22,486.5936584472656,499.7200012207031,502.3800048828125,495.42999267578125,497.8299865722656,67961000,SPY
2024-04-23,492.3679504394531,505.6499938964844,506.0899963378906,499.5299987792969,501.7799987792969,64633600,SPY
2024-04-24,492.13421630859375,505.4100036621094,507.3699951171875,503.1300048828125,506.55999755859375,55928100,SPY
2024-04-25,490.2646789550781,503.489990234375,504.2699890136719,497.489990234375,499.17999267578125,69122400,SPY
2024-04-26,494.909423828125,508.260009765625,509.8800048828125,505.70001220703125,506.3500061035156,64306100,SPY
2024-04-29,496.662109375,510.05999755859375,510.75,507.25,510.0899963378906,46415400,SPY
2024-04-30,488.79437255859375,501.9800109863281,509.55999755859375,501.9800109863281,508.55999755859375,77483600,SPY
2024-05-01,487.2071838378906,500.3500061035156,508.19000244140625,499.8699951171875,501.3800048828125,80242800,SPY
2024-05-02,491.76422119140625,505.0299987792969,505.8900146484375,499.54998779296875,504.1499938964844,62550200,SPY
2024-05-03,497.8598327636719,511.2900085449219,512.5499877929688,508.55999755859375,511.1600036621094,72756700,SPY
2024-05-06,503.0010986328125,516.5700073242188,516.6099853515625,513.2999877929688,513.75,47264700,SPY
2024-05-07,503.5561218261719,517.1400146484375,518.5700073242188,516.4500122070312,517.5599975585938,52561300,SPY
2024-05-08,503.6047668457031,517.1900024414062,517.739990234375,515.1400146484375,515.260009765625,42047200,SPY
2024-05-09,506.50653076171875,520.1699829101562,520.2100219726562,516.7100219726562,517.3800048828125,43643700,SPY
2024-05-10,507.1589660644531,520.8400268554688,522.6400146484375,519.5900268554688,521.8099975585938,52233200,SPY
2024-05-13,507.2270812988281,520.9099731445312,522.6699829101562,519.739990234375,522.5599975585938,36716400,SPY
2024-05-14,509.5542297363281,523.2999877929688,523.8300170898438,520.5599975585938,521.1099853515625,57535900,SPY
2024-05-15,515.8641357421875,529.780029296875,530.0800170898438,525.1799926757812,525.8300170898438,59504900,SPY
2024-05-16,514.802734375,528.6900024414062,531.52001953125,528.5399780273438,529.8800048828125,50244800,SPY
2024-05-17,515.542724609375,529.4500122070312,529.52001953125,527.3200073242188,528.8099975585938,59187600,SPY
2024-05-20,516.1367797851562,530.0599975585938,531.5599975585938,529.1699829101562,529.5700073242188,37764200,SPY
2024-05-21,517.4025268554688,531.3599853515625,531.52001953125,529.0700073242188,529.280029296875,33437000,SPY
2024-05-22,515.9127197265625,529.8300170898438,531.3800048828125,527.5999755859375,530.6500244140625,48390000,SPY
2024-05-23,512.1443481445312,525.9600219726562,533.0700073242188,524.719970703125,532.9600219726562,57211200,SPY
2024-05-24,515.5330200195312,529.4400024414062,530.27001953125,526.8800048828125,527.8499755859375,41291100,SPY
2024-05-28,515.893310546875,529.8099975585938,530.510009765625,527.1099853515625,530.27001953125,36269600,SPY
2024-05-29,512.2808227539062,526.0999755859375,527.3099975585938,525.3699951171875,525.6799926757812,45190300,SPY
2024-05-30,508.8824157714844,522.6099853515625,525.2000122070312,521.3300170898438,524.52001953125,46377600,SPY
2024-05-31,513.5174560546875,527.3699951171875,527.5,518.3599853515625,523.5900268554688,90785800,SPY
2024-06-03,513.9360961914062,527.7999877929688,529.3099975585938,522.5999755859375,529.02001953125,46835700,SPY
2024-06-04,514.5106201171875,528.3900146484375,529.1500244140625,524.9600219726562,526.4600219726562,34632700,SPY
2024-06-05,520.6255493164062,534.6699829101562,534.6900024414062,528.72998046875,530.77001953125,47610400,SPY
2024-06-06,520.615966796875,534.6599731445312,535.4199829101562,532.6799926757812,534.97998046875,30808500,SPY
2024-06-07,519.9830322265625,534.010009765625,536.8900146484375,532.5399780273438,533.6599731445312,43224500,SPY
2024-06-10,521.5895385742188,535.6599731445312,535.989990234375,532.5700073242188,533.1799926757812,35686100,SPY
2024-06-11,522.8457641601562,536.9500122070312,537.010009765625,532.0499877929688,534.0700073242188,36383400,SPY
2024-06-12,527.1399536132812,541.3599853515625,544.1199951171875,540.2999877929688,541.6300048828125,63251300,SPY
2024-06-13,528.2013549804688,542.4500122070312,543.3300170898438,539.5900268554688,543.1500244140625,44760900,SPY
2024-06-14,528.5226440429688,542.780029296875,542.8099975585938,539.8499755859375,540.8800048828125,40089900,SPY
2024-06-17,532.7290649414062,547.0999755859375,548.530029296875,541.6099853515625,542.0800170898438,55839500,SPY
2024-06-18,534.0826416015625,548.489990234375,548.6199951171875,546.72998046875,547.1599731445312,41376400,SPY
2024-06-20,532.6318969726562,547.0,550.1199951171875,545.1799926757812,549.4400024414062,70328200,SPY
2024-06-21,531.917724609375,544.510009765625,545.6500244140625,543.02001953125,544.4000244140625,64338600,SPY
2024-06-24,530.1885986328125,542.739990234375,546.9500122070312,542.6199951171875,544.3300170898438,45528700,SPY
2024-06-25,532.2303466796875,544.8300170898438,545.2000122070312,542.4400024414062,543.989990234375,37936200,SPY
2024-06-26,532.8945922851562,545.510009765625,546.239990234375,543.030029296875,543.6900024414062,38550600,SPY
2024-06-27,533.7346801757812,546.3699951171875,546.9600219726562,544.6099853515625,545.3699951171875,35041500,SPY
2024-06-28,531.6343994140625,544.219970703125,550.280029296875,542.9500122070312,547.1599731445312,76144500,SPY
2024-07-01,532.728515625,545.3400268554688,545.8800048828125,542.52001953125,545.6300048828125,40297800,SPY
2024-07-02,536.3136596679688,549.010009765625,549.010009765625,543.6500244140625,543.7000122070312,40434800,SPY
2024-07-03,538.70703125,551.4600219726562,551.8300170898438,548.6500244140625,548.6900024414062,32789900,SPY
2024-07-05,541.8135375976562,554.6400146484375,555.0499877929688,551.1199951171875,551.77001953125,41488400,SPY
2024-07-08,542.4386596679688,555.280029296875,556.25,554.1900024414062,555.4400024414062,36110500,SPY
2024-07-09,542.9661865234375,555.8200073242188,557.1799926757812,555.52001953125,556.260009765625,27289700,SPY
2024-07-10,548.3389892578125,561.3200073242188,561.6699829101562,556.77001953125,557.0700073242188,38701200,SPY
2024-07-11,543.6107788085938,556.47998046875,562.3300170898438,555.8300170898438,561.4400024414062,53054200,SPY
2024-07-12,547.0396728515625,559.989990234375,563.6699829101562,557.1500244140625,557.6300048828125,53084400,SPY
2024-07-15,548.5440673828125,561.530029296875,564.8400268554688,559.6300048828125,562.030029296875,40584300,SPY
2024-07-16,551.7970581054688,564.8599853515625,565.1599731445312,562.0999755859375,562.8699951171875,36475300,SPY
2024-07-17,544.060302734375,556.9400024414062,560.510009765625,556.6099853515625,558.7999877929688,57119000,SPY
2024-07-18,539.8792114257812,552.6599731445312,559.52001953125,550.4299926757812,558.510009765625,56270400,SPY
2024-07-19,536.2941284179688,548.989990234375,554.0800170898438,547.9099731445312,552.4199829101562,65509100,SPY
2024-07-22,541.8231811523438,554.6500244140625,555.27001953125,551.02001953125,553.0,43346700,SPY
2024-07-23,540.9732666015625,553.780029296875,556.739990234375,553.280029296875,554.5399780273438,34439600,SPY
2024-07-24,528.7135620117188,541.22998046875,549.1699829101562,540.2899780273438,548.8599853515625,74515300,SPY
2024-07-25,525.9588012695312,538.4099731445312,547.4600219726562,537.4500122070312,541.3499755859375,61158300,SPY
2024-07-26,531.8493041992188,544.4400024414062,547.1900024414062,541.489990234375,542.280029296875,53763800,SPY
2024-07-29,532.161865234375,544.760009765625,547.0499877929688,542.719970703125,546.02001953125,39515800,SPY
2024-07-30,529.4656982421875,542.0,547.3400268554688,538.52001953125,546.260009765625,46853600,SPY
2024-07-31,538.072021484375,550.8099975585938,553.5,547.5800170898438,548.97998046875,65663400,SPY
2024-08-01,530.4523315429688,543.010009765625,554.8699951171875,539.4299926757812,552.5700073242188,76428700,SPY
2024-08-02,520.576171875,532.9000244140625,536.989990234375,528.5999755859375,535.75,82789100,SPY
2024-08-05,505.4150390625,517.3800048828125,523.5800170898438,510.2699890136719,511.6400146484375,146267400,SPY
2024-08-06,510.0747985839844,522.1500244140625,529.75,517.8699951171875,519.219970703125,84826300,SPY
2024-08-07,506.6654968261719,518.6599731445312,531.5900268554688,518.0499877929688,528.469970703125,70698300,SPY
2024-08-08,518.3782348632812,530.6500244140625,531.2899780273438,521.8400268554688,523.9099731445312,63276600,SPY
2024-08-09,520.6640625,532.989990234375,534.510009765625,528.5599975585938,529.8099975585938,45619600,SPY
2024-08-12,520.9376220703125,533.27001953125,535.72998046875,530.9500122070312,534.2100219726562,42542100,SPY
2024-08-13,529.5046997070312,542.0399780273438,542.280029296875,536.280029296875,536.530029296875,52333100,SPY
2024-08-14,531.1752319335938,543.75,544.9600219726562,540.1199951171875,542.8499755859375,42446900,SPY
2024-08-15,540.27978515625,553.0700073242188,553.3599853515625,548.8800048828125,549.5,60846800,SPY
2024-08-16,541.4910888671875,554.3099975585938,555.02001953125,551.260009765625,551.4199829101562,44430700,SPY
2024-08-19,546.66845703125,559.6099853515625,559.6099853515625,553.8599853515625,554.72998046875,39121800,SPY
2024-08-20,545.7794189453125,558.7000122070312,560.8400268554688,557.3300170898438,559.1500244140625,33732300,SPY
2024-08-21,547.6551513671875,560.6199951171875,562.1099853515625,554.72998046875,559.77001953125,41514600,SPY
2024-08-22,543.3568115234375,556.219970703125,563.1799926757812,554.97998046875,562.5599975585938,56121500,SPY
2024-08-23,549.1302490234375,562.1300048828125,563.0900268554688,557.2899780273438,559.530029296875,50639400,SPY
2024-08-26,547.8212280273438,560.7899780273438,563.9099731445312,559.0499877929688,563.1799926757812,35788600,SPY
2024-08-27,548.573486328125,561.5599975585938,562.0599975585938,558.3200073242188,559.489990234375,32693900,SPY
2024-08-28,545.3887329101562,558.2999877929688,561.6500244140625,555.0399780273438,561.2100219726562,41066000,SPY
2024-08-29,545.4376220703125,558.3499755859375,563.6799926757812,557.1799926757812,560.3099975585938,38715200,SPY
2024-08-30,550.6444091796875,563.6799926757812,564.2000122070312,557.1400146484375,560.77001953125,62700100,SPY
2024-09-03,539.3125610351562,552.0800170898438,560.8099975585938,549.510009765625,560.469970703125,60600100,SPY
2024-09-04,538.2088012695312,550.9500122070312,554.4299926757812,549.4600219726562,550.2000122070312,47224900,SPY
2024-09-05,536.8997192382812,549.6099853515625,553.7999877929688,547.0999755859375,550.8900146484375,44264300,SPY
2024-09-06,527.8635864257812,540.3599853515625,551.5999755859375,539.4400024414062,549.9400024414062,68493800,SPY
2024-09-09,533.7737426757812,546.4099731445312,547.7100219726562,542.6799926757812,544.6500244140625,40445800,SPY
2024-09-10,536.0986328125,548.7899780273438,549.1500244140625,543.3800048828125,548.3599853515625,36394600,SPY
2024-09-11,541.5984497070312,554.4199829101562,555.3599853515625,539.9600219726562,548.7000122070312,75248600,SPY
2024-09-12,546.1605834960938,559.0900268554688,559.4000244140625,552.739990234375,555.010009765625,51819600,SPY
2024-09-13,549.0130004882812,562.010009765625,563.030029296875,559.4500122070312,559.7100219726562,39310500,SPY
2024-09-16,549.8237915039062,562.8400268554688,563.1099853515625,559.9000244140625,561.739990234375,36656100,SPY
2024-09-17,550.0485229492188,563.0700073242188,566.5800170898438,560.7899780273438,565.0999755859375,49321000,SPY
2024-09-18,548.4171142578125,561.4000244140625,568.6900024414062,560.8300170898438,563.739990234375,59044900,SPY
2024-09-19,557.7755737304688,570.97998046875,572.8800048828125,568.0800170898438,571.010009765625,75315500,SPY
2024-09-20,556.8113403320312,568.25,569.3099975585938,565.1699829101562,567.8400268554688,77503100,SPY
2024-09-23,558.2027587890625,569.6699829101562,570.3300170898438,568.0999755859375,569.3400268554688,44116900,SPY
2024-09-24,559.7999267578125,571.2999877929688,571.3599853515625,567.5999755859375,570.47998046875,46805700,SPY
2024-09-25,558.5653076171875,570.0399780273438,571.8900146484375,568.9099731445312,571.1400146484375,38428600,SPY
2024-09-26,560.77978515625,572.2999877929688,574.7100219726562,569.9000244140625,574.3800048828125,48336000,SPY
2024-09-27,559.966552734375,571.469970703125,574.219970703125,570.4199829101562,573.3900146484375,42100900,SPY
2024-09-30,562.21044921875,573.760009765625,574.3800048828125,568.0800170898438,570.4199829101562,63557400,SPY
2024-10-01,557.1739501953125,568.6199951171875,574.0599975585938,566.0,573.4000244140625,72668800,SPY
2024-10-02,557.4090576171875,568.8599853515625,569.9000244140625,565.27001953125,567.7100219726562,38097800,SPY
2024-10-03,556.3900146484375,567.8200073242188,569.7999877929688,565.489990234375,567.3599853515625,40846500,SPY
2024-10-04,561.4461669921875,572.97998046875,573.3599853515625,568.0999755859375,572.3499755859375,42939100,SPY
2024-10-07,556.3704223632812,567.7999877929688,571.9600219726562,566.6300048828125,571.2999877929688,49964700,SPY
2024-10-08,561.6323852539062,573.1699829101562,573.780029296875,569.530029296875,570.4199829101562,37398700,SPY
2024-10-09,565.5223388671875,577.1400146484375,577.7100219726562,572.5499877929688,573.1599731445312,37912200,SPY
2024-10-10,564.53271484375,576.1300048828125,577.5800170898438,574.489990234375,575.77001953125,44138100,SPY
2024-10-11,567.9132690429688,579.5800170898438,580.3300170898438,575.9099731445312,576.0499877929688,42268000,SPY
2024-10-14,572.557861328125,584.3200073242188,585.27001953125,580.72998046875,581.219970703125,36217200,SPY
2024-10-15,568.1092529296875,579.780029296875,584.9000244140625,578.5399780273438,584.5900268554688,54203600,SPY
2024-10-16,570.5784912109375,582.2999877929688,582.8300170898438,578.9600219726562,579.780029296875,30725400,SPY
2024-10-17,570.6275634765625,582.3499755859375,586.1199951171875,582.1599731445312,585.9099731445312,34393700,SPY
2024-10-18,572.8224487304688,584.5900268554688,585.3900146484375,582.5800170898438,584.0700073242188,37416800,SPY
2024-10-21,571.8817138671875,583.6300048828125,584.8499755859375,580.5999755859375,583.8499755859375,36439000,SPY
2024-10-22,571.5780029296875,583.3200073242188,584.5,580.3800048828125,581.0499877929688,34183800,SPY
2024-10-23,566.355224609375,577.989990234375,581.7100219726562,574.4199829101562,581.260009765625,49314600,SPY
2024-10-24,567.5801391601562,579.239990234375,580.0599975585938,576.5700073242188,579.97998046875,34979900,SPY
2024-10-25,567.3840942382812,579.0399780273438,584.4600219726562,578.0800170898438,581.510009765625,47268200,SPY
2024-10-28,569.1381225585938,580.8300170898438,582.7100219726562,580.52001953125,582.5800170898438,30174700,SPY
2024-10-29,570.0592041015625,581.77001953125,582.9099731445312,578.4299926757812,579.8499755859375,42899700,SPY
2024-10-30,568.3346557617188,580.010009765625,583.3200073242188,579.2899780273438,581.2899780273438,41435800,SPY
2024-10-31,557.193603515625,568.6400146484375,575.6300048828125,568.4400024414062,575.5599975585938,60182500,SPY
2024-11-01,559.545166015625,571.0399780273438,575.5499877929688,570.6199951171875,571.3200073242188,45667500,SPY
2024-11-04,558.3399047851562,569.8099975585938,572.5,567.8900146484375,571.1799926757812,38217000,SPY
2024-11-05,565.0912475585938,576.7000122070312,576.739990234375,570.52001953125,570.739990234375,39478300,SPY
2024-11-06,579.142578125,591.0399780273438,591.9299926757812,585.3900146484375,589.2000122070312,68182000,SPY
2024-11-07,583.6205444335938,595.6099853515625,596.6500244140625,593.0,593.0800170898438,47233200,SPY
2024-11-08,586.1487426757812,598.1900024414062,599.6400146484375,596.1699829101562,596.1699829101562,46444900,SPY
2024-11-11,586.7071533203125,598.760009765625,600.1699829101562,597.0,599.8099975585938,37586800,SPY
2024-11-12,584.8846435546875,596.9000244140625,599.2899780273438,594.3699951171875,598.6799926757812,43006100,SPY
2024-11-13,585.1687622070312,597.1900024414062,599.22998046875,594.9600219726562,597.3699951171875,47388600,SPY
2024-11-14,581.4060668945312,593.3499755859375,597.8099975585938,592.6500244140625,597.3200073242188,38904100,SPY
2024-11-15,573.9590454101562,585.75,590.2000122070312,583.8599853515625,589.719970703125,75988800,SPY
2024-11-18,576.310791015625,588.1500244140625,589.489990234375,585.3400268554688,586.219970703125,37001700,SPY
2024-11-19,578.41748046875,590.2999877929688,591.0399780273438,584.030029296875,584.7100219726562,49412000,SPY
2024-11-20,578.6134643554688,590.5,590.7899780273438,584.6300048828125,590.3800048828125,50032600,SPY
2024-11-21,581.7196044921875,593.6699829101562,595.1199951171875,587.4500122070312,593.4000244140625,46750300,SPY
2024-11-22,583.5225830078125,595.510009765625,596.1500244140625,593.1500244140625,593.6599731445312,38226400,SPY
2024-11-25,585.501953125,597.530029296875,600.8599853515625,595.2000122070312,599.52001953125,42441400,SPY
2024-11-26,588.5591430664062,600.6500244140625,601.3300170898438,598.0700073242188,598.7999877929688,45621300,SPY
2024-11-27,586.77587890625,598.8300170898438,600.8499755859375,597.280029296875,600.4600219726562,34000200,SPY
2024-11-29,590.4208984375,602.5499877929688,603.3499755859375,599.3800048828125,599.6599731445312,30177400,SPY
2024-12-02,591.4791870117188,603.6300048828125,604.3200073242188,602.469970703125,602.969970703125,31746000,SPY
2024-12-03,591.75341796875,603.9099731445312,604.1599731445312,602.3400268554688,603.3900146484375,26906600,SPY
2024-12-04,595.427978515625,607.6599731445312,607.9099731445312,604.9500122070312,605.6300048828125,42787600,SPY
2024-12-05,594.4481811523438,606.6599731445312,608.47998046875,606.2999877929688,607.6599731445312,28762200,SPY
2024-12-06,595.5750122070312,607.8099975585938,609.0700073242188,607.02001953125,607.4400024414062,31241500,SPY
2024-12-09,592.508056640625,604.6799926757812,607.8599853515625,604.0800170898438,607.6900024414062,34742700,SPY
2024-12-10,590.6658325195312,602.7999877929688,605.7999877929688,602.1300048828125,605.3699951171875,37234500,SPY
2024-12-11,595.232177734375,607.4600219726562,608.4299926757812,605.5,605.780029296875,28677700,SPY
2024-12-12,592.1650390625,604.3300170898438,607.1599731445312,604.3300170898438,606.5800170898438,31543800,SPY
2024-12-13,592.0474853515625,604.2100219726562,607.1300048828125,602.8099975585938,606.4000244140625,35904700,SPY
2024-12-16,594.5755004882812,606.7899780273438,607.780029296875,605.2100219726562,606.0,43695200,SPY
2024-12-17,592.1257934570312,604.2899780273438,605.1699829101562,602.8900146484375,604.1900024414062,55773500,SPY
2024-12-18,574.4784545898438,586.280029296875,606.4099731445312,585.8900146484375,603.97998046875,108248700,SPY
2024-12-19,574.302001953125,586.0999755859375,593.0,585.8499755859375,591.3599853515625,85919500,SPY
2024-12-20,581.2000122070312,591.1500244140625,595.75,580.9099731445312,581.77001953125,125716700,SPY
2024-12-23,584.6803588867188,594.6900024414062,595.2999877929688,587.6599731445312,590.8900146484375,57635800,SPY
2024-12-24,591.1790161132812,601.2999877929688,601.3400268554688,595.469970703125,596.0599975585938,33160100,SPY
2024-12-26,591.2184448242188,601.3400268554688,602.47998046875,598.0800170898438,599.5,41219100,SPY
2024-12-27,584.9949951171875,595.010009765625,597.780029296875,590.760009765625,597.5399780273438,64969300,SPY
2024-12-30,578.3192749023438,588.219970703125,591.739990234375,584.4099731445312,587.8900146484375,56578800,SPY
2024-12-31,576.21533203125,586.0800170898438,590.6400146484375,584.4199829101562,589.9099731445312,57052700,SPY
2025-01-02,574.7994995117188,584.6400146484375,591.1300048828125,580.5,589.3900146484375,50204000,SPY
2025-01-03,581.9864501953125,591.9500122070312,592.5999755859375,586.4299926757812,587.530029296875,37888500,SPY
2025-01-06,585.3390502929688,595.3599853515625,599.7000122070312,593.5999755859375,596.27001953125,47679400,SPY
2025-01-07,578.7223510742188,588.6300048828125,597.75,586.780029296875,597.4199829101562,60393100,SPY
2025-01-08,579.56787109375,589.489990234375,590.5800170898438,585.2000122070312,588.7000122070312,47304700,SPY
2025-01-10,570.7193603515625,580.489990234375,585.9500122070312,578.5499877929688,585.8800048828125,73105000,SPY
2025-01-13,571.6043090820312,581.3900146484375,581.75,575.3499755859375,575.77001953125,47910100,SPY
2025-01-14,572.3908081054688,582.1900024414062,585.0,578.3499755859375,584.3599853515625,48420600,SPY
2025-01-15,582.8025512695312,592.780029296875,593.9400024414062,589.2000122070312,590.3300170898438,56900200,SPY
2025-01-16,581.6817016601562,591.6400146484375,594.3499755859375,590.9299926757812,594.1699829101562,43319700,SPY
2025-01-17,587.521728515625,597.5800170898438,599.3599853515625,595.6099853515625,596.9600219726562,58070600,SPY
2025-01-21,592.899658203125,603.0499877929688,603.0599975585938,598.6699829101562,600.6699829101562,42532900,SPY
2025-01-22,596.2326049804688,606.4400024414062,607.8200073242188,605.3599853515625,605.9199829101562,48196000,SPY
2025-01-23,599.48681640625,609.75,609.75,605.52001953125,605.7999877929688,41152100,SPY
2025-01-24,597.7367553710938,607.969970703125,610.780029296875,606.7999877929688,609.8099975585938,34604700,SPY
2025-01-27,589.2816162109375,599.3699951171875,599.6900024414062,594.6400146484375,594.8099975585938,70361100,SPY
2025-01-28,594.3449096679688,604.52001953125,605.3699951171875,597.25,600.6199951171875,44433300,SPY
2025-01-29,591.6806030273438,601.8099975585938,604.1300048828125,599.219970703125,603.719970703125,37177400,SPY
2025-01-30,594.8560791015625,605.0399780273438,606.5999755859375,600.719970703125,603.9600219726562,39281300,SPY
2025-01-31,591.6903076171875,601.8200073242188,609.9600219726562,601.0499877929688,607.5,66566900,SPY
2025-02-03,587.70849609375,597.77001953125,600.2899780273438,590.489990234375,592.6699829101562,65857200,SPY
2025-02-04,591.6510009765625,601.780029296875,602.2999877929688,597.280029296875,597.8300170898438,33457800,SPY
2025-02-05,594.0499267578125,604.219970703125,604.3699951171875,598.5800170898438,600.6400146484375,30653100,SPY
2025-02-06,596.1145629882812,606.3200073242188,606.4500122070312,602.6300048828125,605.989990234375,35771500,SPY
2025-02-07,590.6580200195312,600.77001953125,608.1300048828125,600.0499877929688,606.8900146484375,50788500,SPY
2025-02-10,594.6692504882812,604.8499755859375,605.5,602.739990234375,604.030029296875,26048700,SPY
2025-02-11,595.12158203125,605.3099975585938,605.8599853515625,602.4299926757812,602.5499877929688,30056700,SPY
2025-02-12,593.2044067382812,603.3599853515625,604.5499877929688,598.510009765625,599.2000122070312,45076100,SPY
2025-02-13,599.4671630859375,609.72998046875,609.9400024414062,603.2000122070312,604.47998046875,40921300,SPY
2025-02-14,599.437744140625,609.7000122070312,610.989990234375,609.0700073242188,609.9400024414062,26910400,SPY
2025-02-18,601.197509765625,611.489990234375,611.489990234375,608.3800048828125,610.8800048828125,26749000,SPY
2025-02-19,602.6133422851562,612.9299926757812,613.22998046875,609.5599975585938,610.0800170898438,31011100,SPY
2025-02-20,600.1062622070312,610.3800048828125,611.6799926757812,607.02001953125,611.5399780273438,36554000,SPY
2025-02-21,589.842041015625,599.9400024414062,610.2999877929688,599.469970703125,610.1599731445312,76519800,SPY
2025-02-24,587.157958984375,597.2100219726562,603.030029296875,596.489990234375,602.02001953125,50737200,SPY
2025-02-25,584.2378540039062,594.239990234375,597.8900146484375,589.5599975585938,597.1500244140625,58266500,SPY
2025-02-26,584.5328979492188,594.5399780273438,599.5800170898438,591.8599853515625,595.9299926757812,43321600,SPY
2025-02-27,575.20263671875,585.0499877929688,598.02001953125,584.6500244140625,596.8499755859375,74196700,SPY
2025-02-28,584.1788940429688,594.1799926757812,594.719970703125,582.4400024414062,585.5599975585938,88744100,SPY
2025-03-03,573.9442138671875,583.77001953125,597.3400268554688,579.9000244140625,596.1799926757812,74249200,SPY
2025-03-04,567.1504516601562,576.8599853515625,585.3900146484375,572.25,579.7100219726562,109648200,SPY
2025-03-05,573.2459716796875,583.0599975585938,584.8800048828125,573.0800170898438,576.6900024414062,71230500,SPY
2025-03-06,563.0703735351562,572.7100219726562,580.1699829101562,570.1199951171875,575.47998046875,80094900,SPY
2025-03-07,566.2262573242188,575.9199829101562,577.3900146484375,565.6300048828125,570.9000244140625,81158800,SPY
2025-03-10,551.14453125,560.5800170898438,569.5399780273438,555.5900268554688,567.5900268554688,99326600,SPY
2025-03-11,546.5629272460938,555.9199829101562,564.02001953125,552.02001953125,559.4000244140625,88102100,SPY
2025-03-12,549.4633178710938,558.8699951171875,563.1099853515625,553.6900024414062,562.1699829101562,69588200,SPY
2025-03-13,542.1385498046875,551.4199829101562,559.1099853515625,549.6799926757812,558.489990234375,74079400,SPY
2025-03-14,553.3369140625,562.8099975585938,563.8300170898438,551.489990234375,556.1099853515625,62660300,SPY
2025-03-17,557.6039428710938,567.1500244140625,569.7100219726562,562.3499755859375,562.7899780273438,49008700,SPY
2025-03-18,551.5770874023438,561.02001953125,565.02001953125,559.0599975585938,564.7999877929688,66041400,SPY
2025-03-19,557.584228515625,567.1300048828125,570.9500122070312,561.6300048828125,562.8300170898438,66556000,SPY
2025-03-20,555.9718627929688,565.489990234375,570.5700073242188,562.5999755859375,563.3300170898438,62958200,SPY
2025-03-21,556.1552734375,563.97998046875,564.8900146484375,558.030029296875,559.280029296875,83763000,SPY
2025-03-24,566.1151733398438,574.0800170898438,575.1500244140625,570.2000122070312,570.7999877929688,58766800,SPY
2025-03-25,567.47607421875,575.4600219726562,576.4099731445312,573.6900024414062,575.2999877929688,38355700,SPY
2025-03-26,560.7013549804688,568.5900268554688,576.3300170898438,567.1900024414062,575.1900024414062,51848300,SPY
2025-03-27,559.2122802734375,567.0800170898438,570.9000244140625,564.9400024414062,567.1799926757812,42164200,SPY
2025-03-28,547.95068359375,555.6599731445312,566.27001953125,555.0700073242188,565.530029296875,71662700,SPY
2025-03-31,551.6289672851562,559.3900146484375,560.7100219726562,546.8699951171875,549.8300170898438,95328200,SPY
2025-04-01,553.18701171875,560.969970703125,562.9400024414062,553.6799926757812,557.4500122070312,54609600,SPY
2025-04-02,556.6878051757812,564.52001953125,567.4199829101562,554.8099975585938,555.0499877929688,76014500,SPY
2025-04-03,529.2537231445312,536.7000122070312,547.969970703125,536.7000122070312,545.1099853515625,125986000,SPY
2025-04-04,498.2696838378906,505.2799987792969,525.8699951171875,505.05999755859375,523.6699829101562,217965100,SPY
2025-04-07,497.3821716308594,504.3800048828125,523.1699829101562,481.79998779296875,489.19000244140625,256611400,SPY
2025-04-08,489.591796875,496.4800109863281,524.97998046875,489.1600036621094,521.8599853515625,165816600,SPY
2025-04-09,541.0084228515625,548.6199951171875,548.6199951171875,493.04998779296875,493.44000244140625,241867300,SPY
2025-04-10,517.3019409179688,524.5800170898438,533.5,509.32000732421875,532.1699829101562,162331200,SPY
2025-04-11,526.5320434570312,533.9400024414062,536.4299926757812,520.0700073242188,523.010009765625,97866300,SPY
2025-04-14,531.6401977539062,539.1199951171875,544.280029296875,533.8599853515625,544.0499877929688,68034000,SPY
2025-04-15,530.151123046875,537.6099853515625,543.22998046875,536.8099975585938,539.6699829101562,56892900,SPY
2025-04-16,518.3668823242188,525.6599731445312,537.8900146484375,520.2899780273438,531.6799926757812,83484800,SPY
2025-04-17,519.1064453125,526.4099731445312,531.1699829101562,523.9099731445312,527.6400146484375,79868100,SPY
2025-04-21,506.7503662109375,513.8800048828125,521.7000122070312,508.4599914550781,521.1599731445312,69368100,SPY
2025-04-22,519.9348754882812,527.25,529.2999877929688,519.1900024414062,520.1400146484375,75948100,SPY
2025-04-23,527.991455078125,535.4199829101562,545.4299926757812,533.8800048828125,540.4299926757812,90590700,SPY
2025-04-24,539.1051635742188,546.6900024414062,547.4299926757812,535.4500122070312,536.719970703125,64150400,SPY
2025-04-25,543.0004272460938,550.6400146484375,551.0499877929688,543.6900024414062,546.6500244140625,61119600,SPY
2025-04-28,543.2074584960938,550.8499755859375,553.5499877929688,545.02001953125,551.3900146484375,47613800,SPY
2025-04-29,546.6293334960938,554.3200073242188,555.4500122070312,548.5499877929688,548.9099731445312,47775100,SPY
2025-04-30,546.8462524414062,554.5399780273438,556.52001953125,541.52001953125,547.5700073242188,93101500,SPY
2025-05-01,550.7217407226562,558.469970703125,564.0700073242188,557.8599853515625,560.3699951171875,63186100,SPY
2025-05-02,558.896728515625,566.760009765625,568.3800048828125,562.3800048828125,564.72998046875,60717300,SPY
2025-05-05,555.6917114257812,563.510009765625,566.6500244140625,561.7000122070312,562.5700073242188,38659200,SPY
2025-05-06,551.047119140625,558.7999877929688,563.3499755859375,556.9600219726562,557.9299926757812,48264700,SPY
2025-05-07,553.3645629882812,561.1500244140625,563.8200073242188,556.0399780273438,560.1500244140625,55588000,SPY
2025-05-08,557.2202758789062,565.0599975585938,570.3099975585938,561.7000122070312,565.239990234375,65130800,SPY
2025-05-09,556.5103149414062,564.3400268554688,567.5,562.760009765625,566.47998046875,37603400,SPY
2025-05-12,574.9015502929688,582.989990234375,583.0,577.0399780273438,581.469970703125,78993600,SPY
2025-05-13,578.6981811523438,586.8400268554688,589.0800170898438,582.8400268554688,583.4099731445312,67947200,SPY
2025-05-14,579.4378051757812,587.5900268554688,588.97998046875,585.5399780273438,587.8099975585938,66283500,SPY
2025-05-15,582.2678833007812,590.4600219726562,590.969970703125,585.0999755859375,585.5599975585938,71268100,SPY
2025-05-16,585.9559326171875,594.2000122070312,594.5,589.280029296875,591.25,76052100,SPY
2025-05-19,586.596923828125,594.8499755859375,595.5399780273438,588.0999755859375,588.0999755859375,68168500,SPY
2025-05-20,584.6246948242188,592.8499755859375,594.0499877929688,589.5999755859375,593.0900268554688,60614500,SPY
2025-05-21,574.7733154296875,582.8599853515625,592.5800170898438,581.8200073242188,588.4400024414062,95197700,SPY
2025-05-22,575.0001220703125,583.0900268554688,586.6199951171875,581.4099731445312,582.6599731445312,70860400,SPY
2025-05-23,571.0753173828125,579.1099853515625,581.8099975585938,575.5999755859375,575.97998046875,76029000,SPY
2025-05-27,582.9484252929688,591.1500244140625,591.3099975585938,578.4299926757812,586.0700073242188,72588500,SPY
2025-05-28,579.5757446289062,587.72998046875,592.77001953125,586.989990234375,591.5599975585938,68445500,SPY
2025-05-29,581.8635864257812,590.0499877929688,593.2000122070312,586.0700073242188,593.0599975585938,69973300,SPY
2025-05-30,581.2128295898438,589.3900146484375,591.1300048828125,583.239990234375,588.9299926757812,90601200,SPY
2025-06-02,584.4866333007812,592.7100219726562,592.7899780273438,585.0599975585938,587.760009765625,61630500,SPY
2025-06-03,587.8197631835938,596.0900268554688,597.0800170898438,591.8499755859375,592.3400268554688,63606200,SPY
2025-06-04,587.6619262695312,595.9299926757812,597.9500122070312,595.489990234375,596.9600219726562,57314200,SPY
2025-06-05,584.8218994140625,593.0499877929688,599.0,591.0499877929688,597.6300048828125,92278700,SPY
2025-06-06,590.8274536132812,599.1400146484375,600.8300170898438,596.8599853515625,598.6599731445312,66588700,SPY
2025-06-09,591.3599853515625,599.6799926757812,601.25,598.489990234375,599.719970703125,53016400,SPY
2025-06-10,594.7127685546875,603.0800170898438,603.469970703125,599.0900268554688,600.219970703125,66247000,SPY
2025-06-11,593.0166625976562,601.3599853515625,605.0599975585938,599.27001953125,604.1900024414062,73658200,SPY
2025-06-12,595.37353515625,603.75,603.75,599.52001953125,600.010009765625,64129000,SPY
2025-06-13,588.7171020507812,597.0,601.8499755859375,595.47998046875,598.5,89506000,SPY
2025-06-16,594.3182983398438,602.6799926757812,604.4500122070312,600.219970703125,600.4000244140625,79984100,SPY
2025-06-17,589.2398071289062,597.530029296875,601.75,596.760009765625,600.2100219726562,82209400,SPY
2025-06-18,589.1510009765625,597.4400024414062,601.219970703125,596.469970703125,598.4400024414062,76605000,SPY
2025-06-20,587.7673950195312,594.280029296875,599.4600219726562,592.8599853515625,598.3800048828125,94051400,SPY
2025-06-23,593.5730590820312,600.1500244140625,600.5399780273438,591.8900146484375,595.0399780273438,87426000,SPY
2025-06-24,600.13037109375,606.780029296875,607.8499755859375,603.4099731445312,604.3300170898438,67735300,SPY
2025-06-25,600.4666748046875,607.1199951171875,608.6099853515625,605.5399780273438,607.9099731445312,62114800,SPY
2025-06-26,605.1646118164062,611.8699951171875,612.3099975585938,608.3699951171875,608.989990234375,78548400,SPY
2025-06-27,608.1713256835938,614.9099731445312,616.3900146484375,610.8300170898438,612.8800048828125,86258400,SPY
2025-06-30,611.0791015625,617.8499755859375,619.219970703125,615.0399780273438,617.3800048828125,92502500,SPY
2025-07-01,610.8812866210938,617.6500244140625,618.8300170898438,615.52001953125,616.3599853515625,70030100,SPY
2025-07-02,613.6505737304688,620.4500122070312,620.489990234375,616.6099853515625,617.239990234375,66510400,SPY
2025-07-03,618.4869995117188,625.3400268554688,626.280029296875,622.4299926757812,622.4500122070312,51065800,SPY
2025-07-07,613.8780517578125,620.6799926757812,624.030029296875,617.8699951171875,623.3599853515625,74814500,SPY
2025-07-08,613.5418090820312,620.3400268554688,622.1099853515625,619.52001953125,621.3499755859375,59024600,SPY
2025-07-09,617.2210083007812,624.0599975585938,624.719970703125,620.9099731445312,622.77001953125,66113300,SPY
2025-07-10,618.9617309570312,625.8200073242188,626.8699951171875,623.010009765625,624.2000122070312,57529000,SPY
2025-07-11,616.7857666015625,623.6199951171875,624.8599853515625,621.530029296875,622.739990234375,63670200,SPY
2025-07-14,617.9627075195312,624.8099975585938,625.1599731445312,621.7999877929688,623.1599731445312,51898500,SPY
2025-07-15,615.322021484375,622.1400146484375,627.8599853515625,622.0599975585938,627.52001953125,74317300,SPY
2025-07-16,617.3792114257812,624.219970703125,624.72998046875,618.0499877929688,623.739990234375,88987500,SPY
2025-07-17,621.1573486328125,628.0399780273438,628.4000244140625,624.1799926757812,624.4000244140625,68885700,SPY
2025-07-18,620.7024536132812,627.5800170898438,629.469970703125,626.4600219726562,629.2999877929688,65621600,SPY
2025-07-21,621.87939453125,628.77001953125,631.5399780273438,628.3400268554688,628.77001953125,63375000,SPY
2025-07-22,621.9684448242188,628.8599853515625,629.72998046875,626.1900024414062,629.0999755859375,60046300,SPY
2025-07-23,627.2598266601562,634.2100219726562,634.2100219726562,629.72998046875,631.5499877929688,70511000,SPY
2025-07-24,627.4674682617188,634.4199829101562,636.1500244140625,633.989990234375,634.5999755859375,71307100,SPY
2025-07-25,630.1181030273438,637.0999755859375,637.5800170898438,634.8400268554688,635.0900268554688,56865400,SPY
2025-07-28,629.9598388671875,636.9400024414062,638.0399780273438,635.5399780273438,637.47998046875,54917100,SPY
2025-07-29,628.2982788085938,635.260009765625,638.6699829101562,634.3400268554688,638.3499755859375,60556300,SPY
2025-07-30,627.5070190429688,634.4600219726562,637.6799926757812,631.5399780273438,635.9199829101562,80418900,SPY
2025-07-31,625.1531372070312,632.0800170898438,639.8499755859375,630.77001953125,639.4600219726562,103385200,SPY
2025-08-01,614.9066162109375,621.719970703125,626.3400268554688,619.2899780273438,626.2999877929688,140103600,SPY
2025-08-04,624.2530517578125,631.1699829101562,631.219970703125,625.5800170898438,625.6699829101562,73218000,SPY
2025-08-05,621.088134765625,627.969970703125,632.6099853515625,627.0399780273438,631.7899780273438,68051400,SPY
2025-08-06,625.845458984375,632.780029296875,633.4400024414062,628.1300048828125,629.0499877929688,64357500,SPY
2025-08-07,625.3212280273438,632.25,636.97998046875,629.1099853515625,636.239990234375,74205800,SPY
2025-08-08,630.1972045898438,637.1799926757812,637.6500244140625,633.739990234375,634.0599975585938,64051600,SPY
2025-08-11,628.9510498046875,635.9199829101562,638.9500122070312,634.6599731445312,637.4600219726562,58742300,SPY
2025-08-12,635.6469116210938,642.6900024414062,642.8499755859375,636.7899780273438,638.2899780273438,64730800,SPY
2025-08-13,637.8228149414062,644.8900146484375,646.1900024414062,642.6799926757812,644.9099731445312,60092800,SPY
2025-08-14,637.882080078125,644.9500122070312,645.6199951171875,642.3400268554688,642.7899780273438,59327500,SPY
2025-08-15,636.3886108398438,643.4400024414062,646.0900268554688,642.52001953125,645.989990234375,68592500,SPY
2025-08-18,636.2501220703125,643.2999877929688,644.0,642.1799926757812,642.8599853515625,43804900,SPY
2025-08-19,632.7984008789062,639.8099975585938,644.1099853515625,638.47998046875,643.1199951171875,69750700,SPY
2025-08-20,631.1170043945312,638.1099853515625,639.6599731445312,632.9500122070312,639.4000244140625,88890300,SPY
2025-08-21,628.5850830078125,635.5499877929688,637.969970703125,633.8099975585938,636.280029296875,54805800,SPY
2025-08-22,638.2381591796875,645.3099975585938,646.5,637.25,637.760009765625,84083200,SPY
2025-08-25,635.42919921875,642.469970703125,645.2899780273438,642.3499755859375,644.0399780273438,51274300,SPY
2025-08-26,638.0897827148438,645.1599731445312,645.510009765625,641.5700073242188,642.2000122070312,51581600,SPY
2025-08-27,639.543701171875,646.6300048828125,647.3699951171875,644.4199829101562,644.5700073242188,48341100,SPY
2025-08-28,641.8085327148438,648.9199829101562,649.47998046875,645.3400268554688,647.239990234375,61519500,SPY
2025-08-29,637.98095703125,645.0499877929688,647.8400268554688,643.1400146484375,647.469970703125,74522200,SPY
2025-09-02,633.2533569335938,640.27001953125,640.489990234375,634.9199829101562,637.5,81983500,SPY
2025-09-03,636.6853637695312,643.739990234375,644.2100219726562,640.4600219726562,642.6699829101562,70820900,SPY
2025-09-04,642.0062866210938,649.1199951171875,649.1500244140625,643.510009765625,644.4199829101562,65219200,SPY
2025-09-05,640.1469116210938,647.239990234375,652.2100219726562,643.3300170898438,651.47998046875,85178900,SPY
2025-09-08,641.7195434570312,648.8300170898438,649.8400268554688,647.22998046875,648.6199951171875,63133100,SPY
2025-09-09,643.2031860351562,650.3300170898438,650.8599853515625,647.219970703125,648.969970703125,66133900,SPY
2025-09-10,645.0625,652.2100219726562,654.5499877929688,650.6300048828125,653.6199951171875,78034500,SPY
2025-09-11,650.4231567382812,657.6300048828125,658.3300170898438,653.5900268554688,654.1799926757812,69934400,SPY
2025-09-12,650.2055053710938,657.4099731445312,659.1099853515625,656.9000244140625,657.5999755859375,72780100,SPY
2025-09-15,653.6671752929688,660.9099731445312,661.0399780273438,659.3400268554688,659.6400146484375,63772400,SPY
2025-09-16,652.76708984375,660.0,661.780029296875,659.2100219726562,661.469970703125,61169000,SPY
2025-09-17,651.9561767578125,659.1799926757812,661.719970703125,654.2999877929688,660.010009765625,101952200,SPY
2025-09-18,655.0023803710938,662.260009765625,664.8900146484375,660.27001953125,661.8900146484375,90459200,SPY
2025-09-19,658.2465209960938,663.7000122070312,664.5499877929688,660.3699951171875,662.3300170898438,97945600,SPY
2025-09-22,661.3607177734375,666.8400268554688,667.2899780273438,662.1699829101562,662.2000122070312,69452200,SPY
2025-09-23,657.7606201171875,663.2100219726562,667.3400268554688,661.97998046875,666.719970703125,81708900,SPY
2025-09-24,655.6678466796875,661.0999755859375,664.6099853515625,659.6699829101562,664.510009765625,68082200,SPY
2025-09-25,652.6429443359375,658.0499877929688,659.4099731445312,654.4099731445312,657.9400024414062,89622100,SPY
2025-09-26,656.3819580078125,661.8200073242188,662.3699951171875,657.8800048828125,659.510009765625,69179200,SPY
2025-09-29,658.2266845703125,663.6799926757812,665.280029296875,661.8599853515625,664.3599853515625,73499000,SPY
2025-09-30,660.7061157226562,666.1799926757812,666.6500244140625,661.6099853515625,662.9299926757812,86288000,SPY
2025-10-01,662.95751953125,668.4500122070312,669.3699951171875,663.0599975585938,663.1699829101562,72545400,SPY
2025-10-02,663.7210693359375,669.219970703125,670.5700073242188,666.780029296875,670.4500122070312,56896000,SPY
2025-10-03,663.7113037109375,669.2100219726562,672.6799926757812,668.1599731445312,669.989990234375,70494400,SPY
2025-10-06,666.0914916992188,671.6099853515625,672.510009765625,669.4600219726562,671.6199951171875,54623300,SPY
2025-10-07,663.6219482421875,669.1199951171875,672.989990234375,667.6699829101562,672.5399780273438,72020100,SPY
2025-10-08,667.5791625976562,673.1099853515625,673.2100219726562,669.4199829101562,670.25,60702200,SPY
2025-10-09,665.6452026367188,671.1599731445312,673.9400024414062,669.2100219726562,673.530029296875,66501900,SPY
2025-10-10,647.6542358398438,653.02001953125,673.9500122070312,652.8400268554688,672.1300048828125,159422600,SPY
2025-10-13,657.5919189453125,663.0399780273438,665.1300048828125,659.77001953125,660.6500244140625,79560500,SPY
2025-10-14,656.78857421875,662.22998046875,665.8300170898438,653.1699829101562,657.1699829101562,88779600,SPY
2025-10-15,659.7044067382812,665.1699829101562,670.22998046875,658.9299926757812,666.8200073242188,81702600,SPY
2025-10-16,655.2116088867188,660.6400146484375,668.7100219726562,657.1099853515625,666.8200073242188,110563300,SPY
2025-10-17,658.9308471679688,664.3900146484375,665.760009765625,658.1400146484375,659.5,96500900,SPY
2025-10-20,665.7840576171875,671.2999877929688,672.2100219726562,667.27001953125,667.3200073242188,60493400,SPY
2025-10-21,665.7741088867188,671.2899780273438,672.989990234375,669.97998046875,671.4400024414062,56249000,SPY
2025-10-22,662.3128051757812,667.7999877929688,672.0,663.2999877929688,672.0,80564000,SPY
2025-10-23,666.2402954101562,671.760009765625,672.7100219726562,667.7999877929688,668.1199951171875,65604500,SPY
2025-10-24,671.6851806640625,677.25,678.469970703125,675.6500244140625,676.4600219726562,74356500,SPY
2025-10-27,679.6095581054688,685.239990234375,685.5399780273438,682.1199951171875,682.72998046875,63339800,SPY
2025-10-28,681.41455078125,687.0599975585938,688.9099731445312,684.8300170898438,687.0499877929688,61738100,SPY
2025-10-29,681.7418823242188,687.3900146484375,689.7000122070312,682.8699951171875,688.719970703125,85657100,SPY
2025-10-30,674.2440185546875,679.8300170898438,685.9400024414062,679.8300170898438,683.9000244140625,76335800,SPY
2025-10-31,676.4556274414062,682.0599975585938,685.0800170898438,679.239990234375,685.0399780273438,87164100,SPY
2025-11-03,677.72509765625,683.3400268554688,685.7999877929688,679.9400024414062,685.6699829101562,57315000,SPY
2025-11-04,669.691650390625,675.239990234375,679.9600219726562,674.5800170898438,676.1099853515625,78427000,SPY
2025-11-05,672.012451171875,677.5800170898438,680.8599853515625,674.1699829101562,674.97998046875,74402400,SPY
2025-11-06,664.8021850585938,670.3099975585938,677.3800048828125,668.719970703125,676.469970703125,85035300,SPY
2025-11-07,665.4567260742188,670.969970703125,671.0800170898438,661.2100219726562,667.9099731445312,100592400,SPY
2025-11-10,675.8406982421875,681.4400024414062,682.1799926757812,675.030029296875,677.239990234375,75842900,SPY
2025-11-11,677.387939453125,683.0,683.5700073242188,678.72998046875,679.9500122070312,58953400,SPY
2025-11-12,677.7648315429688,683.3800048828125,684.9600219726562,680.9500122070312,684.7899780273438,62312500,SPY
2025-11-13,666.5180053710938,672.0399780273438,680.8599853515625,670.52001953125,680.5,103457800,SPY
2025-11-14,666.4088134765625,671.9299926757812,675.6599731445312,663.27001953125,665.3800048828125,96846700,SPY
2025-11-17,660.2003173828125,665.6699829101562,673.7100219726562,662.1699829101562,669.7000122070312,90456100,SPY
2025-11-18,654.65625,660.0800170898438,665.1199951171875,655.8599853515625,662.0999755859375,114467500,SPY
2025-11-19,657.185302734375,662.6300048828125,667.3400268554688,658.75,660.780029296875,94703000,SPY
2025-11-20,647.1683349609375,652.530029296875,675.5599975585938,651.8900146484375,672.9099731445312,165293500,SPY
2025-11-21,653.6148681640625,659.030029296875,664.5499877929688,650.8499755859375,655.0499877929688,123956200,SPY
2025-11-24,663.2351684570312,668.72998046875,670.0599975585938,661.5900268554688,662.6900024414062,80437900,SPY
2025-11-25,669.4735717773438,675.02001953125,676.2100219726562,664.47998046875,668.6300048828125,81077100,SPY
2025-11-26,674.09521484375,679.6799926757812,681.7000122070312,676.719970703125,677.6300048828125,71879600,SPY
2025-11-28,677.7747192382812,683.3900146484375,683.6699829101562,680.5,680.8599853515625,49212000,SPY
2025-12-01,674.6803588867188,680.27001953125,682.989990234375,678.739990234375,678.8099975585938,61201200,SPY
2025-12-02,675.9299926757812,681.530029296875,683.8200073242188,679.3300170898438,681.9199829101562,62953800,SPY
2025-12-03,678.2706298828125,683.8900146484375,684.9099731445312,679.6900024414062,680.5700073242188,57238500,SPY
2025-12-04,678.7664794921875,684.3900146484375,685.3699951171875,681.3400268554688,685.2999877929688,61970300,SPY
2025-12-05,680.0557861328125,685.6900024414062,688.3900146484375,684.5800170898438,685.469970703125,79241000,SPY
2025-12-08,678.0126953125,683.6300048828125,686.6400146484375,681.5700073242188,686.5900268554688,55231500,SPY
2025-12-09,677.4276123046875,683.0399780273438,685.3900146484375,682.5900268554688,683.1500244140625,58310100,SPY
2025-12-10,681.92041015625,687.5700073242188,688.969970703125,681.3099975585938,682.5599975585938,85671300,SPY
2025-12-11,683.5072021484375,689.1699829101562,689.25,682.1699829101562,685.1400146484375,86173700,SPY
2025-12-12,676.1581420898438,681.760009765625,688.8800048828125,679.1699829101562,688.1699829101562,113160300,SPY
2025-12-15,675.1365966796875,680.72998046875,685.760009765625,679.25,685.739990234375,90811000,SPY
2025-12-16,673.2918701171875,678.8699951171875,681.0800170898438,674.97998046875,679.22998046875,122030600,SPY
2025-12-17,665.8832397460938,671.4000244140625,680.4400024414062,671.2000122070312,679.8900146484375,110625200,SPY
2025-12-18,670.9115600585938,676.469970703125,680.739990234375,674.9000244140625,677.5999755859375,108650100,SPY
2025-12-19,676.9923095703125,680.5900268554688,681.0900268554688,676.469970703125,676.5900268554688,103599500,SPY
2025-12-22,681.2098999023438,684.8300170898438,685.3599853515625,680.5900268554688,683.9400024414062,69556700,SPY
2025-12-23,684.3233032226562,687.9600219726562,688.2000122070312,683.8699951171875,683.9199829101562,64840000,SPY
2025-12-24,686.7305297851562,690.3800048828125,690.8300170898438,687.7999877929688,687.9500122070312,39445600,SPY
2025-12-26,686.660888671875,690.3099975585938,691.6599731445312,689.27001953125,690.6400146484375,41613300,SPY
2025-12-29,684.2138671875,687.8499755859375,689.2000122070312,686.0700073242188,687.5399780273438,62559500,SPY
2025-12-30,683.3783569335938,687.010009765625,688.5599975585938,686.5800170898438,687.4500122070312,47160700,SPY
2025-12-31,678.3152465820312,681.9199829101562,687.3599853515625,681.7100219726562,687.1400146484375,74144800,SPY
2026-01-02,679.55859375,683.1699829101562,686.8699951171875,679.8200073242188,685.7100219726562,89377200,SPY
2026-01-05,684.0845336914062,687.719970703125,689.4299926757812,686.3800048828125,686.5399780273438,71927200,SPY
2026-01-06,688.1529541015625,691.8099975585938,692.3200073242188,687.780029296875,687.9299926757812,69273800,SPY
2026-01-07,685.9347534179688,689.5800170898438,693.9600219726562,689.3200073242188,692.1900024414062,75588300,SPY
2026-01-08,685.8651123046875,689.510009765625,690.6199951171875,687.489990234375,688.8200073242188,64019200,SPY
2026-01-09,690.4010009765625,694.0700073242188,695.3099975585938,689.1799926757812,690.6300048828125,80125500,SPY
2026-01-12,691.4852294921875,695.1599731445312,696.0900268554688,690.6300048828125,690.6799926757812,63976000,SPY
2026-01-13,690.1026000976562,693.77001953125,696.0900268554688,691.3499755859375,695.489990234375,78309700,SPY
2026-01-14,686.7106323242188,690.3599853515625,691.719970703125,686.0399780273438,691.0,94676700,SPY
2026-01-15,688.5806884765625,692.239990234375,695.4500122070312,691.25,694.5700073242188,77862000,SPY
2026-01-16,688.0037231445312,691.6599731445312,694.25,690.0999755859375,693.6599731445312,79289200,SPY
2026-01-20,673.9981689453125,677.5800170898438,684.77001953125,676.5700073242188,681.489990234375,111623300,SPY
2026-01-21,681.77685546875,685.4000244140625,688.739990234375,678.1300048828125,679.6500244140625,127844500,SPY
2026-01-22,685.3379516601562,688.97998046875,691.1300048828125,686.9199829101562,689.8499755859375,77112200,SPY
2026-01-23,685.5865478515625,689.22998046875,690.9600219726562,687.1599731445312,688.1500244140625,63059600,SPY
2026-01-26,689.0680541992188,692.72998046875,694.1300048828125,689.9199829101562,690.489990234375,60473800,SPY
2026-01-27,691.8134765625,695.489990234375,696.530029296875,693.5700073242188,694.1799926757812,55506100,SPY
2026-01-28,691.7438354492188,695.4199829101562,697.8400268554688,693.9400024414062,697.0499877929688,61172200,SPY
2026-01-29,690.3711547851562,694.0399780273438,697.0599975585938,684.8300170898438,696.3900146484375,97486200,SPY
2026-01-30,688.3120727539062,691.969970703125,694.2100219726562,687.1199951171875,691.7899780273438,101835100,SPY
2026-02-02,691.7339477539062,695.4099731445312,696.9299926757812,689.4199829101562,689.5800170898438,79286500,SPY
2026-02-03,685.885009765625,689.530029296875,696.9600219726562,684.030029296875,696.2100219726562,107904600,SPY
2026-02-04,682.5626831054688,686.1900024414062,691.4500122070312,681.760009765625,690.3499755859375,105204600,SPY
2026-02-05,674.0379638671875,677.6199951171875,683.6900024414062,675.7899780273438,680.9400024414062,113610800,SPY
2026-02-06,686.96923828125,690.6199951171875,692.3099975585938,680.8499755859375,681.4600219726562,89127600,SPY
2026-02-09,690.2816772460938,693.9500122070312,695.8699951171875,688.3400268554688,689.4199829101562,73885200,SPY
2026-02-10,688.4613037109375,692.1199951171875,696.5399780273438,691.6599731445312,694.9500122070312,65185700,SPY
2026-02-11,688.3021850585938,691.9600219726562,697.1400146484375,689.1799926757812,696.3900146484375,76353900,SPY
2026-02-12,677.668701171875,681.27001953125,695.3499755859375,680.3699951171875,694.239990234375,118829000,SPY
2026-02-13,678.1461181640625,681.75,686.280029296875,677.52001953125,681.6900024414062,96267500,SPY
2026-02-17,679.2402954101562,682.8499755859375,684.9400024414062,675.780029296875,680.1400146484375,81354700,SPY
2026-02-18,682.662109375,686.2899780273438,689.1500244140625,682.8300170898438,684.02001953125,73570300,SPY
2026-02-19,680.8616333007812,684.47998046875,686.1799926757812,681.5499877929688,683.8400268554688,58649400,SPY
2026-02-20,685.7855834960938,689.4299926757812,690.0599975585938,681.72998046875,682.3200073242188,100034000,SPY
2026-02-23,678.7827758789062,682.3900146484375,690.0,680.3699951171875,687.8300170898438,90558100,SPY
2026-02-24,683.7164916992188,687.3499755859375,688.3499755859375,680.0,681.9000244140625,73798700,SPY
2026-02-25,689.4859008789062,693.1500244140625,693.6799926757812,690.0999755859375,690.1799926757812,56369500,SPY
2026-02-26,685.6561889648438,689.2999877929688,693.2999877929688,684.3499755859375,693.280029296875,71671000,SPY
2026-02-27,682.3637084960938,685.989990234375,686.8599853515625,681.6400146484375,683.0900268554688,83308900,SPY
2026-03-02,682.751708984375,686.3800048828125,688.6199951171875,678.02001953125,678.7000122070312,87477200,SPY
2026-03-03,676.7337036132812,680.3300170898438,682.6099853515625,669.6599731445312,675.0599975585938,105003100,SPY
2026-03-04,681.5082397460938,685.1300048828125,687.0900268554688,679.6199951171875,681.6300048828125,79182200,SPY
2026-03-05,677.70849609375,681.3099975585938,685.530029296875,675.6099853515625,682.0800170898438,106606500,SPY
2026-03-06,668.82568359375,672.3800048828125,676.1099853515625,669.760009765625,673.4099731445312,100687000,SPY
2026-03-09,674.6845703125,678.27001953125,679.9199829101562,662.3900146484375,666.3900146484375,102667700,SPY
2026-03-10,673.6002807617188,677.1799926757812,683.3599853515625,674.760009765625,677.719970703125,81505300,SPY
2026-03-11,672.7548217773438,676.3300170898438,680.0800170898438,673.3400268554688,677.5800170898438,68441700,SPY
2026-03-12,662.5390625,666.0599975585938,671.6500244140625,665.8699951171875,671.1599731445312,108882200,SPY
2026-03-13,658.7890014648438,662.2899780273438,672.3400268554688,661.3599853515625,669.27001953125,97200200,SPY
2026-03-16,665.493408203125,669.030029296875,672.0700073242188,667.1199951171875,668.3800048828125,82023100,SPY
2026-03-17,667.2440185546875,670.7899780273438,674.4400024414062,669.7000122070312,672.3900146484375,87128000,SPY
2026-03-18,657.9335327148438,661.4299926757812,669.719970703125,661.1900024414062,668.3599853515625,82062600,SPY
2026-03-19,656.3121948242188,659.7999877929688,662.97998046875,655.1699829101562,656.969970703125,111272500,SPY
2026-03-20,646.9034423828125,648.5700073242188,656.6900024414062,644.719970703125,656.510009765625,163617500,SPY
2026-03-23,653.6959228515625,655.3800048828125,662.6199951171875,653.9400024414062,658.0700073242188,134802700,SPY
2026-03-24,651.5015869140625,653.1799926757812,657.030029296875,649.8800048828125,651.3200073242188,96457500,SPY
2026-03-25,655.1322021484375,656.8200073242188,660.8900146484375,654.239990234375,658.6699829101562,90653800,SPY
2026-03-26,643.432373046875,645.0900268554688,654.8499755859375,644.8200073242188,652.0599975585938,96494400,SPY
2026-03-27,632.4606323242188,634.0900268554688,642.6599731445312,633.1099853515625,642.5,103649400,SPY
2026-03-30,630.3460693359375,631.969970703125,640.3699951171875,629.280029296875,640.1099853515625,99275900,SPY
2026-03-31,648.6688842773438,650.3400268554688,651.5399780273438,637.97998046875,638.9400024414062,152534100,SPY
2026-04-01,653.5562744140625,655.239990234375,658.52001953125,653.0,653.9000244140625,97841500,SPY
2026-04-02,654.144775390625,655.8300170898438,658.2000122070312,645.1099853515625,646.4199829101562,68358700,SPY
2026-04-06,657.23681640625,658.9299926757812,659.719970703125,655.52001953125,655.8599853515625,39105800,SPY
2026-04-07,657.5260009765625,659.219970703125,659.6099853515625,651.0599975585938,656.6500244140625,69980400,SPY
2026-04-08,674.27294921875,676.010009765625,677.0800170898438,671.4600219726562,676.3900146484375,93606100,SPY
2026-04-09,678.162841796875,679.9099731445312,681.1599731445312,673.77001953125,674.8400268554688,57134400,SPY
2026-04-10,677.7140502929688,679.4600219726562,682.030029296875,678.4500122070312,681.3200073242188,42253500,SPY
2026-04-13,684.3369750976562,686.0999755859375,686.2999877929688,676.5800170898438,677.4099731445312,54185800,SPY
2026-04-14,692.675537109375,694.4600219726562,694.5800170898438,687.6599731445312,687.6900024414062,63480500,SPY
2026-04-15,698.1414184570312,699.9400024414062,700.280029296875,694.2000122070312,695.260009765625,58240400,SPY
2026-04-16,699.8569946289062,701.6599731445312,702.780029296875,698.530029296875,701.0599975585938,49972400,SPY
2026-04-17,708.3152465820312,710.1400146484375,712.3900146484375,705.760009765625,706.1400146484375,70661900,SPY
2026-04-20,706.8988037109375,708.719970703125,709.9099731445312,706.1400146484375,708.780029296875,43546800,SPY
2026-04-21,702.2708129882812,704.0800170898438,711.280029296875,702.6400146484375,710.280029296875,58941400,SPY
2026-04-22,709.3825073242188,711.2100219726562,711.4500122070312,708.219970703125,709.1500244140625,42518500,SPY
2026-04-23,706.6295776367188,708.4500122070312,712.3599853515625,702.280029296875,709.5,56174000,SPY
2026-04-24,712.10546875,713.9400024414062,714.469970703125,709.010009765625,710.75,45182000,SPY
2026-04-27,713.332275390625,715.1699829101562,715.6300048828125,712.2999877929688,713.1699829101562,33135900,SPY
2026-04-28,709.8612060546875,711.6900024414062,712.8800048828125,709.25,711.8200073242188,43117400,SPY
2026-04-29,709.7515258789062,711.5800170898438,712.2000122070312,708.3699951171875,711.0,41859200,SPY
2026-04-30,716.8132934570312,718.6599731445312,719.7899780273438,710.4500122070312,714.6300048828125,67240900,SPY
2026-05-01,718.7982177734375,720.6500244140625,724.8699951171875,720.469970703125,721.25,43049800,SPY
2026-05-04,716.1649780273438,718.010009765625,722.1199951171875,714.989990234375,720.0700073242188,51950600,SPY
2026-05-05,721.9102172851562,723.77001953125,725.0399780273438,721.489990234375,721.77001953125,36933200,SPY
2026-05-06,731.9443359375,733.8300170898438,734.5900268554688,727.8200073242188,728.1599731445312,53288900,SPY
2026-05-07,729.7001342773438,731.5800170898438,736.1300048828125,729.75,735.0499877929688,51724600,SPY
2026-05-08,735.724609375,737.6199951171875,738.0800170898438,734.5700073242188,734.9299926757812,47227100,SPY
2026-05-11,737.4002685546875,739.2999877929688,740.7899780273438,736.4500122070312,736.4500122070312,44024000,SPY
2026-05-12,736.2831420898438,738.1799926757812,738.8400268554688,731.8300170898438,736.8900146484375,54185300,SPY
2026-05-13,740.4025268554688,742.3099975585938,743.9099731445312,735.469970703125,738.469970703125,44200200,SPY
2026-05-14,746.2474975585938,748.1699829101562,749.530029296875,743.5599975585938,743.6500244140625,45307600,SPY
2026-05-15,737.2706298828125,739.1699829101562,743.4600219726562,737.9600219726562,741.7899780273438,60410800,SPY
2026-05-18,736.751953125,738.6500244140625,741.4199829101562,733.3900146484375,739.8300170898438,47843900,SPY
2026-05-19,731.8446044921875,733.72998046875,737.6500244140625,731.530029296875,734.780029296875,54255900,SPY
2026-05-20,739.3452758789062,741.25,741.8699951171875,733.8900146484375,735.7100219726562,45768000,SPY
2026-05-21,740.8114624023438,742.719970703125,744.8699951171875,737.030029296875,738.6400146484375,43332200,SPY
2026-05-22,743.7239990234375,745.6400146484375,748.9400024414062,744.47998046875,746.239990234375,41762000,SPY
2026-05-26,748.6613159179688,750.5900268554688,752.1300048828125,748.3699951171875,750.010009765625,41123600,SPY
2026-05-27,748.5316162109375,750.4600219726562,751.3800048828125,748.219970703125,750.8800048828125,42106300,SPY
2026-05-28,752.6609497070312,754.5999755859375,755.1500244140625,749.22998046875,750.25,41562600,SPY
2026-05-29,754.5361328125,756.47998046875,758.0800170898438,754.6900024414062,755.9000244140625,55075700,SPY
2026-06-01,756.5908203125,758.5399780273438,760.280029296875,754.6900024414062,755.3599853515625,43634900,SPY
2026-06-02,757.6182250976562,759.5700073242188,760.4000244140625,756.75,757.030029296875,31581900,SPY
2026-06-03,752.3018798828125,754.239990234375,758.7999877929688,753.5700073242188,758.1500244140625,51402500,SPY
2026-06-04,755.1445922851562,757.0900268554688,758.3099975585938,751.469970703125,752.0999755859375,49923000,SPY
2026-06-05,735.65478515625,737.5499877929688,752.8200073242188,735.530029296875,752.3099975585938,93989400,SPY
2026-06-08,737.3204345703125,739.219970703125,745.3400268554688,738.1900024414062,743.3599853515625,49319100,SPY
2026-06-09,735.1560668945312,737.0499877929688,746.9000244140625,722.5900268554688,743.6300048828125,87683500,SPY
2026-06-10,723.56591796875,725.4299926757812,738.3800048828125,725.3300170898438,733.3900146484375,60341300,SPY
2026-06-11,735.8642578125,737.760009765625,740.0,724.4099731445312,728.760009765625,86330500,SPY
2026-06-12,739.843994140625,741.75,744.4400024414062,735.030029296875,740.7100219726562,57079500,SPY
2026-06-15,752.890380859375,754.8300170898438,756.6799926757812,751.760009765625,751.8499755859375,60176400,SPY
2026-06-16,748.4019775390625,750.3300170898438,755.4400024414062,749.8800048828125,754.5499877929688,67093100,SPY
2026-06-17,739.0560302734375,740.9600219726562,752.1500244140625,739.219970703125,751.2899780273438,85945200,SPY
2026-06-18,746.739990234375,746.739990234375,748.22998046875,743.8599853515625,747.760009765625,80875700,SPY
2026-06-22,744.3900146484375,744.3900146484375,750.1799926757812,743.1300048828125,747.7000122070312,46628100,SPY
2026-06-23,733.5800170898438,733.5800170898438,739.6300048828125,732.2999877929688,733.8099975585938,66846800,SPY
2026-06-24,733.239990234375,733.239990234375,739.9500122070312,730.8400268554688,735.1699829101562,57439500,SPY
2026-06-25,734.2999877929688,734.2999877929688,739.3699951171875,729.5999755859375,738.9099731445312,53934400,SPY
2026-06-26,728.989990234375,728.989990234375,736.530029296875,716.5800170898438,728.9500122070312,71034000,SPY
2026-06-29,741.0,741.0,741.5599975585938,732.0900268554688,736.530029296875,58035200,SPY
2026-06-30,746.77001953125,746.77001953125,748.02001953125,740.8900146484375,741.2899780273438,55626000,SPY
2026-07-01,745.760009765625,745.760009765625,749.4400024414062,742.3800048828125,745.0,47100900,SPY
2026-07-02,744.780029296875,744.780029296875,751.3099975585938,740.030029296875,747.4000244140625,57447800,SPY
2026-07-06,751.280029296875,751.280029296875,752.4099731445312,747.4099731445312,748.739990234375,50673300,SPY
2026-07-07,747.7100219726562,747.7100219726562,750.9600219726562,745.2100219726562,750.219970703125,43721500,SPY
2026-07-08,745.4000244140625,745.4000244140625,746.1500244140625,739.510009765625,743.1599731445312,43767400,SPY
2026-07-09,751.7100219726562,751.7100219726562,751.969970703125,745.5900268554688,747.3499755859375,41441700,SPY
2026-07-10,754.9500122070312,754.9500122070312,755.4199829101562,748.0999755859375,752.0499877929688,42191300,SPY
2026-07-13,749.1699829101562,749.1699829101562,753.9099731445312,748.0,752.469970703125,44013600,SPY
2026-07-14,751.8300170898438,751.8300170898438,753.3400268554688,748.6599731445312,750.9099731445312,35143100,SPY
2026-07-15,754.8099975585938,754.8099975585938,755.5800170898438,750.2000122070312,754.239990234375,43844800,SPY
2026-07-16,750.719970703125,750.719970703125,754.5700073242188,747.8800048828125,752.760009765625,46409800,SPY
2026-07-17,743.2899780273438,743.2899780273438,747.2899780273438,740.7999877929688,742.0800170898438,62651000,SPY
2026-07-20,742.0900268554688,742.0900268554688,748.72998046875,741.510009765625,747.0599975585938,50422300,SPY
2026-07-21,748.280029296875,748.280029296875,749.0399780273438,744.1799926757812,746.2899780273438,34324300,SPY
2026-07-22,747.4099731445312,747.4099731445312,750.02001953125,746.3699951171875,746.6199951171875,32836200,SPY
2026-07-23,738.1799926757812,738.1799926757812,742.5599975585938,735.2100219726562,739.3699951171875,55437300,SPY
2026-07-24,738.9299926757812,738.9299926757812,743.719970703125,737.2899780273438,738.510009765625,44782000,SPY
2026-07-27,739.0900268554688,739.0900268554688,745.530029296875,735.8699951171875,744.9099731445312,41461200,SPY
2026-07-28,740.8599853515625,740.8599853515625,742.7899780273438,735.97998046875,739.1900024414062,47322200,SPY
2026-07-29,729.4600219726562,729.4600219726562,742.6799926757812,729.0999755859375,739.969970703125,70697200,SPY
2026-07-30,741.6900024414062,741.6900024414062,742.4500122070312,734.5900268554688,736.0499877929688,66811300,SPY
2026-07-31,747.030029296875,747.030029296875,748.9000244140625,737.6799926757812,744.6799926757812,62445900,SPY
2026-08-03,757.6699829101562,757.6699829101562,758.5800170898438,748.7999877929688,749.4400024414062,59927500,SPY
2026-08-04,771.3300170898438,771.3300170898438,773.4099731445312,760.52001953125,760.6300048828125,69154800,SPY
2026-08-05,769.7899780273438,769.7899780273438,776.8499755859375,769.510009765625,775.8499755859375,44689100,SPY
2026-08-06,768.5599975585938,768.5599975585938,771.8200073242188,767.4600219726562,770.2100219726562,38416900,SPY
2026-08-07,773.260009765625,773.260009765625,773.9199829101562,769.6099853515625,771.02001953125,43586300,SPY
2026-08-10,773.030029296875,773.030029296875,775.0499877929688,771.6199951171875,772.5999755859375,39249500,SPY
2026-08-11,770.5599975585938,770.5599975585938,774.6099853515625,769.2000122070312,774.530029296875,36740600,SPY
2026-08-12,772.489990234375,772.489990234375,774.9000244140625,771.280029296875,774.7100219726562,33179100,SPY
2026-08-13,777.8800048828125,777.8800048828125,779.3699951171875,774.1099853515625,774.8699951171875,35634500,SPY
2026-08-14,776.3400268554688,776.3400268554688,778.7999877929688,775.4299926757812,778.5399780273438,31367900,SPY
2026-08-17,772.6699829101562,772.6699829101562,776.780029296875,772.510009765625,776.1799926757812,34356600,SPY
2026-08-18,767.4500122070312,767.4500122070312,769.5,766.9199829101562,768.7000122070312,43920900,SPY
2026-08-19,769.0599975585938,769.0599975585938,772.469970703125,768.0999755859375,770.3599853515625,40306000,SPY
2026-08-20,762.5999755859375,762.5999755859375,768.1500244140625,762.0399780273438,765.9600219726562,45520300,SPY
2026-08-21,765.719970703125,765.719970703125,767.8499755859375,764.1699829101562,766.0499877929688,39188700,SPY
2026-08-24,763.469970703125,763.469970703125,765.219970703125,762.0800170898438,764.780029296875,32430900,SPY
2026-08-25,765.9099731445312,765.9099731445312,766.780029296875,763.0501098632812,766.1599731445312,27030487,SPY
